driver_id,timestamp,status
D101,2023-10-06 00:00:00,Online
D101,2023-10-06 01:56:00,Busy
D101,2023-10-06 03:41:00,Idle
D101,2023-10-06 04:02:00,Busy
D101,2023-10-06 05:46:00,Busy
D101,2023-10-06 06:05:00,Idle
D101,2023-10-06 06:56:00,Offline
D101,2023-10-07 06:56:00,Online
D101,2023-10-07 08:11:00,Busy
D101,2023-10-07 08:52:00,Busy
D101,2023-10-07 09:24:00,Idle
D101,2023-10-07 09:40:00,Busy
D101,2023-10-07 11:13:00,Idle
D101,2023-10-07 12:15:00,Idle
D101,2023-10-07 12:32:00,Offline
D101,2023-10-08 05:32:00,Online
D101,2023-10-08 06:50:00,Idle
D101,2023-10-08 07:29:00,Idle
D101,2023-10-08 08:44:00,Idle
D101,2023-10-08 09:31:00,Idle
D101,2023-10-08 10:28:00,Idle
D101,2023-10-08 11:22:00,Busy
D101,2023-10-08 12:29:00,Idle
D101,2023-10-08 13:18:00,Offline
D101,2023-10-09 03:18:00,Online
D101,2023-10-09 03:48:00,Idle
D101,2023-10-09 04:38:00,Idle
D101,2023-10-09 05:52:00,Idle
D101,2023-10-09 06:45:00,Idle
D101,2023-10-09 07:24:00,Offline
D101,2023-10-10 03:24:00,Online
D101,2023-10-10 04:31:00,Busy
D101,2023-10-10 06:03:00,Busy
D101,2023-10-10 07:46:00,Busy
D101,2023-10-10 08:19:00,Offline
D101,2023-10-10 22:19:00,Online
D101,2023-10-11 00:18:00,Idle
D101,2023-10-11 00:43:00,Busy
D101,2023-10-11 02:01:00,Busy
D101,2023-10-11 03:30:00,Idle
D101,2023-10-11 03:45:00,Busy
D101,2023-10-11 04:44:00,Offline
D101,2023-10-11 18:44:00,Online
D101,2023-10-11 19:59:00,Idle
D101,2023-10-11 21:42:00,Busy
D101,2023-10-11 23:29:00,Busy
D101,2023-10-12 00:03:00,Idle
D101,2023-10-12 01:23:00,Busy
D101,2023-10-12 03:10:00,Idle
D101,2023-10-12 04:30:00,Busy
D101,2023-10-12 04:43:00,Offline
D101,2023-10-13 01:43:00,Online
D101,2023-10-13 02:24:00,Busy
D101,2023-10-13 03:10:00,Busy
D101,2023-10-13 04:06:00,Busy
D101,2023-10-13 05:33:00,Busy
D101,2023-10-13 07:13:00,Idle
D101,2023-10-13 07:54:00,Busy
D101,2023-10-13 08:15:00,Busy
D101,2023-10-13 09:58:00,Idle
D101,2023-10-13 11:31:00,Idle
D101,2023-10-13 13:23:00,Busy
D101,2023-10-13 14:03:00,Offline
D101,2023-10-14 08:03:00,Online
D101,2023-10-14 09:40:00,Busy
D101,2023-10-14 10:50:00,Idle
D101,2023-10-14 11:24:00,Busy
D101,2023-10-14 12:12:00,Busy
D101,2023-10-14 13:30:00,Idle
D101,2023-10-14 15:21:00,Idle
D101,2023-10-14 16:11:00,Offline
D101,2023-10-15 13:11:00,Online
D101,2023-10-15 14:43:00,Idle
D101,2023-10-15 15:49:00,Busy
D101,2023-10-15 17:04:00,Idle
D101,2023-10-15 17:25:00,Idle
D101,2023-10-15 18:35:00,Busy
D101,2023-10-15 19:10:00,Busy
D101,2023-10-15 19:20:00,Offline
D101,2023-10-16 17:20:00,Online
D101,2023-10-16 17:53:00,Busy
D101,2023-10-16 19:37:00,Busy
D101,2023-10-16 20:29:00,Busy
D101,2023-10-16 21:06:00,Idle
D101,2023-10-16 21:49:00,Busy
D101,2023-10-16 23:18:00,Idle
D101,2023-10-16 23:39:00,Busy
D101,2023-10-17 00:35:00,Offline
D101,2023-10-17 21:35:00,Online
D101,2023-10-17 23:10:00,Busy
D101,2023-10-18 00:55:00,Idle
D101,2023-10-18 02:16:00,Idle
D101,2023-10-18 03:42:00,Idle
D101,2023-10-18 05:03:00,Idle
D101,2023-10-18 05:40:00,Idle
D101,2023-10-18 07:14:00,Busy
D101,2023-10-18 07:56:00,Busy
D101,2023-10-18 09:37:00,Idle
D101,2023-10-18 10:37:00,Offline
D101,2023-10-19 07:37:00,Online
D101,2023-10-19 08:57:00,Idle
D101,2023-10-19 10:33:00,Busy
D101,2023-10-19 12:26:00,Idle
D101,2023-10-19 13:42:00,Idle
D101,2023-10-19 14:41:00,Offline
D101,2023-10-20 08:41:00,Online
D101,2023-10-20 09:25:00,Idle
D101,2023-10-20 09:55:00,Busy
D101,2023-10-20 10:49:00,Busy
D101,2023-10-20 11:07:00,Offline
D102,2023-10-06 00:00:00,Online
D102,2023-10-06 01:02:00,Idle
D102,2023-10-06 02:56:00,Busy
D102,2023-10-06 04:25:00,Idle
D102,2023-10-06 05:12:00,Busy
D102,2023-10-06 05:54:00,Idle
D102,2023-10-06 06:56:00,Busy
D102,2023-10-06 07:33:00,Idle
D102,2023-10-06 07:48:00,Busy
D102,2023-10-06 08:53:00,Idle
D102,2023-10-06 10:38:00,Busy
D102,2023-10-06 11:23:00,Offline
D102,2023-10-07 09:23:00,Online
D102,2023-10-07 09:43:00,Busy
D102,2023-10-07 11:18:00,Busy
D102,2023-10-07 12:46:00,Busy
D102,2023-10-07 13:51:00,Idle
D102,2023-10-07 14:22:00,Busy
D102,2023-10-07 16:06:00,Busy
D102,2023-10-07 17:36:00,Busy
D102,2023-10-07 18:04:00,Idle
D102,2023-10-07 19:59:00,Idle
D102,2023-10-07 20:24:00,Offline
D102,2023-10-08 13:24:00,Online
D102,2023-10-08 14:09:00,Busy
D102,2023-10-08 14:45:00,Busy
D102,2023-10-08 16:05:00,Busy
D102,2023-10-08 16:48:00,Busy
D102,2023-10-08 17:48:00,Idle
D102,2023-10-08 18:05:00,Idle
D102,2023-10-08 19:06:00,Busy
D102,2023-10-08 19:59:00,Idle
D102,2023-10-08 20:20:00,Offline
D102,2023-10-09 13:20:00,Online
D102,2023-10-09 14:58:00,Idle
D102,2023-10-09 16:42:00,Busy
D102,2023-10-09 18:03:00,Idle
D102,2023-10-09 18:50:00,Idle
D102,2023-10-09 20:42:00,Idle
D102,2023-10-09 21:03:00,Busy
D102,2023-10-09 21:26:00,Idle
D102,2023-10-09 22:20:00,Idle
D102,2023-10-09 22:53:00,Offline
D102,2023-10-10 11:53:00,Online
D102,2023-10-10 13:21:00,Idle
D102,2023-10-10 14:28:00,Busy
D102,2023-10-10 16:21:00,Idle
D102,2023-10-10 17:50:00,Busy
D102,2023-10-10 18:26:00,Idle
D102,2023-10-10 19:48:00,Idle
D102,2023-10-10 21:20:00,Idle
D102,2023-10-10 22:13:00,Idle
D102,2023-10-10 22:47:00,Offline
D102,2023-10-11 20:47:00,Online
D102,2023-10-11 21:43:00,Busy
D102,2023-10-11 23:42:00,Busy
D102,2023-10-12 01:40:00,Busy
D102,2023-10-12 02:31:00,Busy
D102,2023-10-12 03:22:00,Busy
D102,2023-10-12 04:23:00,Idle
D102,2023-10-12 04:49:00,Offline
D102,2023-10-12 16:49:00,Online
D102,2023-10-12 18:38:00,Idle
D102,2023-10-12 18:57:00,Idle
D102,2023-10-12 20:14:00,Idle
D102,2023-10-12 21:39:00,Busy
D102,2023-10-12 23:00:00,Busy
D102,2023-10-13 00:56:00,Busy
D102,2023-10-13 01:18:00,Offline
D102,2023-10-13 21:18:00,Online
D102,2023-10-13 22:21:00,Busy
D102,2023-10-13 23:21:00,Idle
D102,2023-10-14 01:09:00,Idle
D102,2023-10-14 03:05:00,Idle
D102,2023-10-14 04:03:00,Offline
D102,2023-10-14 20:03:00,Online
D102,2023-10-14 20:32:00,Busy
D102,2023-10-14 20:52:00,Idle
D102,2023-10-14 22:10:00,Busy
D102,2023-10-14 23:07:00,Busy
D102,2023-10-15 00:59:00,Busy
D102,2023-10-15 02:13:00,Busy
D102,2023-10-15 02:38:00,Offline
D102,2023-10-15 16:38:00,Online
D102,2023-10-15 17:35:00,Idle
D102,2023-10-15 18:58:00,Busy
D102,2023-10-15 19:31:00,Busy
D102,2023-10-15 21:13:00,Idle
D102,2023-10-15 21:35:00,Offline
D103,2023-10-02 00:00:00,Online
D103,2023-10-02 00:37:00,Idle
D103,2023-10-02 01:35:00,Idle
D103,2023-10-02 03:06:00,Busy
D103,2023-10-02 04:29:00,Idle
D103,2023-10-02 05:53:00,Idle
D103,2023-10-02 07:03:00,Busy
D103,2023-10-02 07:43:00,Busy
D103,2023-10-02 08:23:00,Busy
D103,2023-10-02 09:00:00,Idle
D103,2023-10-02 09:16:00,Offline
D103,2023-10-02 21:16:00,Online
D103,2023-10-02 21:34:00,Busy
D103,2023-10-02 22:39:00,Idle
D103,2023-10-02 23:47:00,Busy
D103,2023-10-03 01:19:00,Busy
D103,2023-10-03 02:50:00,Idle
D103,2023-10-03 03:36:00,Idle
D103,2023-10-03 04:04:00,Offline
D103,2023-10-03 20:04:00,Online
D103,2023-10-03 21:16:00,Idle
D103,2023-10-03 22:21:00,Idle
D103,2023-10-03 23:18:00,Idle
D103,2023-10-04 00:16:00,Idle
D103,2023-10-04 00:49:00,Busy
D103,2023-10-04 02:16:00,Busy
D103,2023-10-04 03:17:00,Idle
D103,2023-10-04 03:56:00,Offline
D103,2023-10-04 17:56:00,Online
D103,2023-10-04 18:11:00,Idle
D103,2023-10-04 18:53:00,Busy
D103,2023-10-04 20:15:00,Busy
D103,2023-10-04 20:51:00,Idle
D103,2023-10-04 22:00:00,Busy
D103,2023-10-04 22:47:00,Idle
D103,2023-10-04 23:11:00,Busy
D103,2023-10-05 01:07:00,Idle
D103,2023-10-05 02:14:00,Busy
D103,2023-10-05 02:31:00,Offline
D103,2023-10-06 02:31:00,Online
D103,2023-10-06 04:09:00,Idle
D103,2023-10-06 04:50:00,Busy
D103,2023-10-06 06:48:00,Idle
D103,2023-10-06 08:04:00,Idle
D103,2023-10-06 09:33:00,Idle
D103,2023-10-06 11:18:00,Busy
D103,2023-10-06 11:34:00,Idle
D103,2023-10-06 11:55:00,Idle
D103,2023-10-06 12:38:00,Idle
D103,2023-10-06 13:17:00,Offline
D103,2023-10-07 05:17:00,Online
D103,2023-10-07 05:37:00,Busy
D103,2023-10-07 07:23:00,Busy
D103,2023-10-07 08:27:00,Busy
D103,2023-10-07 09:42:00,Idle
D103,2023-10-07 10:32:00,Idle
D103,2023-10-07 11:05:00,Offline
D103,2023-10-08 10:05:00,Online
D103,2023-10-08 11:52:00,Busy
D103,2023-10-08 13:17:00,Busy
D103,2023-10-08 13:57:00,Busy
D103,2023-10-08 15:12:00,Busy
D103,2023-10-08 15:44:00,Busy
D103,2023-10-08 16:28:00,Offline
D103,2023-10-09 15:28:00,Online
D103,2023-10-09 16:02:00,Idle
D103,2023-10-09 16:32:00,Idle
D103,2023-10-09 18:19:00,Busy
D103,2023-10-09 20:05:00,Idle
D103,2023-10-09 20:50:00,Idle
D103,2023-10-09 21:43:00,Busy
D103,2023-10-09 22:03:00,Busy
D103,2023-10-09 23:17:00,Busy
D103,2023-10-09 23:59:00,Idle
D103,2023-10-10 00:23:00,Offline
D103,2023-10-10 16:23:00,Online
D103,2023-10-10 17:24:00,Busy
D103,2023-10-10 18:57:00,Idle
D103,2023-10-10 19:41:00,Busy
D103,2023-10-10 20:39:00,Idle
D103,2023-10-10 21:09:00,Idle
D103,2023-10-10 21:43:00,Idle
D103,2023-10-10 22:05:00,Idle
D103,2023-10-10 22:37:00,Busy
D103,2023-10-10 23:06:00,Offline
D103,2023-10-11 18:06:00,Online
D103,2023-10-11 19:03:00,Busy
D103,2023-10-11 19:40:00,Idle
D103,2023-10-11 20:01:00,Idle
D103,2023-10-11 20:16:00,Idle
D103,2023-10-11 20:26:00,Offline
D104,2023-10-02 00:00:00,Online
D104,2023-10-02 00:42:00,Busy
D104,2023-10-02 01:29:00,Busy
D104,2023-10-02 02:07:00,Idle
D104,2023-10-02 03:08:00,Idle
D104,2023-10-02 03:55:00,Idle
D104,2023-10-02 05:09:00,Busy
D104,2023-10-02 05:53:00,Busy
D104,2023-10-02 06:13:00,Busy
D104,2023-10-02 07:47:00,Busy
D104,2023-10-02 08:45:00,Busy
D104,2023-10-02 09:41:00,Offline
D104,2023-10-03 06:41:00,Online
D104,2023-10-03 07:24:00,Idle
D104,2023-10-03 08:07:00,Idle
D104,2023-10-03 08:52:00,Idle
D104,2023-10-03 09:25:00,Offline
D104,2023-10-04 05:25:00,Online
D104,2023-10-04 06:39:00,Idle
D104,2023-10-04 08:12:00,Idle
D104,2023-10-04 09:29:00,Idle
D104,2023-10-04 10:58:00,Busy
D104,2023-10-04 11:35:00,Idle
D104,2023-10-04 12:35:00,Idle
D104,2023-10-04 14:09:00,Busy
D104,2023-10-04 15:12:00,Idle
D104,2023-10-04 15:29:00,Busy
D104,2023-10-04 16:20:00,Offline
D104,2023-10-05 04:20:00,Online
D104,2023-10-05 05:25:00,Idle
D104,2023-10-05 06:09:00,Busy
D104,2023-10-05 06:49:00,Busy
D104,2023-10-05 07:34:00,Idle
D104,2023-10-05 08:17:00,Offline
D104,2023-10-06 00:17:00,Online
D104,2023-10-06 01:17:00,Idle
D104,2023-10-06 01:41:00,Busy
D104,2023-10-06 02:41:00,Busy
D104,2023-10-06 03:59:00,Busy
D104,2023-10-06 05:45:00,Idle
D104,2023-10-06 06:14:00,Idle
D104,2023-10-06 06:35:00,Busy
D104,2023-10-06 08:29:00,Busy
D104,2023-10-06 08:51:00,Offline
D104,2023-10-07 01:51:00,Online
D104,2023-10-07 03:49:00,Idle
D104,2023-10-07 05:02:00,Busy
D104,2023-10-07 06:07:00,Busy
D104,2023-10-07 07:41:00,Busy
D104,2023-10-07 08:28:00,Busy
D104,2023-10-07 10:08:00,Busy
D104,2023-10-07 10:52:00,Idle
D104,2023-10-07 12:32:00,Busy
D104,2023-10-07 14:09:00,Idle
D104,2023-10-07 14:47:00,Offline
D104,2023-10-08 05:47:00,Online
D104,2023-10-08 07:38:00,Idle
D104,2023-10-08 09:05:00,Idle
D104,2023-10-08 11:03:00,Idle
D104,2023-10-08 12:57:00,Busy
D104,2023-10-08 14:34:00,Busy
D104,2023-10-08 15:31:00,Idle
D104,2023-10-08 16:53:00,Busy
D104,2023-10-08 17:16:00,Offline
D104,2023-10-09 16:16:00,Online
D104,2023-10-09 17:48:00,Idle
D104,2023-10-09 19:08:00,Busy
D104,2023-10-09 20:02:00,Idle
D104,2023-10-09 22:00:00,Idle
D104,2023-10-09 22:35:00,Offline
D105,2023-10-06 00:00:00,Online
D105,2023-10-06 00:22:00,Busy
D105,2023-10-06 01:00:00,Idle
D105,2023-10-06 01:27:00,Busy
D105,2023-10-06 02:49:00,Idle
D105,2023-10-06 03:57:00,Idle
D105,2023-10-06 05:27:00,Idle
D105,2023-10-06 06:34:00,Busy
D105,2023-10-06 07:13:00,Busy
D105,2023-10-06 08:49:00,Idle
D105,2023-10-06 10:34:00,Idle
D105,2023-10-06 11:27:00,Offline
D105,2023-10-07 05:27:00,Online
D105,2023-10-07 06:39:00,Idle
D105,2023-10-07 07:35:00,Busy
D105,2023-10-07 08:41:00,Idle
D105,2023-10-07 09:02:00,Busy
D105,2023-10-07 10:39:00,Busy
D105,2023-10-07 11:16:00,Busy
D105,2023-10-07 12:13:00,Idle
D105,2023-10-07 13:04:00,Busy
D105,2023-10-07 13:33:00,Offline
D105,2023-10-08 08:33:00,Online
D105,2023-10-08 10:23:00,Idle
D105,2023-10-08 12:01:00,Busy
D105,2023-10-08 12:43:00,Idle
D105,2023-10-08 14:39:00,Busy
D105,2023-10-08 15:27:00,Busy
D105,2023-10-08 16:54:00,Idle
D105,2023-10-08 18:04:00,Busy
D105,2023-10-08 18:43:00,Idle
D105,2023-10-08 20:28:00,Busy
D105,2023-10-08 21:13:00,Busy
D105,2023-10-08 21:44:00,Offline
D105,2023-10-09 19:44:00,Online
D105,2023-10-09 21:32:00,Busy
D105,2023-10-09 22:41:00,Busy
D105,2023-10-10 00:24:00,Idle
D105,2023-10-10 02:23:00,Busy
D105,2023-10-10 02:54:00,Offline
D105,2023-10-10 18:54:00,Online
D105,2023-10-10 19:52:00,Busy
D105,2023-10-10 20:34:00,Idle
D105,2023-10-10 21:26:00,Idle
D105,2023-10-10 23:24:00,Idle
D105,2023-10-11 00:51:00,Busy
D105,2023-10-11 02:39:00,Busy
D105,2023-10-11 02:58:00,Idle
D105,2023-10-11 04:49:00,Idle
D105,2023-10-11 05:52:00,Busy
D105,2023-10-11 07:38:00,Busy
D105,2023-10-11 08:30:00,Offline
D105,2023-10-12 04:30:00,Online
D105,2023-10-12 04:57:00,Busy
D105,2023-10-12 06:36:00,Idle
D105,2023-10-12 06:58:00,Idle
D105,2023-10-12 07:28:00,Idle
D105,2023-10-12 08:58:00,Idle
D105,2023-10-12 09:30:00,Idle
D105,2023-10-12 10:01:00,Offline
D105,2023-10-13 08:01:00,Online
D105,2023-10-13 09:50:00,Idle
D105,2023-10-13 11:21:00,Idle
D105,2023-10-13 12:53:00,Idle
D105,2023-10-13 14:16:00,Idle
D105,2023-10-13 14:52:00,Busy
D105,2023-10-13 15:45:00,Offline
D105,2023-10-14 06:45:00,Online
D105,2023-10-14 07:39:00,Idle
D105,2023-10-14 09:17:00,Busy
D105,2023-10-14 11:06:00,Idle
D105,2023-10-14 12:17:00,Busy
D105,2023-10-14 12:42:00,Busy
D105,2023-10-14 14:11:00,Busy
D105,2023-10-14 15:19:00,Idle
D105,2023-10-14 16:28:00,Busy
D105,2023-10-14 17:18:00,Idle
D105,2023-10-14 17:32:00,Offline
D106,2023-10-06 00:00:00,Online
D106,2023-10-06 01:49:00,Idle
D106,2023-10-06 03:08:00,Idle
D106,2023-10-06 03:50:00,Busy
D106,2023-10-06 04:22:00,Idle
D106,2023-10-06 04:32:00,Offline
D106,2023-10-06 18:32:00,Online
D106,2023-10-06 19:50:00,Idle
D106,2023-10-06 21:40:00,Busy
D106,2023-10-06 22:11:00,Busy
D106,2023-10-06 22:51:00,Busy
D106,2023-10-06 23:09:00,Busy
D106,2023-10-06 23:29:00,Offline
D106,2023-10-07 22:29:00,Online
D106,2023-10-07 23:55:00,Busy
D106,2023-10-08 00:51:00,Busy
D106,2023-10-08 01:58:00,Idle
D106,2023-10-08 03:47:00,Busy
D106,2023-10-08 05:28:00,Idle
D106,2023-10-08 06:58:00,Idle
D106,2023-10-08 07:18:00,Idle
D106,2023-10-08 07:31:00,Offline
D106,2023-10-09 01:31:00,Online
D106,2023-10-09 02:59:00,Idle
D106,2023-10-09 04:14:00,Busy
D106,2023-10-09 04:57:00,Idle
D106,2023-10-09 05:31:00,Offline
D106,2023-10-09 17:31:00,Online
D106,2023-10-09 19:03:00,Busy
D106,2023-10-09 20:30:00,Idle
D106,2023-10-09 20:57:00,Busy
D106,2023-10-09 21:18:00,Idle
D106,2023-10-09 22:31:00,Busy
D106,2023-10-09 23:00:00,Idle
D106,2023-10-09 23:18:00,Busy
D106,2023-10-09 23:52:00,Busy
D106,2023-10-10 00:44:00,Offline
D106,2023-10-10 22:44:00,Online
D106,2023-10-10 23:37:00,Busy
D106,2023-10-11 00:36:00,Busy
D106,2023-10-11 01:28:00,Idle
D106,2023-10-11 02:36:00,Idle
D106,2023-10-11 03:11:00,Offline
D110,2023-10-02 00:00:00,Online
D110,2023-10-02 01:13:00,Idle
D110,2023-10-02 01:59:00,Busy
D110,2023-10-02 02:39:00,Busy
D110,2023-10-02 04:34:00,Idle
D110,2023-10-02 05:08:00,Idle
D110,2023-10-02 06:26:00,Idle
D110,2023-10-02 07:23:00,Busy
D110,2023-10-02 08:58:00,Idle
D110,2023-10-02 10:11:00,Idle
D110,2023-10-02 10:30:00,Offline
D110,2023-10-03 08:30:00,Online
D110,2023-10-03 10:27:00,Busy
D110,2023-10-03 11:22:00,Busy
D110,2023-10-03 12:29:00,Busy
D110,2023-10-03 12:46:00,Busy
D110,2023-10-03 13:11:00,Idle
D110,2023-10-03 13:37:00,Offline
D110,2023-10-04 02:37:00,Online
D110,2023-10-04 04:08:00,Idle
D110,2023-10-04 05:02:00,Idle
D110,2023-10-04 06:57:00,Idle
D110,2023-10-04 08:24:00,Idle
D110,2023-10-04 09:43:00,Busy
D110,2023-10-04 10:11:00,Idle
D110,2023-10-04 10:50:00,Offline
D110,2023-10-05 10:50:00,Online
D110,2023-10-05 12:47:00,Idle
D110,2023-10-05 13:58:00,Busy
D110,2023-10-05 15:25:00,Busy
D110,2023-10-05 17:20:00,Idle
D110,2023-10-05 18:46:00,Busy
D110,2023-10-05 19:36:00,Idle
D110,2023-10-05 20:23:00,Offline
D110,2023-10-06 19:23:00,Online
D110,2023-10-06 21:09:00,Busy
D110,2023-10-06 21:56:00,Idle
D110,2023-10-06 23:45:00,Busy
D110,2023-10-07 00:43:00,Busy
D110,2023-10-07 01:49:00,Busy
D110,2023-10-07 02:04:00,Idle
D110,2023-10-07 02:58:00,Busy
D110,2023-10-07 03:52:00,Offline
D110,2023-10-08 03:52:00,Online
D110,2023-10-08 04:41:00,Busy
D110,2023-10-08 05:45:00,Busy
D110,2023-10-08 06:16:00,Idle
D110,2023-10-08 06:49:00,Busy
D110,2023-10-08 07:05:00,Offline
D110,2023-10-09 04:05:00,Online
D110,2023-10-09 06:00:00,Busy
D110,2023-10-09 07:23:00,Busy
D110,2023-10-09 08:30:00,Busy
D110,2023-10-09 09:16:00,Offline
D110,2023-10-10 04:16:00,Online
D110,2023-10-10 05:02:00,Busy
D110,2023-10-10 05:52:00,Idle
D110,2023-10-10 06:45:00,Idle
D110,2023-10-10 08:24:00,Idle
D110,2023-10-10 08:35:00,Offline
D110,2023-10-11 00:35:00,Online
D110,2023-10-11 02:34:00,Busy
D110,2023-10-11 04:02:00,Busy
D110,2023-10-11 04:31:00,Idle
D110,2023-10-11 06:29:00,Idle
D110,2023-10-11 07:30:00,Busy
D110,2023-10-11 07:48:00,Offline
D110,2023-10-12 04:48:00,Online
D110,2023-10-12 05:52:00,Idle
D110,2023-10-12 06:29:00,Busy
D110,2023-10-12 07:12:00,Idle
D110,2023-10-12 07:39:00,Idle
D110,2023-10-12 09:35:00,Idle
D110,2023-10-12 11:25:00,Busy
D110,2023-10-12 12:41:00,Busy
D110,2023-10-12 13:29:00,Idle
D110,2023-10-12 13:58:00,Idle
D110,2023-10-12 15:13:00,Idle
D110,2023-10-12 16:01:00,Offline
D110,2023-10-13 05:01:00,Online
D110,2023-10-13 05:35:00,Idle
D110,2023-10-13 05:54:00,Busy
D110,2023-10-13 07:03:00,Idle
D110,2023-10-13 08:11:00,Busy
D110,2023-10-13 08:29:00,Busy
D110,2023-10-13 10:04:00,Idle
D110,2023-10-13 10:38:00,Busy
D110,2023-10-13 11:29:00,Busy
D110,2023-10-13 11:43:00,Offline
D113,2023-10-06 00:00:00,Online
D113,2023-10-06 01:22:00,Busy
D113,2023-10-06 02:24:00,Busy
D113,2023-10-06 03:53:00,Busy
D113,2023-10-06 04:51:00,Busy
D113,2023-10-06 06:51:00,Busy
D113,2023-10-06 07:18:00,Idle
D113,2023-10-06 09:17:00,Idle
D113,2023-10-06 09:41:00,Busy
D113,2023-10-06 11:11:00,Idle
D113,2023-10-06 12:01:00,Offline
D113,2023-10-07 04:01:00,Online
D113,2023-10-07 04:57:00,Busy
D113,2023-10-07 06:30:00,Idle
D113,2023-10-07 07:59:00,Idle
D113,2023-10-07 08:37:00,Offline
D113,2023-10-08 04:37:00,Online
D113,2023-10-08 06:22:00,Busy
D113,2023-10-08 06:47:00,Idle
D113,2023-10-08 07:06:00,Busy
D113,2023-10-08 07:59:00,Idle
D113,2023-10-08 09:41:00,Idle
D113,2023-10-08 11:01:00,Busy
D113,2023-10-08 11:34:00,Offline
D113,2023-10-09 03:34:00,Online
D113,2023-10-09 04:57:00,Busy
D113,2023-10-09 06:41:00,Busy
D113,2023-10-09 07:11:00,Idle
D113,2023-10-09 07:45:00,Busy
D113,2023-10-09 08:52:00,Busy
D113,2023-10-09 10:31:00,Idle
D113,2023-10-09 11:24:00,Idle
D113,2023-10-09 11:53:00,Offline
D113,2023-10-10 07:53:00,Online
D113,2023-10-10 09:12:00,Busy
D113,2023-10-10 11:07:00,Idle
D113,2023-10-10 12:54:00,Idle
D113,2023-10-10 14:19:00,Idle
D113,2023-10-10 14:56:00,Offline
D113,2023-10-11 10:56:00,Online
D113,2023-10-11 12:21:00,Busy
D113,2023-10-11 13:52:00,Busy
D113,2023-10-11 15:01:00,Idle
D113,2023-10-11 15:29:00,Offline
D113,2023-10-12 11:29:00,Online
D113,2023-10-12 13:00:00,Idle
D113,2023-10-12 14:06:00,Idle
D113,2023-10-12 15:27:00,Busy
D113,2023-10-12 16:07:00,Idle
D113,2023-10-12 16:29:00,Idle
D113,2023-10-12 17:41:00,Busy
D113,2023-10-12 19:15:00,Idle
D113,2023-10-12 20:13:00,Idle
D113,2023-10-12 20:34:00,Idle
D113,2023-10-12 20:59:00,Offline
D113,2023-10-13 16:59:00,Online
D113,2023-10-13 18:46:00,Busy
D113,2023-10-13 19:07:00,Busy
D113,2023-10-13 20:24:00,Idle
D113,2023-10-13 22:15:00,Busy
D113,2023-10-14 00:04:00,Idle
D113,2023-10-14 02:01:00,Idle
D113,2023-10-14 02:18:00,Idle
D113,2023-10-14 04:01:00,Busy
D113,2023-10-14 05:00:00,Offline
D113,2023-10-14 17:00:00,Online
D113,2023-10-14 18:53:00,Busy
D113,2023-10-14 19:33:00,Idle
D113,2023-10-14 21:11:00,Busy
D113,2023-10-14 21:31:00,Idle
D113,2023-10-14 22:32:00,Busy
D113,2023-10-14 23:00:00,Idle
D113,2023-10-14 23:42:00,Idle
D113,2023-10-15 00:21:00,Offline
D113,2023-10-16 00:21:00,Online
D113,2023-10-16 01:31:00,Busy
D113,2023-10-16 02:50:00,Idle
D113,2023-10-16 03:22:00,Busy
D113,2023-10-16 05:07:00,Idle
D113,2023-10-16 05:40:00,Idle
D113,2023-10-16 07:40:00,Idle
D113,2023-10-16 08:18:00,Offline
D113,2023-10-16 20:18:00,Online
D113,2023-10-16 21:40:00,Busy
D113,2023-10-16 21:56:00,Busy
D113,2023-10-16 22:57:00,Idle
D113,2023-10-16 23:33:00,Busy
D113,2023-10-17 00:59:00,Idle
D113,2023-10-17 01:44:00,Idle
D113,2023-10-17 02:37:00,Busy
D113,2023-10-17 04:03:00,Busy
D113,2023-10-17 05:05:00,Busy
D113,2023-10-17 05:56:00,Offline
D113,2023-10-17 20:56:00,Online
D113,2023-10-17 21:58:00,Idle
D113,2023-10-17 22:49:00,Idle
D113,2023-10-18 00:19:00,Busy
D113,2023-10-18 01:37:00,Busy
D113,2023-10-18 02:35:00,Idle
D113,2023-10-18 04:34:00,Idle
D113,2023-10-18 05:00:00,Idle
D113,2023-10-18 06:58:00,Busy
D113,2023-10-18 07:27:00,Offline
D114,2023-10-06 00:00:00,Online
D114,2023-10-06 01:10:00,Busy
D114,2023-10-06 02:39:00,Busy
D114,2023-10-06 03:52:00,Busy
D114,2023-10-06 05:09:00,Idle
D114,2023-10-06 06:37:00,Idle
D114,2023-10-06 08:03:00,Idle
D114,2023-10-06 09:17:00,Idle
D114,2023-10-06 10:18:00,Idle
D114,2023-10-06 11:12:00,Offline
D114,2023-10-07 10:12:00,Online
D114,2023-10-07 11:16:00,Idle
D114,2023-10-07 12:21:00,Busy
D114,2023-10-07 14:18:00,Busy
D114,2023-10-07 14:33:00,Idle
D114,2023-10-07 15:14:00,Busy
D114,2023-10-07 15:25:00,Offline
D114,2023-10-08 14:25:00,Online
D114,2023-10-08 15:34:00,Busy
D114,2023-10-08 16:55:00,Idle
D114,2023-10-08 17:29:00,Busy
D114,2023-10-08 18:23:00,Idle
D114,2023-10-08 18:48:00,Idle
D114,2023-10-08 19:57:00,Busy
D114,2023-10-08 20:45:00,Idle
D114,2023-10-08 21:26:00,Idle
D114,2023-10-08 22:25:00,Offline
D114,2023-10-09 18:25:00,Online
D114,2023-10-09 19:57:00,Busy
D114,2023-10-09 20:43:00,Busy
D114,2023-10-09 21:20:00,Busy
D114,2023-10-09 22:59:00,Idle
D114,2023-10-10 00:15:00,Idle
D114,2023-10-10 00:35:00,Offline
D114,2023-10-10 19:35:00,Online
D114,2023-10-10 21:17:00,Idle
D114,2023-10-10 22:45:00,Busy
D114,2023-10-10 23:10:00,Idle
D114,2023-10-11 00:58:00,Busy
D114,2023-10-11 01:21:00,Offline
D114,2023-10-11 15:21:00,Online
D114,2023-10-11 17:10:00,Busy
D114,2023-10-11 19:06:00,Idle
D114,2023-10-11 19:48:00,Idle
D114,2023-10-11 21:47:00,Busy
D114,2023-10-11 23:34:00,Idle
D114,2023-10-12 00:01:00,Offline
D114,2023-10-12 13:01:00,Online
D114,2023-10-12 14:09:00,Idle
D114,2023-10-12 14:29:00,Busy
D114,2023-10-12 15:03:00,Idle
D114,2023-10-12 15:59:00,Offline
D114,2023-10-13 08:59:00,Online
D114,2023-10-13 09:42:00,Idle
D114,2023-10-13 10:53:00,Busy
D114,2023-10-13 12:12:00,Idle
D114,2023-10-13 14:09:00,Idle
D114,2023-10-13 14:54:00,Busy
D114,2023-10-13 15:36:00,Idle
D114,2023-10-13 16:33:00,Offline
D114,2023-10-14 11:33:00,Online
D114,2023-10-14 12:13:00,Idle
D114,2023-10-14 14:08:00,Idle
D114,2023-10-14 15:45:00,Busy
D114,2023-10-14 16:12:00,Busy
D114,2023-10-14 16:52:00,Busy
D114,2023-10-14 18:50:00,Idle
D114,2023-10-14 20:01:00,Busy
D114,2023-10-14 21:04:00,Busy
D114,2023-10-14 21:54:00,Offline
D114,2023-10-15 11:54:00,Online
D114,2023-10-15 13:04:00,Busy
D114,2023-10-15 14:07:00,Busy
D114,2023-10-15 15:06:00,Idle
D114,2023-10-15 17:05:00,Busy
D114,2023-10-15 18:29:00,Idle
D114,2023-10-15 19:14:00,Offline
D114,2023-10-16 07:14:00,Online
D114,2023-10-16 07:50:00,Busy
D114,2023-10-16 08:37:00,Idle
D114,2023-10-16 09:30:00,Idle
D114,2023-10-16 10:19:00,Busy
D114,2023-10-16 11:32:00,Busy
D114,2023-10-16 12:43:00,Idle
D114,2023-10-16 13:03:00,Busy
D114,2023-10-16 14:14:00,Idle
D114,2023-10-16 15:17:00,Idle
D114,2023-10-16 16:02:00,Idle
D114,2023-10-16 16:36:00,Offline
D115,2023-10-04 00:00:00,Online
D115,2023-10-04 00:56:00,Idle
D115,2023-10-04 01:50:00,Idle
D115,2023-10-04 02:36:00,Busy
D115,2023-10-04 03:02:00,Offline
D115,2023-10-04 22:02:00,Online
D115,2023-10-04 22:39:00,Busy
D115,2023-10-04 23:36:00,Busy
D115,2023-10-05 00:56:00,Idle
D115,2023-10-05 02:42:00,Idle
D115,2023-10-05 03:42:00,Busy
D115,2023-10-05 04:51:00,Idle
D115,2023-10-05 06:38:00,Idle
D115,2023-10-05 07:28:00,Busy
D115,2023-10-05 08:41:00,Idle
D115,2023-10-05 09:36:00,Offline
D115,2023-10-05 23:36:00,Online
D115,2023-10-06 01:00:00,Idle
D115,2023-10-06 02:18:00,Idle
D115,2023-10-06 03:00:00,Idle
D115,2023-10-06 03:26:00,Busy
D115,2023-10-06 04:05:00,Idle
D115,2023-10-06 04:28:00,Busy
D115,2023-10-06 05:07:00,Offline
D115,2023-10-06 20:07:00,Online
D115,2023-10-06 21:33:00,Idle
D115,2023-10-06 22:19:00,Idle
D115,2023-10-06 23:47:00,Idle
D115,2023-10-07 01:02:00,Idle
D115,2023-10-07 02:08:00,Idle
D115,2023-10-07 02:57:00,Busy
D115,2023-10-07 03:29:00,Busy
D115,2023-10-07 04:22:00,Offline
D115,2023-10-08 03:22:00,Online
D115,2023-10-08 04:38:00,Idle
D115,2023-10-08 05:15:00,Busy
D115,2023-10-08 06:54:00,Busy
D115,2023-10-08 07:11:00,Idle
D115,2023-10-08 08:10:00,Idle
D115,2023-10-08 08:38:00,Busy
D115,2023-10-08 09:12:00,Idle
D115,2023-10-08 10:06:00,Offline
D115,2023-10-09 00:06:00,Online
D115,2023-10-09 00:34:00,Busy
D115,2023-10-09 01:27:00,Busy
D115,2023-10-09 02:58:00,Busy
D115,2023-10-09 03:31:00,Idle
D115,2023-10-09 04:26:00,Offline
D115,2023-10-09 22:26:00,Online
D115,2023-10-09 23:23:00,Idle
D115,2023-10-10 01:15:00,Idle
D115,2023-10-10 02:36:00,Idle
D115,2023-10-10 03:00:00,Offline
D115,2023-10-11 03:00:00,Online
D115,2023-10-11 04:54:00,Idle
D115,2023-10-11 05:36:00,Idle
D115,2023-10-11 07:11:00,Busy
D115,2023-10-11 07:53:00,Busy
D115,2023-10-11 09:46:00,Busy
D115,2023-10-11 10:26:00,Offline
D116,2023-10-04 00:00:00,Online
D116,2023-10-04 01:02:00,Idle
D116,2023-10-04 01:25:00,Idle
D116,2023-10-04 02:06:00,Idle
D116,2023-10-04 03:12:00,Idle
D116,2023-10-04 03:22:00,Offline
D116,2023-10-04 23:22:00,Online
D116,2023-10-05 00:56:00,Busy
D116,2023-10-05 01:45:00,Busy
D116,2023-10-05 03:31:00,Busy
D116,2023-10-05 05:05:00,Busy
D116,2023-10-05 06:59:00,Idle
D116,2023-10-05 07:12:00,Offline
D116,2023-10-06 07:12:00,Online
D116,2023-10-06 08:52:00,Busy
D116,2023-10-06 10:01:00,Idle
D116,2023-10-06 11:50:00,Busy
D116,2023-10-06 12:27:00,Idle
D116,2023-10-06 14:02:00,Idle
D116,2023-10-06 15:22:00,Idle
D116,2023-10-06 16:17:00,Idle
D116,2023-10-06 17:13:00,Idle
D116,2023-10-06 18:20:00,Idle
D116,2023-10-06 19:01:00,Busy
D116,2023-10-06 19:14:00,Offline
D116,2023-10-07 07:14:00,Online
D116,2023-10-07 09:05:00,Busy
D116,2023-10-07 09:21:00,Idle
D116,2023-10-07 10:24:00,Busy
D116,2023-10-07 11:51:00,Idle
D116,2023-10-07 12:09:00,Idle
D116,2023-10-07 13:00:00,Offline
D116,2023-10-08 08:00:00,Online
D116,2023-10-08 08:28:00,Busy
D116,2023-10-08 09:08:00,Idle
D116,2023-10-08 09:40:00,Busy
D116,2023-10-08 10:45:00,Idle
D116,2023-10-08 12:08:00,Idle
D116,2023-10-08 13:14:00,Busy
D116,2023-10-08 13:29:00,Busy
D116,2023-10-08 15:06:00,Busy
D116,2023-10-08 15:40:00,Offline
D116,2023-10-09 03:40:00,Online
D116,2023-10-09 05:00:00,Busy
D116,2023-10-09 05:24:00,Idle
D116,2023-10-09 06:59:00,Idle
D116,2023-10-09 08:32:00,Busy
D116,2023-10-09 09:23:00,Idle
D116,2023-10-09 10:45:00,Idle
D116,2023-10-09 11:01:00,Offline
D116,2023-10-10 02:01:00,Online
D116,2023-10-10 02:20:00,Busy
D116,2023-10-10 03:47:00,Busy
D116,2023-10-10 05:07:00,Busy
D116,2023-10-10 06:12:00,Idle
D116,2023-10-10 06:53:00,Idle
D116,2023-10-10 08:14:00,Busy
D116,2023-10-10 09:09:00,Busy
D116,2023-10-10 11:07:00,Busy
D116,2023-10-10 13:00:00,Busy
D116,2023-10-10 13:46:00,Offline
D116,2023-10-11 01:46:00,Online
D116,2023-10-11 03:14:00,Busy
D116,2023-10-11 04:15:00,Idle
D116,2023-10-11 04:56:00,Busy
D116,2023-10-11 06:23:00,Busy
D116,2023-10-11 07:04:00,Idle
D116,2023-10-11 07:29:00,Idle
D116,2023-10-11 07:56:00,Idle
D116,2023-10-11 08:53:00,Busy
D116,2023-10-11 09:08:00,Busy
D116,2023-10-11 09:44:00,Offline
D116,2023-10-12 02:44:00,Online
D116,2023-10-12 04:22:00,Busy
D116,2023-10-12 04:55:00,Idle
D116,2023-10-12 05:46:00,Idle
D116,2023-10-12 06:16:00,Idle
D116,2023-10-12 07:35:00,Idle
D116,2023-10-12 08:18:00,Busy
D116,2023-10-12 09:08:00,Busy
D116,2023-10-12 10:28:00,Busy
D116,2023-10-12 11:49:00,Busy
D116,2023-10-12 12:26:00,Offline
D116,2023-10-13 09:26:00,Online
D116,2023-10-13 09:51:00,Busy
D116,2023-10-13 10:58:00,Idle
D116,2023-10-13 12:07:00,Busy
D116,2023-10-13 12:48:00,Offline
D116,2023-10-14 04:48:00,Online
D116,2023-10-14 05:18:00,Busy
D116,2023-10-14 06:05:00,Busy
D116,2023-10-14 08:03:00,Busy
D116,2023-10-14 09:00:00,Offline
D117,2023-10-04 00:00:00,Online
D117,2023-10-04 00:32:00,Busy
D117,2023-10-04 01:06:00,Busy
D117,2023-10-04 01:48:00,Busy
D117,2023-10-04 02:28:00,Idle
D117,2023-10-04 03:14:00,Busy
D117,2023-10-04 05:06:00,Idle
D117,2023-10-04 05:22:00,Idle
D117,2023-10-04 05:59:00,Offline
D117,2023-10-05 04:59:00,Online
D117,2023-10-05 05:43:00,Busy
D117,2023-10-05 06:26:00,Idle
D117,2023-10-05 06:43:00,Idle
D117,2023-10-05 07:37:00,Busy
D117,2023-10-05 07:54:00,Busy
D117,2023-10-05 08:10:00,Busy
D117,2023-10-05 08:26:00,Busy
D117,2023-10-05 09:57:00,Busy
D117,2023-10-05 10:20:00,Busy
D117,2023-10-05 11:08:00,Idle
D117,2023-10-05 12:00:00,Offline
D117,2023-10-06 12:00:00,Online
D117,2023-10-06 12:59:00,Idle
D117,2023-10-06 13:35:00,Idle
D117,2023-10-06 14:45:00,Busy
D117,2023-10-06 15:51:00,Idle
D117,2023-10-06 16:15:00,Busy
D117,2023-10-06 17:23:00,Busy
D117,2023-10-06 18:46:00,Busy
D117,2023-10-06 19:39:00,Idle
D117,2023-10-06 21:32:00,Idle
D117,2023-10-06 22:12:00,Offline
D117,2023-10-07 19:12:00,Online
D117,2023-10-07 21:01:00,Busy
D117,2023-10-07 21:29:00,Idle
D117,2023-10-07 22:05:00,Idle
D117,2023-10-07 23:14:00,Idle
D117,2023-10-08 00:02:00,Busy
D117,2023-10-08 01:48:00,Busy
D117,2023-10-08 02:58:00,Busy
D117,2023-10-08 03:33:00,Offline
D117,2023-10-09 02:33:00,Online
D117,2023-10-09 03:04:00,Busy
D117,2023-10-09 03:39:00,Idle
D117,2023-10-09 05:38:00,Idle
D117,2023-10-09 06:24:00,Idle
D117,2023-10-09 07:04:00,Idle
D117,2023-10-09 07:21:00,Offline
D117,2023-10-09 22:21:00,Online
D117,2023-10-09 23:14:00,Idle
D117,2023-10-10 01:05:00,Busy
D117,2023-10-10 02:26:00,Idle
D117,2023-10-10 03:23:00,Idle
D117,2023-10-10 05:02:00,Idle
D117,2023-10-10 05:47:00,Idle
D117,2023-10-10 06:23:00,Busy
D117,2023-10-10 06:49:00,Idle
D117,2023-10-10 07:19:00,Offline
D117,2023-10-10 21:19:00,Online
D117,2023-10-10 23:07:00,Idle
D117,2023-10-11 01:00:00,Idle
D117,2023-10-11 02:15:00,Idle
D117,2023-10-11 03:00:00,Offline
D117,2023-10-11 21:00:00,Online
D117,2023-10-11 22:05:00,Busy
D117,2023-10-11 23:20:00,Idle
D117,2023-10-12 00:31:00,Busy
D117,2023-10-12 01:18:00,Idle
D117,2023-10-12 01:57:00,Idle
D117,2023-10-12 02:59:00,Idle
D117,2023-10-12 04:03:00,Busy
D117,2023-10-12 04:28:00,Busy
D117,2023-10-12 04:59:00,Idle
D117,2023-10-12 06:13:00,Busy
D117,2023-10-12 06:35:00,Offline
D117,2023-10-12 21:35:00,Online
D117,2023-10-12 22:14:00,Busy
D117,2023-10-12 23:46:00,Busy
D117,2023-10-13 00:02:00,Busy
D117,2023-10-13 01:28:00,Busy
D117,2023-10-13 02:54:00,Busy
D117,2023-10-13 03:59:00,Busy
D117,2023-10-13 04:51:00,Busy
D117,2023-10-13 05:34:00,Busy
D117,2023-10-13 06:03:00,Offline
D117,2023-10-14 01:03:00,Online
D117,2023-10-14 02:58:00,Busy
D117,2023-10-14 04:31:00,Idle
D117,2023-10-14 05:08:00,Busy
D117,2023-10-14 06:51:00,Busy
D117,2023-10-14 08:15:00,Busy
D117,2023-10-14 09:12:00,Busy
D117,2023-10-14 09:43:00,Offline
D117,2023-10-15 08:43:00,Online
D117,2023-10-15 10:17:00,Idle
D117,2023-10-15 11:04:00,Idle
D117,2023-10-15 12:21:00,Busy
D117,2023-10-15 12:58:00,Idle
D117,2023-10-15 14:23:00,Busy
D117,2023-10-15 15:01:00,Idle
D117,2023-10-15 16:41:00,Idle
D117,2023-10-15 16:54:00,Offline
D117,2023-10-16 04:54:00,Online
D117,2023-10-16 06:23:00,Idle
D117,2023-10-16 07:17:00,Busy
D117,2023-10-16 08:57:00,Busy
D117,2023-10-16 10:36:00,Busy
D117,2023-10-16 11:45:00,Busy
D117,2023-10-16 12:41:00,Busy
D117,2023-10-16 13:27:00,Idle
D117,2023-10-16 15:21:00,Busy
D117,2023-10-16 16:59:00,Busy
D117,2023-10-16 17:27:00,Offline
D118,2023-10-06 00:00:00,Online
D118,2023-10-06 00:18:00,Idle
D118,2023-10-06 01:10:00,Idle
D118,2023-10-06 01:42:00,Busy
D118,2023-10-06 02:22:00,Offline
D118,2023-10-06 20:22:00,Online
D118,2023-10-06 20:50:00,Busy
D118,2023-10-06 21:13:00,Busy
D118,2023-10-06 22:28:00,Idle
D118,2023-10-06 22:51:00,Busy
D118,2023-10-06 23:36:00,Busy
D118,2023-10-07 01:26:00,Idle
D118,2023-10-07 02:13:00,Idle
D118,2023-10-07 02:36:00,Idle
D118,2023-10-07 03:17:00,Busy
D118,2023-10-07 04:37:00,Idle
D118,2023-10-07 04:51:00,Offline
D118,2023-10-08 01:51:00,Online
D118,2023-10-08 02:43:00,Idle
D118,2023-10-08 03:10:00,Idle
D118,2023-10-08 03:59:00,Idle
D118,2023-10-08 05:33:00,Busy
D118,2023-10-08 06:10:00,Idle
D118,2023-10-08 07:00:00,Offline
D118,2023-10-09 01:00:00,Online
D118,2023-10-09 01:31:00,Idle
D118,2023-10-09 02:09:00,Busy
D118,2023-10-09 02:55:00,Idle
D118,2023-10-09 03:28:00,Offline
D118,2023-10-09 19:28:00,Online
D118,2023-10-09 21:14:00,Idle
D118,2023-10-09 22:47:00,Idle
D118,2023-10-09 23:05:00,Idle
D118,2023-10-09 23:35:00,Idle
D118,2023-10-10 01:06:00,Busy
D118,2023-10-10 02:44:00,Busy
D118,2023-10-10 04:34:00,Idle
D118,2023-10-10 05:51:00,Idle
D118,2023-10-10 06:23:00,Offline
D118,2023-10-10 19:23:00,Online
D118,2023-10-10 20:55:00,Idle
D118,2023-10-10 21:56:00,Idle
D118,2023-10-10 22:28:00,Busy
D118,2023-10-10 23:44:00,Busy
D118,2023-10-11 01:35:00,Busy
D118,2023-10-11 02:30:00,Idle
D118,2023-10-11 03:30:00,Idle
D118,2023-10-11 05:00:00,Busy
D118,2023-10-11 05:27:00,Busy
D118,2023-10-11 06:44:00,Idle
D118,2023-10-11 07:31:00,Offline
D118,2023-10-12 06:31:00,Online
D118,2023-10-12 07:46:00,Idle
D118,2023-10-12 08:03:00,Idle
D118,2023-10-12 09:25:00,Idle
D118,2023-10-12 11:01:00,Busy
D118,2023-10-12 12:53:00,Busy
D118,2023-10-12 14:44:00,Idle
D118,2023-10-12 16:10:00,Idle
D118,2023-10-12 18:06:00,Busy
D118,2023-10-12 18:19:00,Offline
D118,2023-10-13 09:19:00,Online
D118,2023-10-13 10:06:00,Idle
D118,2023-10-13 10:41:00,Idle
D118,2023-10-13 11:08:00,Idle
D118,2023-10-13 12:36:00,Idle
D118,2023-10-13 13:01:00,Busy
D118,2023-10-13 13:55:00,Busy
D118,2023-10-13 14:45:00,Offline
D118,2023-10-14 03:45:00,Online
D118,2023-10-14 05:06:00,Busy
D118,2023-10-14 05:35:00,Busy
D118,2023-10-14 06:09:00,Idle
D118,2023-10-14 07:13:00,Busy
D118,2023-10-14 07:31:00,Idle
D118,2023-10-14 08:43:00,Busy
D118,2023-10-14 09:21:00,Busy
D118,2023-10-14 09:42:00,Offline
D118,2023-10-15 09:42:00,Online
D118,2023-10-15 11:02:00,Idle
D118,2023-10-15 12:36:00,Busy
D118,2023-10-15 14:31:00,Idle
D118,2023-10-15 14:54:00,Idle
D118,2023-10-15 15:27:00,Busy
D118,2023-10-15 15:47:00,Idle
D118,2023-10-15 17:25:00,Idle
D118,2023-10-15 17:52:00,Offline
D118,2023-10-16 13:52:00,Online
D118,2023-10-16 15:26:00,Idle
D118,2023-10-16 16:59:00,Busy
D118,2023-10-16 18:28:00,Idle
D118,2023-10-16 18:43:00,Idle
D118,2023-10-16 19:22:00,Offline
D118,2023-10-17 14:22:00,Online
D118,2023-10-17 14:50:00,Idle
D118,2023-10-17 16:16:00,Idle
D118,2023-10-17 17:53:00,Busy
D118,2023-10-17 19:23:00,Idle
D118,2023-10-17 19:53:00,Busy
D118,2023-10-17 20:36:00,Offline
D118,2023-10-18 10:36:00,Online
D118,2023-10-18 12:03:00,Busy
D118,2023-10-18 12:40:00,Busy
D118,2023-10-18 13:44:00,Idle
D118,2023-10-18 14:27:00,Offline
D118,2023-10-19 02:27:00,Online
D118,2023-10-19 03:51:00,Busy
D118,2023-10-19 04:19:00,Busy
D118,2023-10-19 06:09:00,Idle
D118,2023-10-19 08:09:00,Idle
D118,2023-10-19 09:51:00,Idle
D118,2023-10-19 10:16:00,Idle
D118,2023-10-19 10:57:00,Idle
D118,2023-10-19 12:20:00,Busy
D118,2023-10-19 12:45:00,Idle
D118,2023-10-19 13:12:00,Offline
D118,2023-10-20 12:12:00,Online
D118,2023-10-20 13:25:00,Busy
D118,2023-10-20 14:14:00,Idle
D118,2023-10-20 14:33:00,Busy
D118,2023-10-20 15:34:00,Idle
D118,2023-10-20 17:32:00,Idle
D118,2023-10-20 18:10:00,Idle
D118,2023-10-20 19:06:00,Offline
D122,2023-10-03 00:00:00,Online
D122,2023-10-03 01:57:00,Busy
D122,2023-10-03 03:04:00,Busy
D122,2023-10-03 04:31:00,Idle
D122,2023-10-03 05:47:00,Busy
D122,2023-10-03 06:07:00,Busy
D122,2023-10-03 07:04:00,Idle
D122,2023-10-03 08:31:00,Idle
D122,2023-10-03 08:53:00,Offline
D122,2023-10-03 23:53:00,Online
D122,2023-10-04 01:16:00,Idle
D122,2023-10-04 02:00:00,Idle
D122,2023-10-04 02:20:00,Busy
D122,2023-10-04 02:47:00,Busy
D122,2023-10-04 03:11:00,Busy
D122,2023-10-04 04:13:00,Idle
D122,2023-10-04 05:56:00,Idle
D122,2023-10-04 06:43:00,Offline
D122,2023-10-04 20:43:00,Online
D122,2023-10-04 21:07:00,Busy
D122,2023-10-04 22:02:00,Busy
D122,2023-10-04 23:45:00,Idle
D122,2023-10-05 00:01:00,Offline
D122,2023-10-05 18:01:00,Online
D122,2023-10-05 19:14:00,Idle
D122,2023-10-05 19:37:00,Busy
D122,2023-10-05 21:31:00,Busy
D122,2023-10-05 23:20:00,Busy
D122,2023-10-06 00:52:00,Idle
D122,2023-10-06 01:10:00,Busy
D122,2023-10-06 03:10:00,Idle
D122,2023-10-06 04:07:00,Offline
D122,2023-10-07 02:07:00,Online
D122,2023-10-07 03:05:00,Idle
D122,2023-10-07 03:36:00,Busy
D122,2023-10-07 04:51:00,Idle
D122,2023-10-07 05:47:00,Idle
D122,2023-10-07 06:11:00,Idle
D122,2023-10-07 06:39:00,Busy
D122,2023-10-07 07:33:00,Idle
D122,2023-10-07 08:32:00,Idle
D122,2023-10-07 09:11:00,Offline
D122,2023-10-08 04:11:00,Online
D122,2023-10-08 05:53:00,Busy
D122,2023-10-08 06:28:00,Idle
D122,2023-10-08 07:06:00,Idle
D122,2023-10-08 08:18:00,Idle
D122,2023-10-08 09:04:00,Idle
D122,2023-10-08 10:31:00,Busy
D122,2023-10-08 12:21:00,Busy
D122,2023-10-08 12:55:00,Idle
D122,2023-10-08 14:29:00,Idle
D122,2023-10-08 14:48:00,Offline
D122,2023-10-09 13:48:00,Online
D122,2023-10-09 14:37:00,Busy
D122,2023-10-09 15:48:00,Idle
D122,2023-10-09 17:28:00,Idle
D122,2023-10-09 19:09:00,Idle
D122,2023-10-09 20:35:00,Idle
D122,2023-10-09 20:47:00,Offline
D122,2023-10-10 16:47:00,Online
D122,2023-10-10 18:40:00,Busy
D122,2023-10-10 19:00:00,Idle
D122,2023-10-10 20:49:00,Busy
D122,2023-10-10 22:07:00,Busy
D122,2023-10-10 22:56:00,Busy
D122,2023-10-11 00:26:00,Idle
D122,2023-10-11 02:19:00,Idle
D122,2023-10-11 04:19:00,Busy
D122,2023-10-11 05:56:00,Busy
D122,2023-10-11 07:04:00,Busy
D122,2023-10-11 07:37:00,Offline
D122,2023-10-12 04:37:00,Online
D122,2023-10-12 05:22:00,Idle
D122,2023-10-12 06:41:00,Idle
D122,2023-10-12 07:04:00,Idle
D122,2023-10-12 08:21:00,Idle
D122,2023-10-12 09:58:00,Idle
D122,2023-10-12 10:51:00,Idle
D122,2023-10-12 12:19:00,Busy
D122,2023-10-12 13:34:00,Idle
D122,2023-10-12 14:15:00,Offline
D123,2023-10-05 00:00:00,Online
D123,2023-10-05 00:29:00,Idle
D123,2023-10-05 01:49:00,Busy
D123,2023-10-05 02:25:00,Idle
D123,2023-10-05 03:19:00,Idle
D123,2023-10-05 04:46:00,Busy
D123,2023-10-05 06:13:00,Idle
D123,2023-10-05 08:04:00,Idle
D123,2023-10-05 09:22:00,Idle
D123,2023-10-05 10:02:00,Idle
D123,2023-10-05 10:40:00,Idle
D123,2023-10-05 11:04:00,Offline
D123,2023-10-06 00:04:00,Online
D123,2023-10-06 00:34:00,Idle
D123,2023-10-06 02:31:00,Idle
D123,2023-10-06 02:46:00,Busy
D123,2023-10-06 04:20:00,Idle
D123,2023-10-06 05:46:00,Busy
D123,2023-10-06 06:22:00,Idle
D123,2023-10-06 06:44:00,Idle
D123,2023-10-06 07:04:00,Busy
D123,2023-10-06 08:52:00,Idle
D123,2023-10-06 09:39:00,Busy
D123,2023-10-06 10:17:00,Offline
D123,2023-10-07 08:17:00,Online
D123,2023-10-07 09:07:00,Idle
D123,2023-10-07 09:41:00,Busy
D123,2023-10-07 10:10:00,Busy
D123,2023-10-07 10:41:00,Idle
D123,2023-10-07 11:59:00,Idle
D123,2023-10-07 12:20:00,Offline
D123,2023-10-08 03:20:00,Online
D123,2023-10-08 04:16:00,Idle
D123,2023-10-08 05:55:00,Idle
D123,2023-10-08 07:33:00,Busy
D123,2023-10-08 08:59:00,Busy
D123,2023-10-08 09:32:00,Idle
D123,2023-10-08 10:19:00,Idle
D123,2023-10-08 11:46:00,Busy
D123,2023-10-08 12:35:00,Idle
D123,2023-10-08 12:50:00,Offline
D123,2023-10-09 08:50:00,Online
D123,2023-10-09 10:31:00,Busy
D123,2023-10-09 11:46:00,Busy
D123,2023-10-09 12:40:00,Busy
D123,2023-10-09 14:32:00,Idle
D123,2023-10-09 14:57:00,Busy
D123,2023-10-09 16:49:00,Idle
D123,2023-10-09 18:00:00,Idle
D123,2023-10-09 18:20:00,Offline
D123,2023-10-10 11:20:00,Online
D123,2023-10-10 11:54:00,Busy
D123,2023-10-10 12:23:00,Idle
D123,2023-10-10 13:19:00,Idle
D123,2023-10-10 15:08:00,Busy
D123,2023-10-10 17:04:00,Idle
D123,2023-10-10 18:38:00,Busy
D123,2023-10-10 19:26:00,Busy
D123,2023-10-10 20:03:00,Busy
D123,2023-10-10 20:34:00,Busy
D123,2023-10-10 21:06:00,Busy
D123,2023-10-10 21:35:00,Offline
D124,2023-10-05 00:00:00,Online
D124,2023-10-05 01:27:00,Idle
D124,2023-10-05 02:34:00,Idle
D124,2023-10-05 04:27:00,Idle
D124,2023-10-05 05:10:00,Busy
D124,2023-10-05 06:41:00,Busy
D124,2023-10-05 08:14:00,Busy
D124,2023-10-05 09:05:00,Idle
D124,2023-10-05 09:45:00,Offline
D124,2023-10-06 09:45:00,Online
D124,2023-10-06 10:42:00,Idle
D124,2023-10-06 11:07:00,Busy
D124,2023-10-06 12:22:00,Busy
D124,2023-10-06 13:31:00,Idle
D124,2023-10-06 15:00:00,Idle
D124,2023-10-06 16:06:00,Busy
D124,2023-10-06 17:18:00,Idle
D124,2023-10-06 17:52:00,Busy
D124,2023-10-06 19:04:00,Idle
D124,2023-10-06 19:25:00,Offline
D124,2023-10-07 07:25:00,Online
D124,2023-10-07 09:02:00,Idle
D124,2023-10-07 09:41:00,Idle
D124,2023-10-07 10:27:00,Idle
D124,2023-10-07 11:22:00,Busy
D124,2023-10-07 11:43:00,Busy
D124,2023-10-07 13:17:00,Busy
D124,2023-10-07 14:45:00,Idle
D124,2023-10-07 15:48:00,Idle
D124,2023-10-07 16:01:00,Offline
D124,2023-10-08 07:01:00,Online
D124,2023-10-08 08:20:00,Busy
D124,2023-10-08 08:59:00,Busy
D124,2023-10-08 10:21:00,Idle
D124,2023-10-08 12:16:00,Busy
D124,2023-10-08 12:42:00,Busy
D124,2023-10-08 13:38:00,Busy
D124,2023-10-08 14:48:00,Idle
D124,2023-10-08 16:39:00,Busy
D124,2023-10-08 16:59:00,Idle
D124,2023-10-08 18:12:00,Busy
D124,2023-10-08 18:49:00,Offline
D124,2023-10-09 17:49:00,Online
D124,2023-10-09 19:46:00,Busy
D124,2023-10-09 20:42:00,Busy
D124,2023-10-09 21:44:00,Idle
D124,2023-10-09 23:15:00,Idle
D124,2023-10-09 23:53:00,Busy
D124,2023-10-10 00:19:00,Busy
D124,2023-10-10 01:53:00,Idle
D124,2023-10-10 03:49:00,Busy
D124,2023-10-10 04:32:00,Busy
D124,2023-10-10 04:46:00,Offline
D124,2023-10-11 03:46:00,Online
D124,2023-10-11 05:04:00,Busy
D124,2023-10-11 05:53:00,Busy
D124,2023-10-11 06:51:00,Idle
D124,2023-10-11 07:07:00,Busy
D124,2023-10-11 08:42:00,Busy
D124,2023-10-11 09:08:00,Offline
D124,2023-10-12 09:08:00,Online
D124,2023-10-12 09:24:00,Busy
D124,2023-10-12 09:50:00,Busy
D124,2023-10-12 10:14:00,Busy
D124,2023-10-12 11:30:00,Busy
D124,2023-10-12 12:20:00,Busy
D124,2023-10-12 13:45:00,Busy
D124,2023-10-12 14:59:00,Busy
D124,2023-10-12 15:40:00,Busy
D124,2023-10-12 17:01:00,Busy
D124,2023-10-12 17:31:00,Busy
D124,2023-10-12 17:45:00,Offline
D125,2023-10-03 00:00:00,Online
D125,2023-10-03 01:19:00,Busy
D125,2023-10-03 02:40:00,Busy
D125,2023-10-03 04:07:00,Busy
D125,2023-10-03 05:44:00,Busy
D125,2023-10-03 06:05:00,Busy
D125,2023-10-03 06:50:00,Busy
D125,2023-10-03 08:14:00,Busy
D125,2023-10-03 09:14:00,Offline
D125,2023-10-04 09:14:00,Online
D125,2023-10-04 09:35:00,Idle
D125,2023-10-04 11:13:00,Busy
D125,2023-10-04 11:29:00,Busy
D125,2023-10-04 11:42:00,Offline
D125,2023-10-04 23:42:00,Online
D125,2023-10-05 01:00:00,Busy
D125,2023-10-05 01:27:00,Idle
D125,2023-10-05 03:13:00,Busy
D125,2023-10-05 04:02:00,Idle
D125,2023-10-05 05:20:00,Idle
D125,2023-10-05 06:05:00,Offline
D125,2023-10-06 06:05:00,Online
D125,2023-10-06 06:43:00,Busy
D125,2023-10-06 08:32:00,Busy
D125,2023-10-06 10:05:00,Busy
D125,2023-10-06 11:04:00,Busy
D125,2023-10-06 12:56:00,Busy
D125,2023-10-06 14:38:00,Busy
D125,2023-10-06 15:21:00,Busy
D125,2023-10-06 15:53:00,Offline
D125,2023-10-07 11:53:00,Online
D125,2023-10-07 13:51:00,Idle
D125,2023-10-07 14:15:00,Busy
D125,2023-10-07 15:26:00,Idle
D125,2023-10-07 16:12:00,Offline
D126,2023-10-06 00:00:00,Online
D126,2023-10-06 01:02:00,Busy
D126,2023-10-06 02:25:00,Idle
D126,2023-10-06 03:33:00,Busy
D126,2023-10-06 04:13:00,Idle
D126,2023-10-06 05:21:00,Idle
D126,2023-10-06 06:07:00,Busy
D126,2023-10-06 07:49:00,Idle
D126,2023-10-06 08:16:00,Offline
D126,2023-10-06 22:16:00,Online
D126,2023-10-07 00:10:00,Idle
D126,2023-10-07 01:53:00,Idle
D126,2023-10-07 03:08:00,Idle
D126,2023-10-07 04:32:00,Busy
D126,2023-10-07 05:00:00,Idle
D126,2023-10-07 06:31:00,Busy
D126,2023-10-07 07:57:00,Busy
D126,2023-10-07 09:53:00,Idle
D126,2023-10-07 11:40:00,Busy
D126,2023-10-07 12:31:00,Offline
D126,2023-10-08 02:31:00,Online
D126,2023-10-08 03:31:00,Idle
D126,2023-10-08 04:05:00,Busy
D126,2023-10-08 05:48:00,Busy
D126,2023-10-08 07:00:00,Idle
D126,2023-10-08 07:55:00,Offline
D126,2023-10-09 06:55:00,Online
D126,2023-10-09 08:09:00,Busy
D126,2023-10-09 09:29:00,Busy
D126,2023-10-09 10:59:00,Busy
D126,2023-10-09 12:44:00,Busy
D126,2023-10-09 14:31:00,Idle
D126,2023-10-09 16:16:00,Busy
D126,2023-10-09 17:37:00,Busy
D126,2023-10-09 19:33:00,Idle
D126,2023-10-09 20:02:00,Offline
D126,2023-10-10 14:02:00,Online
D126,2023-10-10 15:17:00,Idle
D126,2023-10-10 15:54:00,Idle
D126,2023-10-10 16:28:00,Busy
D126,2023-10-10 18:06:00,Idle
D126,2023-10-10 19:49:00,Idle
D126,2023-10-10 20:41:00,Busy
D126,2023-10-10 21:51:00,Idle
D126,2023-10-10 22:23:00,Busy
D126,2023-10-11 00:18:00,Idle
D126,2023-10-11 01:05:00,Offline
D126,2023-10-11 15:05:00,Online
D126,2023-10-11 15:51:00,Idle
D126,2023-10-11 17:15:00,Idle
D126,2023-10-11 17:30:00,Idle
D126,2023-10-11 18:08:00,Idle
D126,2023-10-11 19:38:00,Busy
D126,2023-10-11 20:35:00,Idle
D126,2023-10-11 21:23:00,Idle
D126,2023-10-11 21:46:00,Busy
D126,2023-10-11 22:39:00,Busy
D126,2023-10-11 23:26:00,Idle
D126,2023-10-11 23:52:00,Offline
D126,2023-10-12 21:52:00,Online
D126,2023-10-12 23:51:00,Busy
D126,2023-10-13 00:31:00,Idle
D126,2023-10-13 01:29:00,Busy
D126,2023-10-13 02:46:00,Idle
D126,2023-10-13 04:16:00,Idle
D126,2023-10-13 05:40:00,Idle
D126,2023-10-13 07:29:00,Idle
D126,2023-10-13 08:28:00,Idle
D126,2023-10-13 08:47:00,Offline
D126,2023-10-14 06:47:00,Online
D126,2023-10-14 07:50:00,Idle
D126,2023-10-14 08:36:00,Busy
D126,2023-10-14 10:08:00,Idle
D126,2023-10-14 11:43:00,Busy
D126,2023-10-14 13:08:00,Busy
D126,2023-10-14 14:22:00,Busy
D126,2023-10-14 15:34:00,Busy
D126,2023-10-14 17:17:00,Busy
D126,2023-10-14 18:23:00,Busy
D126,2023-10-14 18:54:00,Offline
D126,2023-10-15 15:54:00,Online
D126,2023-10-15 17:14:00,Busy
D126,2023-10-15 17:53:00,Busy
D126,2023-10-15 19:25:00,Busy
D126,2023-10-15 19:42:00,Busy
D126,2023-10-15 20:10:00,Busy
D126,2023-10-15 20:41:00,Idle
D126,2023-10-15 22:24:00,Busy
D126,2023-10-15 22:41:00,Offline
D126,2023-10-16 14:41:00,Online
D126,2023-10-16 15:37:00,Idle
D126,2023-10-16 16:25:00,Busy
D126,2023-10-16 18:03:00,Busy
D126,2023-10-16 18:31:00,Idle
D126,2023-10-16 18:48:00,Idle
D126,2023-10-16 20:41:00,Busy
D126,2023-10-16 21:53:00,Busy
D126,2023-10-16 23:47:00,Idle
D126,2023-10-17 00:38:00,Offline
D126,2023-10-17 18:38:00,Online
D126,2023-10-17 19:46:00,Idle
D126,2023-10-17 21:01:00,Busy
D126,2023-10-17 22:44:00,Idle
D126,2023-10-17 23:04:00,Offline
D126,2023-10-18 20:04:00,Online
D126,2023-10-18 21:17:00,Busy
D126,2023-10-18 22:58:00,Busy
D126,2023-10-19 00:00:00,Idle
D126,2023-10-19 01:29:00,Idle
D126,2023-10-19 02:57:00,Busy
D126,2023-10-19 04:30:00,Idle
D126,2023-10-19 05:06:00,Idle
D126,2023-10-19 06:49:00,Idle
D126,2023-10-19 07:32:00,Offline
D126,2023-10-19 23:32:00,Online
D126,2023-10-20 01:30:00,Busy
D126,2023-10-20 02:05:00,Idle
D126,2023-10-20 02:52:00,Idle
D126,2023-10-20 03:33:00,Busy
D126,2023-10-20 05:02:00,Idle
D126,2023-10-20 05:27:00,Offline
D126,2023-10-21 02:27:00,Online
D126,2023-10-21 04:20:00,Idle
D126,2023-10-21 05:26:00,Busy
D126,2023-10-21 07:10:00,Idle
D126,2023-10-21 08:19:00,Idle
D126,2023-10-21 08:43:00,Idle
D126,2023-10-21 10:19:00,Busy
D126,2023-10-21 11:11:00,Busy
D126,2023-10-21 11:48:00,Offline
D126,2023-10-22 06:48:00,Online
D126,2023-10-22 08:02:00,Idle
D126,2023-10-22 08:48:00,Idle
D126,2023-10-22 09:19:00,Busy
D126,2023-10-22 09:37:00,Idle
D126,2023-10-22 10:03:00,Idle
D126,2023-10-22 11:14:00,Busy
D126,2023-10-22 12:07:00,Busy
D126,2023-10-22 12:32:00,Busy
D126,2023-10-22 13:11:00,Offline
D128,2023-10-02 00:00:00,Online
D128,2023-10-02 01:23:00,Busy
D128,2023-10-02 02:09:00,Idle
D128,2023-10-02 03:15:00,Busy
D128,2023-10-02 03:35:00,Busy
D128,2023-10-02 05:23:00,Busy
D128,2023-10-02 06:47:00,Busy
D128,2023-10-02 07:11:00,Busy
D128,2023-10-02 08:35:00,Busy
D128,2023-10-02 09:25:00,Offline
D128,2023-10-03 04:25:00,Online
D128,2023-10-03 05:17:00,Busy
D128,2023-10-03 05:32:00,Idle
D128,2023-10-03 05:47:00,Busy
D128,2023-10-03 07:39:00,Idle
D128,2023-10-03 08:10:00,Idle
D128,2023-10-03 09:09:00,Idle
D128,2023-10-03 10:08:00,Idle
D128,2023-10-03 11:17:00,Busy
D128,2023-10-03 11:43:00,Idle
D128,2023-10-03 12:55:00,Busy
D128,2023-10-03 13:09:00,Offline
D128,2023-10-04 13:09:00,Online
D128,2023-10-04 14:59:00,Idle
D128,2023-10-04 15:15:00,Idle
D128,2023-10-04 16:08:00,Busy
D128,2023-10-04 17:22:00,Idle
D128,2023-10-04 18:27:00,Busy
D128,2023-10-04 18:57:00,Offline
D128,2023-10-05 12:57:00,Online
D128,2023-10-05 13:55:00,Idle
D128,2023-10-05 15:31:00,Idle
D128,2023-10-05 15:59:00,Busy
D128,2023-10-05 17:08:00,Idle
D128,2023-10-05 19:01:00,Idle
D128,2023-10-05 19:52:00,Idle
D128,2023-10-05 21:12:00,Idle
D128,2023-10-05 23:06:00,Busy
D128,2023-10-06 00:46:00,Idle
D128,2023-10-06 01:22:00,Offline
D128,2023-10-06 21:22:00,Online
D128,2023-10-06 23:02:00,Idle
D128,2023-10-07 00:32:00,Busy
D128,2023-10-07 02:29:00,Busy
D128,2023-10-07 03:08:00,Offline
D128,2023-10-08 02:08:00,Online
D128,2023-10-08 04:01:00,Idle
D128,2023-10-08 04:26:00,Busy
D128,2023-10-08 06:11:00,Idle
D128,2023-10-08 07:22:00,Busy
D128,2023-10-08 09:16:00,Idle
D128,2023-10-08 10:45:00,Idle
D128,2023-10-08 11:19:00,Idle
D128,2023-10-08 12:28:00,Busy
D128,2023-10-08 13:15:00,Idle
D128,2023-10-08 14:32:00,Idle
D128,2023-10-08 14:59:00,Offline
D128,2023-10-09 02:59:00,Online
D128,2023-10-09 04:45:00,Idle
D128,2023-10-09 05:12:00,Busy
D128,2023-10-09 06:08:00,Idle
D128,2023-10-09 07:17:00,Idle
D128,2023-10-09 08:01:00,Offline
D128,2023-10-10 02:01:00,Online
D128,2023-10-10 03:55:00,Busy
D128,2023-10-10 04:18:00,Idle
D128,2023-10-10 05:29:00,Busy
D128,2023-10-10 06:25:00,Idle
D128,2023-10-10 08:20:00,Busy
D128,2023-10-10 09:44:00,Idle
D128,2023-10-10 11:41:00,Busy
D128,2023-10-10 12:55:00,Idle
D128,2023-10-10 13:44:00,Offline
D128,2023-10-11 05:44:00,Online
D128,2023-10-11 06:33:00,Idle
D128,2023-10-11 07:09:00,Busy
D128,2023-10-11 08:14:00,Busy
D128,2023-10-11 09:51:00,Busy
D128,2023-10-11 11:35:00,Idle
D128,2023-10-11 12:20:00,Busy
D128,2023-10-11 13:01:00,Offline
D128,2023-10-12 05:01:00,Online
D128,2023-10-12 06:24:00,Busy
D128,2023-10-12 06:51:00,Busy
D128,2023-10-12 07:18:00,Idle
D128,2023-10-12 07:55:00,Busy
D128,2023-10-12 08:43:00,Idle
D128,2023-10-12 09:19:00,Offline
D128,2023-10-13 04:19:00,Online
D128,2023-10-13 05:23:00,Idle
D128,2023-10-13 07:13:00,Idle
D128,2023-10-13 09:13:00,Busy
D128,2023-10-13 10:06:00,Idle
D128,2023-10-13 10:30:00,Idle
D128,2023-10-13 12:25:00,Busy
D128,2023-10-13 13:01:00,Offline
D128,2023-10-14 12:01:00,Online
D128,2023-10-14 13:18:00,Idle
D128,2023-10-14 14:55:00,Idle
D128,2023-10-14 16:37:00,Busy
D128,2023-10-14 16:52:00,Idle
D128,2023-10-14 17:36:00,Idle
D128,2023-10-14 19:16:00,Idle
D128,2023-10-14 20:21:00,Idle
D128,2023-10-14 21:28:00,Busy
D128,2023-10-14 22:23:00,Idle
D128,2023-10-14 23:31:00,Busy
D128,2023-10-15 00:03:00,Offline
D129,2023-10-01 00:00:00,Online
D129,2023-10-01 01:52:00,Idle
D129,2023-10-01 02:55:00,Busy
D129,2023-10-01 03:26:00,Busy
D129,2023-10-01 03:59:00,Busy
D129,2023-10-01 04:44:00,Offline
D129,2023-10-01 17:44:00,Online
D129,2023-10-01 18:40:00,Idle
D129,2023-10-01 20:10:00,Busy
D129,2023-10-01 21:12:00,Idle
D129,2023-10-01 22:01:00,Busy
D129,2023-10-01 22:29:00,Busy
D129,2023-10-01 23:29:00,Offline
D129,2023-10-02 23:29:00,Online
D129,2023-10-03 00:43:00,Busy
D129,2023-10-03 02:02:00,Idle
D129,2023-10-03 02:58:00,Busy
D129,2023-10-03 04:50:00,Busy
D129,2023-10-03 05:27:00,Busy
D129,2023-10-03 07:21:00,Idle
D129,2023-10-03 08:58:00,Idle
D129,2023-10-03 10:11:00,Busy
D129,2023-10-03 11:58:00,Idle
D129,2023-10-03 12:26:00,Offline
D129,2023-10-04 07:26:00,Online
D129,2023-10-04 08:19:00,Busy
D129,2023-10-04 08:49:00,Idle
D129,2023-10-04 10:34:00,Busy
D129,2023-10-04 11:36:00,Idle
D129,2023-10-04 12:09:00,Busy
D129,2023-10-04 12:44:00,Busy
D129,2023-10-04 13:30:00,Busy
D129,2023-10-04 14:14:00,Idle
D129,2023-10-04 16:04:00,Busy
D129,2023-10-04 16:33:00,Offline
D129,2023-10-05 09:33:00,Online
D129,2023-10-05 10:53:00,Busy
D129,2023-10-05 12:23:00,Busy
D129,2023-10-05 13:03:00,Idle
D129,2023-10-05 13:51:00,Idle
D129,2023-10-05 14:42:00,Idle
D129,2023-10-05 16:36:00,Busy
D129,2023-10-05 17:58:00,Idle
D129,2023-10-05 19:04:00,Idle
D129,2023-10-05 19:58:00,Busy
D129,2023-10-05 21:12:00,Busy
D129,2023-10-05 21:37:00,Offline
D131,2023-10-06 00:00:00,Online
D131,2023-10-06 00:41:00,Idle
D131,2023-10-06 02:06:00,Idle
D131,2023-10-06 02:55:00,Idle
D131,2023-10-06 03:09:00,Offline
D131,2023-10-06 17:09:00,Online
D131,2023-10-06 17:34:00,Busy
D131,2023-10-06 18:09:00,Busy
D131,2023-10-06 18:45:00,Idle
D131,2023-10-06 20:35:00,Idle
D131,2023-10-06 20:50:00,Idle
D131,2023-10-06 21:32:00,Busy
D131,2023-10-06 22:31:00,Idle
D131,2023-10-07 00:18:00,Idle
D131,2023-10-07 00:35:00,Busy
D131,2023-10-07 01:14:00,Idle
D131,2023-10-07 01:47:00,Offline
D131,2023-10-08 01:47:00,Online
D131,2023-10-08 02:40:00,Idle
D131,2023-10-08 03:08:00,Idle
D131,2023-10-08 04:37:00,Busy
D131,2023-10-08 05:44:00,Idle
D131,2023-10-08 06:05:00,Busy
D131,2023-10-08 07:01:00,Busy
D131,2023-10-08 07:16:00,Idle
D131,2023-10-08 08:00:00,Idle
D131,2023-10-08 08:51:00,Offline
D131,2023-10-09 04:51:00,Online
D131,2023-10-09 06:01:00,Busy
D131,2023-10-09 07:07:00,Busy
D131,2023-10-09 08:31:00,Busy
D131,2023-10-09 10:06:00,Busy
D131,2023-10-09 11:35:00,Idle
D131,2023-10-09 13:29:00,Busy
D131,2023-10-09 14:19:00,Offline
D131,2023-10-10 14:19:00,Online
D131,2023-10-10 15:09:00,Idle
D131,2023-10-10 16:48:00,Idle
D131,2023-10-10 18:42:00,Busy
D131,2023-10-10 20:38:00,Busy
D131,2023-10-10 21:11:00,Busy
D131,2023-10-10 21:31:00,Busy
D131,2023-10-10 23:15:00,Idle
D131,2023-10-11 00:47:00,Idle
D131,2023-10-11 01:05:00,Busy
D131,2023-10-11 01:58:00,Offline
D131,2023-10-11 16:58:00,Online
D131,2023-10-11 17:51:00,Busy
D131,2023-10-11 19:16:00,Idle
D131,2023-10-11 20:57:00,Idle
D131,2023-10-11 21:42:00,Idle
D131,2023-10-11 23:11:00,Busy
D131,2023-10-12 00:35:00,Idle
D131,2023-10-12 02:23:00,Busy
D131,2023-10-12 03:18:00,Idle
D131,2023-10-12 04:05:00,Offline
D131,2023-10-12 23:05:00,Online
D131,2023-10-12 23:53:00,Idle
D131,2023-10-13 00:22:00,Idle
D131,2023-10-13 01:17:00,Busy
D131,2023-10-13 02:25:00,Busy
D131,2023-10-13 03:26:00,Idle
D131,2023-10-13 04:12:00,Busy
D131,2023-10-13 04:58:00,Offline
D131,2023-10-14 04:58:00,Online
D131,2023-10-14 05:25:00,Busy
D131,2023-10-14 07:25:00,Busy
D131,2023-10-14 09:25:00,Idle
D131,2023-10-14 10:29:00,Busy
D131,2023-10-14 10:39:00,Offline
D131,2023-10-15 05:39:00,Online
D131,2023-10-15 06:36:00,Busy
D131,2023-10-15 07:37:00,Busy
D131,2023-10-15 07:56:00,Idle
D131,2023-10-15 09:44:00,Busy
D131,2023-10-15 10:11:00,Offline
D131,2023-10-16 00:11:00,Online
D131,2023-10-16 01:14:00,Idle
D131,2023-10-16 02:24:00,Idle
D131,2023-10-16 03:44:00,Idle
D131,2023-10-16 05:31:00,Idle
D131,2023-10-16 06:41:00,Busy
D131,2023-10-16 08:15:00,Idle
D131,2023-10-16 08:39:00,Offline
D131,2023-10-17 00:39:00,Online
D131,2023-10-17 02:28:00,Busy
D131,2023-10-17 03:19:00,Idle
D131,2023-10-17 04:06:00,Busy
D131,2023-10-17 04:22:00,Busy
D131,2023-10-17 05:01:00,Idle
D131,2023-10-17 06:11:00,Busy
D131,2023-10-17 07:20:00,Busy
D131,2023-10-17 08:20:00,Busy
D131,2023-10-17 10:09:00,Idle
D131,2023-10-17 12:09:00,Busy
D131,2023-10-17 12:23:00,Offline
D131,2023-10-18 02:23:00,Online
D131,2023-10-18 02:39:00,Idle
D131,2023-10-18 04:12:00,Busy
D131,2023-10-18 06:03:00,Idle
D131,2023-10-18 07:55:00,Busy
D131,2023-10-18 08:34:00,Offline
D133,2023-10-06 00:00:00,Online
D133,2023-10-06 01:03:00,Idle
D133,2023-10-06 02:05:00,Idle
D133,2023-10-06 02:54:00,Busy
D133,2023-10-06 04:39:00,Idle
D133,2023-10-06 05:55:00,Busy
D133,2023-10-06 06:49:00,Idle
D133,2023-10-06 07:07:00,Offline
D133,2023-10-06 21:07:00,Online
D133,2023-10-06 21:57:00,Busy
D133,2023-10-06 22:15:00,Busy
D133,2023-10-06 23:40:00,Busy
D133,2023-10-07 00:08:00,Offline
D133,2023-10-07 23:08:00,Online
D133,2023-10-08 00:43:00,Idle
D133,2023-10-08 01:49:00,Busy
D133,2023-10-08 02:34:00,Busy
D133,2023-10-08 04:08:00,Idle
D133,2023-10-08 06:05:00,Busy
D133,2023-10-08 07:00:00,Idle
D133,2023-10-08 08:58:00,Busy
D133,2023-10-08 10:09:00,Idle
D133,2023-10-08 10:32:00,Offline
D133,2023-10-09 02:32:00,Online
D133,2023-10-09 04:30:00,Busy
D133,2023-10-09 05:51:00,Busy
D133,2023-10-09 06:40:00,Busy
D133,2023-10-09 07:41:00,Idle
D133,2023-10-09 08:17:00,Offline
D133,2023-10-10 05:17:00,Online
D133,2023-10-10 06:33:00,Busy
D133,2023-10-10 07:54:00,Idle
D133,2023-10-10 09:37:00,Idle
D133,2023-10-10 10:22:00,Offline
D133,2023-10-11 01:22:00,Online
D133,2023-10-11 02:49:00,Idle
D133,2023-10-11 03:43:00,Idle
D133,2023-10-11 04:24:00,Busy
D133,2023-10-11 05:30:00,Idle
D133,2023-10-11 07:22:00,Idle
D133,2023-10-11 07:47:00,Idle
D133,2023-10-11 08:37:00,Idle
D133,2023-10-11 09:08:00,Idle
D133,2023-10-11 09:18:00,Offline
D133,2023-10-12 09:18:00,Online
D133,2023-10-12 10:14:00,Idle
D133,2023-10-12 12:01:00,Busy
D133,2023-10-12 12:40:00,Busy
D133,2023-10-12 13:56:00,Idle
D133,2023-10-12 14:57:00,Busy
D133,2023-10-12 15:22:00,Busy
D133,2023-10-12 16:07:00,Idle
D133,2023-10-12 17:08:00,Busy
D133,2023-10-12 18:01:00,Offline
D133,2023-10-13 09:01:00,Online
D133,2023-10-13 10:58:00,Busy
D133,2023-10-13 11:19:00,Busy
D133,2023-10-13 12:12:00,Idle
D133,2023-10-13 12:38:00,Busy
D133,2023-10-13 13:37:00,Busy
D133,2023-10-13 14:32:00,Busy
D133,2023-10-13 15:58:00,Busy
D133,2023-10-13 16:51:00,Idle
D133,2023-10-13 17:32:00,Busy
D133,2023-10-13 18:12:00,Offline
D133,2023-10-14 06:12:00,Online
D133,2023-10-14 07:41:00,Idle
D133,2023-10-14 08:36:00,Idle
D133,2023-10-14 09:23:00,Busy
D133,2023-10-14 11:13:00,Busy
D133,2023-10-14 12:48:00,Busy
D133,2023-10-14 14:29:00,Busy
D133,2023-10-14 16:13:00,Idle
D133,2023-10-14 17:35:00,Idle
D133,2023-10-14 18:24:00,Offline
D133,2023-10-15 07:24:00,Online
D133,2023-10-15 08:56:00,Busy
D133,2023-10-15 09:15:00,Idle
D133,2023-10-15 10:12:00,Busy
D133,2023-10-15 11:23:00,Idle
D133,2023-10-15 13:04:00,Busy
D133,2023-10-15 14:49:00,Idle
D133,2023-10-15 15:41:00,Offline
D133,2023-10-16 05:41:00,Online
D133,2023-10-16 07:25:00,Busy
D133,2023-10-16 09:17:00,Busy
D133,2023-10-16 10:57:00,Busy
D133,2023-10-16 11:39:00,Busy
D133,2023-10-16 12:12:00,Busy
D133,2023-10-16 12:27:00,Idle
D133,2023-10-16 12:50:00,Idle
D133,2023-10-16 13:52:00,Busy
D133,2023-10-16 15:03:00,Idle
D133,2023-10-16 15:34:00,Offline
D133,2023-10-17 04:34:00,Online
D133,2023-10-17 05:33:00,Idle
D133,2023-10-17 07:05:00,Idle
D133,2023-10-17 07:24:00,Idle
D133,2023-10-17 08:04:00,Offline
D133,2023-10-17 23:04:00,Online
D133,2023-10-17 23:43:00,Idle
D133,2023-10-18 01:22:00,Busy
D133,2023-10-18 02:25:00,Idle
D133,2023-10-18 03:57:00,Busy
D133,2023-10-18 04:53:00,Idle
D133,2023-10-18 05:37:00,Busy
D133,2023-10-18 05:56:00,Offline
D135,2023-10-06 00:00:00,Online
D135,2023-10-06 02:00:00,Busy
D135,2023-10-06 02:34:00,Busy
D135,2023-10-06 03:59:00,Busy
D135,2023-10-06 05:17:00,Idle
D135,2023-10-06 05:47:00,Busy
D135,2023-10-06 06:43:00,Idle
D135,2023-10-06 07:11:00,Busy
D135,2023-10-06 08:45:00,Busy
D135,2023-10-06 09:30:00,Idle
D135,2023-10-06 09:48:00,Idle
D135,2023-10-06 10:48:00,Offline
D135,2023-10-07 01:48:00,Online
D135,2023-10-07 03:33:00,Busy
D135,2023-10-07 04:35:00,Idle
D135,2023-10-07 05:22:00,Idle
D135,2023-10-07 06:53:00,Idle
D135,2023-10-07 07:53:00,Busy
D135,2023-10-07 08:34:00,Offline
D135,2023-10-07 21:34:00,Online
D135,2023-10-07 23:06:00,Idle
D135,2023-10-08 00:38:00,Idle
D135,2023-10-08 01:04:00,Idle
D135,2023-10-08 03:04:00,Busy
D135,2023-10-08 03:52:00,Busy
D135,2023-10-08 04:51:00,Idle
D135,2023-10-08 05:35:00,Offline
D135,2023-10-08 21:35:00,Online
D135,2023-10-08 21:56:00,Idle
D135,2023-10-08 23:08:00,Idle
D135,2023-10-09 00:24:00,Busy
D135,2023-10-09 00:59:00,Idle
D135,2023-10-09 02:36:00,Idle
D135,2023-10-09 04:26:00,Busy
D135,2023-10-09 05:03:00,Offline
D135,2023-10-10 05:03:00,Online
D135,2023-10-10 06:21:00,Idle
D135,2023-10-10 08:18:00,Idle
D135,2023-10-10 10:13:00,Idle
D135,2023-10-10 11:49:00,Idle
D135,2023-10-10 12:22:00,Busy
D135,2023-10-10 14:11:00,Idle
D135,2023-10-10 15:17:00,Busy
D135,2023-10-10 16:20:00,Idle
D135,2023-10-10 17:27:00,Idle
D135,2023-10-10 18:17:00,Offline
D135,2023-10-11 06:17:00,Online
D135,2023-10-11 07:15:00,Idle
D135,2023-10-11 08:23:00,Idle
D135,2023-10-11 09:32:00,Idle
D135,2023-10-11 10:26:00,Busy
D135,2023-10-11 11:53:00,Idle
D135,2023-10-11 12:40:00,Offline
D135,2023-10-12 00:40:00,Online
D135,2023-10-12 01:48:00,Idle
D135,2023-10-12 02:40:00,Idle
D135,2023-10-12 04:10:00,Busy
D135,2023-10-12 04:34:00,Busy
D135,2023-10-12 05:35:00,Idle
D135,2023-10-12 06:00:00,Idle
D135,2023-10-12 06:26:00,Busy
D135,2023-10-12 06:49:00,Offline
D135,2023-10-13 01:49:00,Online
D135,2023-10-13 03:31:00,Idle
D135,2023-10-13 03:51:00,Busy
D135,2023-10-13 05:22:00,Busy
D135,2023-10-13 06:14:00,Busy
D135,2023-10-13 06:49:00,Idle
D135,2023-10-13 08:12:00,Busy
D135,2023-10-13 08:34:00,Offline
D135,2023-10-14 01:34:00,Online
D135,2023-10-14 03:03:00,Idle
D135,2023-10-14 04:02:00,Busy
D135,2023-10-14 04:20:00,Busy
D135,2023-10-14 05:45:00,Busy
D135,2023-10-14 07:30:00,Idle
D135,2023-10-14 09:02:00,Idle
D135,2023-10-14 09:28:00,Busy
D135,2023-10-14 11:04:00,Busy
D135,2023-10-14 13:03:00,Busy
D135,2023-10-14 14:56:00,Idle
D135,2023-10-14 15:12:00,Offline
D135,2023-10-15 13:12:00,Online
D135,2023-10-15 14:46:00,Idle
D135,2023-10-15 15:36:00,Busy
D135,2023-10-15 16:30:00,Busy
D135,2023-10-15 17:09:00,Idle
D135,2023-10-15 18:45:00,Busy
D135,2023-10-15 19:41:00,Offline
D135,2023-10-16 17:41:00,Online
D135,2023-10-16 19:37:00,Busy
D135,2023-10-16 20:08:00,Idle
D135,2023-10-16 20:45:00,Idle
D135,2023-10-16 21:11:00,Offline
D135,2023-10-17 13:11:00,Online
D135,2023-10-17 14:59:00,Idle
D135,2023-10-17 16:34:00,Idle
D135,2023-10-17 17:43:00,Busy
D135,2023-10-17 18:11:00,Busy
D135,2023-10-17 19:09:00,Busy
D135,2023-10-17 20:21:00,Busy
D135,2023-10-17 20:48:00,Idle
D135,2023-10-17 21:47:00,Busy
D135,2023-10-17 22:09:00,Offline
D135,2023-10-18 13:09:00,Online
D135,2023-10-18 14:02:00,Busy
D135,2023-10-18 14:23:00,Idle
D135,2023-10-18 14:53:00,Idle
D135,2023-10-18 16:02:00,Idle
D135,2023-10-18 17:36:00,Idle
D135,2023-10-18 17:53:00,Busy
D135,2023-10-18 19:43:00,Busy
D135,2023-10-18 21:11:00,Busy
D135,2023-10-18 22:51:00,Idle
D135,2023-10-18 23:08:00,Busy
D135,2023-10-18 23:25:00,Offline
D136,2023-10-01 00:00:00,Online
D136,2023-10-01 01:58:00,Idle
D136,2023-10-01 03:47:00,Busy
D136,2023-10-01 04:02:00,Idle
D136,2023-10-01 04:24:00,Idle
D136,2023-10-01 04:53:00,Offline
D136,2023-10-02 00:53:00,Online
D136,2023-10-02 01:58:00,Busy
D136,2023-10-02 03:44:00,Busy
D136,2023-10-02 04:12:00,Idle
D136,2023-10-02 04:40:00,Idle
D136,2023-10-02 05:03:00,Busy
D136,2023-10-02 05:30:00,Idle
D136,2023-10-02 07:07:00,Busy
D136,2023-10-02 08:06:00,Busy
D136,2023-10-02 08:45:00,Idle
D136,2023-10-02 09:41:00,Idle
D136,2023-10-02 10:06:00,Offline
D136,2023-10-03 09:06:00,Online
D136,2023-10-03 10:34:00,Busy
D136,2023-10-03 10:53:00,Idle
D136,2023-10-03 11:37:00,Busy
D136,2023-10-03 13:03:00,Idle
D136,2023-10-03 14:00:00,Busy
D136,2023-10-03 14:37:00,Busy
D136,2023-10-03 15:18:00,Idle
D136,2023-10-03 16:40:00,Busy
D136,2023-10-03 16:57:00,Busy
D136,2023-10-03 17:27:00,Offline
D136,2023-10-04 16:27:00,Online
D136,2023-10-04 17:54:00,Busy
D136,2023-10-04 19:42:00,Idle
D136,2023-10-04 21:29:00,Busy
D136,2023-10-04 21:59:00,Idle
D136,2023-10-04 23:34:00,Idle
D136,2023-10-05 01:30:00,Busy
D136,2023-10-05 02:18:00,Idle
D136,2023-10-05 04:15:00,Busy
D136,2023-10-05 04:36:00,Offline
D136,2023-10-05 20:36:00,Online
D136,2023-10-05 21:13:00,Idle
D136,2023-10-05 21:56:00,Busy
D136,2023-10-05 23:54:00,Busy
D136,2023-10-06 00:41:00,Busy
D136,2023-10-06 01:49:00,Busy
D136,2023-10-06 02:18:00,Offline
D136,2023-10-06 23:18:00,Online
D136,2023-10-07 00:07:00,Busy
D136,2023-10-07 02:05:00,Busy
D136,2023-10-07 02:47:00,Idle
D136,2023-10-07 04:30:00,Busy
D136,2023-10-07 05:35:00,Busy
D136,2023-10-07 05:50:00,Busy
D136,2023-10-07 07:36:00,Idle
D136,2023-10-07 09:31:00,Idle
D136,2023-10-07 09:58:00,Offline
D136,2023-10-08 00:58:00,Online
D136,2023-10-08 01:31:00,Idle
D136,2023-10-08 03:04:00,Idle
D136,2023-10-08 04:50:00,Busy
D136,2023-10-08 05:48:00,Busy
D136,2023-10-08 06:40:00,Idle
D136,2023-10-08 07:25:00,Offline
D136,2023-10-09 07:25:00,Online
D136,2023-10-09 07:47:00,Idle
D136,2023-10-09 08:22:00,Busy
D136,2023-10-09 10:10:00,Busy
D136,2023-10-09 10:55:00,Idle
D136,2023-10-09 11:21:00,Offline
D137,2023-10-02 00:00:00,Online
D137,2023-10-02 00:46:00,Busy
D137,2023-10-02 01:31:00,Busy
D137,2023-10-02 01:49:00,Busy
D137,2023-10-02 02:53:00,Busy
D137,2023-10-02 04:33:00,Idle
D137,2023-10-02 06:21:00,Idle
D137,2023-10-02 06:54:00,Idle
D137,2023-10-02 07:16:00,Idle
D137,2023-10-02 07:27:00,Offline
D137,2023-10-02 23:27:00,Online
D137,2023-10-03 01:18:00,Idle
D137,2023-10-03 01:47:00,Idle
D137,2023-10-03 03:11:00,Idle
D137,2023-10-03 04:17:00,Busy
D137,2023-10-03 05:09:00,Busy
D137,2023-10-03 06:29:00,Busy
D137,2023-10-03 07:52:00,Idle
D137,2023-10-03 09:39:00,Idle
D137,2023-10-03 10:39:00,Busy
D137,2023-10-03 11:07:00,Offline
D137,2023-10-04 04:07:00,Online
D137,2023-10-04 04:53:00,Busy
D137,2023-10-04 06:36:00,Busy
D137,2023-10-04 07:15:00,Idle
D137,2023-10-04 08:43:00,Idle
D137,2023-10-04 10:01:00,Idle
D137,2023-10-04 11:06:00,Idle
D137,2023-10-04 11:18:00,Offline
D137,2023-10-05 00:18:00,Online
D137,2023-10-05 02:04:00,Idle
D137,2023-10-05 03:08:00,Busy
D137,2023-10-05 03:24:00,Idle
D137,2023-10-05 05:14:00,Idle
D137,2023-10-05 07:13:00,Idle
D137,2023-10-05 08:46:00,Busy
D137,2023-10-05 09:59:00,Busy
D137,2023-10-05 10:43:00,Idle
D137,2023-10-05 11:42:00,Busy
D137,2023-10-05 12:16:00,Idle
D137,2023-10-05 13:16:00,Offline
D137,2023-10-06 11:16:00,Online
D137,2023-10-06 12:21:00,Idle
D137,2023-10-06 12:42:00,Idle
D137,2023-10-06 14:20:00,Idle
D137,2023-10-06 14:58:00,Busy
D137,2023-10-06 15:16:00,Busy
D137,2023-10-06 15:48:00,Idle
D137,2023-10-06 16:28:00,Offline
D138,2023-10-01 00:00:00,Online
D138,2023-10-01 01:14:00,Idle
D138,2023-10-01 02:20:00,Busy
D138,2023-10-01 03:00:00,Busy
D138,2023-10-01 03:27:00,Idle
D138,2023-10-01 04:32:00,Busy
D138,2023-10-01 05:13:00,Busy
D138,2023-10-01 05:50:00,Busy
D138,2023-10-01 06:57:00,Busy
D138,2023-10-01 07:44:00,Offline
D138,2023-10-02 02:44:00,Online
D138,2023-10-02 04:30:00,Busy
D138,2023-10-02 06:29:00,Busy
D138,2023-10-02 07:55:00,Busy
D138,2023-10-02 09:10:00,Idle
D138,2023-10-02 10:39:00,Busy
D138,2023-10-02 11:48:00,Idle
D138,2023-10-02 13:42:00,Idle
D138,2023-10-02 14:55:00,Busy
D138,2023-10-02 15:57:00,Idle
D138,2023-10-02 16:42:00,Busy
D138,2023-10-02 16:56:00,Offline
D138,2023-10-03 12:56:00,Online
D138,2023-10-03 14:22:00,Idle
D138,2023-10-03 15:59:00,Idle
D138,2023-10-03 16:50:00,Idle
D138,2023-10-03 18:33:00,Busy
D138,2023-10-03 19:04:00,Idle
D138,2023-10-03 20:09:00,Busy
D138,2023-10-03 20:49:00,Idle
D138,2023-10-03 22:20:00,Busy
D138,2023-10-03 23:59:00,Busy
D138,2023-10-04 01:05:00,Idle
D138,2023-10-04 01:58:00,Offline
D138,2023-10-04 19:58:00,Online
D138,2023-10-04 20:20:00,Busy
D138,2023-10-04 20:52:00,Busy
D138,2023-10-04 21:50:00,Idle
D138,2023-10-04 22:55:00,Idle
D138,2023-10-05 00:24:00,Idle
D138,2023-10-05 01:13:00,Busy
D138,2023-10-05 02:03:00,Busy
D138,2023-10-05 02:38:00,Idle
D138,2023-10-05 03:04:00,Offline
D138,2023-10-05 15:04:00,Online
D138,2023-10-05 16:30:00,Busy
D138,2023-10-05 18:24:00,Busy
D138,2023-10-05 18:56:00,Busy
D138,2023-10-05 20:29:00,Busy
D138,2023-10-05 20:57:00,Busy
D138,2023-10-05 22:42:00,Idle
D138,2023-10-05 23:33:00,Busy
D138,2023-10-06 01:04:00,Busy
D138,2023-10-06 01:47:00,Idle
D138,2023-10-06 02:19:00,Busy
D138,2023-10-06 02:48:00,Offline
D138,2023-10-06 23:48:00,Online
D138,2023-10-07 00:55:00,Idle
D138,2023-10-07 01:53:00,Idle
D138,2023-10-07 03:43:00,Idle
D138,2023-10-07 04:27:00,Busy
D138,2023-10-07 05:09:00,Busy
D138,2023-10-07 06:39:00,Idle
D138,2023-10-07 08:31:00,Idle
D138,2023-10-07 10:19:00,Busy
D138,2023-10-07 10:59:00,Offline
D138,2023-10-07 22:59:00,Online
D138,2023-10-08 00:16:00,Busy
D138,2023-10-08 01:13:00,Idle
D138,2023-10-08 02:06:00,Idle
D138,2023-10-08 03:19:00,Idle
D138,2023-10-08 04:48:00,Idle
D138,2023-10-08 05:45:00,Offline
D138,2023-10-08 18:45:00,Online
D138,2023-10-08 19:48:00,Idle
D138,2023-10-08 21:22:00,Busy
D138,2023-10-08 22:19:00,Busy
D138,2023-10-09 00:09:00,Busy
D138,2023-10-09 01:18:00,Busy
D138,2023-10-09 02:55:00,Busy
D138,2023-10-09 03:58:00,Busy
D138,2023-10-09 04:08:00,Offline
D138,2023-10-10 01:08:00,Online
D138,2023-10-10 02:02:00,Busy
D138,2023-10-10 03:26:00,Busy
D138,2023-10-10 04:25:00,Busy
D138,2023-10-10 05:22:00,Idle
D138,2023-10-10 05:57:00,Busy
D138,2023-10-10 06:51:00,Idle
D138,2023-10-10 07:14:00,Busy
D138,2023-10-10 07:50:00,Offline
D138,2023-10-11 02:50:00,Online
D138,2023-10-11 04:19:00,Busy
D138,2023-10-11 05:33:00,Idle
D138,2023-10-11 06:57:00,Busy
D138,2023-10-11 07:27:00,Busy
D138,2023-10-11 08:07:00,Busy
D138,2023-10-11 09:09:00,Idle
D138,2023-10-11 09:38:00,Offline
D138,2023-10-12 01:38:00,Online
D138,2023-10-12 02:41:00,Busy
D138,2023-10-12 03:12:00,Busy
D138,2023-10-12 04:39:00,Busy
D138,2023-10-12 05:19:00,Idle
D138,2023-10-12 05:48:00,Idle
D138,2023-10-12 07:28:00,Idle
D138,2023-10-12 07:43:00,Idle
D138,2023-10-12 09:29:00,Busy
D138,2023-10-12 09:52:00,Busy
D138,2023-10-12 11:52:00,Busy
D138,2023-10-12 12:06:00,Offline
D138,2023-10-13 06:06:00,Online
D138,2023-10-13 06:59:00,Busy
D138,2023-10-13 07:54:00,Busy
D138,2023-10-13 08:47:00,Idle
D138,2023-10-13 09:39:00,Offline
D138,2023-10-14 01:39:00,Online
D138,2023-10-14 03:19:00,Idle
D138,2023-10-14 03:42:00,Busy
D138,2023-10-14 04:33:00,Idle
D138,2023-10-14 04:53:00,Idle
D138,2023-10-14 06:07:00,Busy
D138,2023-10-14 07:01:00,Idle
D138,2023-10-14 07:23:00,Offline
D139,2023-10-06 00:00:00,Online
D139,2023-10-06 01:10:00,Idle
D139,2023-10-06 02:46:00,Idle
D139,2023-10-06 04:38:00,Busy
D139,2023-10-06 04:59:00,Idle
D139,2023-10-06 05:32:00,Busy
D139,2023-10-06 06:10:00,Idle
D139,2023-10-06 07:55:00,Idle
D139,2023-10-06 08:59:00,Idle
D139,2023-10-06 09:11:00,Offline
D139,2023-10-07 03:11:00,Online
D139,2023-10-07 04:02:00,Busy
D139,2023-10-07 04:18:00,Busy
D139,2023-10-07 05:55:00,Idle
D139,2023-10-07 06:14:00,Idle
D139,2023-10-07 06:58:00,Idle
D139,2023-10-07 07:57:00,Offline
D139,2023-10-08 01:57:00,Online
D139,2023-10-08 02:32:00,Busy
D139,2023-10-08 03:01:00,Busy
D139,2023-10-08 03:34:00,Busy
D139,2023-10-08 05:13:00,Busy
D139,2023-10-08 05:33:00,Offline
D139,2023-10-08 22:33:00,Online
D139,2023-10-08 23:02:00,Busy
D139,2023-10-09 00:30:00,Idle
D139,2023-10-09 01:29:00,Idle
D139,2023-10-09 01:50:00,Busy
D139,2023-10-09 02:56:00,Idle
D139,2023-10-09 04:30:00,Busy
D139,2023-10-09 06:14:00,Idle
D139,2023-10-09 08:11:00,Idle
D139,2023-10-09 09:12:00,Busy
D139,2023-10-09 09:23:00,Offline
D139,2023-10-09 23:23:00,Online
D139,2023-10-09 23:52:00,Idle
D139,2023-10-10 00:22:00,Busy
D139,2023-10-10 02:09:00,Busy
D139,2023-10-10 04:05:00,Idle
D139,2023-10-10 05:10:00,Busy
D139,2023-10-10 05:53:00,Idle
D139,2023-10-10 07:42:00,Idle
D139,2023-10-10 08:15:00,Busy
D139,2023-10-10 09:12:00,Offline
D140,2023-10-02 00:00:00,Online
D140,2023-10-02 01:30:00,Idle
D140,2023-10-02 01:50:00,Busy
D140,2023-10-02 02:13:00,Busy
D140,2023-10-02 02:32:00,Idle
D140,2023-10-02 03:14:00,Idle
D140,2023-10-02 03:52:00,Busy
D140,2023-10-02 04:33:00,Offline
D140,2023-10-03 04:33:00,Online
D140,2023-10-03 06:28:00,Idle
D140,2023-10-03 07:03:00,Busy
D140,2023-10-03 09:00:00,Busy
D140,2023-10-03 10:54:00,Idle
D140,2023-10-03 12:51:00,Busy
D140,2023-10-03 14:06:00,Busy
D140,2023-10-03 15:50:00,Busy
D140,2023-10-03 16:20:00,Busy
D140,2023-10-03 17:16:00,Busy
D140,2023-10-03 17:56:00,Offline
D140,2023-10-04 17:56:00,Online
D140,2023-10-04 19:53:00,Busy
D140,2023-10-04 20:39:00,Busy
D140,2023-10-04 21:11:00,Busy
D140,2023-10-04 22:36:00,Busy
D140,2023-10-04 23:19:00,Offline
D140,2023-10-05 16:19:00,Online
D140,2023-10-05 16:59:00,Idle
D140,2023-10-05 18:29:00,Busy
D140,2023-10-05 19:13:00,Busy
D140,2023-10-05 21:09:00,Idle
D140,2023-10-05 21:44:00,Busy
D140,2023-10-05 23:12:00,Busy
D140,2023-10-06 00:14:00,Busy
D140,2023-10-06 00:34:00,Busy
D140,2023-10-06 00:56:00,Offline
D140,2023-10-06 12:56:00,Online
D140,2023-10-06 14:14:00,Idle
D140,2023-10-06 14:47:00,Idle
D140,2023-10-06 16:16:00,Idle
D140,2023-10-06 17:47:00,Busy
D140,2023-10-06 19:25:00,Idle
D140,2023-10-06 21:05:00,Idle
D140,2023-10-06 22:11:00,Idle
D140,2023-10-06 22:43:00,Busy
D140,2023-10-06 23:14:00,Idle
D140,2023-10-06 23:56:00,Busy
D140,2023-10-07 00:09:00,Offline
D140,2023-10-07 23:09:00,Online
D140,2023-10-08 00:26:00,Idle
D140,2023-10-08 01:50:00,Busy
D140,2023-10-08 02:53:00,Busy
D140,2023-10-08 04:19:00,Idle
D140,2023-10-08 04:44:00,Busy
D140,2023-10-08 05:34:00,Idle
D140,2023-10-08 05:59:00,Idle
D140,2023-10-08 07:51:00,Idle
D140,2023-10-08 09:32:00,Busy
D140,2023-10-08 10:02:00,Offline
D140,2023-10-09 05:02:00,Online
D140,2023-10-09 05:31:00,Idle
D140,2023-10-09 05:51:00,Idle
D140,2023-10-09 07:11:00,Idle
D140,2023-10-09 08:14:00,Idle
D140,2023-10-09 09:32:00,Busy
D140,2023-10-09 10:33:00,Busy
D140,2023-10-09 10:47:00,Offline
D141,2023-10-05 00:00:00,Online
D141,2023-10-05 01:08:00,Busy
D141,2023-10-05 02:10:00,Busy
D141,2023-10-05 03:06:00,Idle
D141,2023-10-05 03:25:00,Idle
D141,2023-10-05 05:20:00,Idle
D141,2023-10-05 06:25:00,Idle
D141,2023-10-05 07:20:00,Idle
D141,2023-10-05 08:36:00,Busy
D141,2023-10-05 09:26:00,Busy
D141,2023-10-05 09:39:00,Offline
D141,2023-10-06 02:39:00,Online
D141,2023-10-06 04:38:00,Busy
D141,2023-10-06 05:12:00,Busy
D141,2023-10-06 05:54:00,Busy
D141,2023-10-06 06:24:00,Offline
D141,2023-10-07 06:24:00,Online
D141,2023-10-07 07:28:00,Idle
D141,2023-10-07 08:50:00,Busy
D141,2023-10-07 10:49:00,Busy
D141,2023-10-07 11:59:00,Busy
D141,2023-10-07 13:10:00,Busy
D141,2023-10-07 14:53:00,Busy
D141,2023-10-07 15:39:00,Offline
D141,2023-10-08 11:39:00,Online
D141,2023-10-08 13:28:00,Busy
D141,2023-10-08 14:28:00,Busy
D141,2023-10-08 15:14:00,Idle
D141,2023-10-08 16:05:00,Busy
D141,2023-10-08 16:53:00,Busy
D141,2023-10-08 18:45:00,Idle
D141,2023-10-08 19:51:00,Busy
D141,2023-10-08 20:04:00,Offline
D141,2023-10-09 19:04:00,Online
D141,2023-10-09 19:52:00,Busy
D141,2023-10-09 20:31:00,Idle
D141,2023-10-09 21:39:00,Idle
D141,2023-10-09 22:04:00,Idle
D141,2023-10-09 23:04:00,Idle
D141,2023-10-10 01:02:00,Busy
D141,2023-10-10 02:05:00,Idle
D141,2023-10-10 02:42:00,Idle
D141,2023-10-10 03:21:00,Offline
D141,2023-10-10 22:21:00,Online
D141,2023-10-10 23:57:00,Idle
D141,2023-10-11 01:34:00,Busy
D141,2023-10-11 02:16:00,Busy
D141,2023-10-11 03:57:00,Idle
D141,2023-10-11 05:47:00,Idle
D141,2023-10-11 07:41:00,Idle
D141,2023-10-11 09:39:00,Busy
D141,2023-10-11 10:29:00,Offline
D141,2023-10-12 00:29:00,Online
D141,2023-10-12 01:46:00,Idle
D141,2023-10-12 03:03:00,Busy
D141,2023-10-12 05:02:00,Idle
D141,2023-10-12 06:13:00,Idle
D141,2023-10-12 07:43:00,Idle
D141,2023-10-12 07:57:00,Offline
D142,2023-10-03 00:00:00,Online
D142,2023-10-03 00:49:00,Busy
D142,2023-10-03 02:20:00,Busy
D142,2023-10-03 04:03:00,Busy
D142,2023-10-03 05:08:00,Idle
D142,2023-10-03 06:21:00,Idle
D142,2023-10-03 06:45:00,Idle
D142,2023-10-03 07:25:00,Busy
D142,2023-10-03 09:06:00,Idle
D142,2023-10-03 09:33:00,Offline
D142,2023-10-03 22:33:00,Online
D142,2023-10-04 00:08:00,Idle
D142,2023-10-04 01:08:00,Idle
D142,2023-10-04 02:29:00,Busy
D142,2023-10-04 04:07:00,Idle
D142,2023-10-04 05:55:00,Busy
D142,2023-10-04 07:24:00,Busy
D142,2023-10-04 07:41:00,Idle
D142,2023-10-04 09:26:00,Busy
D142,2023-10-04 10:04:00,Busy
D142,2023-10-04 10:59:00,Offline
D142,2023-10-05 06:59:00,Online
D142,2023-10-05 07:52:00,Idle
D142,2023-10-05 08:41:00,Idle
D142,2023-10-05 10:31:00,Idle
D142,2023-10-05 10:50:00,Busy
D142,2023-10-05 12:01:00,Idle
D142,2023-10-05 12:43:00,Busy
D142,2023-10-05 14:31:00,Busy
D142,2023-10-05 14:45:00,Offline
D142,2023-10-06 09:45:00,Online
D142,2023-10-06 11:10:00,Busy
D142,2023-10-06 12:32:00,Idle
D142,2023-10-06 14:02:00,Idle
D142,2023-10-06 14:36:00,Busy
D142,2023-10-06 16:05:00,Busy
D142,2023-10-06 16:39:00,Idle
D142,2023-10-06 17:21:00,Idle
D142,2023-10-06 17:38:00,Idle
D142,2023-10-06 18:29:00,Busy
D142,2023-10-06 18:56:00,Busy
D142,2023-10-06 19:10:00,Offline
D142,2023-10-07 08:10:00,Online
D142,2023-10-07 09:15:00,Busy
D142,2023-10-07 10:06:00,Idle
D142,2023-10-07 10:36:00,Idle
D142,2023-10-07 12:33:00,Busy
D142,2023-10-07 13:30:00,Offline
D143,2023-10-04 00:00:00,Online
D143,2023-10-04 01:26:00,Idle
D143,2023-10-04 03:23:00,Idle
D143,2023-10-04 04:52:00,Idle
D143,2023-10-04 05:08:00,Busy
D143,2023-10-04 05:23:00,Offline
D143,2023-10-05 03:23:00,Online
D143,2023-10-05 04:48:00,Idle
D143,2023-10-05 05:43:00,Idle
D143,2023-10-05 06:49:00,Busy
D143,2023-10-05 07:16:00,Idle
D143,2023-10-05 08:06:00,Idle
D143,2023-10-05 08:43:00,Busy
D143,2023-10-05 09:06:00,Offline
D143,2023-10-05 21:06:00,Online
D143,2023-10-05 22:05:00,Busy
D143,2023-10-05 23:30:00,Idle
D143,2023-10-06 01:12:00,Busy
D143,2023-10-06 02:04:00,Busy
D143,2023-10-06 03:28:00,Busy
D143,2023-10-06 05:09:00,Busy
D143,2023-10-06 06:48:00,Busy
D143,2023-10-06 07:18:00,Offline
D143,2023-10-06 19:18:00,Online
D143,2023-10-06 21:14:00,Idle
D143,2023-10-06 21:57:00,Idle
D143,2023-10-06 22:34:00,Idle
D143,2023-10-06 23:30:00,Idle
D143,2023-10-06 23:57:00,Offline
D143,2023-10-07 22:57:00,Online
D143,2023-10-07 23:38:00,Idle
D143,2023-10-08 00:20:00,Busy
D143,2023-10-08 00:58:00,Busy
D143,2023-10-08 02:19:00,Idle
D143,2023-10-08 04:09:00,Idle
D143,2023-10-08 05:52:00,Idle
D143,2023-10-08 06:39:00,Offline
D143,2023-10-09 03:39:00,Online
D143,2023-10-09 05:34:00,Busy
D143,2023-10-09 07:04:00,Idle
D143,2023-10-09 08:54:00,Busy
D143,2023-10-09 10:10:00,Idle
D143,2023-10-09 11:06:00,Offline
D143,2023-10-10 04:06:00,Online
D143,2023-10-10 05:17:00,Idle
D143,2023-10-10 05:42:00,Idle
D143,2023-10-10 06:18:00,Busy
D143,2023-10-10 07:40:00,Idle
D143,2023-10-10 08:24:00,Idle
D143,2023-10-10 09:48:00,Idle
D143,2023-10-10 10:11:00,Busy
D143,2023-10-10 10:34:00,Offline
D143,2023-10-11 06:34:00,Online
D143,2023-10-11 07:39:00,Busy
D143,2023-10-11 08:54:00,Busy
D143,2023-10-11 10:03:00,Idle
D143,2023-10-11 11:32:00,Busy
D143,2023-10-11 12:44:00,Busy
D143,2023-10-11 13:19:00,Idle
D143,2023-10-11 14:44:00,Busy
D143,2023-10-11 16:07:00,Busy
D143,2023-10-11 16:47:00,Idle
D143,2023-10-11 17:09:00,Busy
D143,2023-10-11 17:45:00,Offline
D143,2023-10-12 08:45:00,Online
D143,2023-10-12 09:12:00,Idle
D143,2023-10-12 09:36:00,Idle
D143,2023-10-12 10:26:00,Idle
D143,2023-10-12 10:41:00,Busy
D143,2023-10-12 12:19:00,Busy
D143,2023-10-12 13:04:00,Busy
D143,2023-10-12 14:02:00,Idle
D143,2023-10-12 15:59:00,Busy
D143,2023-10-12 16:57:00,Busy
D143,2023-10-12 17:26:00,Offline
D143,2023-10-13 14:26:00,Online
D143,2023-10-13 16:05:00,Idle
D143,2023-10-13 17:15:00,Idle
D143,2023-10-13 19:00:00,Idle
D143,2023-10-13 20:05:00,Idle
D143,2023-10-13 20:39:00,Busy
D143,2023-10-13 22:35:00,Busy
D143,2023-10-14 00:20:00,Idle
D143,2023-10-14 00:49:00,Busy
D143,2023-10-14 01:10:00,Idle
D143,2023-10-14 01:25:00,Offline
D143,2023-10-14 15:25:00,Online
D143,2023-10-14 16:57:00,Idle
D143,2023-10-14 18:55:00,Busy
D143,2023-10-14 20:00:00,Busy
D143,2023-10-14 21:52:00,Busy
D143,2023-10-14 22:47:00,Busy
D143,2023-10-14 23:05:00,Idle
D143,2023-10-14 23:54:00,Busy
D143,2023-10-15 00:11:00,Idle
D143,2023-10-15 01:01:00,Offline
D143,2023-10-15 14:01:00,Online
D143,2023-10-15 15:03:00,Busy
D143,2023-10-15 16:15:00,Busy
D143,2023-10-15 17:04:00,Busy
D143,2023-10-15 18:33:00,Busy
D143,2023-10-15 19:32:00,Busy
D143,2023-10-15 20:46:00,Idle
D143,2023-10-15 21:08:00,Idle
D143,2023-10-15 23:03:00,Idle
D143,2023-10-16 00:42:00,Busy
D143,2023-10-16 01:37:00,Busy
D143,2023-10-16 02:23:00,Offline
D143,2023-10-16 20:23:00,Online
D143,2023-10-16 22:14:00,Idle
D143,2023-10-16 23:34:00,Busy
D143,2023-10-17 00:57:00,Busy
D143,2023-10-17 02:10:00,Busy
D143,2023-10-17 03:22:00,Busy
D143,2023-10-17 05:04:00,Idle
D143,2023-10-17 06:24:00,Idle
D143,2023-10-17 07:22:00,Busy
D143,2023-10-17 08:48:00,Idle
D143,2023-10-17 10:37:00,Busy
D143,2023-10-17 11:25:00,Offline
D143,2023-10-18 03:25:00,Online
D143,2023-10-18 03:55:00,Idle
D143,2023-10-18 05:40:00,Busy
D143,2023-10-18 07:17:00,Busy
D143,2023-10-18 09:07:00,Busy
D143,2023-10-18 09:24:00,Idle
D143,2023-10-18 10:04:00,Idle
D143,2023-10-18 10:44:00,Idle
D143,2023-10-18 11:13:00,Busy
D143,2023-10-18 13:00:00,Idle
D143,2023-10-18 14:53:00,Idle
D143,2023-10-18 15:16:00,Offline
D143,2023-10-19 03:16:00,Online
D143,2023-10-19 05:15:00,Busy
D143,2023-10-19 05:47:00,Busy
D143,2023-10-19 07:09:00,Idle
D143,2023-10-19 08:54:00,Idle
D143,2023-10-19 09:56:00,Busy
D143,2023-10-19 11:34:00,Idle
D143,2023-10-19 12:12:00,Idle
D143,2023-10-19 13:01:00,Offline
D147,2023-10-02 00:00:00,Online
D147,2023-10-02 01:55:00,Idle
D147,2023-10-02 03:38:00,Idle
D147,2023-10-02 04:03:00,Busy
D147,2023-10-02 05:14:00,Idle
D147,2023-10-02 05:34:00,Busy
D147,2023-10-02 06:24:00,Idle
D147,2023-10-02 07:41:00,Busy
D147,2023-10-02 08:09:00,Offline
D147,2023-10-03 08:09:00,Online
D147,2023-10-03 09:34:00,Busy
D147,2023-10-03 10:06:00,Busy
D147,2023-10-03 11:51:00,Idle
D147,2023-10-03 12:12:00,Busy
D147,2023-10-03 12:34:00,Busy
D147,2023-10-03 14:34:00,Idle
D147,2023-10-03 15:08:00,Idle
D147,2023-10-03 15:33:00,Busy
D147,2023-10-03 15:44:00,Offline
D147,2023-10-04 03:44:00,Online
D147,2023-10-04 04:54:00,Busy
D147,2023-10-04 06:25:00,Busy
D147,2023-10-04 07:57:00,Busy
D147,2023-10-04 08:42:00,Busy
D147,2023-10-04 10:21:00,Busy
D147,2023-10-04 10:43:00,Idle
D147,2023-10-04 11:32:00,Idle
D147,2023-10-04 12:12:00,Offline
D147,2023-10-05 05:12:00,Online
D147,2023-10-05 06:12:00,Idle
D147,2023-10-05 06:44:00,Idle
D147,2023-10-05 08:21:00,Idle
D147,2023-10-05 10:07:00,Idle
D147,2023-10-05 11:46:00,Busy
D147,2023-10-05 13:18:00,Idle
D147,2023-10-05 14:22:00,Idle
D147,2023-10-05 15:55:00,Busy
D147,2023-10-05 16:19:00,Idle
D147,2023-10-05 17:05:00,Offline
D147,2023-10-06 15:05:00,Online
D147,2023-10-06 15:22:00,Busy
D147,2023-10-06 17:22:00,Idle
D147,2023-10-06 19:01:00,Busy
D147,2023-10-06 19:38:00,Busy
D147,2023-10-06 21:18:00,Idle
D147,2023-10-06 22:08:00,Offline
D148,2023-10-02 00:00:00,Online
D148,2023-10-02 01:08:00,Busy
D148,2023-10-02 03:03:00,Idle
D148,2023-10-02 03:44:00,Busy
D148,2023-10-02 05:10:00,Idle
D148,2023-10-02 06:42:00,Busy
D148,2023-10-02 07:22:00,Busy
D148,2023-10-02 08:44:00,Busy
D148,2023-10-02 09:06:00,Busy
D148,2023-10-02 09:44:00,Offline
D148,2023-10-03 01:44:00,Online
D148,2023-10-03 03:05:00,Busy
D148,2023-10-03 04:28:00,Idle
D148,2023-10-03 05:45:00,Idle
D148,2023-10-03 06:32:00,Busy
D148,2023-10-03 08:02:00,Idle
D148,2023-10-03 08:20:00,Offline
D148,2023-10-04 05:20:00,Online
D148,2023-10-04 06:35:00,Busy
D148,2023-10-04 08:20:00,Busy
D148,2023-10-04 09:48:00,Idle
D148,2023-10-04 09:58:00,Offline
D148,2023-10-05 01:58:00,Online
D148,2023-10-05 03:50:00,Idle
D148,2023-10-05 04:59:00,Idle
D148,2023-10-05 05:19:00,Idle
D148,2023-10-05 06:12:00,Idle
D148,2023-10-05 06:56:00,Offline
D148,2023-10-06 06:56:00,Online
D148,2023-10-06 08:49:00,Busy
D148,2023-10-06 09:35:00,Busy
D148,2023-10-06 09:59:00,Busy
D148,2023-10-06 11:32:00,Busy
D148,2023-10-06 13:22:00,Busy
D148,2023-10-06 14:05:00,Busy
D148,2023-10-06 14:54:00,Offline
D148,2023-10-07 09:54:00,Online
D148,2023-10-07 11:33:00,Idle
D148,2023-10-07 13:16:00,Busy
D148,2023-10-07 14:04:00,Idle
D148,2023-10-07 14:25:00,Offline
D148,2023-10-08 10:25:00,Online
D148,2023-10-08 11:20:00,Idle
D148,2023-10-08 13:00:00,Idle
D148,2023-10-08 13:52:00,Busy
D148,2023-10-08 15:41:00,Busy
D148,2023-10-08 16:35:00,Offline
D150,2023-10-02 00:00:00,Online
D150,2023-10-02 00:48:00,Idle
D150,2023-10-02 02:04:00,Idle
D150,2023-10-02 02:56:00,Busy
D150,2023-10-02 03:56:00,Busy
D150,2023-10-02 04:15:00,Idle
D150,2023-10-02 04:56:00,Idle
D150,2023-10-02 06:02:00,Busy
D150,2023-10-02 07:49:00,Idle
D150,2023-10-02 08:25:00,Idle
D150,2023-10-02 08:49:00,Offline
D150,2023-10-02 23:49:00,Online
D150,2023-10-03 00:20:00,Busy
D150,2023-10-03 01:43:00,Idle
D150,2023-10-03 02:15:00,Busy
D150,2023-10-03 03:08:00,Busy
D150,2023-10-03 04:11:00,Busy
D150,2023-10-03 04:50:00,Busy
D150,2023-10-03 05:05:00,Busy
D150,2023-10-03 06:12:00,Idle
D150,2023-10-03 07:56:00,Idle
D150,2023-10-03 08:09:00,Offline
D150,2023-10-04 03:09:00,Online
D150,2023-10-04 03:33:00,Idle
D150,2023-10-04 05:00:00,Busy
D150,2023-10-04 05:30:00,Idle
D150,2023-10-04 07:13:00,Idle
D150,2023-10-04 08:00:00,Idle
D150,2023-10-04 08:55:00,Idle
D150,2023-10-04 10:52:00,Idle
D150,2023-10-04 11:56:00,Idle
D150,2023-10-04 13:17:00,Idle
D150,2023-10-04 14:16:00,Offline
D150,2023-10-05 14:16:00,Online
D150,2023-10-05 15:43:00,Busy
D150,2023-10-05 16:01:00,Idle
D150,2023-10-05 16:26:00,Busy
D150,2023-10-05 17:40:00,Idle
D150,2023-10-05 17:57:00,Offline
D150,2023-10-06 13:57:00,Online
D150,2023-10-06 14:13:00,Idle
D150,2023-10-06 15:55:00,Idle
D150,2023-10-06 16:42:00,Idle
D150,2023-10-06 17:18:00,Idle
D150,2023-10-06 19:17:00,Idle
D150,2023-10-06 20:12:00,Idle
D150,2023-10-06 21:31:00,Busy
D150,2023-10-06 22:50:00,Idle
D150,2023-10-07 00:10:00,Busy
D150,2023-10-07 02:09:00,Busy
D150,2023-10-07 02:26:00,Offline
D150,2023-10-07 15:26:00,Online
D150,2023-10-07 17:12:00,Busy
D150,2023-10-07 18:40:00,Idle
D150,2023-10-07 19:41:00,Busy
D150,2023-10-07 20:52:00,Busy
D150,2023-10-07 21:20:00,Busy
D150,2023-10-07 22:17:00,Idle
D150,2023-10-08 00:07:00,Idle
D150,2023-10-08 00:32:00,Idle
D150,2023-10-08 01:15:00,Offline
D150,2023-10-08 23:15:00,Online
D150,2023-10-09 01:14:00,Idle
D150,2023-10-09 01:57:00,Busy
D150,2023-10-09 02:51:00,Busy
D150,2023-10-09 03:34:00,Idle
D150,2023-10-09 04:19:00,Idle
D150,2023-10-09 04:40:00,Offline
D150,2023-10-10 01:40:00,Online
D150,2023-10-10 01:58:00,Busy
D150,2023-10-10 02:31:00,Idle
D150,2023-10-10 03:53:00,Busy
D150,2023-10-10 04:56:00,Idle
D150,2023-10-10 05:41:00,Busy
D150,2023-10-10 07:34:00,Idle
D150,2023-10-10 09:10:00,Idle
D150,2023-10-10 09:47:00,Idle
D150,2023-10-10 10:08:00,Idle
D150,2023-10-10 10:23:00,Offline
D150,2023-10-11 03:23:00,Online
D150,2023-10-11 04:05:00,Busy
D150,2023-10-11 05:41:00,Busy
D150,2023-10-11 07:34:00,Busy
D150,2023-10-11 08:43:00,Idle
D150,2023-10-11 09:09:00,Offline
D150,2023-10-12 03:09:00,Online
D150,2023-10-12 04:30:00,Idle
D150,2023-10-12 05:44:00,Busy
D150,2023-10-12 06:24:00,Idle
D150,2023-10-12 07:44:00,Busy
D150,2023-10-12 09:08:00,Busy
D150,2023-10-12 09:23:00,Offline
D150,2023-10-13 06:23:00,Online
D150,2023-10-13 06:49:00,Idle
D150,2023-10-13 07:37:00,Busy
D150,2023-10-13 09:32:00,Busy
D150,2023-10-13 10:07:00,Idle
D150,2023-10-13 12:02:00,Busy
D150,2023-10-13 13:50:00,Busy
D150,2023-10-13 14:47:00,Offline
D151,2023-10-03 00:00:00,Online
D151,2023-10-03 01:59:00,Idle
D151,2023-10-03 03:31:00,Busy
D151,2023-10-03 04:08:00,Busy
D151,2023-10-03 04:23:00,Offline
D151,2023-10-03 18:23:00,Online
D151,2023-10-03 19:43:00,Busy
D151,2023-10-03 21:06:00,Idle
D151,2023-10-03 22:02:00,Busy
D151,2023-10-03 23:11:00,Idle
D151,2023-10-03 23:53:00,Offline
D151,2023-10-04 18:53:00,Online
D151,2023-10-04 20:50:00,Busy
D151,2023-10-04 22:15:00,Idle
D151,2023-10-04 23:16:00,Busy
D151,2023-10-05 00:03:00,Idle
D151,2023-10-05 01:00:00,Idle
D151,2023-10-05 01:17:00,Busy
D151,2023-10-05 03:03:00,Idle
D151,2023-10-05 04:48:00,Busy
D151,2023-10-05 05:25:00,Idle
D151,2023-10-05 06:07:00,Offline
D151,2023-10-06 00:07:00,Online
D151,2023-10-06 00:45:00,Busy
D151,2023-10-06 02:40:00,Idle
D151,2023-10-06 03:12:00,Idle
D151,2023-10-06 04:14:00,Idle
D151,2023-10-06 04:46:00,Idle
D151,2023-10-06 05:30:00,Idle
D151,2023-10-06 06:57:00,Busy
D151,2023-10-06 07:26:00,Offline
D151,2023-10-07 02:26:00,Online
D151,2023-10-07 03:39:00,Busy
D151,2023-10-07 04:38:00,Idle
D151,2023-10-07 06:29:00,Idle
D151,2023-10-07 07:25:00,Offline
D151,2023-10-08 03:25:00,Online
D151,2023-10-08 04:22:00,Busy
D151,2023-10-08 05:54:00,Busy
D151,2023-10-08 07:21:00,Busy
D151,2023-10-08 08:59:00,Busy
D151,2023-10-08 10:26:00,Idle
D151,2023-10-08 10:53:00,Offline
D151,2023-10-09 08:53:00,Online
D151,2023-10-09 10:33:00,Busy
D151,2023-10-09 11:32:00,Busy
D151,2023-10-09 13:10:00,Busy
D151,2023-10-09 14:06:00,Idle
D151,2023-10-09 14:20:00,Offline
D151,2023-10-10 13:20:00,Online
D151,2023-10-10 14:58:00,Idle
D151,2023-10-10 16:54:00,Busy
D151,2023-10-10 18:23:00,Idle
D151,2023-10-10 19:34:00,Busy
D151,2023-10-10 19:59:00,Idle
D151,2023-10-10 21:09:00,Idle
D151,2023-10-10 22:04:00,Busy
D151,2023-10-10 23:34:00,Busy
D151,2023-10-11 00:44:00,Idle
D151,2023-10-11 02:20:00,Busy
D151,2023-10-11 02:44:00,Offline
D151,2023-10-11 19:44:00,Online
D151,2023-10-11 21:18:00,Idle
D151,2023-10-11 22:23:00,Busy
D151,2023-10-11 23:07:00,Idle
D151,2023-10-11 23:25:00,Busy
D151,2023-10-12 00:29:00,Busy
D151,2023-10-12 01:52:00,Busy
D151,2023-10-12 02:30:00,Busy
D151,2023-10-12 02:55:00,Busy
D151,2023-10-12 03:26:00,Idle
D151,2023-10-12 03:57:00,Offline
D151,2023-10-13 02:57:00,Online
D151,2023-10-13 04:34:00,Busy
D151,2023-10-13 05:33:00,Busy
D151,2023-10-13 06:02:00,Idle
D151,2023-10-13 07:25:00,Idle
D151,2023-10-13 09:13:00,Idle
D151,2023-10-13 10:04:00,Offline
D151,2023-10-14 00:04:00,Online
D151,2023-10-14 00:50:00,Idle
D151,2023-10-14 01:47:00,Busy
D151,2023-10-14 02:06:00,Busy
D151,2023-10-14 03:20:00,Idle
D151,2023-10-14 03:37:00,Offline
D151,2023-10-15 00:37:00,Online
D151,2023-10-15 01:49:00,Idle
D151,2023-10-15 02:29:00,Idle
D151,2023-10-15 02:46:00,Busy
D151,2023-10-15 04:33:00,Idle
D151,2023-10-15 04:46:00,Offline
D152,2023-10-04 00:00:00,Online
D152,2023-10-04 00:54:00,Idle
D152,2023-10-04 01:10:00,Busy
D152,2023-10-04 03:03:00,Busy
D152,2023-10-04 04:19:00,Idle
D152,2023-10-04 05:17:00,Busy
D152,2023-10-04 06:42:00,Idle
D152,2023-10-04 07:34:00,Busy
D152,2023-10-04 07:58:00,Idle
D152,2023-10-04 08:18:00,Offline
D152,2023-10-05 07:18:00,Online
D152,2023-10-05 07:47:00,Busy
D152,2023-10-05 08:12:00,Idle
D152,2023-10-05 09:38:00,Idle
D152,2023-10-05 11:14:00,Idle
D152,2023-10-05 13:13:00,Busy
D152,2023-10-05 15:09:00,Busy
D152,2023-10-05 16:08:00,Idle
D152,2023-10-05 16:22:00,Offline
D152,2023-10-06 06:22:00,Online
D152,2023-10-06 06:39:00,Idle
D152,2023-10-06 08:25:00,Busy
D152,2023-10-06 10:14:00,Idle
D152,2023-10-06 11:54:00,Idle
D152,2023-10-06 13:36:00,Idle
D152,2023-10-06 14:59:00,Idle
D152,2023-10-06 15:27:00,Idle
D152,2023-10-06 16:14:00,Busy
D152,2023-10-06 17:34:00,Idle
D152,2023-10-06 18:09:00,Offline
D152,2023-10-07 08:09:00,Online
D152,2023-10-07 09:04:00,Idle
D152,2023-10-07 10:35:00,Idle
D152,2023-10-07 10:56:00,Idle
D152,2023-10-07 12:37:00,Idle
D152,2023-10-07 13:51:00,Idle
D152,2023-10-07 15:07:00,Idle
D152,2023-10-07 15:59:00,Idle
D152,2023-10-07 16:29:00,Busy
D152,2023-10-07 18:02:00,Idle
D152,2023-10-07 18:18:00,Offline
D152,2023-10-08 12:18:00,Online
D152,2023-10-08 12:49:00,Idle
D152,2023-10-08 13:32:00,Busy
D152,2023-10-08 13:47:00,Idle
D152,2023-10-08 14:23:00,Busy
D152,2023-10-08 15:14:00,Offline
D152,2023-10-09 13:14:00,Online
D152,2023-10-09 14:50:00,Idle
D152,2023-10-09 15:42:00,Idle
D152,2023-10-09 17:42:00,Idle
D152,2023-10-09 18:52:00,Idle
D152,2023-10-09 19:36:00,Busy
D152,2023-10-09 21:24:00,Busy
D152,2023-10-09 22:51:00,Idle
D152,2023-10-10 00:28:00,Idle
D152,2023-10-10 01:54:00,Idle
D152,2023-10-10 02:53:00,Offline
D152,2023-10-10 19:53:00,Online
D152,2023-10-10 20:20:00,Busy
D152,2023-10-10 21:39:00,Idle
D152,2023-10-10 22:31:00,Idle
D152,2023-10-10 23:30:00,Offline
D152,2023-10-11 11:30:00,Online
D152,2023-10-11 12:52:00,Idle
D152,2023-10-11 14:44:00,Idle
D152,2023-10-11 15:58:00,Busy
D152,2023-10-11 16:39:00,Idle
D152,2023-10-11 17:30:00,Idle
D152,2023-10-11 18:21:00,Idle
D152,2023-10-11 19:49:00,Busy
D152,2023-10-11 20:26:00,Offline
D153,2023-10-01 00:00:00,Online
D153,2023-10-01 01:36:00,Idle
D153,2023-10-01 02:54:00,Idle
D153,2023-10-01 04:40:00,Idle
D153,2023-10-01 05:10:00,Idle
D153,2023-10-01 05:33:00,Busy
D153,2023-10-01 06:02:00,Idle
D153,2023-10-01 06:24:00,Idle
D153,2023-10-01 07:35:00,Idle
D153,2023-10-01 07:58:00,Offline
D153,2023-10-02 04:58:00,Online
D153,2023-10-02 06:13:00,Idle
D153,2023-10-02 07:04:00,Idle
D153,2023-10-02 08:22:00,Busy
D153,2023-10-02 09:50:00,Idle
D153,2023-10-02 10:34:00,Busy
D153,2023-10-02 12:06:00,Busy
D153,2023-10-02 12:37:00,Offline
D153,2023-10-03 10:37:00,Online
D153,2023-10-03 11:54:00,Busy
D153,2023-10-03 12:54:00,Idle
D153,2023-10-03 13:15:00,Busy
D153,2023-10-03 13:53:00,Idle
D153,2023-10-03 14:48:00,Offline
D153,2023-10-04 10:48:00,Online
D153,2023-10-04 11:17:00,Idle
D153,2023-10-04 13:17:00,Idle
D153,2023-10-04 14:41:00,Idle
D153,2023-10-04 15:42:00,Busy
D153,2023-10-04 16:02:00,Idle
D153,2023-10-04 16:29:00,Idle
D153,2023-10-04 16:54:00,Busy
D153,2023-10-04 17:17:00,Offline
D153,2023-10-05 11:17:00,Online
D153,2023-10-05 12:54:00,Idle
D153,2023-10-05 14:03:00,Busy
D153,2023-10-05 16:00:00,Busy
D153,2023-10-05 17:00:00,Offline
D153,2023-10-06 06:00:00,Online
D153,2023-10-06 07:21:00,Idle
D153,2023-10-06 08:21:00,Idle
D153,2023-10-06 08:36:00,Busy
D153,2023-10-06 10:01:00,Idle
D153,2023-10-06 10:43:00,Busy
D153,2023-10-06 11:37:00,Idle
D153,2023-10-06 12:52:00,Idle
D153,2023-10-06 13:38:00,Offline
D153,2023-10-07 12:38:00,Online
D153,2023-10-07 13:41:00,Busy
D153,2023-10-07 14:17:00,Busy
D153,2023-10-07 14:51:00,Idle
D153,2023-10-07 16:20:00,Idle
D153,2023-10-07 17:09:00,Offline
D153,2023-10-08 16:09:00,Online
D153,2023-10-08 17:25:00,Busy
D153,2023-10-08 17:51:00,Busy
D153,2023-10-08 19:09:00,Idle
D153,2023-10-08 19:24:00,Busy
D153,2023-10-08 21:06:00,Idle
D153,2023-10-08 21:47:00,Busy
D153,2023-10-08 23:42:00,Busy
D153,2023-10-09 00:16:00,Busy
D153,2023-10-09 00:30:00,Offline
D153,2023-10-09 15:30:00,Online
D153,2023-10-09 16:24:00,Busy
D153,2023-10-09 17:01:00,Idle
D153,2023-10-09 18:20:00,Idle
D153,2023-10-09 19:30:00,Idle
D153,2023-10-09 19:58:00,Idle
D153,2023-10-09 20:13:00,Busy
D153,2023-10-09 20:35:00,Offline
D153,2023-10-10 20:35:00,Online
D153,2023-10-10 21:17:00,Idle
D153,2023-10-10 21:59:00,Busy
D153,2023-10-10 23:39:00,Busy
D153,2023-10-11 01:12:00,Busy
D153,2023-10-11 01:45:00,Idle
D153,2023-10-11 02:05:00,Idle
D153,2023-10-11 03:26:00,Busy
D153,2023-10-11 04:17:00,Busy
D153,2023-10-11 05:11:00,Offline
D153,2023-10-12 01:11:00,Online
D153,2023-10-12 03:03:00,Busy
D153,2023-10-12 03:40:00,Busy
D153,2023-10-12 05:06:00,Idle
D153,2023-10-12 06:54:00,Busy
D153,2023-10-12 07:35:00,Idle
D153,2023-10-12 08:35:00,Idle
D153,2023-10-12 08:58:00,Offline
D154,2023-10-03 00:00:00,Online
D154,2023-10-03 01:33:00,Busy
D154,2023-10-03 02:16:00,Idle
D154,2023-10-03 03:55:00,Idle
D154,2023-10-03 04:13:00,Idle
D154,2023-10-03 04:44:00,Busy
D154,2023-10-03 05:01:00,Idle
D154,2023-10-03 06:25:00,Idle
D154,2023-10-03 06:51:00,Offline
D154,2023-10-03 21:51:00,Online
D154,2023-10-03 22:11:00,Busy
D154,2023-10-03 22:41:00,Busy
D154,2023-10-03 23:18:00,Busy
D154,2023-10-04 00:35:00,Busy
D154,2023-10-04 01:48:00,Busy
D154,2023-10-04 03:04:00,Idle
D154,2023-10-04 03:59:00,Offline
D154,2023-10-04 16:59:00,Online
D154,2023-10-04 18:58:00,Idle
D154,2023-10-04 20:58:00,Idle
D154,2023-10-04 22:10:00,Idle
D154,2023-10-04 22:34:00,Idle
D154,2023-10-04 22:57:00,Busy
D154,2023-10-05 00:53:00,Idle
D154,2023-10-05 02:36:00,Idle
D154,2023-10-05 04:00:00,Idle
D154,2023-10-05 04:31:00,Offline
D154,2023-10-05 21:31:00,Online
D154,2023-10-05 23:03:00,Idle
D154,2023-10-05 23:48:00,Busy
D154,2023-10-06 01:46:00,Idle
D154,2023-10-06 02:39:00,Idle
D154,2023-10-06 03:34:00,Idle
D154,2023-10-06 04:30:00,Busy
D154,2023-10-06 05:59:00,Idle
D154,2023-10-06 06:16:00,Offline
D154,2023-10-07 03:16:00,Online
D154,2023-10-07 04:56:00,Idle
D154,2023-10-07 06:23:00,Busy
D154,2023-10-07 08:03:00,Busy
D154,2023-10-07 08:22:00,Idle
D154,2023-10-07 10:18:00,Busy
D154,2023-10-07 12:01:00,Busy
D154,2023-10-07 13:11:00,Idle
D154,2023-10-07 14:08:00,Offline
D154,2023-10-08 06:08:00,Online
D154,2023-10-08 06:52:00,Idle
D154,2023-10-08 08:09:00,Busy
D154,2023-10-08 09:23:00,Idle
D154,2023-10-08 11:00:00,Busy
D154,2023-10-08 11:20:00,Idle
D154,2023-10-08 11:59:00,Busy
D154,2023-10-08 12:32:00,Idle
D154,2023-10-08 13:14:00,Offline
D154,2023-10-09 05:14:00,Online
D154,2023-10-09 05:47:00,Busy
D154,2023-10-09 06:45:00,Idle
D154,2023-10-09 08:04:00,Idle
D154,2023-10-09 09:51:00,Busy
D154,2023-10-09 10:28:00,Idle
D154,2023-10-09 11:18:00,Offline
D154,2023-10-10 00:18:00,Online
D154,2023-10-10 00:39:00,Busy
D154,2023-10-10 02:21:00,Busy
D154,2023-10-10 02:55:00,Idle
D154,2023-10-10 03:16:00,Idle
D154,2023-10-10 03:36:00,Busy
D154,2023-10-10 04:30:00,Idle
D154,2023-10-10 05:44:00,Busy
D154,2023-10-10 06:04:00,Offline
D154,2023-10-11 02:04:00,Online
D154,2023-10-11 03:15:00,Busy
D154,2023-10-11 04:07:00,Busy
D154,2023-10-11 05:39:00,Idle
D154,2023-10-11 06:42:00,Idle
D154,2023-10-11 08:21:00,Busy
D154,2023-10-11 08:38:00,Offline
D154,2023-10-12 07:38:00,Online
D154,2023-10-12 08:59:00,Idle
D154,2023-10-12 09:39:00,Idle
D154,2023-10-12 11:23:00,Busy
D154,2023-10-12 12:22:00,Busy
D154,2023-10-12 13:26:00,Idle
D154,2023-10-12 15:13:00,Idle
D154,2023-10-12 16:08:00,Busy
D154,2023-10-12 17:18:00,Busy
D154,2023-10-12 17:36:00,Busy
D154,2023-10-12 18:28:00,Idle
D154,2023-10-12 18:58:00,Offline
D154,2023-10-13 13:58:00,Online
D154,2023-10-13 14:51:00,Busy
D154,2023-10-13 16:28:00,Idle
D154,2023-10-13 18:02:00,Idle
D154,2023-10-13 19:36:00,Idle
D154,2023-10-13 21:05:00,Idle
D154,2023-10-13 22:11:00,Idle
D154,2023-10-13 22:49:00,Idle
D154,2023-10-13 23:21:00,Busy
D154,2023-10-13 23:57:00,Offline
D154,2023-10-14 18:57:00,Online
D154,2023-10-14 19:48:00,Idle
D154,2023-10-14 21:25:00,Busy
D154,2023-10-14 23:11:00,Idle
D154,2023-10-15 00:30:00,Busy
D154,2023-10-15 02:27:00,Idle
D154,2023-10-15 04:21:00,Idle
D154,2023-10-15 05:09:00,Idle
D154,2023-10-15 05:47:00,Offline
D154,2023-10-15 19:47:00,Online
D154,2023-10-15 20:59:00,Idle
D154,2023-10-15 22:59:00,Busy
D154,2023-10-16 00:02:00,Busy
D154,2023-10-16 00:30:00,Offline
D154,2023-10-16 15:30:00,Online
D154,2023-10-16 17:01:00,Busy
D154,2023-10-16 17:53:00,Busy
D154,2023-10-16 18:54:00,Idle
D154,2023-10-16 20:05:00,Busy
D154,2023-10-16 21:32:00,Idle
D154,2023-10-16 22:53:00,Busy
D154,2023-10-17 00:11:00,Idle
D154,2023-10-17 01:20:00,Busy
D154,2023-10-17 01:35:00,Busy
D154,2023-10-17 02:10:00,Offline
D154,2023-10-18 02:10:00,Online
D154,2023-10-18 02:32:00,Idle
D154,2023-10-18 03:26:00,Idle
D154,2023-10-18 04:42:00,Busy
D154,2023-10-18 05:12:00,Offline
D158,2023-10-02 00:00:00,Online
D158,2023-10-02 00:15:00,Busy
D158,2023-10-02 02:14:00,Idle
D158,2023-10-02 03:29:00,Busy
D158,2023-10-02 04:09:00,Busy
D158,2023-10-02 05:45:00,Busy
D158,2023-10-02 06:12:00,Busy
D158,2023-10-02 06:41:00,Busy
D158,2023-10-02 07:27:00,Offline
D158,2023-10-03 02:27:00,Online
D158,2023-10-03 03:39:00,Idle
D158,2023-10-03 04:46:00,Busy
D158,2023-10-03 05:57:00,Busy
D158,2023-10-03 07:23:00,Idle
D158,2023-10-03 08:17:00,Idle
D158,2023-10-03 08:42:00,Offline
D158,2023-10-04 02:42:00,Online
D158,2023-10-04 02:59:00,Idle
D158,2023-10-04 04:45:00,Idle
D158,2023-10-04 05:22:00,Idle
D158,2023-10-04 06:50:00,Busy
D158,2023-10-04 08:06:00,Busy
D158,2023-10-04 08:47:00,Idle
D158,2023-10-04 09:05:00,Idle
D158,2023-10-04 09:35:00,Busy
D158,2023-10-04 10:24:00,Offline
D158,2023-10-05 02:24:00,Online
D158,2023-10-05 03:20:00,Busy
D158,2023-10-05 03:53:00,Busy
D158,2023-10-05 05:05:00,Idle
D158,2023-10-05 06:04:00,Busy
D158,2023-10-05 07:24:00,Busy
D158,2023-10-05 08:17:00,Idle
D158,2023-10-05 09:59:00,Idle
D158,2023-10-05 10:31:00,Idle
D158,2023-10-05 10:54:00,Offline
D158,2023-10-06 03:54:00,Online
D158,2023-10-06 04:17:00,Busy
D158,2023-10-06 04:32:00,Idle
D158,2023-10-06 06:00:00,Busy
D158,2023-10-06 06:41:00,Offline
D158,2023-10-07 04:41:00,Online
D158,2023-10-07 06:09:00,Idle
D158,2023-10-07 07:12:00,Idle
D158,2023-10-07 07:40:00,Busy
D158,2023-10-07 09:13:00,Idle
D158,2023-10-07 11:13:00,Busy
D158,2023-10-07 11:52:00,Offline
D159,2023-10-03 00:00:00,Online
D159,2023-10-03 00:27:00,Busy
D159,2023-10-03 00:55:00,Idle
D159,2023-10-03 01:49:00,Busy
D159,2023-10-03 03:32:00,Busy
D159,2023-10-03 04:36:00,Busy
D159,2023-10-03 06:05:00,Busy
D159,2023-10-03 06:35:00,Idle
D159,2023-10-03 07:29:00,Offline
D159,2023-10-04 01:29:00,Online
D159,2023-10-04 02:25:00,Idle
D159,2023-10-04 03:06:00,Idle
D159,2023-10-04 03:29:00,Idle
D159,2023-10-04 05:23:00,Idle
D159,2023-10-04 06:12:00,Offline
D159,2023-10-05 04:12:00,Online
D159,2023-10-05 04:38:00,Idle
D159,2023-10-05 05:06:00,Idle
D159,2023-10-05 06:49:00,Busy
D159,2023-10-05 07:31:00,Busy
D159,2023-10-05 08:53:00,Busy
D159,2023-10-05 10:01:00,Idle
D159,2023-10-05 10:38:00,Busy
D159,2023-10-05 11:01:00,Offline
D159,2023-10-06 00:01:00,Online
D159,2023-10-06 01:19:00,Idle
D159,2023-10-06 01:55:00,Idle
D159,2023-10-06 02:15:00,Busy
D159,2023-10-06 03:56:00,Idle
D159,2023-10-06 04:14:00,Idle
D159,2023-10-06 04:56:00,Idle
D159,2023-10-06 06:30:00,Busy
D159,2023-10-06 07:20:00,Idle
D159,2023-10-06 08:32:00,Idle
D159,2023-10-06 09:38:00,Busy
D159,2023-10-06 10:10:00,Offline
D159,2023-10-07 06:10:00,Online
D159,2023-10-07 07:12:00,Busy
D159,2023-10-07 08:57:00,Idle
D159,2023-10-07 10:45:00,Idle
D159,2023-10-07 11:18:00,Busy
D159,2023-10-07 13:17:00,Idle
D159,2023-10-07 13:57:00,Offline
D159,2023-10-08 13:57:00,Online
D159,2023-10-08 15:09:00,Busy
D159,2023-10-08 16:34:00,Busy
D159,2023-10-08 17:02:00,Idle
D159,2023-10-08 18:20:00,Idle
D159,2023-10-08 19:52:00,Idle
D159,2023-10-08 20:15:00,Offline
D159,2023-10-09 16:15:00,Online
D159,2023-10-09 18:10:00,Idle
D159,2023-10-09 20:04:00,Idle
D159,2023-10-09 21:53:00,Idle
D159,2023-10-09 22:47:00,Idle
D159,2023-10-09 23:05:00,Busy
D159,2023-10-09 23:46:00,Busy
D159,2023-10-10 01:17:00,Busy
D159,2023-10-10 01:28:00,Offline
D159,2023-10-10 15:28:00,Online
D159,2023-10-10 17:01:00,Busy
D159,2023-10-10 18:54:00,Idle
D159,2023-10-10 20:01:00,Busy
D159,2023-10-10 21:32:00,Busy
D159,2023-10-10 22:30:00,Offline
D159,2023-10-11 15:30:00,Online
D159,2023-10-11 16:25:00,Idle
D159,2023-10-11 18:22:00,Idle
D159,2023-10-11 19:47:00,Busy
D159,2023-10-11 21:46:00,Idle
D159,2023-10-11 22:10:00,Idle
D159,2023-10-12 00:01:00,Idle
D159,2023-10-12 01:17:00,Idle
D159,2023-10-12 02:37:00,Busy
D159,2023-10-12 03:05:00,Offline
D161,2023-10-06 00:00:00,Online
D161,2023-10-06 00:16:00,Busy
D161,2023-10-06 01:41:00,Idle
D161,2023-10-06 02:45:00,Idle
D161,2023-10-06 03:50:00,Idle
D161,2023-10-06 04:14:00,Idle
D161,2023-10-06 05:23:00,Idle
D161,2023-10-06 05:41:00,Busy
D161,2023-10-06 05:53:00,Offline
D161,2023-10-06 18:53:00,Online
D161,2023-10-06 19:09:00,Busy
D161,2023-10-06 20:19:00,Busy
D161,2023-10-06 21:40:00,Busy
D161,2023-10-06 22:35:00,Idle
D161,2023-10-07 00:19:00,Idle
D161,2023-10-07 01:47:00,Busy
D161,2023-10-07 03:44:00,Idle
D161,2023-10-07 04:10:00,Idle
D161,2023-10-07 04:43:00,Offline
D161,2023-10-07 19:43:00,Online
D161,2023-10-07 20:17:00,Busy
D161,2023-10-07 22:07:00,Idle
D161,2023-10-07 23:47:00,Idle
D161,2023-10-08 01:26:00,Idle
D161,2023-10-08 02:12:00,Offline
D161,2023-10-08 17:12:00,Online
D161,2023-10-08 18:19:00,Idle
D161,2023-10-08 19:09:00,Idle
D161,2023-10-08 20:10:00,Busy
D161,2023-10-08 20:54:00,Offline
D161,2023-10-09 18:54:00,Online
D161,2023-10-09 20:32:00,Idle
D161,2023-10-09 22:25:00,Busy
D161,2023-10-09 22:41:00,Idle
D161,2023-10-09 23:43:00,Busy
D161,2023-10-10 00:15:00,Offline
D163,2023-10-04 00:00:00,Online
D163,2023-10-04 00:30:00,Idle
D163,2023-10-04 01:37:00,Busy
D163,2023-10-04 03:16:00,Idle
D163,2023-10-04 04:27:00,Idle
D163,2023-10-04 06:02:00,Busy
D163,2023-10-04 07:41:00,Idle
D163,2023-10-04 09:28:00,Idle
D163,2023-10-04 10:13:00,Busy
D163,2023-10-04 11:29:00,Idle
D163,2023-10-04 13:08:00,Idle
D163,2023-10-04 14:07:00,Offline
D163,2023-10-05 11:07:00,Online
D163,2023-10-05 11:33:00,Busy
D163,2023-10-05 12:35:00,Busy
D163,2023-10-05 14:12:00,Idle
D163,2023-10-05 14:37:00,Busy
D163,2023-10-05 15:30:00,Idle
D163,2023-10-05 15:45:00,Offline
D163,2023-10-06 06:45:00,Online
D163,2023-10-06 07:05:00,Busy
D163,2023-10-06 07:48:00,Idle
D163,2023-10-06 08:52:00,Busy
D163,2023-10-06 10:18:00,Busy
D163,2023-10-06 10:42:00,Busy
D163,2023-10-06 11:40:00,Offline
D163,2023-10-07 07:40:00,Online
D163,2023-10-07 09:00:00,Busy
D163,2023-10-07 10:21:00,Busy
D163,2023-10-07 11:58:00,Idle
D163,2023-10-07 13:07:00,Idle
D163,2023-10-07 14:56:00,Busy
D163,2023-10-07 15:11:00,Busy
D163,2023-10-07 16:56:00,Idle
D163,2023-10-07 17:23:00,Idle
D163,2023-10-07 19:15:00,Busy
D163,2023-10-07 19:54:00,Offline
D163,2023-10-08 14:54:00,Online
D163,2023-10-08 16:29:00,Idle
D163,2023-10-08 17:32:00,Busy
D163,2023-10-08 18:27:00,Idle
D163,2023-10-08 19:24:00,Busy
D163,2023-10-08 21:21:00,Idle
D163,2023-10-08 23:07:00,Idle
D163,2023-10-09 00:00:00,Offline
D163,2023-10-09 20:00:00,Online
D163,2023-10-09 20:23:00,Busy
D163,2023-10-09 20:42:00,Busy
D163,2023-10-09 22:28:00,Idle
D163,2023-10-09 23:40:00,Busy
D163,2023-10-10 01:05:00,Busy
D163,2023-10-10 01:54:00,Idle
D163,2023-10-10 03:49:00,Idle
D163,2023-10-10 04:25:00,Idle
D163,2023-10-10 06:07:00,Idle
D163,2023-10-10 06:39:00,Offline
D163,2023-10-10 19:39:00,Online
D163,2023-10-10 20:43:00,Busy
D163,2023-10-10 22:28:00,Idle
D163,2023-10-10 23:16:00,Busy
D163,2023-10-11 01:02:00,Busy
D163,2023-10-11 01:23:00,Idle
D163,2023-10-11 02:35:00,Busy
D163,2023-10-11 03:04:00,Idle
D163,2023-10-11 03:26:00,Idle
D163,2023-10-11 03:43:00,Idle
D163,2023-10-11 04:39:00,Offline
D164,2023-10-05 00:00:00,Online
D164,2023-10-05 00:26:00,Busy
D164,2023-10-05 01:05:00,Busy
D164,2023-10-05 02:49:00,Busy
D164,2023-10-05 04:32:00,Busy
D164,2023-10-05 05:12:00,Offline
D164,2023-10-05 21:12:00,Online
D164,2023-10-05 21:33:00,Idle
D164,2023-10-05 23:15:00,Idle
D164,2023-10-06 00:00:00,Busy
D164,2023-10-06 00:53:00,Busy
D164,2023-10-06 01:21:00,Busy
D164,2023-10-06 02:39:00,Busy
D164,2023-10-06 03:46:00,Busy
D164,2023-10-06 04:52:00,Busy
D164,2023-10-06 05:36:00,Offline
D164,2023-10-07 00:36:00,Online
D164,2023-10-07 00:59:00,Busy
D164,2023-10-07 02:07:00,Busy
D164,2023-10-07 03:35:00,Busy
D164,2023-10-07 05:13:00,Busy
D164,2023-10-07 05:43:00,Busy
D164,2023-10-07 07:00:00,Busy
D164,2023-10-07 08:04:00,Idle
D164,2023-10-07 09:00:00,Offline
D164,2023-10-07 21:00:00,Online
D164,2023-10-07 22:01:00,Idle
D164,2023-10-07 23:57:00,Busy
D164,2023-10-08 00:19:00,Busy
D164,2023-10-08 01:05:00,Busy
D164,2023-10-08 01:41:00,Idle
D164,2023-10-08 02:15:00,Offline
D164,2023-10-08 22:15:00,Online
D164,2023-10-08 23:46:00,Busy
D164,2023-10-09 00:08:00,Busy
D164,2023-10-09 01:11:00,Busy
D164,2023-10-09 01:58:00,Idle
D164,2023-10-09 03:38:00,Busy
D164,2023-10-09 04:54:00,Busy
D164,2023-10-09 05:21:00,Busy
D164,2023-10-09 06:03:00,Idle
D164,2023-10-09 07:31:00,Busy
D164,2023-10-09 08:23:00,Offline
D165,2023-10-02 00:00:00,Online
D165,2023-10-02 01:50:00,Busy
D165,2023-10-02 03:40:00,Busy
D165,2023-10-02 05:16:00,Idle
D165,2023-10-02 05:45:00,Idle
D165,2023-10-02 06:24:00,Idle
D165,2023-10-02 08:01:00,Idle
D165,2023-10-02 08:20:00,Busy
D165,2023-10-02 09:18:00,Busy
D165,2023-10-02 09:28:00,Offline
D165,2023-10-03 00:28:00,Online
D165,2023-10-03 01:22:00,Idle
D165,2023-10-03 02:01:00,Busy
D165,2023-10-03 02:42:00,Busy
D165,2023-10-03 03:37:00,Offline
D165,2023-10-04 00:37:00,Online
D165,2023-10-04 01:52:00,Idle
D165,2023-10-04 03:46:00,Busy
D165,2023-10-04 04:18:00,Busy
D165,2023-10-04 06:05:00,Idle
D165,2023-10-04 06:30:00,Idle
D165,2023-10-04 07:10:00,Busy
D165,2023-10-04 07:28:00,Offline
D165,2023-10-04 19:28:00,Online
D165,2023-10-04 19:57:00,Idle
D165,2023-10-04 21:40:00,Busy
D165,2023-10-04 22:10:00,Idle
D165,2023-10-04 22:48:00,Busy
D165,2023-10-05 00:21:00,Idle
D165,2023-10-05 01:46:00,Busy
D165,2023-10-05 03:33:00,Idle
D165,2023-10-05 04:23:00,Offline
D165,2023-10-06 01:23:00,Online
D165,2023-10-06 01:51:00,Busy
D165,2023-10-06 02:53:00,Busy
D165,2023-10-06 03:26:00,Idle
D165,2023-10-06 04:24:00,Idle
D165,2023-10-06 05:29:00,Busy
D165,2023-10-06 05:51:00,Idle
D165,2023-10-06 07:11:00,Busy
D165,2023-10-06 08:38:00,Idle
D165,2023-10-06 09:07:00,Offline
D165,2023-10-07 09:07:00,Online
D165,2023-10-07 10:11:00,Idle
D165,2023-10-07 10:51:00,Busy
D165,2023-10-07 11:13:00,Busy
D165,2023-10-07 12:33:00,Idle
D165,2023-10-07 13:39:00,Idle
D165,2023-10-07 15:25:00,Idle
D165,2023-10-07 15:53:00,Idle
D165,2023-10-07 16:36:00,Offline
D165,2023-10-08 13:36:00,Online
D165,2023-10-08 15:15:00,Busy
D165,2023-10-08 15:36:00,Busy
D165,2023-10-08 16:02:00,Busy
D165,2023-10-08 17:13:00,Idle
D165,2023-10-08 18:57:00,Busy
D165,2023-10-08 19:35:00,Idle
D165,2023-10-08 20:34:00,Offline
D165,2023-10-09 15:34:00,Online
D165,2023-10-09 16:50:00,Idle
D165,2023-10-09 17:17:00,Busy
D165,2023-10-09 18:32:00,Busy
D165,2023-10-09 18:56:00,Busy
D165,2023-10-09 20:18:00,Idle
D165,2023-10-09 20:44:00,Idle
D165,2023-10-09 21:53:00,Busy
D165,2023-10-09 22:42:00,Busy
D165,2023-10-09 23:09:00,Offline
D165,2023-10-10 13:09:00,Online
D165,2023-10-10 13:26:00,Idle
D165,2023-10-10 14:28:00,Busy
D165,2023-10-10 15:00:00,Idle
D165,2023-10-10 16:13:00,Busy
D165,2023-10-10 16:58:00,Offline
D165,2023-10-11 08:58:00,Online
D165,2023-10-11 09:40:00,Idle
D165,2023-10-11 10:30:00,Idle
D165,2023-10-11 11:45:00,Idle
D165,2023-10-11 13:31:00,Busy
D165,2023-10-11 14:55:00,Idle
D165,2023-10-11 16:13:00,Busy
D165,2023-10-11 17:05:00,Offline
D165,2023-10-12 10:05:00,Online
D165,2023-10-12 11:00:00,Idle
D165,2023-10-12 11:21:00,Idle
D165,2023-10-12 12:47:00,Busy
D165,2023-10-12 13:58:00,Idle
D165,2023-10-12 14:32:00,Offline
D167,2023-10-03 00:00:00,Online
D167,2023-10-03 01:39:00,Busy
D167,2023-10-03 03:39:00,Idle
D167,2023-10-03 04:30:00,Busy
D167,2023-10-03 06:16:00,Busy
D167,2023-10-03 07:35:00,Idle
D167,2023-10-03 09:28:00,Idle
D167,2023-10-03 11:11:00,Idle
D167,2023-10-03 12:23:00,Busy
D167,2023-10-03 12:37:00,Offline
D167,2023-10-04 12:37:00,Online
D167,2023-10-04 13:33:00,Busy
D167,2023-10-04 15:24:00,Idle
D167,2023-10-04 16:27:00,Idle
D167,2023-10-04 17:55:00,Busy
D167,2023-10-04 19:29:00,Idle
D167,2023-10-04 21:25:00,Busy
D167,2023-10-04 22:48:00,Busy
D167,2023-10-04 23:55:00,Idle
D167,2023-10-05 01:19:00,Busy
D167,2023-10-05 02:15:00,Offline
D167,2023-10-05 21:15:00,Online
D167,2023-10-05 23:00:00,Idle
D167,2023-10-06 00:43:00,Busy
D167,2023-10-06 01:12:00,Idle
D167,2023-10-06 01:52:00,Busy
D167,2023-10-06 02:14:00,Busy
D167,2023-10-06 03:13:00,Busy
D167,2023-10-06 04:43:00,Idle
D167,2023-10-06 05:00:00,Offline
D167,2023-10-06 20:00:00,Online
D167,2023-10-06 21:50:00,Idle
D167,2023-10-06 22:46:00,Busy
D167,2023-10-07 00:21:00,Busy
D167,2023-10-07 01:33:00,Idle
D167,2023-10-07 03:13:00,Idle
D167,2023-10-07 03:40:00,Busy
D167,2023-10-07 04:29:00,Offline
D167,2023-10-08 03:29:00,Online
D167,2023-10-08 05:10:00,Busy
D167,2023-10-08 06:36:00,Idle
D167,2023-10-08 07:34:00,Idle
D167,2023-10-08 08:51:00,Busy
D167,2023-10-08 09:33:00,Offline
D167,2023-10-09 03:33:00,Online
D167,2023-10-09 03:57:00,Busy
D167,2023-10-09 05:50:00,Idle
D167,2023-10-09 07:30:00,Busy
D167,2023-10-09 08:09:00,Offline
D167,2023-10-09 22:09:00,Online
D167,2023-10-09 23:24:00,Busy
D167,2023-10-10 00:10:00,Idle
D167,2023-10-10 01:04:00,Idle
D167,2023-10-10 01:25:00,Idle
D167,2023-10-10 02:02:00,Offline
D167,2023-10-10 15:02:00,Online
D167,2023-10-10 16:19:00,Busy
D167,2023-10-10 18:04:00,Busy
D167,2023-10-10 19:09:00,Busy
D167,2023-10-10 20:08:00,Busy
D167,2023-10-10 21:43:00,Idle
D167,2023-10-10 22:29:00,Busy
D167,2023-10-10 22:54:00,Busy
D167,2023-10-10 23:24:00,Idle
D167,2023-10-11 00:04:00,Busy
D167,2023-10-11 00:46:00,Offline
D168,2023-10-05 00:00:00,Online
D168,2023-10-05 01:46:00,Busy
D168,2023-10-05 02:20:00,Busy
D168,2023-10-05 02:59:00,Idle
D168,2023-10-05 04:26:00,Busy
D168,2023-10-05 05:25:00,Busy
D168,2023-10-05 06:11:00,Busy
D168,2023-10-05 07:38:00,Busy
D168,2023-10-05 08:33:00,Offline
D168,2023-10-06 06:33:00,Online
D168,2023-10-06 07:54:00,Busy
D168,2023-10-06 09:40:00,Idle
D168,2023-10-06 10:54:00,Busy
D168,2023-10-06 11:54:00,Offline
D168,2023-10-07 00:54:00,Online
D168,2023-10-07 01:57:00,Idle
D168,2023-10-07 03:21:00,Busy
D168,2023-10-07 04:40:00,Idle
D168,2023-10-07 06:06:00,Idle
D168,2023-10-07 07:46:00,Idle
D168,2023-10-07 08:14:00,Offline
D168,2023-10-08 06:14:00,Online
D168,2023-10-08 08:05:00,Busy
D168,2023-10-08 09:03:00,Busy
D168,2023-10-08 10:39:00,Busy
D168,2023-10-08 11:10:00,Offline
D168,2023-10-09 09:10:00,Online
D168,2023-10-09 09:32:00,Idle
D168,2023-10-09 10:13:00,Busy
D168,2023-10-09 11:37:00,Idle
D168,2023-10-09 12:14:00,Busy
D168,2023-10-09 13:06:00,Idle
D168,2023-10-09 13:49:00,Idle
D168,2023-10-09 15:29:00,Busy
D168,2023-10-09 16:08:00,Busy
D168,2023-10-09 16:32:00,Offline
D168,2023-10-10 04:32:00,Online
D168,2023-10-10 05:58:00,Idle
D168,2023-10-10 06:41:00,Busy
D168,2023-10-10 07:22:00,Idle
D168,2023-10-10 08:48:00,Busy
D168,2023-10-10 09:21:00,Idle
D168,2023-10-10 11:02:00,Busy
D168,2023-10-10 12:30:00,Idle
D168,2023-10-10 13:06:00,Offline
D168,2023-10-11 01:06:00,Online
D168,2023-10-11 02:49:00,Idle
D168,2023-10-11 04:03:00,Busy
D168,2023-10-11 05:13:00,Idle
D168,2023-10-11 05:35:00,Idle
D168,2023-10-11 05:54:00,Idle
D168,2023-10-11 06:56:00,Idle
D168,2023-10-11 07:56:00,Offline
D168,2023-10-12 06:56:00,Online
D168,2023-10-12 07:25:00,Busy
D168,2023-10-12 09:22:00,Busy
D168,2023-10-12 11:08:00,Busy
D168,2023-10-12 12:33:00,Busy
D168,2023-10-12 13:56:00,Idle
D168,2023-10-12 15:19:00,Idle
D168,2023-10-12 16:13:00,Busy
D168,2023-10-12 18:12:00,Busy
D168,2023-10-12 18:34:00,Busy
D168,2023-10-12 20:29:00,Busy
D168,2023-10-12 21:20:00,Offline
D168,2023-10-13 14:20:00,Online
D168,2023-10-13 16:08:00,Busy
D168,2023-10-13 17:59:00,Busy
D168,2023-10-13 18:54:00,Busy
D168,2023-10-13 19:25:00,Offline
D168,2023-10-14 15:25:00,Online
D168,2023-10-14 16:01:00,Idle
D168,2023-10-14 16:32:00,Idle
D168,2023-10-14 18:09:00,Busy
D168,2023-10-14 20:05:00,Busy
D168,2023-10-14 21:57:00,Idle
D168,2023-10-14 22:42:00,Busy
D168,2023-10-14 23:39:00,Busy
D168,2023-10-15 01:19:00,Idle
D168,2023-10-15 02:24:00,Busy
D168,2023-10-15 03:11:00,Idle
D168,2023-10-15 03:54:00,Offline
D168,2023-10-16 03:54:00,Online
D168,2023-10-16 05:13:00,Busy
D168,2023-10-16 07:01:00,Busy
D168,2023-10-16 07:57:00,Busy
D168,2023-10-16 09:41:00,Busy
D168,2023-10-16 11:04:00,Idle
D168,2023-10-16 13:02:00,Busy
D168,2023-10-16 13:30:00,Offline
D168,2023-10-17 02:30:00,Online
D168,2023-10-17 03:07:00,Idle
D168,2023-10-17 03:44:00,Idle
D168,2023-10-17 04:45:00,Idle
D168,2023-10-17 05:37:00,Busy
D168,2023-10-17 06:01:00,Busy
D168,2023-10-17 07:34:00,Idle
D168,2023-10-17 09:05:00,Idle
D168,2023-10-17 10:46:00,Idle
D168,2023-10-17 11:11:00,Offline
D169,2023-10-01 00:00:00,Online
D169,2023-10-01 01:15:00,Busy
D169,2023-10-01 02:36:00,Idle
D169,2023-10-01 03:21:00,Busy
D169,2023-10-01 05:14:00,Idle
D169,2023-10-01 06:12:00,Offline
D169,2023-10-01 21:12:00,Online
D169,2023-10-01 21:36:00,Idle
D169,2023-10-01 22:40:00,Busy
D169,2023-10-02 00:11:00,Busy
D169,2023-10-02 01:56:00,Busy
D169,2023-10-02 02:35:00,Busy
D169,2023-10-02 03:55:00,Busy
D169,2023-10-02 05:23:00,Busy
D169,2023-10-02 06:30:00,Idle
D169,2023-10-02 08:21:00,Idle
D169,2023-10-02 09:21:00,Offline
D169,2023-10-03 06:21:00,Online
D169,2023-10-03 08:16:00,Busy
D169,2023-10-03 08:52:00,Idle
D169,2023-10-03 09:59:00,Idle
D169,2023-10-03 10:51:00,Idle
D169,2023-10-03 12:19:00,Busy
D169,2023-10-03 12:57:00,Offline
D169,2023-10-04 09:57:00,Online
D169,2023-10-04 11:32:00,Idle
D169,2023-10-04 11:56:00,Busy
D169,2023-10-04 12:41:00,Busy
D169,2023-10-04 13:00:00,Idle
D169,2023-10-04 14:45:00,Idle
D169,2023-10-04 16:37:00,Busy
D169,2023-10-04 18:22:00,Busy
D169,2023-10-04 19:09:00,Offline
D169,2023-10-05 15:09:00,Online
D169,2023-10-05 15:54:00,Busy
D169,2023-10-05 16:45:00,Busy
D169,2023-10-05 18:32:00,Idle
D169,2023-10-05 19:27:00,Busy
D169,2023-10-05 19:45:00,Busy
D169,2023-10-05 20:30:00,Offline
D169,2023-10-06 10:30:00,Online
D169,2023-10-06 12:04:00,Busy
D169,2023-10-06 13:36:00,Idle
D169,2023-10-06 14:17:00,Busy
D169,2023-10-06 14:59:00,Idle
D169,2023-10-06 16:35:00,Idle
D169,2023-10-06 18:23:00,Busy
D169,2023-10-06 18:57:00,Offline
D169,2023-10-07 12:57:00,Online
D169,2023-10-07 14:09:00,Idle
D169,2023-10-07 15:07:00,Idle
D169,2023-10-07 15:58:00,Busy
D169,2023-10-07 16:17:00,Busy
D169,2023-10-07 17:56:00,Busy
D169,2023-10-07 19:35:00,Idle
D169,2023-10-07 20:35:00,Busy
D169,2023-10-07 22:08:00,Busy
D169,2023-10-07 22:25:00,Offline
D169,2023-10-08 15:25:00,Online
D169,2023-10-08 16:26:00,Busy
D169,2023-10-08 17:24:00,Busy
D169,2023-10-08 18:12:00,Busy
D169,2023-10-08 18:40:00,Idle
D169,2023-10-08 19:46:00,Idle
D169,2023-10-08 21:17:00,Idle
D169,2023-10-08 23:04:00,Idle
D169,2023-10-09 00:39:00,Idle
D169,2023-10-09 01:06:00,Busy
D169,2023-10-09 01:27:00,Offline
D169,2023-10-09 16:27:00,Online
D169,2023-10-09 18:01:00,Busy
D169,2023-10-09 19:24:00,Busy
D169,2023-10-09 20:52:00,Idle
D169,2023-10-09 21:57:00,Idle
D169,2023-10-09 22:52:00,Offline
D169,2023-10-10 10:52:00,Online
D169,2023-10-10 11:09:00,Busy
D169,2023-10-10 12:03:00,Idle
D169,2023-10-10 12:23:00,Idle
D169,2023-10-10 13:45:00,Idle
D169,2023-10-10 14:06:00,Offline
D169,2023-10-11 10:06:00,Online
D169,2023-10-11 11:40:00,Busy
D169,2023-10-11 13:27:00,Busy
D169,2023-10-11 14:34:00,Busy
D169,2023-10-11 16:07:00,Busy
D169,2023-10-11 16:35:00,Idle
D169,2023-10-11 18:32:00,Idle
D169,2023-10-11 19:12:00,Idle
D169,2023-10-11 21:10:00,Busy
D169,2023-10-11 22:20:00,Idle
D169,2023-10-11 23:01:00,Offline
D169,2023-10-12 21:01:00,Online
D169,2023-10-12 22:16:00,Idle
D169,2023-10-12 22:39:00,Busy
D169,2023-10-12 23:39:00,Busy
D169,2023-10-13 00:52:00,Busy
D169,2023-10-13 01:18:00,Busy
D169,2023-10-13 01:59:00,Offline
D169,2023-10-13 15:59:00,Online
D169,2023-10-13 16:49:00,Busy
D169,2023-10-13 18:11:00,Idle
D169,2023-10-13 19:42:00,Busy
D169,2023-10-13 20:29:00,Offline
D170,2023-10-02 00:00:00,Online
D170,2023-10-02 01:39:00,Idle
D170,2023-10-02 01:56:00,Idle
D170,2023-10-02 02:56:00,Idle
D170,2023-10-02 04:00:00,Idle
D170,2023-10-02 04:56:00,Idle
D170,2023-10-02 05:43:00,Busy
D170,2023-10-02 07:32:00,Busy
D170,2023-10-02 07:48:00,Idle
D170,2023-10-02 09:47:00,Busy
D170,2023-10-02 10:16:00,Offline
D170,2023-10-03 05:16:00,Online
D170,2023-10-03 05:54:00,Busy
D170,2023-10-03 06:51:00,Busy
D170,2023-10-03 07:34:00,Idle
D170,2023-10-03 08:02:00,Busy
D170,2023-10-03 08:58:00,Busy
D170,2023-10-03 09:37:00,Busy
D170,2023-10-03 10:56:00,Idle
D170,2023-10-03 11:45:00,Busy
D170,2023-10-03 13:08:00,Busy
D170,2023-10-03 14:20:00,Busy
D170,2023-10-03 15:08:00,Offline
D170,2023-10-04 13:08:00,Online
D170,2023-10-04 13:34:00,Idle
D170,2023-10-04 15:25:00,Busy
D170,2023-10-04 17:09:00,Idle
D170,2023-10-04 18:26:00,Idle
D170,2023-10-04 20:10:00,Busy
D170,2023-10-04 20:58:00,Idle
D170,2023-10-04 22:22:00,Busy
D170,2023-10-04 22:39:00,Idle
D170,2023-10-04 23:57:00,Idle
D170,2023-10-05 01:55:00,Busy
D170,2023-10-05 02:55:00,Offline
D170,2023-10-05 15:55:00,Online
D170,2023-10-05 17:18:00,Idle
D170,2023-10-05 18:50:00,Idle
D170,2023-10-05 20:18:00,Idle
D170,2023-10-05 21:53:00,Idle
D170,2023-10-05 22:41:00,Idle
D170,2023-10-05 23:10:00,Busy
D170,2023-10-06 00:45:00,Idle
D170,2023-10-06 01:02:00,Busy
D170,2023-10-06 01:47:00,Offline
D170,2023-10-07 00:47:00,Online
D170,2023-10-07 02:29:00,Idle
D170,2023-10-07 03:15:00,Busy
D170,2023-10-07 05:10:00,Idle
D170,2023-10-07 06:46:00,Idle
D170,2023-10-07 07:45:00,Idle
D170,2023-10-07 09:17:00,Busy
D170,2023-10-07 10:41:00,Busy
D170,2023-10-07 11:15:00,Idle
D170,2023-10-07 12:06:00,Idle
D170,2023-10-07 12:27:00,Offline
D170,2023-10-08 10:27:00,Online
D170,2023-10-08 11:59:00,Idle
D170,2023-10-08 13:04:00,Idle
D170,2023-10-08 13:58:00,Idle
D170,2023-10-08 14:33:00,Offline
D170,2023-10-09 05:33:00,Online
D170,2023-10-09 05:56:00,Busy
D170,2023-10-09 07:10:00,Idle
D170,2023-10-09 08:59:00,Idle
D170,2023-10-09 09:21:00,Busy
D170,2023-10-09 10:51:00,Idle
D170,2023-10-09 11:57:00,Idle
D170,2023-10-09 13:14:00,Idle
D170,2023-10-09 13:46:00,Busy
D170,2023-10-09 14:34:00,Idle
D170,2023-10-09 15:06:00,Offline
D170,2023-10-10 15:06:00,Online
D170,2023-10-10 15:39:00,Busy
D170,2023-10-10 17:09:00,Busy
D170,2023-10-10 17:24:00,Idle
D170,2023-10-10 18:08:00,Idle
D170,2023-10-10 19:07:00,Offline
D170,2023-10-11 07:07:00,Online
D170,2023-10-11 08:17:00,Busy
D170,2023-10-11 09:06:00,Busy
D170,2023-10-11 10:05:00,Busy
D170,2023-10-11 11:04:00,Busy
D170,2023-10-11 11:48:00,Busy
D170,2023-10-11 12:58:00,Busy
D170,2023-10-11 13:39:00,Busy
D170,2023-10-11 14:43:00,Idle
D170,2023-10-11 16:09:00,Busy
D170,2023-10-11 16:46:00,Offline
D170,2023-10-12 11:46:00,Online
D170,2023-10-12 13:20:00,Idle
D170,2023-10-12 15:14:00,Busy
D170,2023-10-12 15:48:00,Idle
D170,2023-10-12 16:10:00,Busy
D170,2023-10-12 17:32:00,Busy
D170,2023-10-12 18:09:00,Idle
D170,2023-10-12 18:58:00,Offline
D170,2023-10-13 08:58:00,Online
D170,2023-10-13 10:55:00,Busy
D170,2023-10-13 12:36:00,Idle
D170,2023-10-13 13:59:00,Busy
D170,2023-10-13 14:40:00,Busy
D170,2023-10-13 16:33:00,Idle
D170,2023-10-13 17:32:00,Busy
D170,2023-10-13 18:02:00,Busy
D170,2023-10-13 19:22:00,Idle
D170,2023-10-13 20:01:00,Offline
D170,2023-10-14 16:01:00,Online
D170,2023-10-14 17:15:00,Busy
D170,2023-10-14 18:01:00,Idle
D170,2023-10-14 19:07:00,Idle
D170,2023-10-14 19:47:00,Offline
D170,2023-10-15 13:47:00,Online
D170,2023-10-15 15:17:00,Idle
D170,2023-10-15 16:25:00,Busy
D170,2023-10-15 17:58:00,Busy
D170,2023-10-15 18:17:00,Busy
D170,2023-10-15 19:52:00,Busy
D170,2023-10-15 20:14:00,Idle
D170,2023-10-15 21:31:00,Idle
D170,2023-10-15 21:49:00,Idle
D170,2023-10-15 22:29:00,Idle
D170,2023-10-15 22:58:00,Busy
D170,2023-10-15 23:19:00,Offline
D170,2023-10-16 12:19:00,Online
D170,2023-10-16 14:05:00,Idle
D170,2023-10-16 15:40:00,Idle
D170,2023-10-16 16:55:00,Idle
D170,2023-10-16 18:21:00,Idle
D170,2023-10-16 19:36:00,Busy
D170,2023-10-16 19:58:00,Offline
D171,2023-10-03 00:00:00,Online
D171,2023-10-03 01:30:00,Busy
D171,2023-10-03 01:51:00,Busy
D171,2023-10-03 02:23:00,Idle
D171,2023-10-03 03:02:00,Idle
D171,2023-10-03 03:44:00,Busy
D171,2023-10-03 05:14:00,Idle
D171,2023-10-03 06:14:00,Idle
D171,2023-10-03 06:49:00,Offline
D171,2023-10-03 21:49:00,Online
D171,2023-10-03 23:39:00,Busy
D171,2023-10-04 00:45:00,Idle
D171,2023-10-04 02:31:00,Idle
D171,2023-10-04 04:10:00,Busy
D171,2023-10-04 04:28:00,Busy
D171,2023-10-04 05:26:00,Busy
D171,2023-10-04 05:46:00,Busy
D171,2023-10-04 06:29:00,Busy
D171,2023-10-04 06:49:00,Busy
D171,2023-10-04 07:04:00,Idle
D171,2023-10-04 07:16:00,Offline
D171,2023-10-05 02:16:00,Online
D171,2023-10-05 03:07:00,Idle
D171,2023-10-05 03:49:00,Busy
D171,2023-10-05 04:38:00,Idle
D171,2023-10-05 04:56:00,Idle
D171,2023-10-05 06:49:00,Busy
D171,2023-10-05 08:34:00,Idle
D171,2023-10-05 08:53:00,Offline
D171,2023-10-06 05:53:00,Online
D171,2023-10-06 07:45:00,Busy
D171,2023-10-06 08:36:00,Idle
D171,2023-10-06 10:36:00,Idle
D171,2023-10-06 12:07:00,Busy
D171,2023-10-06 13:26:00,Busy
D171,2023-10-06 14:29:00,Busy
D171,2023-10-06 14:58:00,Idle
D171,2023-10-06 16:56:00,Busy
D171,2023-10-06 18:30:00,Busy
D171,2023-10-06 19:03:00,Idle
D171,2023-10-06 19:23:00,Offline
D171,2023-10-07 13:23:00,Online
D171,2023-10-07 15:23:00,Busy
D171,2023-10-07 16:35:00,Idle
D171,2023-10-07 17:01:00,Busy
D171,2023-10-07 17:18:00,Busy
D171,2023-10-07 18:44:00,Idle
D171,2023-10-07 20:24:00,Idle
D171,2023-10-07 22:19:00,Idle
D171,2023-10-07 23:29:00,Idle
D171,2023-10-08 00:48:00,Idle
D171,2023-10-08 01:21:00,Offline
D171,2023-10-08 23:21:00,Online
D171,2023-10-09 01:11:00,Busy
D171,2023-10-09 03:10:00,Busy
D171,2023-10-09 04:05:00,Busy
D171,2023-10-09 05:04:00,Idle
D171,2023-10-09 06:30:00,Busy
D171,2023-10-09 06:51:00,Busy
D171,2023-10-09 08:37:00,Busy
D171,2023-10-09 09:33:00,Offline
D172,2023-10-01 00:00:00,Online
D172,2023-10-01 00:58:00,Idle
D172,2023-10-01 02:58:00,Busy
D172,2023-10-01 03:19:00,Busy
D172,2023-10-01 04:21:00,Busy
D172,2023-10-01 05:55:00,Busy
D172,2023-10-01 07:03:00,Idle
D172,2023-10-01 08:30:00,Busy
D172,2023-10-01 09:56:00,Idle
D172,2023-10-01 10:55:00,Busy
D172,2023-10-01 11:39:00,Idle
D172,2023-10-01 11:54:00,Offline
D172,2023-10-02 03:54:00,Online
D172,2023-10-02 05:37:00,Busy
D172,2023-10-02 06:25:00,Busy
D172,2023-10-02 07:47:00,Busy
D172,2023-10-02 08:59:00,Idle
D172,2023-10-02 10:31:00,Idle
D172,2023-10-02 12:22:00,Busy
D172,2023-10-02 14:13:00,Idle
D172,2023-10-02 14:40:00,Offline
D172,2023-10-03 12:40:00,Online
D172,2023-10-03 13:02:00,Idle
D172,2023-10-03 14:58:00,Busy
D172,2023-10-03 16:04:00,Busy
D172,2023-10-03 16:21:00,Offline
D172,2023-10-04 04:21:00,Online
D172,2023-10-04 05:30:00,Busy
D172,2023-10-04 07:11:00,Idle
D172,2023-10-04 07:29:00,Idle
D172,2023-10-04 08:24:00,Idle
D172,2023-10-04 10:21:00,Busy
D172,2023-10-04 11:20:00,Offline
D172,2023-10-05 07:20:00,Online
D172,2023-10-05 08:43:00,Idle
D172,2023-10-05 09:16:00,Busy
D172,2023-10-05 09:55:00,Idle
D172,2023-10-05 10:19:00,Busy
D172,2023-10-05 12:15:00,Busy
D172,2023-10-05 13:22:00,Busy
D172,2023-10-05 14:05:00,Busy
D172,2023-10-05 14:55:00,Idle
D172,2023-10-05 16:54:00,Busy
D172,2023-10-05 18:20:00,Busy
D172,2023-10-05 19:19:00,Offline
D172,2023-10-06 10:19:00,Online
D172,2023-10-06 11:50:00,Idle
D172,2023-10-06 13:49:00,Busy
D172,2023-10-06 14:38:00,Idle
D172,2023-10-06 16:11:00,Idle
D172,2023-10-06 17:49:00,Busy
D172,2023-10-06 18:52:00,Busy
D172,2023-10-06 19:20:00,Busy
D172,2023-10-06 20:33:00,Busy
D172,2023-10-06 20:58:00,Offline
D172,2023-10-07 10:58:00,Online
D172,2023-10-07 11:22:00,Idle
D172,2023-10-07 12:50:00,Busy
D172,2023-10-07 13:24:00,Idle
D172,2023-10-07 13:35:00,Offline
D172,2023-10-08 13:35:00,Online
D172,2023-10-08 15:08:00,Busy
D172,2023-10-08 15:42:00,Busy
D172,2023-10-08 17:02:00,Idle
D172,2023-10-08 17:41:00,Busy
D172,2023-10-08 18:54:00,Idle
D172,2023-10-08 19:51:00,Busy
D172,2023-10-08 20:39:00,Busy
D172,2023-10-08 22:38:00,Busy
D172,2023-10-08 23:05:00,Busy
D172,2023-10-09 00:00:00,Offline
D172,2023-10-09 21:00:00,Online
D172,2023-10-09 22:56:00,Busy
D172,2023-10-10 00:44:00,Busy
D172,2023-10-10 01:56:00,Idle
D172,2023-10-10 03:00:00,Busy
D172,2023-10-10 04:19:00,Busy
D172,2023-10-10 05:11:00,Idle
D172,2023-10-10 06:05:00,Busy
D172,2023-10-10 07:46:00,Idle
D172,2023-10-10 08:32:00,Busy
D172,2023-10-10 09:58:00,Idle
D172,2023-10-10 10:23:00,Offline
D172,2023-10-11 06:23:00,Online
D172,2023-10-11 08:04:00,Busy
D172,2023-10-11 09:08:00,Idle
D172,2023-10-11 10:54:00,Idle
D172,2023-10-11 12:36:00,Idle
D172,2023-10-11 14:15:00,Busy
D172,2023-10-11 15:56:00,Idle
D172,2023-10-11 17:22:00,Idle
D172,2023-10-11 17:43:00,Idle
D172,2023-10-11 19:31:00,Idle
D172,2023-10-11 20:30:00,Offline
D172,2023-10-12 09:30:00,Online
D172,2023-10-12 10:01:00,Busy
D172,2023-10-12 10:50:00,Busy
D172,2023-10-12 11:15:00,Busy
D172,2023-10-12 12:12:00,Idle
D172,2023-10-12 13:36:00,Busy
D172,2023-10-12 15:31:00,Idle
D172,2023-10-12 15:52:00,Offline
D172,2023-10-13 05:52:00,Online
D172,2023-10-13 07:50:00,Idle
D172,2023-10-13 09:10:00,Idle
D172,2023-10-13 10:39:00,Busy
D172,2023-10-13 10:56:00,Offline
D173,2023-10-02 00:00:00,Online
D173,2023-10-02 00:23:00,Idle
D173,2023-10-02 01:00:00,Idle
D173,2023-10-02 02:41:00,Busy
D173,2023-10-02 03:16:00,Idle
D173,2023-10-02 04:57:00,Busy
D173,2023-10-02 05:29:00,Idle
D173,2023-10-02 05:58:00,Idle
D173,2023-10-02 06:35:00,Offline
D173,2023-10-02 21:35:00,Online
D173,2023-10-02 21:51:00,Idle
D173,2023-10-02 22:06:00,Idle
D173,2023-10-02 22:31:00,Busy
D173,2023-10-02 23:49:00,Idle
D173,2023-10-03 00:36:00,Idle
D173,2023-10-03 02:09:00,Idle
D173,2023-10-03 02:25:00,Idle
D173,2023-10-03 03:03:00,Busy
D173,2023-10-03 04:30:00,Idle
D173,2023-10-03 05:37:00,Busy
D173,2023-10-03 06:06:00,Offline
D173,2023-10-04 03:06:00,Online
D173,2023-10-04 04:14:00,Busy
D173,2023-10-04 05:26:00,Busy
D173,2023-10-04 05:59:00,Idle
D173,2023-10-04 07:03:00,Busy
D173,2023-10-04 07:42:00,Idle
D173,2023-10-04 08:19:00,Idle
D173,2023-10-04 09:44:00,Idle
D173,2023-10-04 11:35:00,Idle
D173,2023-10-04 12:08:00,Idle
D173,2023-10-04 13:04:00,Offline
D173,2023-10-05 07:04:00,Online
D173,2023-10-05 08:59:00,Idle
D173,2023-10-05 10:27:00,Busy
D173,2023-10-05 11:06:00,Busy
D173,2023-10-05 12:33:00,Idle
D173,2023-10-05 13:37:00,Busy
D173,2023-10-05 14:32:00,Offline
D173,2023-10-06 14:32:00,Online
D173,2023-10-06 14:59:00,Idle
D173,2023-10-06 15:39:00,Busy
D173,2023-10-06 17:31:00,Busy
D173,2023-10-06 18:16:00,Offline
D173,2023-10-07 10:16:00,Online
D173,2023-10-07 11:43:00,Idle
D173,2023-10-07 13:15:00,Busy
D173,2023-10-07 14:08:00,Busy
D173,2023-10-07 15:08:00,Idle
D173,2023-10-07 16:22:00,Busy
D173,2023-10-07 18:19:00,Busy
D173,2023-10-07 18:57:00,Idle
D173,2023-10-07 19:45:00,Busy
D173,2023-10-07 21:28:00,Idle
D173,2023-10-07 23:04:00,Idle
D173,2023-10-07 23:24:00,Offline
D174,2023-10-05 00:00:00,Online
D174,2023-10-05 01:46:00,Busy
D174,2023-10-05 03:40:00,Idle
D174,2023-10-05 04:34:00,Busy
D174,2023-10-05 05:26:00,Idle
D174,2023-10-05 05:46:00,Idle
D174,2023-10-05 06:26:00,Busy
D174,2023-10-05 06:45:00,Offline
D174,2023-10-06 03:45:00,Online
D174,2023-10-06 05:07:00,Busy
D174,2023-10-06 05:57:00,Busy
D174,2023-10-06 07:29:00,Idle
D174,2023-10-06 08:45:00,Idle
D174,2023-10-06 09:00:00,Idle
D174,2023-10-06 09:15:00,Idle
D174,2023-10-06 10:51:00,Idle
D174,2023-10-06 11:08:00,Busy
D174,2023-10-06 12:08:00,Idle
D174,2023-10-06 13:44:00,Idle
D174,2023-10-06 14:17:00,Offline
D174,2023-10-07 10:17:00,Online
D174,2023-10-07 11:43:00,Idle
D174,2023-10-07 12:17:00,Busy
D174,2023-10-07 13:08:00,Busy
D174,2023-10-07 14:26:00,Busy
D174,2023-10-07 15:08:00,Offline
D174,2023-10-08 14:08:00,Online
D174,2023-10-08 14:52:00,Busy
D174,2023-10-08 16:27:00,Busy
D174,2023-10-08 17:46:00,Busy
D174,2023-10-08 19:23:00,Idle
D174,2023-10-08 20:09:00,Busy
D174,2023-10-08 21:00:00,Busy
D174,2023-10-08 21:59:00,Offline
D174,2023-10-09 18:59:00,Online
D174,2023-10-09 19:21:00,Idle
D174,2023-10-09 20:55:00,Idle
D174,2023-10-09 22:36:00,Busy
D174,2023-10-09 22:58:00,Offline
D174,2023-10-10 12:58:00,Online
D174,2023-10-10 13:47:00,Busy
D174,2023-10-10 14:27:00,Idle
D174,2023-10-10 16:12:00,Idle
D174,2023-10-10 17:30:00,Busy
D174,2023-10-10 18:30:00,Busy
D174,2023-10-10 19:54:00,Busy
D174,2023-10-10 20:14:00,Idle
D174,2023-10-10 20:37:00,Offline
D174,2023-10-11 11:37:00,Online
D174,2023-10-11 12:44:00,Idle
D174,2023-10-11 13:26:00,Idle
D174,2023-10-11 14:45:00,Idle
D174,2023-10-11 15:09:00,Offline
D174,2023-10-12 11:09:00,Online
D174,2023-10-12 12:32:00,Idle
D174,2023-10-12 13:14:00,Idle
D174,2023-10-12 13:38:00,Idle
D174,2023-10-12 14:55:00,Busy
D174,2023-10-12 15:30:00,Busy
D174,2023-10-12 16:35:00,Idle
D174,2023-10-12 17:14:00,Busy
D174,2023-10-12 17:52:00,Offline
D174,2023-10-13 10:52:00,Online
D174,2023-10-13 12:12:00,Busy
D174,2023-10-13 13:16:00,Busy
D174,2023-10-13 13:57:00,Busy
D174,2023-10-13 14:58:00,Busy
D174,2023-10-13 16:35:00,Busy
D174,2023-10-13 17:04:00,Idle
D174,2023-10-13 18:04:00,Offline
D174,2023-10-14 07:04:00,Online
D174,2023-10-14 07:39:00,Busy
D174,2023-10-14 08:18:00,Busy
D174,2023-10-14 09:29:00,Busy
D174,2023-10-14 10:22:00,Busy
D174,2023-10-14 11:23:00,Idle
D174,2023-10-14 12:05:00,Offline
D174,2023-10-15 11:05:00,Online
D174,2023-10-15 12:39:00,Idle
D174,2023-10-15 13:42:00,Idle
D174,2023-10-15 15:15:00,Busy
D174,2023-10-15 16:44:00,Busy
D174,2023-10-15 18:06:00,Busy
D174,2023-10-15 19:26:00,Busy
D174,2023-10-15 19:56:00,Busy
D174,2023-10-15 21:55:00,Idle
D174,2023-10-15 23:38:00,Idle
D174,2023-10-16 00:01:00,Offline
D174,2023-10-16 16:01:00,Online
D174,2023-10-16 17:16:00,Idle
D174,2023-10-16 18:06:00,Busy
D174,2023-10-16 19:57:00,Idle
D174,2023-10-16 21:43:00,Idle
D174,2023-10-16 22:38:00,Offline
D174,2023-10-17 19:38:00,Online
D174,2023-10-17 21:30:00,Idle
D174,2023-10-17 22:10:00,Busy
D174,2023-10-17 23:55:00,Busy
D174,2023-10-18 00:40:00,Idle
D174,2023-10-18 01:22:00,Offline
D174,2023-10-19 00:22:00,Online
D174,2023-10-19 01:41:00,Idle
D174,2023-10-19 02:11:00,Idle
D174,2023-10-19 03:02:00,Idle
D174,2023-10-19 03:48:00,Busy
D174,2023-10-19 04:51:00,Idle
D174,2023-10-19 05:42:00,Offline
D175,2023-10-06 00:00:00,Online
D175,2023-10-06 00:49:00,Idle
D175,2023-10-06 01:37:00,Busy
D175,2023-10-06 02:03:00,Idle
D175,2023-10-06 03:22:00,Busy
D175,2023-10-06 04:28:00,Idle
D175,2023-10-06 04:44:00,Idle
D175,2023-10-06 05:55:00,Busy
D175,2023-10-06 06:53:00,Busy
D175,2023-10-06 08:48:00,Busy
D175,2023-10-06 09:45:00,Offline
D175,2023-10-07 00:45:00,Online
D175,2023-10-07 01:35:00,Busy
D175,2023-10-07 03:11:00,Busy
D175,2023-10-07 03:40:00,Busy
D175,2023-10-07 04:14:00,Busy
D175,2023-10-07 04:55:00,Offline
D175,2023-10-08 03:55:00,Online
D175,2023-10-08 04:12:00,Idle
D175,2023-10-08 05:12:00,Idle
D175,2023-10-08 07:06:00,Idle
D175,2023-10-08 08:11:00,Idle
D175,2023-10-08 08:54:00,Offline
D175,2023-10-09 05:54:00,Online
D175,2023-10-09 06:11:00,Idle
D175,2023-10-09 07:00:00,Idle
D175,2023-10-09 07:26:00,Busy
D175,2023-10-09 08:22:00,Idle
D175,2023-10-09 08:56:00,Busy
D175,2023-10-09 09:36:00,Offline
D175,2023-10-10 08:36:00,Online
D175,2023-10-10 09:25:00,Idle
D175,2023-10-10 10:39:00,Busy
D175,2023-10-10 11:47:00,Busy
D175,2023-10-10 13:11:00,Busy
D175,2023-10-10 15:09:00,Idle
D175,2023-10-10 15:34:00,Busy
D175,2023-10-10 16:06:00,Busy
D175,2023-10-10 17:05:00,Idle
D175,2023-10-10 17:55:00,Offline
D175,2023-10-11 09:55:00,Online
D175,2023-10-11 11:42:00,Idle
D175,2023-10-11 12:12:00,Busy
D175,2023-10-11 13:00:00,Busy
D175,2023-10-11 14:57:00,Idle
D175,2023-10-11 15:21:00,Offline
D175,2023-10-12 07:21:00,Online
D175,2023-10-12 07:57:00,Idle
D175,2023-10-12 09:39:00,Idle
D175,2023-10-12 11:33:00,Idle
D175,2023-10-12 13:11:00,Busy
D175,2023-10-12 14:05:00,Offline
D175,2023-10-13 04:05:00,Online
D175,2023-10-13 05:11:00,Busy
D175,2023-10-13 06:05:00,Idle
D175,2023-10-13 07:53:00,Idle
D175,2023-10-13 08:11:00,Offline
D176,2023-10-03 00:00:00,Online
D176,2023-10-03 00:15:00,Busy
D176,2023-10-03 00:48:00,Busy
D176,2023-10-03 01:11:00,Idle
D176,2023-10-03 02:10:00,Idle
D176,2023-10-03 03:16:00,Idle
D176,2023-10-03 04:45:00,Idle
D176,2023-10-03 06:07:00,Idle
D176,2023-10-03 06:43:00,Busy
D176,2023-10-03 07:33:00,Idle
D176,2023-10-03 08:08:00,Busy
D176,2023-10-03 08:34:00,Offline
D176,2023-10-04 08:34:00,Online
D176,2023-10-04 09:04:00,Busy
D176,2023-10-04 11:02:00,Idle
D176,2023-10-04 11:46:00,Busy
D176,2023-10-04 13:38:00,Busy
D176,2023-10-04 15:07:00,Busy
D176,2023-10-04 15:31:00,Idle
D176,2023-10-04 16:36:00,Idle
D176,2023-10-04 18:10:00,Busy
D176,2023-10-04 19:43:00,Idle
D176,2023-10-04 21:40:00,Busy
D176,2023-10-04 22:37:00,Offline
D176,2023-10-05 15:37:00,Online
D176,2023-10-05 16:06:00,Idle
D176,2023-10-05 17:19:00,Busy
D176,2023-10-05 19:18:00,Busy
D176,2023-10-05 19:32:00,Offline
D176,2023-10-06 09:32:00,Online
D176,2023-10-06 10:45:00,Busy
D176,2023-10-06 11:05:00,Busy
D176,2023-10-06 12:07:00,Idle
D176,2023-10-06 13:51:00,Busy
D176,2023-10-06 15:12:00,Idle
D176,2023-10-06 15:28:00,Offline
D176,2023-10-07 14:28:00,Online
D176,2023-10-07 14:58:00,Idle
D176,2023-10-07 16:02:00,Busy
D176,2023-10-07 17:51:00,Busy
D176,2023-10-07 18:29:00,Offline
D176,2023-10-08 15:29:00,Online
D176,2023-10-08 16:39:00,Idle
D176,2023-10-08 18:27:00,Idle
D176,2023-10-08 19:11:00,Idle
D176,2023-10-08 19:48:00,Busy
D176,2023-10-08 21:36:00,Busy
D176,2023-10-08 21:56:00,Busy
D176,2023-10-08 23:31:00,Busy
D176,2023-10-09 00:00:00,Busy
D176,2023-10-09 01:06:00,Busy
D176,2023-10-09 01:44:00,Offline
D176,2023-10-09 20:44:00,Online
D176,2023-10-09 22:32:00,Busy
D176,2023-10-10 00:09:00,Busy
D176,2023-10-10 01:43:00,Idle
D176,2023-10-10 02:20:00,Idle
D176,2023-10-10 02:38:00,Offline
D176,2023-10-11 01:38:00,Online
D176,2023-10-11 03:06:00,Busy
D176,2023-10-11 04:19:00,Busy
D176,2023-10-11 05:38:00,Busy
D176,2023-10-11 07:26:00,Idle
D176,2023-10-11 09:10:00,Idle
D176,2023-10-11 10:53:00,Busy
D176,2023-10-11 11:59:00,Idle
D176,2023-10-11 12:44:00,Offline
D176,2023-10-12 10:44:00,Online
D176,2023-10-12 12:00:00,Busy
D176,2023-10-12 12:22:00,Busy
D176,2023-10-12 12:55:00,Busy
D176,2023-10-12 14:34:00,Busy
D176,2023-10-12 15:18:00,Idle
D176,2023-10-12 16:44:00,Busy
D176,2023-10-12 18:09:00,Busy
D176,2023-10-12 19:29:00,Busy
D176,2023-10-12 19:51:00,Offline
D176,2023-10-13 10:51:00,Online
D176,2023-10-13 11:56:00,Idle
D176,2023-10-13 12:59:00,Busy
D176,2023-10-13 13:31:00,Busy
D176,2023-10-13 15:03:00,Busy
D176,2023-10-13 16:49:00,Idle
D176,2023-10-13 17:54:00,Busy
D176,2023-10-13 18:16:00,Idle
D176,2023-10-13 19:53:00,Busy
D176,2023-10-13 20:45:00,Offline
D176,2023-10-14 11:45:00,Online
D176,2023-10-14 12:25:00,Idle
D176,2023-10-14 13:10:00,Idle
D176,2023-10-14 14:52:00,Busy
D176,2023-10-14 16:41:00,Busy
D176,2023-10-14 17:20:00,Busy
D176,2023-10-14 19:01:00,Busy
D176,2023-10-14 19:13:00,Offline
D176,2023-10-15 10:13:00,Online
D176,2023-10-15 11:40:00,Busy
D176,2023-10-15 12:35:00,Busy
D176,2023-10-15 13:33:00,Idle
D176,2023-10-15 15:27:00,Idle
D176,2023-10-15 16:41:00,Idle
D176,2023-10-15 17:23:00,Idle
D176,2023-10-15 18:21:00,Busy
D176,2023-10-15 19:21:00,Offline
D177,2023-10-05 00:00:00,Online
D177,2023-10-05 00:38:00,Busy
D177,2023-10-05 02:20:00,Busy
D177,2023-10-05 02:57:00,Idle
D177,2023-10-05 04:54:00,Busy
D177,2023-10-05 06:23:00,Idle
D177,2023-10-05 08:22:00,Idle
D177,2023-10-05 09:17:00,Idle
D177,2023-10-05 09:41:00,Busy
D177,2023-10-05 10:28:00,Idle
D177,2023-10-05 11:10:00,Offline
D177,2023-10-06 03:10:00,Online
D177,2023-10-06 03:34:00,Busy
D177,2023-10-06 05:34:00,Idle
D177,2023-10-06 05:58:00,Idle
D177,2023-10-06 06:46:00,Offline
D177,2023-10-07 05:46:00,Online
D177,2023-10-07 07:33:00,Idle
D177,2023-10-07 08:01:00,Busy
D177,2023-10-07 09:16:00,Busy
D177,2023-10-07 10:20:00,Busy
D177,2023-10-07 11:33:00,Idle
D177,2023-10-07 12:05:00,Idle
D177,2023-10-07 12:54:00,Busy
D177,2023-10-07 13:40:00,Idle
D177,2023-10-07 14:03:00,Idle
D177,2023-10-07 15:14:00,Busy
D177,2023-10-07 15:27:00,Offline
D177,2023-10-08 13:27:00,Online
D177,2023-10-08 15:16:00,Idle
D177,2023-10-08 15:31:00,Busy
D177,2023-10-08 16:24:00,Busy
D177,2023-10-08 16:51:00,Busy
D177,2023-10-08 17:48:00,Busy
D177,2023-10-08 18:46:00,Offline
D177,2023-10-09 08:46:00,Online
D177,2023-10-09 10:30:00,Idle
D177,2023-10-09 11:31:00,Busy
D177,2023-10-09 11:58:00,Busy
D177,2023-10-09 13:30:00,Busy
D177,2023-10-09 15:04:00,Busy
D177,2023-10-09 15:52:00,Offline
D177,2023-10-10 05:52:00,Online
D177,2023-10-10 06:42:00,Idle
D177,2023-10-10 07:46:00,Busy
D177,2023-10-10 09:39:00,Busy
D177,2023-10-10 11:21:00,Busy
D177,2023-10-10 12:47:00,Idle
D177,2023-10-10 14:06:00,Busy
D177,2023-10-10 15:00:00,Idle
D177,2023-10-10 15:28:00,Busy
D177,2023-10-10 15:38:00,Offline
D177,2023-10-11 08:38:00,Online
D177,2023-10-11 09:10:00,Idle
D177,2023-10-11 10:40:00,Busy
D177,2023-10-11 11:13:00,Busy
D177,2023-10-11 11:40:00,Busy
D177,2023-10-11 12:11:00,Idle
D177,2023-10-11 14:01:00,Idle
D177,2023-10-11 14:22:00,Offline
D178,2023-10-01 00:00:00,Online
D178,2023-10-01 01:17:00,Idle
D178,2023-10-01 03:01:00,Idle
D178,2023-10-01 03:35:00,Idle
D178,2023-10-01 04:51:00,Busy
D178,2023-10-01 05:10:00,Offline
D178,2023-10-02 01:10:00,Online
D178,2023-10-02 02:22:00,Busy
D178,2023-10-02 04:12:00,Idle
D178,2023-10-02 04:59:00,Idle
D178,2023-10-02 06:55:00,Idle
D178,2023-10-02 07:38:00,Idle
D178,2023-10-02 08:25:00,Idle
D178,2023-10-02 09:37:00,Busy
D178,2023-10-02 10:00:00,Idle
D178,2023-10-02 11:57:00,Idle
D178,2023-10-02 12:27:00,Offline
D178,2023-10-03 03:27:00,Online
D178,2023-10-03 04:14:00,Busy
D178,2023-10-03 04:52:00,Idle
D178,2023-10-03 06:39:00,Busy
D178,2023-10-03 07:23:00,Busy
D178,2023-10-03 07:48:00,Offline
D178,2023-10-04 00:48:00,Online
D178,2023-10-04 01:40:00,Idle
D178,2023-10-04 03:08:00,Idle
D178,2023-10-04 05:02:00,Idle
D178,2023-10-04 06:01:00,Busy
D178,2023-10-04 06:32:00,Busy
D178,2023-10-04 06:48:00,Offline
D178,2023-10-04 20:48:00,Online
D178,2023-10-04 22:36:00,Busy
D178,2023-10-04 23:53:00,Busy
D178,2023-10-05 01:11:00,Idle
D178,2023-10-05 02:58:00,Idle
D178,2023-10-05 03:52:00,Idle
D178,2023-10-05 05:12:00,Busy
D178,2023-10-05 05:29:00,Idle
D178,2023-10-05 06:00:00,Offline
D178,2023-10-05 23:00:00,Online
D178,2023-10-06 00:29:00,Idle
D178,2023-10-06 00:52:00,Idle
D178,2023-10-06 01:58:00,Idle
D178,2023-10-06 03:30:00,Busy
D178,2023-10-06 04:05:00,Idle
D178,2023-10-06 06:02:00,Idle
D178,2023-10-06 06:54:00,Offline
D178,2023-10-06 23:54:00,Online
D178,2023-10-07 00:56:00,Busy
D178,2023-10-07 02:30:00,Idle
D178,2023-10-07 03:39:00,Idle
D178,2023-10-07 05:18:00,Idle
D178,2023-10-07 07:00:00,Busy
D178,2023-10-07 07:50:00,Offline
D178,2023-10-08 05:50:00,Online
D178,2023-10-08 06:37:00,Busy
D178,2023-10-08 07:43:00,Idle
D178,2023-10-08 08:48:00,Idle
D178,2023-10-08 09:06:00,Idle
D178,2023-10-08 10:43:00,Busy
D178,2023-10-08 11:35:00,Idle
D178,2023-10-08 13:31:00,Busy
D178,2023-10-08 14:43:00,Idle
D178,2023-10-08 15:04:00,Idle
D178,2023-10-08 16:47:00,Idle
D178,2023-10-08 17:01:00,Offline
D178,2023-10-09 13:01:00,Online
D178,2023-10-09 13:42:00,Idle
D178,2023-10-09 14:06:00,Busy
D178,2023-10-09 15:00:00,Busy
D178,2023-10-09 15:29:00,Idle
D178,2023-10-09 15:53:00,Idle
D178,2023-10-09 17:06:00,Idle
D178,2023-10-09 18:57:00,Idle
D178,2023-10-09 20:50:00,Busy
D178,2023-10-09 22:37:00,Busy
D178,2023-10-09 23:00:00,Offline
D178,2023-10-10 11:00:00,Online
D178,2023-10-10 11:35:00,Idle
D178,2023-10-10 12:21:00,Busy
D178,2023-10-10 13:15:00,Busy
D178,2023-10-10 14:55:00,Busy
D178,2023-10-10 15:39:00,Busy
D178,2023-10-10 17:19:00,Idle
D178,2023-10-10 18:41:00,Idle
D178,2023-10-10 19:18:00,Idle
D178,2023-10-10 20:54:00,Busy
D178,2023-10-10 21:07:00,Offline
D178,2023-10-11 10:07:00,Online
D178,2023-10-11 11:05:00,Idle
D178,2023-10-11 12:51:00,Idle
D178,2023-10-11 13:45:00,Idle
D178,2023-10-11 14:08:00,Idle
D178,2023-10-11 15:09:00,Busy
D178,2023-10-11 16:14:00,Idle
D178,2023-10-11 17:49:00,Idle
D178,2023-10-11 18:04:00,Busy
D178,2023-10-11 18:30:00,Busy
D178,2023-10-11 20:05:00,Idle
D178,2023-10-11 20:26:00,Offline
D178,2023-10-12 09:26:00,Online
D178,2023-10-12 10:34:00,Busy
D178,2023-10-12 10:49:00,Idle
D178,2023-10-12 11:53:00,Idle
D178,2023-10-12 12:50:00,Idle
D178,2023-10-12 13:31:00,Idle
D178,2023-10-12 15:18:00,Busy
D178,2023-10-12 16:49:00,Idle
D178,2023-10-12 18:27:00,Idle
D178,2023-10-12 19:07:00,Busy
D178,2023-10-12 20:24:00,Busy
D178,2023-10-12 21:17:00,Offline
D181,2023-10-03 00:00:00,Online
D181,2023-10-03 01:52:00,Idle
D181,2023-10-03 02:13:00,Idle
D181,2023-10-03 02:41:00,Busy
D181,2023-10-03 03:36:00,Idle
D181,2023-10-03 04:49:00,Idle
D181,2023-10-03 05:29:00,Busy
D181,2023-10-03 06:59:00,Idle
D181,2023-10-03 07:34:00,Idle
D181,2023-10-03 08:01:00,Idle
D181,2023-10-03 08:23:00,Offline
D181,2023-10-04 04:23:00,Online
D181,2023-10-04 05:29:00,Busy
D181,2023-10-04 07:02:00,Busy
D181,2023-10-04 08:29:00,Idle
D181,2023-10-04 08:41:00,Offline
D181,2023-10-05 08:41:00,Online
D181,2023-10-05 09:32:00,Busy
D181,2023-10-05 11:29:00,Idle
D181,2023-10-05 12:41:00,Idle
D181,2023-10-05 14:30:00,Busy
D181,2023-10-05 14:58:00,Busy
D181,2023-10-05 15:30:00,Idle
D181,2023-10-05 16:58:00,Idle
D181,2023-10-05 17:31:00,Offline
D181,2023-10-06 16:31:00,Online
D181,2023-10-06 18:03:00,Idle
D181,2023-10-06 18:36:00,Idle
D181,2023-10-06 20:36:00,Idle
D181,2023-10-06 21:32:00,Idle
D181,2023-10-06 21:47:00,Busy
D181,2023-10-06 22:37:00,Idle
D181,2023-10-06 22:53:00,Idle
D181,2023-10-06 23:23:00,Offline
D181,2023-10-07 20:23:00,Online
D181,2023-10-07 21:08:00,Busy
D181,2023-10-07 21:44:00,Busy
D181,2023-10-07 23:25:00,Busy
D181,2023-10-08 00:17:00,Busy
D181,2023-10-08 01:32:00,Busy
D181,2023-10-08 02:33:00,Busy
D181,2023-10-08 03:54:00,Busy
D181,2023-10-08 04:53:00,Idle
D181,2023-10-08 05:52:00,Idle
D181,2023-10-08 06:17:00,Offline
D181,2023-10-09 00:17:00,Online
D181,2023-10-09 01:22:00,Busy
D181,2023-10-09 03:10:00,Busy
D181,2023-10-09 03:40:00,Idle
D181,2023-10-09 03:53:00,Offline
D181,2023-10-09 19:53:00,Online
D181,2023-10-09 21:23:00,Busy
D181,2023-10-09 22:52:00,Idle
D181,2023-10-10 00:01:00,Idle
D181,2023-10-10 01:46:00,Idle
D181,2023-10-10 03:02:00,Idle
D181,2023-10-10 03:47:00,Idle
D181,2023-10-10 05:45:00,Busy
D181,2023-10-10 07:32:00,Idle
D181,2023-10-10 08:30:00,Busy
D181,2023-10-10 08:45:00,Offline
D181,2023-10-10 20:45:00,Online
D181,2023-10-10 21:54:00,Busy
D181,2023-10-10 23:15:00,Idle
D181,2023-10-11 01:14:00,Idle
D181,2023-10-11 01:50:00,Offline
D181,2023-10-11 20:50:00,Online
D181,2023-10-11 22:32:00,Busy
D181,2023-10-11 23:42:00,Idle
D181,2023-10-12 00:42:00,Busy
D181,2023-10-12 01:01:00,Offline
D182,2023-10-05 00:00:00,Online
D182,2023-10-05 00:21:00,Idle
D182,2023-10-05 01:14:00,Idle
D182,2023-10-05 02:01:00,Idle
D182,2023-10-05 02:48:00,Idle
D182,2023-10-05 03:34:00,Offline
D182,2023-10-05 16:34:00,Online
D182,2023-10-05 17:53:00,Busy
D182,2023-10-05 18:30:00,Busy
D182,2023-10-05 19:37:00,Idle
D182,2023-10-05 20:45:00,Busy
D182,2023-10-05 21:44:00,Idle
D182,2023-10-05 23:05:00,Idle
D182,2023-10-05 23:44:00,Idle
D182,2023-10-06 00:10:00,Idle
D182,2023-10-06 01:52:00,Busy
D182,2023-10-06 02:47:00,Offline
D182,2023-10-06 23:47:00,Online
D182,2023-10-07 00:52:00,Idle
D182,2023-10-07 02:47:00,Busy
D182,2023-10-07 03:47:00,Busy
D182,2023-10-07 05:46:00,Busy
D182,2023-10-07 06:10:00,Busy
D182,2023-10-07 07:48:00,Idle
D182,2023-10-07 08:09:00,Offline
D182,2023-10-08 03:09:00,Online
D182,2023-10-08 03:25:00,Busy
D182,2023-10-08 05:13:00,Idle
D182,2023-10-08 05:46:00,Busy
D182,2023-10-08 06:50:00,Idle
D182,2023-10-08 07:33:00,Idle
D182,2023-10-08 08:35:00,Busy
D182,2023-10-08 10:22:00,Idle
D182,2023-10-08 11:07:00,Idle
D182,2023-10-08 12:39:00,Idle
D182,2023-10-08 13:21:00,Idle
D182,2023-10-08 13:37:00,Offline
D182,2023-10-09 01:37:00,Online
D182,2023-10-09 03:13:00,Busy
D182,2023-10-09 04:35:00,Idle
D182,2023-10-09 05:12:00,Busy
D182,2023-10-09 05:54:00,Busy
D182,2023-10-09 06:51:00,Busy
D182,2023-10-09 08:19:00,Idle
D182,2023-10-09 09:54:00,Idle
D182,2023-10-09 10:37:00,Idle
D182,2023-10-09 12:20:00,Busy
D182,2023-10-09 13:20:00,Offline
D182,2023-10-10 05:20:00,Online
D182,2023-10-10 06:57:00,Busy
D182,2023-10-10 08:15:00,Idle
D182,2023-10-10 09:48:00,Busy
D182,2023-10-10 11:09:00,Idle
D182,2023-10-10 11:55:00,Busy
D182,2023-10-10 12:54:00,Offline
D182,2023-10-11 05:54:00,Online
D182,2023-10-11 07:47:00,Busy
D182,2023-10-11 09:38:00,Idle
D182,2023-10-11 09:53:00,Idle
D182,2023-10-11 11:08:00,Busy
D182,2023-10-11 11:25:00,Busy
D182,2023-10-11 13:08:00,Busy
D182,2023-10-11 13:39:00,Offline
D182,2023-10-12 07:39:00,Online
D182,2023-10-12 09:31:00,Idle
D182,2023-10-12 10:59:00,Busy
D182,2023-10-12 12:41:00,Idle
D182,2023-10-12 14:41:00,Busy
D182,2023-10-12 16:21:00,Busy
D182,2023-10-12 18:09:00,Idle
D182,2023-10-12 18:35:00,Offline
D182,2023-10-13 18:35:00,Online
D182,2023-10-13 20:21:00,Idle
D182,2023-10-13 21:29:00,Idle
D182,2023-10-13 23:08:00,Busy
D182,2023-10-13 23:35:00,Idle
D182,2023-10-14 00:22:00,Busy
D182,2023-10-14 01:04:00,Busy
D182,2023-10-14 01:48:00,Busy
D182,2023-10-14 02:38:00,Offline
D182,2023-10-14 15:38:00,Online
D182,2023-10-14 17:06:00,Busy
D182,2023-10-14 18:25:00,Busy
D182,2023-10-14 19:03:00,Busy
D182,2023-10-14 20:16:00,Idle
D182,2023-10-14 21:07:00,Offline
D182,2023-10-15 09:07:00,Online
D182,2023-10-15 10:49:00,Idle
D182,2023-10-15 11:42:00,Idle
D182,2023-10-15 12:44:00,Busy
D182,2023-10-15 14:10:00,Idle
D182,2023-10-15 15:58:00,Busy
D182,2023-10-15 17:42:00,Busy
D182,2023-10-15 18:51:00,Busy
D182,2023-10-15 20:30:00,Idle
D182,2023-10-15 21:02:00,Offline
D183,2023-10-05 00:00:00,Online
D183,2023-10-05 01:35:00,Busy
D183,2023-10-05 03:10:00,Busy
D183,2023-10-05 03:37:00,Idle
D183,2023-10-05 05:06:00,Idle
D183,2023-10-05 05:16:00,Offline
D183,2023-10-05 17:16:00,Online
D183,2023-10-05 18:15:00,Idle
D183,2023-10-05 20:01:00,Idle
D183,2023-10-05 21:26:00,Busy
D183,2023-10-05 22:35:00,Busy
D183,2023-10-05 22:50:00,Busy
D183,2023-10-06 00:17:00,Busy
D183,2023-10-06 01:04:00,Busy
D183,2023-10-06 01:55:00,Busy
D183,2023-10-06 03:12:00,Idle
D183,2023-10-06 04:30:00,Busy
D183,2023-10-06 04:53:00,Offline
D183,2023-10-06 19:53:00,Online
D183,2023-10-06 21:41:00,Busy
D183,2023-10-06 23:23:00,Idle
D183,2023-10-07 00:35:00,Idle
D183,2023-10-07 01:45:00,Busy
D183,2023-10-07 03:04:00,Idle
D183,2023-10-07 03:43:00,Busy
D183,2023-10-07 04:00:00,Offline
D183,2023-10-08 03:00:00,Online
D183,2023-10-08 04:40:00,Busy
D183,2023-10-08 06:15:00,Idle
D183,2023-10-08 07:27:00,Busy
D183,2023-10-08 08:04:00,Idle
D183,2023-10-08 08:51:00,Offline
D183,2023-10-08 21:51:00,Online
D183,2023-10-08 22:57:00,Busy
D183,2023-10-08 23:58:00,Busy
D183,2023-10-09 01:33:00,Idle
D183,2023-10-09 02:11:00,Busy
D183,2023-10-09 02:59:00,Busy
D183,2023-10-09 03:30:00,Offline
D183,2023-10-10 00:30:00,Online
D183,2023-10-10 01:50:00,Busy
D183,2023-10-10 03:35:00,Idle
D183,2023-10-10 04:28:00,Busy
D183,2023-10-10 05:21:00,Busy
D183,2023-10-10 05:45:00,Idle
D183,2023-10-10 07:34:00,Busy
D183,2023-10-10 08:24:00,Busy
D183,2023-10-10 09:10:00,Idle
D183,2023-10-10 10:01:00,Busy
D183,2023-10-10 10:27:00,Offline
D184,2023-10-02 00:00:00,Online
D184,2023-10-02 00:22:00,Idle
D184,2023-10-02 00:48:00,Idle
D184,2023-10-02 01:44:00,Busy
D184,2023-10-02 03:15:00,Idle
D184,2023-10-02 04:12:00,Idle
D184,2023-10-02 04:24:00,Offline
D184,2023-10-02 21:24:00,Online
D184,2023-10-02 23:05:00,Idle
D184,2023-10-03 00:35:00,Idle
D184,2023-10-03 02:29:00,Idle
D184,2023-10-03 04:11:00,Idle
D184,2023-10-03 05:23:00,Idle
D184,2023-10-03 06:09:00,Offline
D184,2023-10-03 18:09:00,Online
D184,2023-10-03 18:26:00,Busy
D184,2023-10-03 19:52:00,Busy
D184,2023-10-03 20:27:00,Idle
D184,2023-10-03 21:10:00,Busy
D184,2023-10-03 21:36:00,Offline
D184,2023-10-04 16:36:00,Online
D184,2023-10-04 17:36:00,Busy
D184,2023-10-04 18:52:00,Busy
D184,2023-10-04 19:32:00,Busy
D184,2023-10-04 20:25:00,Busy
D184,2023-10-04 21:05:00,Idle
D184,2023-10-04 22:50:00,Idle
D184,2023-10-04 23:21:00,Busy
D184,2023-10-05 00:30:00,Idle
D184,2023-10-05 01:58:00,Idle
D184,2023-10-05 03:14:00,Busy
D184,2023-10-05 03:39:00,Offline
D184,2023-10-06 01:39:00,Online
D184,2023-10-06 02:56:00,Idle
D184,2023-10-06 03:43:00,Busy
D184,2023-10-06 05:16:00,Busy
D184,2023-10-06 06:11:00,Offline
D184,2023-10-07 06:11:00,Online
D184,2023-10-07 06:45:00,Idle
D184,2023-10-07 08:23:00,Idle
D184,2023-10-07 09:57:00,Idle
D184,2023-10-07 11:13:00,Busy
D184,2023-10-07 11:40:00,Offline
D184,2023-10-08 00:40:00,Online
D184,2023-10-08 02:28:00,Idle
D184,2023-10-08 03:00:00,Idle
D184,2023-10-08 04:57:00,Busy
D184,2023-10-08 05:12:00,Busy
D184,2023-10-08 05:43:00,Busy
D184,2023-10-08 06:10:00,Busy
D184,2023-10-08 07:49:00,Busy
D184,2023-10-08 09:22:00,Busy
D184,2023-10-08 10:18:00,Offline
D184,2023-10-09 08:18:00,Online
D184,2023-10-09 09:18:00,Busy
D184,2023-10-09 10:12:00,Busy
D184,2023-10-09 11:22:00,Busy
D184,2023-10-09 12:12:00,Idle
D184,2023-10-09 14:07:00,Busy
D184,2023-10-09 15:33:00,Idle
D184,2023-10-09 16:23:00,Offline
D184,2023-10-10 05:23:00,Online
D184,2023-10-10 05:52:00,Idle
D184,2023-10-10 07:25:00,Busy
D184,2023-10-10 08:56:00,Idle
D184,2023-10-10 10:39:00,Idle
D184,2023-10-10 11:32:00,Idle
D184,2023-10-10 13:29:00,Busy
D184,2023-10-10 14:38:00,Busy
D184,2023-10-10 15:04:00,Offline
D185,2023-10-05 00:00:00,Online
D185,2023-10-05 01:49:00,Idle
D185,2023-10-05 03:03:00,Busy
D185,2023-10-05 04:12:00,Idle
D185,2023-10-05 06:06:00,Idle
D185,2023-10-05 06:29:00,Busy
D185,2023-10-05 07:03:00,Busy
D185,2023-10-05 08:08:00,Busy
D185,2023-10-05 08:59:00,Offline
D185,2023-10-06 03:59:00,Online
D185,2023-10-06 04:18:00,Busy
D185,2023-10-06 06:13:00,Idle
D185,2023-10-06 07:45:00,Busy
D185,2023-10-06 08:10:00,Busy
D185,2023-10-06 10:04:00,Idle
D185,2023-10-06 10:35:00,Idle
D185,2023-10-06 12:09:00,Busy
D185,2023-10-06 12:47:00,Offline
D185,2023-10-07 03:47:00,Online
D185,2023-10-07 05:24:00,Busy
D185,2023-10-07 07:01:00,Idle
D185,2023-10-07 07:19:00,Idle
D185,2023-10-07 09:14:00,Busy
D185,2023-10-07 10:10:00,Idle
D185,2023-10-07 10:59:00,Busy
D185,2023-10-07 11:23:00,Idle
D185,2023-10-07 12:27:00,Idle
D185,2023-10-07 14:18:00,Busy
D185,2023-10-07 15:57:00,Busy
D185,2023-10-07 16:39:00,Offline
D185,2023-10-08 07:39:00,Online
D185,2023-10-08 08:17:00,Idle
D185,2023-10-08 09:21:00,Idle
D185,2023-10-08 09:38:00,Idle
D185,2023-10-08 10:28:00,Idle
D185,2023-10-08 12:09:00,Idle
D185,2023-10-08 12:52:00,Busy
D185,2023-10-08 14:11:00,Busy
D185,2023-10-08 15:32:00,Busy
D185,2023-10-08 17:30:00,Busy
D185,2023-10-08 17:59:00,Busy
D185,2023-10-08 18:55:00,Offline
D185,2023-10-09 15:55:00,Online
D185,2023-10-09 17:00:00,Idle
D185,2023-10-09 17:19:00,Idle
D185,2023-10-09 18:13:00,Busy
D185,2023-10-09 18:30:00,Busy
D185,2023-10-09 18:58:00,Busy
D185,2023-10-09 19:45:00,Busy
D185,2023-10-09 21:45:00,Busy
D185,2023-10-09 23:09:00,Busy
D185,2023-10-09 23:54:00,Busy
D185,2023-10-10 00:19:00,Busy
D185,2023-10-10 01:11:00,Offline
D186,2023-10-06 00:00:00,Online
D186,2023-10-06 01:12:00,Busy
D186,2023-10-06 02:24:00,Busy
D186,2023-10-06 04:17:00,Idle
D186,2023-10-06 05:00:00,Idle
D186,2023-10-06 06:01:00,Busy
D186,2023-10-06 07:34:00,Busy
D186,2023-10-06 09:01:00,Idle
D186,2023-10-06 10:18:00,Idle
D186,2023-10-06 11:13:00,Offline
D186,2023-10-07 03:13:00,Online
D186,2023-10-07 04:48:00,Busy
D186,2023-10-07 06:06:00,Idle
D186,2023-10-07 07:29:00,Idle
D186,2023-10-07 07:52:00,Idle
D186,2023-10-07 08:48:00,Offline
D186,2023-10-08 03:48:00,Online
D186,2023-10-08 04:19:00,Busy
D186,2023-10-08 05:19:00,Busy
D186,2023-10-08 07:16:00,Idle
D186,2023-10-08 08:22:00,Busy
D186,2023-10-08 09:59:00,Busy
D186,2023-10-08 11:18:00,Busy
D186,2023-10-08 12:18:00,Offline
D186,2023-10-09 03:18:00,Online
D186,2023-10-09 03:46:00,Busy
D186,2023-10-09 04:35:00,Busy
D186,2023-10-09 05:53:00,Busy
D186,2023-10-09 06:22:00,Busy
D186,2023-10-09 08:08:00,Busy
D186,2023-10-09 08:40:00,Idle
D186,2023-10-09 09:02:00,Busy
D186,2023-10-09 09:17:00,Idle
D186,2023-10-09 09:43:00,Offline
D186,2023-10-10 08:43:00,Online
D186,2023-10-10 10:34:00,Busy
D186,2023-10-10 12:11:00,Busy
D186,2023-10-10 13:58:00,Busy
D186,2023-10-10 15:07:00,Idle
D186,2023-10-10 16:52:00,Busy
D186,2023-10-10 18:08:00,Idle
D186,2023-10-10 18:21:00,Offline
D186,2023-10-11 15:21:00,Online
D186,2023-10-11 16:50:00,Busy
D186,2023-10-11 18:45:00,Idle
D186,2023-10-11 19:47:00,Busy
D186,2023-10-11 21:26:00,Busy
D186,2023-10-11 23:13:00,Busy
D186,2023-10-11 23:43:00,Idle
D186,2023-10-12 01:22:00,Busy
D186,2023-10-12 02:03:00,Idle
D186,2023-10-12 03:24:00,Busy
D186,2023-10-12 03:54:00,Offline
D186,2023-10-12 19:54:00,Online
D186,2023-10-12 21:53:00,Idle
D186,2023-10-12 22:25:00,Busy
D186,2023-10-12 23:57:00,Idle
D186,2023-10-13 01:00:00,Busy
D186,2023-10-13 01:32:00,Offline
D186,2023-10-13 13:32:00,Online
D186,2023-10-13 14:45:00,Idle
D186,2023-10-13 16:38:00,Busy
D186,2023-10-13 17:30:00,Idle
D186,2023-10-13 18:21:00,Busy
D186,2023-10-13 20:11:00,Idle
D186,2023-10-13 21:57:00,Busy
D186,2023-10-13 22:58:00,Busy
D186,2023-10-13 23:24:00,Idle
D186,2023-10-13 23:42:00,Offline
D186,2023-10-14 17:42:00,Online
D186,2023-10-14 18:26:00,Busy
D186,2023-10-14 19:56:00,Busy
D186,2023-10-14 20:54:00,Idle
D186,2023-10-14 21:12:00,Offline
D186,2023-10-15 17:12:00,Online
D186,2023-10-15 17:29:00,Idle
D186,2023-10-15 19:00:00,Busy
D186,2023-10-15 20:40:00,Busy
D186,2023-10-15 21:14:00,Busy
D186,2023-10-15 21:54:00,Offline
D186,2023-10-16 20:54:00,Online
D186,2023-10-16 22:10:00,Idle
D186,2023-10-16 23:14:00,Idle
D186,2023-10-17 00:22:00,Busy
D186,2023-10-17 01:19:00,Offline
D186,2023-10-18 01:19:00,Online
D186,2023-10-18 02:17:00,Idle
D186,2023-10-18 03:54:00,Idle
D186,2023-10-18 05:47:00,Idle
D186,2023-10-18 06:36:00,Busy
D186,2023-10-18 07:20:00,Idle
D186,2023-10-18 08:34:00,Idle
D186,2023-10-18 09:09:00,Busy
D186,2023-10-18 10:32:00,Idle
D186,2023-10-18 11:25:00,Offline
D186,2023-10-19 06:25:00,Online
D186,2023-10-19 07:36:00,Busy
D186,2023-10-19 08:40:00,Busy
D186,2023-10-19 09:08:00,Idle
D186,2023-10-19 10:01:00,Offline
D186,2023-10-20 06:01:00,Online
D186,2023-10-20 07:51:00,Busy
D186,2023-10-20 09:20:00,Idle
D186,2023-10-20 10:30:00,Busy
D186,2023-10-20 11:13:00,Busy
D186,2023-10-20 11:43:00,Idle
D186,2023-10-20 13:30:00,Busy
D186,2023-10-20 14:32:00,Busy
D186,2023-10-20 15:08:00,Idle
D186,2023-10-20 16:56:00,Idle
D186,2023-10-20 18:42:00,Busy
D186,2023-10-20 19:09:00,Offline
D186,2023-10-21 10:09:00,Online
D186,2023-10-21 10:32:00,Idle
D186,2023-10-21 12:03:00,Busy
D186,2023-10-21 13:00:00,Busy
D186,2023-10-21 14:50:00,Busy
D186,2023-10-21 15:36:00,Busy
D186,2023-10-21 16:25:00,Offline
D188,2023-10-02 00:00:00,Online
D188,2023-10-02 01:36:00,Busy
D188,2023-10-02 03:13:00,Idle
D188,2023-10-02 04:45:00,Idle
D188,2023-10-02 06:38:00,Busy
D188,2023-10-02 06:56:00,Busy
D188,2023-10-02 08:34:00,Busy
D188,2023-10-02 08:56:00,Idle
D188,2023-10-02 09:52:00,Offline
D188,2023-10-02 22:52:00,Online
D188,2023-10-02 23:43:00,Idle
D188,2023-10-03 01:28:00,Idle
D188,2023-10-03 03:25:00,Idle
D188,2023-10-03 04:34:00,Idle
D188,2023-10-03 05:15:00,Busy
D188,2023-10-03 06:52:00,Idle
D188,2023-10-03 07:16:00,Offline
D188,2023-10-04 05:16:00,Online
D188,2023-10-04 05:31:00,Busy
D188,2023-10-04 06:30:00,Busy
D188,2023-10-04 08:08:00,Idle
D188,2023-10-04 08:26:00,Idle
D188,2023-10-04 09:17:00,Busy
D188,2023-10-04 10:05:00,Offline
D188,2023-10-05 09:05:00,Online
D188,2023-10-05 09:54:00,Idle
D188,2023-10-05 11:11:00,Idle
D188,2023-10-05 12:35:00,Idle
D188,2023-10-05 13:05:00,Busy
D188,2023-10-05 14:14:00,Busy
D188,2023-10-05 14:43:00,Busy
D188,2023-10-05 16:04:00,Idle
D188,2023-10-05 16:50:00,Offline
D188,2023-10-06 05:50:00,Online
D188,2023-10-06 06:35:00,Busy
D188,2023-10-06 07:47:00,Idle
D188,2023-10-06 08:05:00,Busy
D188,2023-10-06 09:46:00,Idle
D188,2023-10-06 11:41:00,Idle
D188,2023-10-06 12:03:00,Busy
D188,2023-10-06 12:52:00,Offline
D188,2023-10-07 03:52:00,Online
D188,2023-10-07 04:37:00,Busy
D188,2023-10-07 05:09:00,Idle
D188,2023-10-07 05:56:00,Busy
D188,2023-10-07 06:39:00,Busy
D188,2023-10-07 08:16:00,Idle
D188,2023-10-07 09:58:00,Busy
D188,2023-10-07 10:47:00,Offline
D188,2023-10-07 22:47:00,Online
D188,2023-10-08 00:14:00,Busy
D188,2023-10-08 00:44:00,Idle
D188,2023-10-08 02:02:00,Busy
D188,2023-10-08 02:42:00,Busy
D188,2023-10-08 03:39:00,Idle
D188,2023-10-08 05:37:00,Idle
D188,2023-10-08 06:31:00,Busy
D188,2023-10-08 08:27:00,Idle
D188,2023-10-08 09:27:00,Offline
D188,2023-10-09 09:27:00,Online
D188,2023-10-09 10:40:00,Busy
D188,2023-10-09 12:14:00,Idle
D188,2023-10-09 12:32:00,Idle
D188,2023-10-09 13:45:00,Busy
D188,2023-10-09 14:41:00,Busy
D188,2023-10-09 15:11:00,Idle
D188,2023-10-09 16:34:00,Busy
D188,2023-10-09 17:42:00,Busy
D188,2023-10-09 18:16:00,Offline
D188,2023-10-10 16:16:00,Online
D188,2023-10-10 16:37:00,Idle
D188,2023-10-10 17:11:00,Idle
D188,2023-10-10 18:43:00,Idle
D188,2023-10-10 19:44:00,Busy
D188,2023-10-10 20:42:00,Offline
D188,2023-10-11 12:42:00,Online
D188,2023-10-11 14:01:00,Idle
D188,2023-10-11 14:23:00,Idle
D188,2023-10-11 15:01:00,Idle
D188,2023-10-11 15:23:00,Offline
D188,2023-10-12 15:23:00,Online
D188,2023-10-12 16:21:00,Idle
D188,2023-10-12 16:58:00,Idle
D188,2023-10-12 18:53:00,Busy
D188,2023-10-12 20:09:00,Busy
D188,2023-10-12 21:03:00,Idle
D188,2023-10-12 23:00:00,Busy
D188,2023-10-13 00:51:00,Busy
D188,2023-10-13 01:13:00,Idle
D188,2023-10-13 02:28:00,Busy
D188,2023-10-13 02:55:00,Offline
D188,2023-10-13 15:55:00,Online
D188,2023-10-13 17:30:00,Idle
D188,2023-10-13 18:28:00,Busy
D188,2023-10-13 18:50:00,Idle
D188,2023-10-13 19:10:00,Idle
D188,2023-10-13 19:55:00,Offline
D188,2023-10-14 17:55:00,Online
D188,2023-10-14 19:09:00,Busy
D188,2023-10-14 21:05:00,Idle
D188,2023-10-14 22:12:00,Idle
D188,2023-10-14 23:36:00,Busy
D188,2023-10-15 00:05:00,Offline
D188,2023-10-15 23:05:00,Online
D188,2023-10-16 00:43:00,Idle
D188,2023-10-16 01:44:00,Busy
D188,2023-10-16 02:27:00,Busy
D188,2023-10-16 02:43:00,Idle
D188,2023-10-16 04:00:00,Busy
D188,2023-10-16 05:47:00,Busy
D188,2023-10-16 06:26:00,Busy
D188,2023-10-16 07:15:00,Idle
D188,2023-10-16 07:48:00,Idle
D188,2023-10-16 09:17:00,Busy
D188,2023-10-16 10:03:00,Offline
D189,2023-10-06 00:00:00,Online
D189,2023-10-06 00:45:00,Idle
D189,2023-10-06 02:08:00,Idle
D189,2023-10-06 02:34:00,Idle
D189,2023-10-06 03:49:00,Idle
D189,2023-10-06 05:41:00,Busy
D189,2023-10-06 07:02:00,Idle
D189,2023-10-06 08:10:00,Busy
D189,2023-10-06 08:36:00,Idle
D189,2023-10-06 10:14:00,Busy
D189,2023-10-06 10:50:00,Offline
D189,2023-10-07 05:50:00,Online
D189,2023-10-07 06:47:00,Idle
D189,2023-10-07 08:20:00,Idle
D189,2023-10-07 10:02:00,Busy
D189,2023-10-07 10:19:00,Busy
D189,2023-10-07 10:56:00,Idle
D189,2023-10-07 11:13:00,Offline
D189,2023-10-08 04:13:00,Online
D189,2023-10-08 04:35:00,Idle
D189,2023-10-08 05:17:00,Busy
D189,2023-10-08 07:16:00,Idle
D189,2023-10-08 08:38:00,Idle
D189,2023-10-08 09:12:00,Idle
D189,2023-10-08 09:54:00,Offline
D189,2023-10-08 21:54:00,Online
D189,2023-10-08 23:06:00,Busy
D189,2023-10-09 00:03:00,Idle
D189,2023-10-09 01:05:00,Busy
D189,2023-10-09 01:55:00,Offline
D189,2023-10-09 20:55:00,Online
D189,2023-10-09 22:39:00,Busy
D189,2023-10-10 00:31:00,Busy
D189,2023-10-10 01:15:00,Idle
D189,2023-10-10 02:54:00,Busy
D189,2023-10-10 03:17:00,Busy
D189,2023-10-10 03:52:00,Offline
D189,2023-10-10 16:52:00,Online
D189,2023-10-10 17:25:00,Idle
D189,2023-10-10 18:15:00,Idle
D189,2023-10-10 19:22:00,Idle
D189,2023-10-10 20:48:00,Idle
D189,2023-10-10 22:07:00,Busy
D189,2023-10-10 22:51:00,Busy
D189,2023-10-11 00:29:00,Busy
D189,2023-10-11 02:16:00,Busy
D189,2023-10-11 03:53:00,Busy
D189,2023-10-11 05:39:00,Idle
D189,2023-10-11 06:09:00,Offline
D189,2023-10-12 05:09:00,Online
D189,2023-10-12 06:59:00,Busy
D189,2023-10-12 07:57:00,Busy
D189,2023-10-12 09:38:00,Idle
D189,2023-10-12 11:29:00,Idle
D189,2023-10-12 12:02:00,Busy
D189,2023-10-12 13:57:00,Busy
D189,2023-10-12 14:56:00,Idle
D189,2023-10-12 15:50:00,Busy
D189,2023-10-12 16:03:00,Offline
D189,2023-10-13 07:03:00,Online
D189,2023-10-13 08:43:00,Busy
D189,2023-10-13 10:28:00,Idle
D189,2023-10-13 10:55:00,Busy
D189,2023-10-13 11:45:00,Offline
D189,2023-10-14 05:45:00,Online
D189,2023-10-14 07:35:00,Idle
D189,2023-10-14 09:23:00,Busy
D189,2023-10-14 11:14:00,Idle
D189,2023-10-14 11:42:00,Busy
D189,2023-10-14 13:07:00,Busy
D189,2023-10-14 14:51:00,Busy
D189,2023-10-14 15:21:00,Busy
D189,2023-10-14 17:06:00,Idle
D189,2023-10-14 18:23:00,Busy
D189,2023-10-14 19:01:00,Offline
D189,2023-10-15 16:01:00,Online
D189,2023-10-15 18:00:00,Busy
D189,2023-10-15 19:08:00,Busy
D189,2023-10-15 20:53:00,Idle
D189,2023-10-15 22:08:00,Busy
D189,2023-10-15 22:34:00,Busy
D189,2023-10-16 00:20:00,Busy
D189,2023-10-16 01:00:00,Offline
D189,2023-10-16 15:00:00,Online
D189,2023-10-16 15:23:00,Idle
D189,2023-10-16 16:46:00,Idle
D189,2023-10-16 17:25:00,Busy
D189,2023-10-16 18:12:00,Idle
D189,2023-10-16 19:23:00,Busy
D189,2023-10-16 20:14:00,Idle
D189,2023-10-16 20:47:00,Offline
D189,2023-10-17 12:47:00,Online
D189,2023-10-17 14:25:00,Busy
D189,2023-10-17 15:40:00,Idle
D189,2023-10-17 17:08:00,Busy
D189,2023-10-17 18:01:00,Idle
D189,2023-10-17 19:16:00,Busy
D189,2023-10-17 19:45:00,Busy
D189,2023-10-17 20:17:00,Idle
D189,2023-10-17 20:41:00,Idle
D189,2023-10-17 21:30:00,Busy
D189,2023-10-17 22:12:00,Offline
D189,2023-10-18 12:12:00,Online
D189,2023-10-18 13:33:00,Busy
D189,2023-10-18 14:54:00,Idle
D189,2023-10-18 15:22:00,Busy
D189,2023-10-18 16:09:00,Idle
D189,2023-10-18 17:36:00,Idle
D189,2023-10-18 19:28:00,Busy
D189,2023-10-18 20:01:00,Idle
D189,2023-10-18 20:18:00,Offline
D189,2023-10-19 08:18:00,Online
D189,2023-10-19 10:09:00,Idle
D189,2023-10-19 11:07:00,Busy
D189,2023-10-19 12:48:00,Idle
D189,2023-10-19 13:41:00,Idle
D189,2023-10-19 15:34:00,Idle
D189,2023-10-19 16:19:00,Offline
D191,2023-10-03 00:00:00,Online
D191,2023-10-03 02:00:00,Idle
D191,2023-10-03 03:36:00,Idle
D191,2023-10-03 03:57:00,Idle
D191,2023-10-03 04:33:00,Offline
D191,2023-10-03 21:33:00,Online
D191,2023-10-03 22:27:00,Busy
D191,2023-10-03 23:13:00,Idle
D191,2023-10-04 00:32:00,Idle
D191,2023-10-04 01:52:00,Idle
D191,2023-10-04 02:19:00,Offline
D191,2023-10-04 15:19:00,Online
D191,2023-10-04 16:48:00,Idle
D191,2023-10-04 18:09:00,Busy
D191,2023-10-04 20:07:00,Busy
D191,2023-10-04 20:35:00,Offline
D191,2023-10-05 09:35:00,Online
D191,2023-10-05 10:01:00,Idle
D191,2023-10-05 11:56:00,Busy
D191,2023-10-05 13:32:00,Idle
D191,2023-10-05 14:40:00,Idle
D191,2023-10-05 15:23:00,Busy
D191,2023-10-05 15:49:00,Busy
D191,2023-10-05 16:47:00,Idle
D191,2023-10-05 18:19:00,Busy
D191,2023-10-05 19:42:00,Idle
D191,2023-10-05 21:32:00,Busy
D191,2023-10-05 21:59:00,Offline
D191,2023-10-06 11:59:00,Online
D191,2023-10-06 12:41:00,Busy
D191,2023-10-06 13:12:00,Idle
D191,2023-10-06 14:29:00,Idle
D191,2023-10-06 16:23:00,Idle
D191,2023-10-06 16:37:00,Offline
D191,2023-10-07 07:37:00,Online
D191,2023-10-07 08:39:00,Busy
D191,2023-10-07 09:56:00,Idle
D191,2023-10-07 11:05:00,Idle
D191,2023-10-07 12:05:00,Idle
D191,2023-10-07 13:36:00,Busy
D191,2023-10-07 14:11:00,Offline
D191,2023-10-08 06:11:00,Online
D191,2023-10-08 07:52:00,Idle
D191,2023-10-08 08:07:00,Idle
D191,2023-10-08 09:35:00,Idle
D191,2023-10-08 11:13:00,Busy
D191,2023-10-08 12:02:00,Offline
D191,2023-10-09 10:02:00,Online
D191,2023-10-09 12:00:00,Busy
D191,2023-10-09 12:56:00,Idle
D191,2023-10-09 14:43:00,Idle
D191,2023-10-09 15:25:00,Busy
D191,2023-10-09 15:57:00,Idle
D191,2023-10-09 16:55:00,Busy
D191,2023-10-09 18:29:00,Idle
D191,2023-10-09 18:46:00,Offline
D192,2023-10-02 00:00:00,Online
D192,2023-10-02 01:59:00,Idle
D192,2023-10-02 02:37:00,Busy
D192,2023-10-02 04:17:00,Idle
D192,2023-10-02 05:06:00,Offline
D192,2023-10-03 04:06:00,Online
D192,2023-10-03 05:54:00,Busy
D192,2023-10-03 07:07:00,Idle
D192,2023-10-03 08:53:00,Idle
D192,2023-10-03 10:00:00,Busy
D192,2023-10-03 10:29:00,Busy
D192,2023-10-03 11:08:00,Offline
D192,2023-10-04 08:08:00,Online
D192,2023-10-04 09:32:00,Idle
D192,2023-10-04 10:29:00,Busy
D192,2023-10-04 11:49:00,Busy
D192,2023-10-04 13:11:00,Idle
D192,2023-10-04 14:52:00,Idle
D192,2023-10-04 15:22:00,Offline
D192,2023-10-05 04:22:00,Online
D192,2023-10-05 04:55:00,Idle
D192,2023-10-05 06:54:00,Busy
D192,2023-10-05 08:10:00,Idle
D192,2023-10-05 08:30:00,Offline
D192,2023-10-06 04:30:00,Online
D192,2023-10-06 05:51:00,Busy
D192,2023-10-06 07:35:00,Idle
D192,2023-10-06 08:30:00,Idle
D192,2023-10-06 09:17:00,Idle
D192,2023-10-06 10:02:00,Offline
D192,2023-10-07 06:02:00,Online
D192,2023-10-07 06:34:00,Idle
D192,2023-10-07 08:03:00,Idle
D192,2023-10-07 08:42:00,Idle
D192,2023-10-07 09:20:00,Offline
D192,2023-10-07 22:20:00,Online
D192,2023-10-07 22:43:00,Busy
D192,2023-10-08 00:15:00,Busy
D192,2023-10-08 01:45:00,Busy
D192,2023-10-08 02:06:00,Idle
D192,2023-10-08 03:32:00,Busy
D192,2023-10-08 05:02:00,Idle
D192,2023-10-08 05:25:00,Idle
D192,2023-10-08 07:06:00,Busy
D192,2023-10-08 07:29:00,Offline
D192,2023-10-08 21:29:00,Online
D192,2023-10-08 22:56:00,Busy
D192,2023-10-08 23:18:00,Idle
D192,2023-10-09 00:53:00,Busy
D192,2023-10-09 01:13:00,Idle
D192,2023-10-09 01:49:00,Idle
D192,2023-10-09 02:05:00,Busy
D192,2023-10-09 03:47:00,Idle
D192,2023-10-09 04:09:00,Busy
D192,2023-10-09 05:51:00,Idle
D192,2023-10-09 06:03:00,Offline
D192,2023-10-09 21:03:00,Online
D192,2023-10-09 23:00:00,Busy
D192,2023-10-10 00:37:00,Idle
D192,2023-10-10 01:42:00,Idle
D192,2023-10-10 02:50:00,Idle
D192,2023-10-10 03:05:00,Busy
D192,2023-10-10 04:42:00,Busy
D192,2023-10-10 06:04:00,Busy
D192,2023-10-10 07:29:00,Busy
D192,2023-10-10 08:38:00,Busy
D192,2023-10-10 08:56:00,Offline
D192,2023-10-11 01:56:00,Online
D192,2023-10-11 03:55:00,Busy
D192,2023-10-11 04:12:00,Idle
D192,2023-10-11 05:52:00,Busy
D192,2023-10-11 07:00:00,Busy
D192,2023-10-11 07:53:00,Offline
D192,2023-10-12 06:53:00,Online
D192,2023-10-12 08:30:00,Busy
D192,2023-10-12 10:09:00,Idle
D192,2023-10-12 11:51:00,Busy
D192,2023-10-12 12:50:00,Offline
D193,2023-10-02 00:00:00,Online
D193,2023-10-02 01:16:00,Busy
D193,2023-10-02 02:59:00,Busy
D193,2023-10-02 04:00:00,Busy
D193,2023-10-02 04:54:00,Busy
D193,2023-10-02 06:25:00,Idle
D193,2023-10-02 07:01:00,Busy
D193,2023-10-02 08:30:00,Busy
D193,2023-10-02 09:20:00,Offline
D193,2023-10-03 02:20:00,Online
D193,2023-10-03 03:48:00,Idle
D193,2023-10-03 04:55:00,Busy
D193,2023-10-03 05:14:00,Idle
D193,2023-10-03 06:21:00,Idle
D193,2023-10-03 07:47:00,Busy
D193,2023-10-03 08:57:00,Idle
D193,2023-10-03 09:21:00,Offline
D193,2023-10-03 23:21:00,Online
D193,2023-10-04 00:26:00,Idle
D193,2023-10-04 01:31:00,Idle
D193,2023-10-04 03:25:00,Idle
D193,2023-10-04 03:41:00,Offline
D193,2023-10-05 00:41:00,Online
D193,2023-10-05 01:29:00,Busy
D193,2023-10-05 02:23:00,Idle
D193,2023-10-05 02:59:00,Busy
D193,2023-10-05 03:35:00,Busy
D193,2023-10-05 05:12:00,Idle
D193,2023-10-05 06:16:00,Busy
D193,2023-10-05 07:47:00,Busy
D193,2023-10-05 08:38:00,Idle
D193,2023-10-05 08:57:00,Idle
D193,2023-10-05 09:26:00,Busy
D193,2023-10-05 10:22:00,Offline
D193,2023-10-06 10:22:00,Online
D193,2023-10-06 11:18:00,Busy
D193,2023-10-06 12:11:00,Busy
D193,2023-10-06 12:33:00,Idle
D193,2023-10-06 13:51:00,Busy
D193,2023-10-06 15:29:00,Idle
D193,2023-10-06 16:46:00,Busy
D193,2023-10-06 18:34:00,Busy
D193,2023-10-06 20:32:00,Idle
D193,2023-10-06 22:09:00,Busy
D193,2023-10-06 22:28:00,Offline
D193,2023-10-07 22:28:00,Online
D193,2023-10-07 23:31:00,Busy
D193,2023-10-08 01:03:00,Busy
D193,2023-10-08 02:06:00,Idle
D193,2023-10-08 02:39:00,Idle
D193,2023-10-08 03:23:00,Offline
D193,2023-10-09 02:23:00,Online
D193,2023-10-09 04:23:00,Busy
D193,2023-10-09 05:20:00,Busy
D193,2023-10-09 05:45:00,Busy
D193,2023-10-09 06:37:00,Idle
D193,2023-10-09 07:04:00,Offline
D193,2023-10-09 23:04:00,Online
D193,2023-10-09 23:45:00,Idle
D193,2023-10-10 00:56:00,Idle
D193,2023-10-10 02:47:00,Idle
D193,2023-10-10 03:41:00,Busy
D193,2023-10-10 05:32:00,Idle
D193,2023-10-10 06:40:00,Idle
D193,2023-10-10 08:39:00,Busy
D193,2023-10-10 09:09:00,Offline
D193,2023-10-11 02:09:00,Online
D193,2023-10-11 03:17:00,Busy
D193,2023-10-11 04:47:00,Idle
D193,2023-10-11 05:23:00,Busy
D193,2023-10-11 05:52:00,Busy
D193,2023-10-11 06:37:00,Idle
D193,2023-10-11 07:03:00,Offline
D193,2023-10-11 22:03:00,Online
D193,2023-10-11 23:58:00,Idle
D193,2023-10-12 01:26:00,Busy
D193,2023-10-12 03:25:00,Idle
D193,2023-10-12 03:42:00,Busy
D193,2023-10-12 03:52:00,Offline
D193,2023-10-13 02:52:00,Online
D193,2023-10-13 04:22:00,Idle
D193,2023-10-13 05:15:00,Idle
D193,2023-10-13 06:10:00,Busy
D193,2023-10-13 06:51:00,Busy
D193,2023-10-13 08:14:00,Busy
D193,2023-10-13 09:06:00,Offline
D193,2023-10-14 01:06:00,Online
D193,2023-10-14 01:42:00,Busy
D193,2023-10-14 02:09:00,Idle
D193,2023-10-14 02:47:00,Busy
D193,2023-10-14 03:41:00,Idle
D193,2023-10-14 04:01:00,Offline
D194,2023-10-06 00:00:00,Online
D194,2023-10-06 01:18:00,Busy
D194,2023-10-06 02:17:00,Idle
D194,2023-10-06 03:39:00,Idle
D194,2023-10-06 04:35:00,Busy
D194,2023-10-06 05:33:00,Busy
D194,2023-10-06 07:05:00,Idle
D194,2023-10-06 08:56:00,Busy
D194,2023-10-06 09:13:00,Offline
D194,2023-10-07 04:13:00,Online
D194,2023-10-07 05:59:00,Idle
D194,2023-10-07 06:42:00,Idle
D194,2023-10-07 07:55:00,Busy
D194,2023-10-07 08:49:00,Idle
D194,2023-10-07 10:34:00,Idle
D194,2023-10-07 12:21:00,Busy
D194,2023-10-07 14:08:00,Idle
D194,2023-10-07 14:29:00,Offline
D194,2023-10-08 07:29:00,Online
D194,2023-10-08 08:01:00,Busy
D194,2023-10-08 09:19:00,Busy
D194,2023-10-08 10:44:00,Busy
D194,2023-10-08 11:40:00,Idle
D194,2023-10-08 13:07:00,Busy
D194,2023-10-08 15:06:00,Idle
D194,2023-10-08 15:40:00,Offline
D194,2023-10-09 13:40:00,Online
D194,2023-10-09 14:56:00,Idle
D194,2023-10-09 16:52:00,Busy
D194,2023-10-09 17:11:00,Busy
D194,2023-10-09 17:41:00,Idle
D194,2023-10-09 19:05:00,Busy
D194,2023-10-09 20:49:00,Busy
D194,2023-10-09 21:00:00,Offline
D194,2023-10-10 16:00:00,Online
D194,2023-10-10 16:52:00,Idle
D194,2023-10-10 17:46:00,Idle
D194,2023-10-10 19:43:00,Busy
D194,2023-10-10 21:32:00,Busy
D194,2023-10-10 22:29:00,Idle
D194,2023-10-10 22:53:00,Idle
D194,2023-10-10 23:14:00,Offline
D195,2023-10-06 00:00:00,Online
D195,2023-10-06 01:56:00,Busy
D195,2023-10-06 02:11:00,Busy
D195,2023-10-06 02:54:00,Idle
D195,2023-10-06 04:16:00,Idle
D195,2023-10-06 05:28:00,Busy
D195,2023-10-06 07:14:00,Busy
D195,2023-10-06 07:57:00,Offline
D195,2023-10-06 21:57:00,Online
D195,2023-10-06 22:38:00,Idle
D195,2023-10-06 23:34:00,Busy
D195,2023-10-07 01:26:00,Idle
D195,2023-10-07 02:22:00,Idle
D195,2023-10-07 03:10:00,Offline
D195,2023-10-08 02:10:00,Online
D195,2023-10-08 03:02:00,Idle
D195,2023-10-08 03:34:00,Idle
D195,2023-10-08 05:13:00,Idle
D195,2023-10-08 07:09:00,Idle
D195,2023-10-08 07:49:00,Offline
D195,2023-10-09 07:49:00,Online
D195,2023-10-09 08:50:00,Busy
D195,2023-10-09 10:09:00,Idle
D195,2023-10-09 10:44:00,Busy
D195,2023-10-09 12:34:00,Busy
D195,2023-10-09 13:26:00,Offline
D195,2023-10-10 06:26:00,Online
D195,2023-10-10 07:54:00,Busy
D195,2023-10-10 08:23:00,Busy
D195,2023-10-10 10:01:00,Idle
D195,2023-10-10 10:21:00,Idle
D195,2023-10-10 12:05:00,Busy
D195,2023-10-10 12:45:00,Busy
D195,2023-10-10 14:11:00,Idle
D195,2023-10-10 15:00:00,Idle
D195,2023-10-10 15:30:00,Offline
D195,2023-10-11 03:30:00,Online
D195,2023-10-11 05:17:00,Idle
D195,2023-10-11 05:41:00,Busy
D195,2023-10-11 06:01:00,Idle
D195,2023-10-11 07:43:00,Idle
D195,2023-10-11 08:48:00,Idle
D195,2023-10-11 10:27:00,Idle
D195,2023-10-11 11:12:00,Idle
D195,2023-10-11 11:39:00,Offline
D195,2023-10-12 00:39:00,Online
D195,2023-10-12 01:11:00,Busy
D195,2023-10-12 01:44:00,Busy
D195,2023-10-12 02:18:00,Idle
D195,2023-10-12 03:41:00,Busy
D195,2023-10-12 04:52:00,Idle
D195,2023-10-12 05:29:00,Idle
D195,2023-10-12 07:15:00,Idle
D195,2023-10-12 08:13:00,Busy
D195,2023-10-12 09:50:00,Busy
D195,2023-10-12 10:05:00,Idle
D195,2023-10-12 10:30:00,Offline
D195,2023-10-13 10:30:00,Online
D195,2023-10-13 11:33:00,Busy
D195,2023-10-13 12:00:00,Idle
D195,2023-10-13 14:00:00,Busy
D195,2023-10-13 15:15:00,Busy
D195,2023-10-13 16:26:00,Idle
D195,2023-10-13 18:01:00,Idle
D195,2023-10-13 18:46:00,Busy
D195,2023-10-13 19:14:00,Offline
D195,2023-10-14 07:14:00,Online
D195,2023-10-14 07:42:00,Idle
D195,2023-10-14 07:57:00,Busy
D195,2023-10-14 09:45:00,Idle
D195,2023-10-14 10:43:00,Busy
D195,2023-10-14 12:03:00,Busy
D195,2023-10-14 12:22:00,Busy
D195,2023-10-14 13:02:00,Offline
D195,2023-10-15 03:02:00,Online
D195,2023-10-15 04:17:00,Busy
D195,2023-10-15 05:02:00,Busy
D195,2023-10-15 05:52:00,Idle
D195,2023-10-15 07:13:00,Busy
D195,2023-10-15 08:55:00,Busy
D195,2023-10-15 09:19:00,Idle
D195,2023-10-15 09:53:00,Offline
D195,2023-10-16 06:53:00,Online
D195,2023-10-16 08:36:00,Busy
D195,2023-10-16 09:58:00,Idle
D195,2023-10-16 11:38:00,Busy
D195,2023-10-16 12:17:00,Idle
D195,2023-10-16 14:17:00,Busy
D195,2023-10-16 15:54:00,Busy
D195,2023-10-16 16:31:00,Idle
D195,2023-10-16 17:54:00,Busy
D195,2023-10-16 18:48:00,Offline
D197,2023-10-06 00:00:00,Online
D197,2023-10-06 00:24:00,Busy
D197,2023-10-06 01:18:00,Busy
D197,2023-10-06 02:36:00,Idle
D197,2023-10-06 03:20:00,Idle
D197,2023-10-06 04:48:00,Busy
D197,2023-10-06 06:48:00,Idle
D197,2023-10-06 07:22:00,Busy
D197,2023-10-06 09:07:00,Busy
D197,2023-10-06 10:09:00,Busy
D197,2023-10-06 11:58:00,Busy
D197,2023-10-06 12:16:00,Offline
D197,2023-10-07 04:16:00,Online
D197,2023-10-07 05:04:00,Idle
D197,2023-10-07 06:16:00,Idle
D197,2023-10-07 07:35:00,Idle
D197,2023-10-07 08:26:00,Busy
D197,2023-10-07 10:21:00,Idle
D197,2023-10-07 11:04:00,Offline
D197,2023-10-08 06:04:00,Online
D197,2023-10-08 07:29:00,Idle
D197,2023-10-08 09:12:00,Busy
D197,2023-10-08 10:32:00,Busy
D197,2023-10-08 11:38:00,Busy
D197,2023-10-08 11:56:00,Idle
D197,2023-10-08 12:17:00,Busy
D197,2023-10-08 13:49:00,Idle
D197,2023-10-08 14:26:00,Busy
D197,2023-10-08 15:19:00,Offline
D197,2023-10-09 10:19:00,Online
D197,2023-10-09 10:50:00,Busy
D197,2023-10-09 11:48:00,Busy
D197,2023-10-09 13:26:00,Idle
D197,2023-10-09 14:56:00,Idle
D197,2023-10-09 16:00:00,Idle
D197,2023-10-09 17:36:00,Busy
D197,2023-10-09 18:06:00,Offline
D197,2023-10-10 10:06:00,Online
D197,2023-10-10 11:24:00,Busy
D197,2023-10-10 12:42:00,Idle
D197,2023-10-10 13:37:00,Idle
D197,2023-10-10 14:33:00,Idle
D197,2023-10-10 14:54:00,Offline
D197,2023-10-11 08:54:00,Online
D197,2023-10-11 09:59:00,Busy
D197,2023-10-11 10:18:00,Busy
D197,2023-10-11 11:05:00,Idle
D197,2023-10-11 12:18:00,Busy
D197,2023-10-11 13:31:00,Idle
D197,2023-10-11 14:11:00,Offline
D197,2023-10-12 11:11:00,Online
D197,2023-10-12 12:25:00,Busy
D197,2023-10-12 13:36:00,Busy
D197,2023-10-12 14:06:00,Idle
D197,2023-10-12 14:43:00,Offline
D197,2023-10-13 02:43:00,Online
D197,2023-10-13 04:24:00,Busy
D197,2023-10-13 05:56:00,Idle
D197,2023-10-13 06:35:00,Idle
D197,2023-10-13 07:23:00,Idle
D197,2023-10-13 07:40:00,Idle
D197,2023-10-13 09:02:00,Busy
D197,2023-10-13 11:02:00,Idle
D197,2023-10-13 12:58:00,Busy
D197,2023-10-13 14:51:00,Idle
D197,2023-10-13 15:28:00,Offline
D197,2023-10-14 15:28:00,Online
D197,2023-10-14 16:04:00,Busy
D197,2023-10-14 17:10:00,Busy
D197,2023-10-14 18:12:00,Busy
D197,2023-10-14 19:44:00,Idle
D197,2023-10-14 20:25:00,Busy
D197,2023-10-14 20:57:00,Idle
D197,2023-10-14 22:40:00,Busy
D197,2023-10-15 00:34:00,Busy
D197,2023-10-15 00:56:00,Idle
D197,2023-10-15 02:12:00,Busy
D197,2023-10-15 03:12:00,Offline
D197,2023-10-15 15:12:00,Online
D197,2023-10-15 15:56:00,Idle
D197,2023-10-15 17:03:00,Idle
D197,2023-10-15 18:14:00,Busy
D197,2023-10-15 19:15:00,Busy
D197,2023-10-15 20:13:00,Offline
D197,2023-10-16 13:13:00,Online
D197,2023-10-16 13:42:00,Busy
D197,2023-10-16 15:23:00,Busy
D197,2023-10-16 16:51:00,Busy
D197,2023-10-16 18:37:00,Idle
D197,2023-10-16 20:00:00,Idle
D197,2023-10-16 21:21:00,Idle
D197,2023-10-16 22:27:00,Busy
D197,2023-10-16 23:08:00,Busy
D197,2023-10-17 00:36:00,Idle
D197,2023-10-17 01:38:00,Busy
D197,2023-10-17 02:38:00,Offline
D198,2023-10-04 00:00:00,Online
D198,2023-10-04 01:44:00,Busy
D198,2023-10-04 02:05:00,Idle
D198,2023-10-04 02:35:00,Busy
D198,2023-10-04 03:59:00,Idle
D198,2023-10-04 04:54:00,Busy
D198,2023-10-04 05:50:00,Idle
D198,2023-10-04 06:21:00,Idle
D198,2023-10-04 08:20:00,Idle
D198,2023-10-04 10:19:00,Busy
D198,2023-10-04 10:45:00,Idle
D198,2023-10-04 11:37:00,Offline
D198,2023-10-05 01:37:00,Online
D198,2023-10-05 02:40:00,Idle
D198,2023-10-05 03:48:00,Idle
D198,2023-10-05 04:32:00,Busy
D198,2023-10-05 05:43:00,Busy
D198,2023-10-05 06:17:00,Busy
D198,2023-10-05 06:59:00,Idle
D198,2023-10-05 08:28:00,Idle
D198,2023-10-05 09:59:00,Busy
D198,2023-10-05 10:37:00,Idle
D198,2023-10-05 10:52:00,Offline
D198,2023-10-06 03:52:00,Online
D198,2023-10-06 05:44:00,Idle
D198,2023-10-06 07:37:00,Idle
D198,2023-10-06 09:32:00,Idle
D198,2023-10-06 10:24:00,Idle
D198,2023-10-06 10:46:00,Busy
D198,2023-10-06 11:29:00,Busy
D198,2023-10-06 13:06:00,Busy
D198,2023-10-06 13:21:00,Busy
D198,2023-10-06 14:04:00,Offline
D198,2023-10-07 04:04:00,Online
D198,2023-10-07 05:08:00,Busy
D198,2023-10-07 05:30:00,Idle
D198,2023-10-07 06:32:00,Idle
D198,2023-10-07 07:46:00,Idle
D198,2023-10-07 09:30:00,Busy
D198,2023-10-07 09:46:00,Offline
D198,2023-10-07 21:46:00,Online
D198,2023-10-07 23:37:00,Busy
D198,2023-10-08 01:34:00,Busy
D198,2023-10-08 03:33:00,Idle
D198,2023-10-08 05:10:00,Idle
D198,2023-10-08 06:49:00,Idle
D198,2023-10-08 07:14:00,Offline
D199,2023-10-05 00:00:00,Online
D199,2023-10-05 00:57:00,Busy
D199,2023-10-05 02:26:00,Idle
D199,2023-10-05 02:54:00,Busy
D199,2023-10-05 04:54:00,Idle
D199,2023-10-05 05:14:00,Offline
D199,2023-10-06 05:14:00,Online
D199,2023-10-06 05:56:00,Busy
D199,2023-10-06 07:51:00,Idle
D199,2023-10-06 08:11:00,Busy
D199,2023-10-06 09:45:00,Idle
D199,2023-10-06 10:04:00,Idle
D199,2023-10-06 10:56:00,Idle
D199,2023-10-06 12:47:00,Busy
D199,2023-10-06 14:09:00,Busy
D199,2023-10-06 14:56:00,Idle
D199,2023-10-06 15:55:00,Offline
D199,2023-10-07 11:55:00,Online
D199,2023-10-07 12:50:00,Idle
D199,2023-10-07 14:10:00,Busy
D199,2023-10-07 15:09:00,Busy
D199,2023-10-07 16:31:00,Busy
D199,2023-10-07 17:18:00,Offline
D199,2023-10-08 14:18:00,Online
D199,2023-10-08 15:12:00,Idle
D199,2023-10-08 17:09:00,Busy
D199,2023-10-08 17:50:00,Busy
D199,2023-10-08 18:14:00,Idle
D199,2023-10-08 18:44:00,Idle
D199,2023-10-08 18:55:00,Offline
D199,2023-10-09 15:55:00,Online
D199,2023-10-09 17:23:00,Idle
D199,2023-10-09 18:47:00,Idle
D199,2023-10-09 19:29:00,Busy
D199,2023-10-09 20:40:00,Idle
D199,2023-10-09 21:20:00,Offline
D199,2023-10-10 19:20:00,Online
D199,2023-10-10 20:29:00,Idle
D199,2023-10-10 22:12:00,Idle
D199,2023-10-10 23:24:00,Busy
D199,2023-10-10 23:52:00,Idle
D199,2023-10-11 01:23:00,Busy
D199,2023-10-11 02:04:00,Offline
D199,2023-10-11 15:04:00,Online
D199,2023-10-11 16:14:00,Idle
D199,2023-10-11 17:45:00,Busy
D199,2023-10-11 19:24:00,Busy
D199,2023-10-11 19:41:00,Idle
D199,2023-10-11 21:20:00,Idle
D199,2023-10-11 22:50:00,Idle
D199,2023-10-11 23:37:00,Busy
D199,2023-10-12 00:02:00,Busy
D199,2023-10-12 01:27:00,Busy
D199,2023-10-12 01:50:00,Offline
D199,2023-10-12 14:50:00,Online
D199,2023-10-12 15:53:00,Idle
D199,2023-10-12 17:38:00,Idle
D199,2023-10-12 19:06:00,Idle
D199,2023-10-12 20:31:00,Idle
D199,2023-10-12 22:06:00,Idle
D199,2023-10-12 23:32:00,Busy
D199,2023-10-13 01:14:00,Busy
D199,2023-10-13 02:09:00,Offline
D199,2023-10-13 14:09:00,Online
D199,2023-10-13 14:57:00,Busy
D199,2023-10-13 16:54:00,Idle
D199,2023-10-13 18:26:00,Busy
D199,2023-10-13 19:47:00,Busy
D199,2023-10-13 21:24:00,Busy
D199,2023-10-13 21:40:00,Idle
D199,2023-10-13 22:15:00,Offline
D200,2023-10-04 00:00:00,Online
D200,2023-10-04 00:37:00,Busy
D200,2023-10-04 01:07:00,Busy
D200,2023-10-04 02:13:00,Busy
D200,2023-10-04 03:16:00,Busy
D200,2023-10-04 04:01:00,Offline
D200,2023-10-04 16:01:00,Online
D200,2023-10-04 16:47:00,Idle
D200,2023-10-04 17:33:00,Busy
D200,2023-10-04 17:56:00,Idle
D200,2023-10-04 18:21:00,Busy
D200,2023-10-04 19:38:00,Busy
D200,2023-10-04 20:54:00,Busy
D200,2023-10-04 22:53:00,Busy
D200,2023-10-04 23:23:00,Offline
D200,2023-10-05 13:23:00,Online
D200,2023-10-05 15:19:00,Busy
D200,2023-10-05 16:52:00,Idle
D200,2023-10-05 18:36:00,Idle
D200,2023-10-05 20:32:00,Busy
D200,2023-10-05 20:54:00,Busy
D200,2023-10-05 22:06:00,Idle
D200,2023-10-06 00:04:00,Idle
D200,2023-10-06 01:17:00,Busy
D200,2023-10-06 02:48:00,Busy
D200,2023-10-06 03:08:00,Idle
D200,2023-10-06 03:43:00,Offline
D200,2023-10-06 21:43:00,Online
D200,2023-10-06 22:22:00,Idle
D200,2023-10-06 23:36:00,Busy
D200,2023-10-07 00:34:00,Busy
D200,2023-10-07 01:08:00,Busy
D200,2023-10-07 01:55:00,Offline
D200,2023-10-07 22:55:00,Online
D200,2023-10-08 00:07:00,Idle
D200,2023-10-08 01:06:00,Idle
D200,2023-10-08 01:46:00,Busy
D200,2023-10-08 03:25:00,Busy
D200,2023-10-08 04:04:00,Busy
D200,2023-10-08 04:34:00,Busy
D200,2023-10-08 05:27:00,Busy
D200,2023-10-08 06:37:00,Busy
D200,2023-10-08 07:31:00,Idle
D200,2023-10-08 09:01:00,Busy
D200,2023-10-08 09:46:00,Offline
D200,2023-10-09 00:46:00,Online
D200,2023-10-09 02:36:00,Busy
D200,2023-10-09 03:06:00,Idle
D200,2023-10-09 03:54:00,Busy
D200,2023-10-09 05:53:00,Idle
D200,2023-10-09 06:29:00,Idle
D200,2023-10-09 07:48:00,Busy
D200,2023-10-09 08:35:00,Idle
D200,2023-10-09 10:18:00,Busy
D200,2023-10-09 10:45:00,Offline
D200,2023-10-10 05:45:00,Online
D200,2023-10-10 06:02:00,Busy
D200,2023-10-10 07:59:00,Idle
D200,2023-10-10 08:48:00,Busy
D200,2023-10-10 09:38:00,Idle
D200,2023-10-10 10:36:00,Busy
D200,2023-10-10 12:03:00,Idle
D200,2023-10-10 13:53:00,Busy
D200,2023-10-10 14:19:00,Offline
D200,2023-10-11 07:19:00,Online
D200,2023-10-11 08:15:00,Busy
D200,2023-10-11 09:04:00,Busy
D200,2023-10-11 09:44:00,Idle
D200,2023-10-11 11:23:00,Idle
D200,2023-10-11 12:54:00,Idle
D200,2023-10-11 13:32:00,Busy
D200,2023-10-11 15:12:00,Busy
D200,2023-10-11 15:43:00,Idle
D200,2023-10-11 15:56:00,Offline
D200,2023-10-12 03:56:00,Online
D200,2023-10-12 04:15:00,Busy
D200,2023-10-12 05:29:00,Idle
D200,2023-10-12 07:02:00,Idle
D200,2023-10-12 07:40:00,Offline
D200,2023-10-13 01:40:00,Online
D200,2023-10-13 01:57:00,Busy
D200,2023-10-13 02:45:00,Idle
D200,2023-10-13 04:10:00,Busy
D200,2023-10-13 04:40:00,Offline
D200,2023-10-13 21:40:00,Online
D200,2023-10-13 22:14:00,Busy
D200,2023-10-13 22:56:00,Busy
D200,2023-10-13 23:28:00,Idle
D200,2023-10-13 23:55:00,Idle
D200,2023-10-14 00:31:00,Idle
D200,2023-10-14 01:50:00,Idle
D200,2023-10-14 02:20:00,Offline
D200,2023-10-14 23:20:00,Online
D200,2023-10-15 01:00:00,Busy
D200,2023-10-15 02:33:00,Idle
D200,2023-10-15 04:25:00,Idle
D200,2023-10-15 04:58:00,Offline
D200,2023-10-15 18:58:00,Online
D200,2023-10-15 19:44:00,Busy
D200,2023-10-15 20:15:00,Busy
D200,2023-10-15 20:31:00,Idle
D200,2023-10-15 22:27:00,Busy
D200,2023-10-15 22:42:00,Idle
D200,2023-10-15 23:08:00,Idle
D200,2023-10-16 00:40:00,Busy
D200,2023-10-16 00:58:00,Offline
D200,2023-10-16 13:58:00,Online
D200,2023-10-16 14:53:00,Busy
D200,2023-10-16 16:08:00,Busy
D200,2023-10-16 16:48:00,Busy
D200,2023-10-16 17:47:00,Offline
D200,2023-10-17 17:47:00,Online
D200,2023-10-17 18:27:00,Busy
D200,2023-10-17 19:41:00,Idle
D200,2023-10-17 20:08:00,Idle
D200,2023-10-17 20:51:00,Busy
D200,2023-10-17 22:36:00,Idle
D200,2023-10-18 00:13:00,Idle
D200,2023-10-18 01:53:00,Busy
D200,2023-10-18 03:51:00,Idle
D200,2023-10-18 04:47:00,Offline
D202,2023-10-02 00:00:00,Online
D202,2023-10-02 01:24:00,Busy
D202,2023-10-02 03:11:00,Busy
D202,2023-10-02 03:52:00,Idle
D202,2023-10-02 04:02:00,Offline
D202,2023-10-02 18:02:00,Online
D202,2023-10-02 19:35:00,Idle
D202,2023-10-02 21:12:00,Busy
D202,2023-10-02 21:35:00,Idle
D202,2023-10-02 22:19:00,Offline
D202,2023-10-03 12:19:00,Online
D202,2023-10-03 12:37:00,Busy
D202,2023-10-03 14:10:00,Busy
D202,2023-10-03 15:11:00,Busy
D202,2023-10-03 15:59:00,Offline
D202,2023-10-04 03:59:00,Online
D202,2023-10-04 04:51:00,Idle
D202,2023-10-04 05:51:00,Idle
D202,2023-10-04 06:30:00,Busy
D202,2023-10-04 07:55:00,Idle
D202,2023-10-04 08:53:00,Busy
D202,2023-10-04 10:43:00,Busy
D202,2023-10-04 11:03:00,Busy
D202,2023-10-04 12:30:00,Busy
D202,2023-10-04 12:52:00,Busy
D202,2023-10-04 13:14:00,Idle
D202,2023-10-04 13:51:00,Offline
D202,2023-10-05 04:51:00,Online
D202,2023-10-05 06:24:00,Busy
D202,2023-10-05 07:15:00,Idle
D202,2023-10-05 08:53:00,Busy
D202,2023-10-05 10:21:00,Idle
D202,2023-10-05 11:35:00,Idle
D202,2023-10-05 12:21:00,Busy
D202,2023-10-05 13:05:00,Busy
D202,2023-10-05 13:38:00,Offline
D202,2023-10-06 01:38:00,Online
D202,2023-10-06 03:00:00,Idle
D202,2023-10-06 04:29:00,Idle
D202,2023-10-06 04:46:00,Idle
D202,2023-10-06 05:09:00,Idle
D202,2023-10-06 05:41:00,Idle
D202,2023-10-06 06:28:00,Busy
D202,2023-10-06 06:50:00,Idle
D202,2023-10-06 08:08:00,Idle
D202,2023-10-06 09:06:00,Busy
D202,2023-10-06 09:49:00,Offline
D202,2023-10-07 04:49:00,Online
D202,2023-10-07 05:42:00,Busy
D202,2023-10-07 06:35:00,Busy
D202,2023-10-07 07:41:00,Busy
D202,2023-10-07 09:06:00,Idle
D202,2023-10-07 09:23:00,Offline
D202,2023-10-07 23:23:00,Online
D202,2023-10-08 00:35:00,Busy
D202,2023-10-08 02:23:00,Busy
D202,2023-10-08 02:56:00,Idle
D202,2023-10-08 03:53:00,Busy
D202,2023-10-08 04:51:00,Offline
D203,2023-10-02 00:00:00,Online
D203,2023-10-02 01:44:00,Busy
D203,2023-10-02 02:09:00,Busy
D203,2023-10-02 03:12:00,Busy
D203,2023-10-02 04:03:00,Offline
D203,2023-10-03 00:03:00,Online
D203,2023-10-03 01:08:00,Busy
D203,2023-10-03 02:42:00,Idle
D203,2023-10-03 03:13:00,Idle
D203,2023-10-03 04:05:00,Busy
D203,2023-10-03 04:37:00,Busy
D203,2023-10-03 06:19:00,Idle
D203,2023-10-03 06:40:00,Busy
D203,2023-10-03 07:22:00,Offline
D203,2023-10-03 20:22:00,Online
D203,2023-10-03 21:08:00,Idle
D203,2023-10-03 22:56:00,Busy
D203,2023-10-03 23:41:00,Busy
D203,2023-10-04 00:47:00,Busy
D203,2023-10-04 01:06:00,Idle
D203,2023-10-04 02:04:00,Offline
D203,2023-10-04 15:04:00,Online
D203,2023-10-04 16:27:00,Idle
D203,2023-10-04 18:20:00,Idle
D203,2023-10-04 19:53:00,Idle
D203,2023-10-04 21:25:00,Busy
D203,2023-10-04 22:49:00,Idle
D203,2023-10-04 23:26:00,Busy
D203,2023-10-05 00:44:00,Idle
D203,2023-10-05 02:11:00,Idle
D203,2023-10-05 02:28:00,Busy
D203,2023-10-05 02:55:00,Offline
D203,2023-10-05 19:55:00,Online
D203,2023-10-05 21:24:00,Busy
D203,2023-10-05 22:11:00,Busy
D203,2023-10-05 23:44:00,Idle
D203,2023-10-06 00:21:00,Idle
D203,2023-10-06 01:56:00,Idle
D203,2023-10-06 03:20:00,Busy
D203,2023-10-06 04:46:00,Busy
D203,2023-10-06 05:23:00,Busy
D203,2023-10-06 05:43:00,Offline
D203,2023-10-06 19:43:00,Online
D203,2023-10-06 21:02:00,Idle
D203,2023-10-06 21:21:00,Busy
D203,2023-10-06 21:49:00,Busy
D203,2023-10-06 22:24:00,Busy
D203,2023-10-07 00:14:00,Idle
D203,2023-10-07 01:25:00,Idle
D203,2023-10-07 02:28:00,Idle
D203,2023-10-07 03:48:00,Busy
D203,2023-10-07 04:16:00,Idle
D203,2023-10-07 05:29:00,Busy
D203,2023-10-07 06:09:00,Offline
D204,2023-10-03 00:00:00,Online
D204,2023-10-03 01:11:00,Idle
D204,2023-10-03 02:16:00,Idle
D204,2023-10-03 03:02:00,Idle
D204,2023-10-03 03:20:00,Busy
D204,2023-10-03 03:54:00,Offline
D204,2023-10-04 01:54:00,Online
D204,2023-10-04 03:17:00,Idle
D204,2023-10-04 04:06:00,Busy
D204,2023-10-04 04:29:00,Busy
D204,2023-10-04 06:28:00,Idle
D204,2023-10-04 06:43:00,Busy
D204,2023-10-04 07:16:00,Idle
D204,2023-10-04 07:53:00,Idle
D204,2023-10-04 09:22:00,Idle
D204,2023-10-04 10:34:00,Busy
D204,2023-10-04 11:27:00,Busy
D204,2023-10-04 12:27:00,Offline
D204,2023-10-05 06:27:00,Online
D204,2023-10-05 07:34:00,Busy
D204,2023-10-05 08:12:00,Busy
D204,2023-10-05 09:20:00,Busy
D204,2023-10-05 09:56:00,Idle
D204,2023-10-05 11:19:00,Idle
D204,2023-10-05 12:46:00,Idle
D204,2023-10-05 13:15:00,Busy
D204,2023-10-05 14:51:00,Idle
D204,2023-10-05 15:06:00,Busy
D204,2023-10-05 15:21:00,Offline
D204,2023-10-06 03:21:00,Online
D204,2023-10-06 05:11:00,Idle
D204,2023-10-06 05:58:00,Idle
D204,2023-10-06 06:20:00,Busy
D204,2023-10-06 08:07:00,Idle
D204,2023-10-06 08:37:00,Idle
D204,2023-10-06 10:24:00,Busy
D204,2023-10-06 11:17:00,Offline
D204,2023-10-07 11:17:00,Online
D204,2023-10-07 12:05:00,Busy
D204,2023-10-07 13:12:00,Idle
D204,2023-10-07 14:17:00,Idle
D204,2023-10-07 14:49:00,Idle
D204,2023-10-07 15:11:00,Offline
D204,2023-10-08 14:11:00,Online
D204,2023-10-08 15:52:00,Busy
D204,2023-10-08 17:02:00,Idle
D204,2023-10-08 18:41:00,Busy
D204,2023-10-08 19:10:00,Idle
D204,2023-10-08 19:28:00,Idle
D204,2023-10-08 19:54:00,Offline
D204,2023-10-09 17:54:00,Online
D204,2023-10-09 18:32:00,Idle
D204,2023-10-09 19:04:00,Busy
D204,2023-10-09 20:22:00,Idle
D204,2023-10-09 21:53:00,Busy
D204,2023-10-09 22:39:00,Idle
D204,2023-10-09 23:52:00,Idle
D204,2023-10-10 00:18:00,Offline
D204,2023-10-10 18:18:00,Online
D204,2023-10-10 19:46:00,Idle
D204,2023-10-10 20:54:00,Idle
D204,2023-10-10 21:41:00,Idle
D204,2023-10-10 23:14:00,Busy
D204,2023-10-11 01:12:00,Idle
D204,2023-10-11 02:40:00,Busy
D204,2023-10-11 03:17:00,Offline
D204,2023-10-11 17:17:00,Online
D204,2023-10-11 17:45:00,Busy
D204,2023-10-11 19:04:00,Busy
D204,2023-10-11 19:25:00,Idle
D204,2023-10-11 20:09:00,Offline
D204,2023-10-12 14:09:00,Online
D204,2023-10-12 15:30:00,Idle
D204,2023-10-12 16:27:00,Idle
D204,2023-10-12 17:13:00,Busy
D204,2023-10-12 19:10:00,Idle
D204,2023-10-12 20:49:00,Busy
D204,2023-10-12 21:02:00,Offline
D204,2023-10-13 19:02:00,Online
D204,2023-10-13 20:01:00,Idle
D204,2023-10-13 20:20:00,Busy
D204,2023-10-13 21:34:00,Busy
D204,2023-10-13 23:25:00,Busy
D204,2023-10-14 00:54:00,Busy
D204,2023-10-14 01:40:00,Idle
D204,2023-10-14 02:47:00,Busy
D204,2023-10-14 04:11:00,Idle
D204,2023-10-14 06:00:00,Busy
D204,2023-10-14 07:40:00,Idle
D204,2023-10-14 08:13:00,Offline
D204,2023-10-15 04:13:00,Online
D204,2023-10-15 06:04:00,Busy
D204,2023-10-15 08:00:00,Busy
D204,2023-10-15 09:33:00,Idle
D204,2023-10-15 10:58:00,Idle
D204,2023-10-15 12:39:00,Busy
D204,2023-10-15 14:34:00,Idle
D204,2023-10-15 15:22:00,Offline
D204,2023-10-16 04:22:00,Online
D204,2023-10-16 06:22:00,Idle
D204,2023-10-16 07:06:00,Idle
D204,2023-10-16 08:30:00,Idle
D204,2023-10-16 09:12:00,Idle
D204,2023-10-16 10:36:00,Idle
D204,2023-10-16 12:00:00,Idle
D204,2023-10-16 12:17:00,Busy
D204,2023-10-16 13:14:00,Busy
D204,2023-10-16 13:34:00,Busy
D204,2023-10-16 14:08:00,Offline
D204,2023-10-17 10:08:00,Online
D204,2023-10-17 10:24:00,Busy
D204,2023-10-17 12:19:00,Busy
D204,2023-10-17 13:48:00,Idle
D204,2023-10-17 14:15:00,Offline
D205,2023-10-01 00:00:00,Online
D205,2023-10-01 01:06:00,Idle
D205,2023-10-01 01:31:00,Busy
D205,2023-10-01 02:45:00,Busy
D205,2023-10-01 03:22:00,Idle
D205,2023-10-01 04:30:00,Busy
D205,2023-10-01 05:54:00,Busy
D205,2023-10-01 07:20:00,Idle
D205,2023-10-01 08:39:00,Busy
D205,2023-10-01 10:23:00,Busy
D205,2023-10-01 10:42:00,Offline
D205,2023-10-02 10:42:00,Online
D205,2023-10-02 12:04:00,Busy
D205,2023-10-02 13:50:00,Busy
D205,2023-10-02 14:14:00,Busy
D205,2023-10-02 15:46:00,Busy
D205,2023-10-02 16:35:00,Busy
D205,2023-10-02 17:14:00,Busy
D205,2023-10-02 18:24:00,Busy
D205,2023-10-02 18:47:00,Busy
D205,2023-10-02 20:16:00,Busy
D205,2023-10-02 21:09:00,Busy
D205,2023-10-02 21:35:00,Offline
D205,2023-10-03 12:35:00,Online
D205,2023-10-03 13:53:00,Idle
D205,2023-10-03 15:21:00,Idle
D205,2023-10-03 16:58:00,Idle
D205,2023-10-03 18:21:00,Idle
D205,2023-10-03 19:35:00,Busy
D205,2023-10-03 20:45:00,Idle
D205,2023-10-03 21:41:00,Offline
D205,2023-10-04 18:41:00,Online
D205,2023-10-04 20:00:00,Idle
D205,2023-10-04 21:40:00,Idle
D205,2023-10-04 22:43:00,Idle
D205,2023-10-04 23:26:00,Offline
D205,2023-10-05 12:26:00,Online
D205,2023-10-05 13:14:00,Busy
D205,2023-10-05 13:30:00,Busy
D205,2023-10-05 14:38:00,Idle
D205,2023-10-05 16:22:00,Busy
D205,2023-10-05 17:27:00,Idle
D205,2023-10-05 18:23:00,Busy
D205,2023-10-05 19:37:00,Idle
D205,2023-10-05 20:22:00,Idle
D205,2023-10-05 20:48:00,Offline
D205,2023-10-06 19:48:00,Online
D205,2023-10-06 21:15:00,Idle
D205,2023-10-06 22:44:00,Busy
D205,2023-10-06 23:04:00,Idle
D205,2023-10-06 23:36:00,Busy
D205,2023-10-07 00:19:00,Busy
D205,2023-10-07 01:50:00,Busy
D205,2023-10-07 02:38:00,Busy
D205,2023-10-07 03:23:00,Offline
D205,2023-10-07 15:23:00,Online
D205,2023-10-07 16:07:00,Idle
D205,2023-10-07 16:27:00,Busy
D205,2023-10-07 17:51:00,Busy
D205,2023-10-07 18:25:00,Offline
D205,2023-10-08 15:25:00,Online
D205,2023-10-08 17:06:00,Idle
D205,2023-10-08 18:24:00,Idle
D205,2023-10-08 19:09:00,Busy
D205,2023-10-08 20:59:00,Idle
D205,2023-10-08 21:39:00,Idle
D205,2023-10-08 22:26:00,Busy
D205,2023-10-08 22:51:00,Idle
D205,2023-10-08 23:31:00,Offline
D206,2023-10-03 00:00:00,Online
D206,2023-10-03 00:30:00,Busy
D206,2023-10-03 01:41:00,Busy
D206,2023-10-03 03:11:00,Busy
D206,2023-10-03 05:07:00,Busy
D206,2023-10-03 07:04:00,Busy
D206,2023-10-03 07:26:00,Busy
D206,2023-10-03 07:50:00,Offline
D206,2023-10-04 02:50:00,Online
D206,2023-10-04 04:27:00,Busy
D206,2023-10-04 05:12:00,Idle
D206,2023-10-04 05:46:00,Idle
D206,2023-10-04 06:16:00,Idle
D206,2023-10-04 07:28:00,Idle
D206,2023-10-04 08:50:00,Idle
D206,2023-10-04 09:46:00,Busy
D206,2023-10-04 10:25:00,Offline
D206,2023-10-05 00:25:00,Online
D206,2023-10-05 02:18:00,Idle
D206,2023-10-05 03:42:00,Busy
D206,2023-10-05 05:01:00,Busy
D206,2023-10-05 05:38:00,Idle
D206,2023-10-05 06:57:00,Busy
D206,2023-10-05 07:42:00,Idle
D206,2023-10-05 07:59:00,Offline
D206,2023-10-05 21:59:00,Online
D206,2023-10-05 23:53:00,Idle
D206,2023-10-06 00:29:00,Idle
D206,2023-10-06 02:18:00,Busy
D206,2023-10-06 03:17:00,Idle
D206,2023-10-06 04:20:00,Busy
D206,2023-10-06 06:08:00,Idle
D206,2023-10-06 07:06:00,Busy
D206,2023-10-06 08:02:00,Offline
D206,2023-10-06 20:02:00,Online
D206,2023-10-06 20:44:00,Idle
D206,2023-10-06 22:29:00,Busy
D206,2023-10-06 23:07:00,Busy
D206,2023-10-06 23:35:00,Busy
D206,2023-10-07 00:24:00,Idle
D206,2023-10-07 00:57:00,Idle
D206,2023-10-07 01:45:00,Offline
D206,2023-10-08 00:45:00,Online
D206,2023-10-08 02:22:00,Busy
D206,2023-10-08 02:58:00,Busy
D206,2023-10-08 04:02:00,Busy
D206,2023-10-08 05:32:00,Idle
D206,2023-10-08 05:49:00,Idle
D206,2023-10-08 06:53:00,Busy
D206,2023-10-08 07:38:00,Busy
D206,2023-10-08 08:41:00,Idle
D206,2023-10-08 10:12:00,Idle
D206,2023-10-08 10:48:00,Offline
D206,2023-10-09 06:48:00,Online
D206,2023-10-09 07:12:00,Idle
D206,2023-10-09 09:06:00,Idle
D206,2023-10-09 10:55:00,Idle
D206,2023-10-09 11:53:00,Idle
D206,2023-10-09 12:08:00,Busy
D206,2023-10-09 13:30:00,Busy
D206,2023-10-09 13:53:00,Busy
D206,2023-10-09 15:07:00,Idle
D206,2023-10-09 16:29:00,Idle
D206,2023-10-09 16:44:00,Busy
D206,2023-10-09 17:00:00,Offline
D206,2023-10-10 08:00:00,Online
D206,2023-10-10 08:26:00,Idle
D206,2023-10-10 09:30:00,Busy
D206,2023-10-10 10:56:00,Idle
D206,2023-10-10 11:26:00,Offline
D206,2023-10-11 05:26:00,Online
D206,2023-10-11 06:09:00,Busy
D206,2023-10-11 07:00:00,Idle
D206,2023-10-11 08:11:00,Idle
D206,2023-10-11 08:51:00,Busy
D206,2023-10-11 09:55:00,Busy
D206,2023-10-11 10:29:00,Idle
D206,2023-10-11 11:04:00,Idle
D206,2023-10-11 12:57:00,Idle
D206,2023-10-11 13:42:00,Offline
D206,2023-10-12 04:42:00,Online
D206,2023-10-12 05:41:00,Idle
D206,2023-10-12 05:59:00,Busy
D206,2023-10-12 07:47:00,Busy
D206,2023-10-12 09:21:00,Idle
D206,2023-10-12 11:10:00,Busy
D206,2023-10-12 12:19:00,Idle
D206,2023-10-12 13:43:00,Idle
D206,2023-10-12 14:15:00,Busy
D206,2023-10-12 16:11:00,Idle
D206,2023-10-12 16:27:00,Busy
D206,2023-10-12 17:13:00,Offline
D206,2023-10-13 12:13:00,Online
D206,2023-10-13 12:59:00,Busy
D206,2023-10-13 13:46:00,Idle
D206,2023-10-13 15:36:00,Idle
D206,2023-10-13 16:40:00,Idle
D206,2023-10-13 18:10:00,Idle
D206,2023-10-13 18:48:00,Idle
D206,2023-10-13 19:47:00,Busy
D206,2023-10-13 21:44:00,Idle
D206,2023-10-13 23:33:00,Idle
D206,2023-10-14 00:22:00,Offline
D206,2023-10-14 12:22:00,Online
D206,2023-10-14 12:49:00,Idle
D206,2023-10-14 14:28:00,Busy
D206,2023-10-14 15:14:00,Busy
D206,2023-10-14 16:57:00,Idle
D206,2023-10-14 17:29:00,Busy
D206,2023-10-14 19:11:00,Busy
D206,2023-10-14 21:01:00,Idle
D206,2023-10-14 22:03:00,Idle
D206,2023-10-14 23:01:00,Busy
D206,2023-10-14 23:44:00,Offline
D206,2023-10-15 20:44:00,Online
D206,2023-10-15 21:02:00,Busy
D206,2023-10-15 22:55:00,Idle
D206,2023-10-16 00:03:00,Busy
D206,2023-10-16 01:43:00,Idle
D206,2023-10-16 03:21:00,Idle
D206,2023-10-16 04:14:00,Offline
D206,2023-10-17 04:14:00,Online
D206,2023-10-17 04:44:00,Busy
D206,2023-10-17 06:17:00,Busy
D206,2023-10-17 06:59:00,Busy
D206,2023-10-17 07:11:00,Offline
D206,2023-10-18 01:11:00,Online
D206,2023-10-18 03:03:00,Idle
D206,2023-10-18 04:25:00,Busy
D206,2023-10-18 05:21:00,Busy
D206,2023-10-18 06:11:00,Offline
D207,2023-10-02 00:00:00,Online
D207,2023-10-02 00:18:00,Busy
D207,2023-10-02 01:09:00,Idle
D207,2023-10-02 02:35:00,Idle
D207,2023-10-02 03:57:00,Busy
D207,2023-10-02 05:42:00,Idle
D207,2023-10-02 07:40:00,Idle
D207,2023-10-02 08:14:00,Offline
D207,2023-10-03 02:14:00,Online
D207,2023-10-03 02:44:00,Busy
D207,2023-10-03 04:23:00,Busy
D207,2023-10-03 04:38:00,Busy
D207,2023-10-03 05:00:00,Busy
D207,2023-10-03 05:28:00,Busy
D207,2023-10-03 06:23:00,Busy
D207,2023-10-03 06:56:00,Busy
D207,2023-10-03 07:51:00,Idle
D207,2023-10-03 09:27:00,Busy
D207,2023-10-03 09:52:00,Busy
D207,2023-10-03 10:14:00,Offline
D207,2023-10-03 23:14:00,Online
D207,2023-10-04 00:37:00,Busy
D207,2023-10-04 01:53:00,Busy
D207,2023-10-04 03:29:00,Idle
D207,2023-10-04 03:53:00,Idle
D207,2023-10-04 05:21:00,Idle
D207,2023-10-04 06:49:00,Idle
D207,2023-10-04 08:19:00,Busy
D207,2023-10-04 09:28:00,Busy
D207,2023-10-04 10:18:00,Busy
D207,2023-10-04 11:05:00,Offline
D207,2023-10-05 09:05:00,Online
D207,2023-10-05 10:47:00,Idle
D207,2023-10-05 11:20:00,Busy
D207,2023-10-05 12:05:00,Idle
D207,2023-10-05 13:45:00,Idle
D207,2023-10-05 15:36:00,Busy
D207,2023-10-05 16:13:00,Busy
D207,2023-10-05 17:51:00,Busy
D207,2023-10-05 18:11:00,Offline
D207,2023-10-06 06:11:00,Online
D207,2023-10-06 06:54:00,Busy
D207,2023-10-06 08:45:00,Idle
D207,2023-10-06 09:12:00,Busy
D207,2023-10-06 10:01:00,Busy
D207,2023-10-06 10:22:00,Busy
D207,2023-10-06 11:20:00,Busy
D207,2023-10-06 12:08:00,Idle
D207,2023-10-06 13:03:00,Idle
D207,2023-10-06 13:58:00,Busy
D207,2023-10-06 14:16:00,Idle
D207,2023-10-06 14:36:00,Offline
D207,2023-10-07 03:36:00,Online
D207,2023-10-07 05:01:00,Busy
D207,2023-10-07 07:01:00,Idle
D207,2023-10-07 07:57:00,Idle
D207,2023-10-07 08:53:00,Offline
D207,2023-10-08 01:53:00,Online
D207,2023-10-08 02:36:00,Busy
D207,2023-10-08 03:46:00,Idle
D207,2023-10-08 04:45:00,Idle
D207,2023-10-08 06:11:00,Idle
D207,2023-10-08 06:47:00,Idle
D207,2023-10-08 07:21:00,Idle
D207,2023-10-08 07:52:00,Offline
D207,2023-10-09 05:52:00,Online
D207,2023-10-09 07:04:00,Idle
D207,2023-10-09 07:31:00,Busy
D207,2023-10-09 08:46:00,Idle
D207,2023-10-09 09:24:00,Offline
D207,2023-10-09 23:24:00,Online
D207,2023-10-10 00:14:00,Idle
D207,2023-10-10 02:02:00,Busy
D207,2023-10-10 03:47:00,Idle
D207,2023-10-10 04:43:00,Offline
D207,2023-10-10 23:43:00,Online
D207,2023-10-11 00:42:00,Busy
D207,2023-10-11 02:09:00,Busy
D207,2023-10-11 03:28:00,Idle
D207,2023-10-11 03:47:00,Offline
D207,2023-10-12 03:47:00,Online
D207,2023-10-12 05:25:00,Busy
D207,2023-10-12 06:45:00,Busy
D207,2023-10-12 07:59:00,Busy
D207,2023-10-12 08:54:00,Offline
D207,2023-10-12 20:54:00,Online
D207,2023-10-12 21:33:00,Busy
D207,2023-10-12 22:08:00,Idle
D207,2023-10-12 23:41:00,Busy
D207,2023-10-13 01:33:00,Busy
D207,2023-10-13 01:59:00,Busy
D207,2023-10-13 02:24:00,Idle
D207,2023-10-13 03:18:00,Busy
D207,2023-10-13 05:04:00,Busy
D207,2023-10-13 05:27:00,Idle
D207,2023-10-13 07:06:00,Busy
D207,2023-10-13 07:48:00,Offline
D207,2023-10-14 04:48:00,Online
D207,2023-10-14 05:11:00,Idle
D207,2023-10-14 05:40:00,Busy
D207,2023-10-14 06:32:00,Busy
D207,2023-10-14 08:03:00,Busy
D207,2023-10-14 08:19:00,Idle
D207,2023-10-14 09:17:00,Offline
D208,2023-10-06 00:00:00,Online
D208,2023-10-06 00:27:00,Busy
D208,2023-10-06 01:33:00,Idle
D208,2023-10-06 03:28:00,Busy
D208,2023-10-06 04:56:00,Idle
D208,2023-10-06 05:06:00,Offline
D208,2023-10-06 20:06:00,Online
D208,2023-10-06 21:44:00,Idle
D208,2023-10-06 22:38:00,Busy
D208,2023-10-06 23:51:00,Idle
D208,2023-10-07 00:55:00,Busy
D208,2023-10-07 01:23:00,Offline
D208,2023-10-07 17:23:00,Online
D208,2023-10-07 17:52:00,Busy
D208,2023-10-07 19:01:00,Busy
D208,2023-10-07 20:55:00,Busy
D208,2023-10-07 21:32:00,Offline
D208,2023-10-08 16:32:00,Online
D208,2023-10-08 17:45:00,Idle
D208,2023-10-08 19:18:00,Idle
D208,2023-10-08 20:35:00,Idle
D208,2023-10-08 22:08:00,Idle
D208,2023-10-09 00:05:00,Busy
D208,2023-10-09 01:43:00,Busy
D208,2023-10-09 03:27:00,Busy
D208,2023-10-09 05:19:00,Idle
D208,2023-10-09 05:44:00,Busy
D208,2023-10-09 06:31:00,Offline
D208,2023-10-10 06:31:00,Online
D208,2023-10-10 07:01:00,Busy
D208,2023-10-10 08:35:00,Idle
D208,2023-10-10 08:56:00,Idle
D208,2023-10-10 09:21:00,Offline
D208,2023-10-11 03:21:00,Online
D208,2023-10-11 04:27:00,Busy
D208,2023-10-11 04:42:00,Idle
D208,2023-10-11 05:16:00,Busy
D208,2023-10-11 05:35:00,Busy
D208,2023-10-11 07:10:00,Busy
D208,2023-10-11 08:10:00,Offline
D208,2023-10-12 06:10:00,Online
D208,2023-10-12 07:05:00,Idle
D208,2023-10-12 07:34:00,Busy
D208,2023-10-12 09:01:00,Busy
D208,2023-10-12 09:45:00,Busy
D208,2023-10-12 10:24:00,Idle
D208,2023-10-12 11:02:00,Offline
D208,2023-10-13 07:02:00,Online
D208,2023-10-13 08:43:00,Idle
D208,2023-10-13 10:12:00,Busy
D208,2023-10-13 12:00:00,Idle
D208,2023-10-13 12:28:00,Idle
D208,2023-10-13 12:41:00,Offline
D208,2023-10-14 05:41:00,Online
D208,2023-10-14 06:51:00,Idle
D208,2023-10-14 08:44:00,Busy
D208,2023-10-14 09:51:00,Idle
D208,2023-10-14 11:29:00,Busy
D208,2023-10-14 12:54:00,Busy
D208,2023-10-14 13:14:00,Offline
D208,2023-10-15 12:14:00,Online
D208,2023-10-15 12:31:00,Busy
D208,2023-10-15 12:46:00,Idle
D208,2023-10-15 13:30:00,Idle
D208,2023-10-15 15:26:00,Idle
D208,2023-10-15 17:08:00,Idle
D208,2023-10-15 18:45:00,Busy
D208,2023-10-15 19:41:00,Busy
D208,2023-10-15 21:29:00,Idle
D208,2023-10-15 23:13:00,Busy
D208,2023-10-15 23:34:00,Offline
D208,2023-10-16 17:34:00,Online
D208,2023-10-16 19:07:00,Idle
D208,2023-10-16 20:24:00,Idle
D208,2023-10-16 21:54:00,Busy
D208,2023-10-16 22:14:00,Offline
D208,2023-10-17 11:14:00,Online
D208,2023-10-17 12:15:00,Busy
D208,2023-10-17 12:31:00,Busy
D208,2023-10-17 13:15:00,Idle
D208,2023-10-17 15:12:00,Idle
D208,2023-10-17 15:28:00,Busy
D208,2023-10-17 15:43:00,Idle
D208,2023-10-17 16:34:00,Busy
D208,2023-10-17 18:12:00,Idle
D208,2023-10-17 20:01:00,Busy
D208,2023-10-17 21:18:00,Busy
D208,2023-10-17 21:37:00,Offline
D208,2023-10-18 09:37:00,Online
D208,2023-10-18 11:23:00,Busy
D208,2023-10-18 12:22:00,Idle
D208,2023-10-18 13:53:00,Idle
D208,2023-10-18 15:06:00,Idle
D208,2023-10-18 15:39:00,Offline
D208,2023-10-19 13:39:00,Online
D208,2023-10-19 13:54:00,Idle
D208,2023-10-19 15:19:00,Busy
D208,2023-10-19 16:53:00,Idle
D208,2023-10-19 17:16:00,Busy
D208,2023-10-19 18:28:00,Busy
D208,2023-10-19 19:57:00,Idle
D208,2023-10-19 20:22:00,Offline
D208,2023-10-20 12:22:00,Online
D208,2023-10-20 12:49:00,Busy
D208,2023-10-20 14:05:00,Idle
D208,2023-10-20 15:48:00,Idle
D208,2023-10-20 17:09:00,Idle
D208,2023-10-20 18:39:00,Busy
D208,2023-10-20 20:23:00,Idle
D208,2023-10-20 20:42:00,Offline
D209,2023-10-05 00:00:00,Online
D209,2023-10-05 01:59:00,Busy
D209,2023-10-05 03:46:00,Busy
D209,2023-10-05 04:08:00,Idle
D209,2023-10-05 04:53:00,Idle
D209,2023-10-05 05:33:00,Busy
D209,2023-10-05 07:26:00,Idle
D209,2023-10-05 09:10:00,Idle
D209,2023-10-05 09:56:00,Idle
D209,2023-10-05 10:40:00,Idle
D209,2023-10-05 11:57:00,Idle
D209,2023-10-05 12:12:00,Offline
D209,2023-10-06 08:12:00,Online
D209,2023-10-06 08:52:00,Idle
D209,2023-10-06 09:21:00,Busy
D209,2023-10-06 10:09:00,Busy
D209,2023-10-06 10:33:00,Busy
D209,2023-10-06 11:15:00,Offline
D209,2023-10-07 00:15:00,Online
D209,2023-10-07 00:52:00,Busy
D209,2023-10-07 02:30:00,Busy
D209,2023-10-07 03:37:00,Idle
D209,2023-10-07 05:33:00,Idle
D209,2023-10-07 07:01:00,Busy
D209,2023-10-07 08:51:00,Busy
D209,2023-10-07 09:27:00,Offline
D209,2023-10-07 23:27:00,Online
D209,2023-10-08 00:00:00,Idle
D209,2023-10-08 01:25:00,Idle
D209,2023-10-08 02:03:00,Idle
D209,2023-10-08 02:52:00,Idle
D209,2023-10-08 04:06:00,Idle
D209,2023-10-08 05:04:00,Busy
D209,2023-10-08 07:02:00,Idle
D209,2023-10-08 08:01:00,Offline
D209,2023-10-09 03:01:00,Online
D209,2023-10-09 04:49:00,Busy
D209,2023-10-09 05:37:00,Idle
D209,2023-10-09 05:54:00,Idle
D209,2023-10-09 07:05:00,Busy
D209,2023-10-09 08:39:00,Busy
D209,2023-10-09 10:27:00,Idle
D209,2023-10-09 11:25:00,Idle
D209,2023-10-09 12:55:00,Busy
D209,2023-10-09 13:39:00,Busy
D209,2023-10-09 14:16:00,Offline
D209,2023-10-10 12:16:00,Online
D209,2023-10-10 12:38:00,Busy
D209,2023-10-10 14:20:00,Busy
D209,2023-10-10 15:44:00,Busy
D209,2023-10-10 16:02:00,Idle
D209,2023-10-10 16:25:00,Idle
D209,2023-10-10 17:54:00,Busy
D209,2023-10-10 18:46:00,Offline
D209,2023-10-11 07:46:00,Online
D209,2023-10-11 08:58:00,Busy
D209,2023-10-11 09:18:00,Busy
D209,2023-10-11 09:37:00,Busy
D209,2023-10-11 11:13:00,Busy
D209,2023-10-11 11:44:00,Offline
D209,2023-10-12 06:44:00,Online
D209,2023-10-12 07:21:00,Busy
D209,2023-10-12 08:34:00,Busy
D209,2023-10-12 09:02:00,Idle
D209,2023-10-12 10:13:00,Busy
D209,2023-10-12 11:03:00,Offline
D209,2023-10-13 09:03:00,Online
D209,2023-10-13 09:20:00,Idle
D209,2023-10-13 10:40:00,Busy
D209,2023-10-13 11:06:00,Idle
D209,2023-10-13 12:51:00,Busy
D209,2023-10-13 14:39:00,Idle
D209,2023-10-13 15:02:00,Offline
D210,2023-10-04 00:00:00,Online
D210,2023-10-04 00:17:00,Idle
D210,2023-10-04 00:48:00,Busy
D210,2023-10-04 02:41:00,Busy
D210,2023-10-04 03:21:00,Offline
D210,2023-10-04 23:21:00,Online
D210,2023-10-05 00:26:00,Busy
D210,2023-10-05 02:09:00,Busy
D210,2023-10-05 02:41:00,Idle
D210,2023-10-05 04:36:00,Busy
D210,2023-10-05 04:52:00,Offline
D210,2023-10-05 16:52:00,Online
D210,2023-10-05 17:37:00,Busy
D210,2023-10-05 18:37:00,Idle
D210,2023-10-05 19:34:00,Busy
D210,2023-10-05 20:27:00,Busy
D210,2023-10-05 21:42:00,Idle
D210,2023-10-05 22:16:00,Offline
D210,2023-10-06 19:16:00,Online
D210,2023-10-06 21:06:00,Idle
D210,2023-10-06 22:11:00,Idle
D210,2023-10-06 22:27:00,Busy
D210,2023-10-07 00:24:00,Busy
D210,2023-10-07 02:01:00,Idle
D210,2023-10-07 02:56:00,Offline
D210,2023-10-07 18:56:00,Online
D210,2023-10-07 19:44:00,Idle
D210,2023-10-07 20:27:00,Busy
D210,2023-10-07 22:00:00,Busy
D210,2023-10-07 22:33:00,Offline
D210,2023-10-08 10:33:00,Online
D210,2023-10-08 10:59:00,Idle
D210,2023-10-08 12:59:00,Busy
D210,2023-10-08 14:06:00,Idle
D210,2023-10-08 15:10:00,Busy
D210,2023-10-08 15:33:00,Idle
D210,2023-10-08 16:32:00,Busy
D210,2023-10-08 17:00:00,Offline
D210,2023-10-09 11:00:00,Online
D210,2023-10-09 11:17:00,Busy
D210,2023-10-09 11:56:00,Busy
D210,2023-10-09 13:19:00,Busy
D210,2023-10-09 14:41:00,Busy
D210,2023-10-09 15:23:00,Busy
D210,2023-10-09 15:58:00,Busy
D210,2023-10-09 16:49:00,Offline
D210,2023-10-10 16:49:00,Online
D210,2023-10-10 18:25:00,Busy
D210,2023-10-10 19:37:00,Busy
D210,2023-10-10 19:53:00,Busy
D210,2023-10-10 20:19:00,Offline
D210,2023-10-11 18:19:00,Online
D210,2023-10-11 20:04:00,Idle
D210,2023-10-11 21:14:00,Idle
D210,2023-10-11 22:14:00,Busy
D210,2023-10-11 22:41:00,Busy
D210,2023-10-11 23:10:00,Idle
D210,2023-10-12 00:46:00,Idle
D210,2023-10-12 01:52:00,Busy
D210,2023-10-12 03:34:00,Busy
D210,2023-10-12 04:05:00,Idle
D210,2023-10-12 04:29:00,Offline
D210,2023-10-12 17:29:00,Online
D210,2023-10-12 17:59:00,Busy
D210,2023-10-12 19:16:00,Busy
D210,2023-10-12 20:22:00,Busy
D210,2023-10-12 21:45:00,Busy
D210,2023-10-12 23:18:00,Busy
D210,2023-10-12 23:47:00,Busy
D210,2023-10-13 00:17:00,Busy
D210,2023-10-13 01:00:00,Idle
D210,2023-10-13 02:22:00,Busy
D210,2023-10-13 02:58:00,Idle
D210,2023-10-13 03:54:00,Offline
D210,2023-10-14 00:54:00,Online
D210,2023-10-14 01:22:00,Idle
D210,2023-10-14 03:09:00,Busy
D210,2023-10-14 05:08:00,Idle
D210,2023-10-14 05:39:00,Idle
D210,2023-10-14 06:04:00,Busy
D210,2023-10-14 06:55:00,Idle
D210,2023-10-14 07:14:00,Offline
D211,2023-10-01 00:00:00,Online
D211,2023-10-01 01:20:00,Idle
D211,2023-10-01 02:38:00,Idle
D211,2023-10-01 03:43:00,Idle
D211,2023-10-01 04:37:00,Idle
D211,2023-10-01 05:24:00,Idle
D211,2023-10-01 05:51:00,Idle
D211,2023-10-01 07:30:00,Busy
D211,2023-10-01 08:24:00,Busy
D211,2023-10-01 09:08:00,Offline
D211,2023-10-02 00:08:00,Online
D211,2023-10-02 00:27:00,Idle
D211,2023-10-02 01:36:00,Busy
D211,2023-10-02 02:06:00,Idle
D211,2023-10-02 02:38:00,Busy
D211,2023-10-02 03:27:00,Busy
D211,2023-10-02 05:10:00,Busy
D211,2023-10-02 06:07:00,Busy
D211,2023-10-02 08:00:00,Idle
D211,2023-10-02 08:28:00,Offline
D211,2023-10-02 23:28:00,Online
D211,2023-10-03 00:36:00,Busy
D211,2023-10-03 01:37:00,Idle
D211,2023-10-03 01:56:00,Busy
D211,2023-10-03 03:04:00,Busy
D211,2023-10-03 04:17:00,Busy
D211,2023-10-03 05:10:00,Idle
D211,2023-10-03 06:48:00,Busy
D211,2023-10-03 08:12:00,Busy
D211,2023-10-03 09:57:00,Busy
D211,2023-10-03 11:20:00,Busy
D211,2023-10-03 11:40:00,Offline
D211,2023-10-04 04:40:00,Online
D211,2023-10-04 05:16:00,Idle
D211,2023-10-04 06:23:00,Idle
D211,2023-10-04 07:51:00,Busy
D211,2023-10-04 08:26:00,Idle
D211,2023-10-04 08:49:00,Offline
D211,2023-10-05 04:49:00,Online
D211,2023-10-05 06:35:00,Idle
D211,2023-10-05 08:12:00,Idle
D211,2023-10-05 09:23:00,Idle
D211,2023-10-05 10:24:00,Busy
D211,2023-10-05 11:21:00,Offline
D211,2023-10-06 09:21:00,Online
D211,2023-10-06 10:02:00,Busy
D211,2023-10-06 10:46:00,Idle
D211,2023-10-06 11:07:00,Idle
D211,2023-10-06 12:32:00,Busy
D211,2023-10-06 13:07:00,Idle
D211,2023-10-06 14:40:00,Idle
D211,2023-10-06 15:32:00,Idle
D211,2023-10-06 16:32:00,Offline
D211,2023-10-07 10:32:00,Online
D211,2023-10-07 10:58:00,Busy
D211,2023-10-07 11:58:00,Busy
D211,2023-10-07 12:29:00,Busy
D211,2023-10-07 14:15:00,Idle
D211,2023-10-07 15:07:00,Busy
D211,2023-10-07 16:46:00,Idle
D211,2023-10-07 17:29:00,Idle
D211,2023-10-07 19:28:00,Idle
D211,2023-10-07 21:00:00,Busy
D211,2023-10-07 21:23:00,Offline
D212,2023-10-04 00:00:00,Online
D212,2023-10-04 01:09:00,Idle
D212,2023-10-04 02:59:00,Idle
D212,2023-10-04 04:25:00,Idle
D212,2023-10-04 06:14:00,Busy
D212,2023-10-04 06:53:00,Idle
D212,2023-10-04 07:53:00,Busy
D212,2023-10-04 09:34:00,Busy
D212,2023-10-04 10:29:00,Offline
D212,2023-10-05 03:29:00,Online
D212,2023-10-05 05:27:00,Idle
D212,2023-10-05 07:07:00,Idle
D212,2023-10-05 07:46:00,Idle
D212,2023-10-05 08:22:00,Idle
D212,2023-10-05 08:42:00,Idle
D212,2023-10-05 09:27:00,Idle
D212,2023-10-05 09:48:00,Idle
D212,2023-10-05 10:48:00,Busy
D212,2023-10-05 11:08:00,Offline
D212,2023-10-06 03:08:00,Online
D212,2023-10-06 03:50:00,Busy
D212,2023-10-06 04:48:00,Idle
D212,2023-10-06 06:43:00,Busy
D212,2023-10-06 07:01:00,Idle
D212,2023-10-06 07:39:00,Idle
D212,2023-10-06 09:03:00,Idle
D212,2023-10-06 09:51:00,Offline
D212,2023-10-07 03:51:00,Online
D212,2023-10-07 05:48:00,Idle
D212,2023-10-07 06:22:00,Busy
D212,2023-10-07 08:12:00,Idle
D212,2023-10-07 09:23:00,Idle
D212,2023-10-07 11:05:00,Busy
D212,2023-10-07 12:52:00,Idle
D212,2023-10-07 13:15:00,Offline
D212,2023-10-08 01:15:00,Online
D212,2023-10-08 01:42:00,Idle
D212,2023-10-08 03:32:00,Busy
D212,2023-10-08 05:14:00,Busy
D212,2023-10-08 05:48:00,Idle
D212,2023-10-08 07:32:00,Busy
D212,2023-10-08 08:31:00,Idle
D212,2023-10-08 09:19:00,Idle
D212,2023-10-08 10:16:00,Offline
D212,2023-10-09 05:16:00,Online
D212,2023-10-09 05:48:00,Idle
D212,2023-10-09 07:17:00,Busy
D212,2023-10-09 08:59:00,Busy
D212,2023-10-09 09:27:00,Busy
D212,2023-10-09 10:38:00,Idle
D212,2023-10-09 10:54:00,Offline
D212,2023-10-09 23:54:00,Online
D212,2023-10-10 00:49:00,Idle
D212,2023-10-10 02:05:00,Busy
D212,2023-10-10 02:43:00,Busy
D212,2023-10-10 03:35:00,Busy
D212,2023-10-10 04:38:00,Idle
D212,2023-10-10 05:01:00,Idle
D212,2023-10-10 06:52:00,Busy
D212,2023-10-10 07:24:00,Busy
D212,2023-10-10 07:52:00,Offline
D213,2023-10-05 00:00:00,Online
D213,2023-10-05 01:44:00,Idle
D213,2023-10-05 03:19:00,Idle
D213,2023-10-05 04:13:00,Idle
D213,2023-10-05 04:49:00,Idle
D213,2023-10-05 06:11:00,Idle
D213,2023-10-05 07:53:00,Idle
D213,2023-10-05 09:43:00,Busy
D213,2023-10-05 09:59:00,Offline
D213,2023-10-06 06:59:00,Online
D213,2023-10-06 08:08:00,Idle
D213,2023-10-06 08:24:00,Busy
D213,2023-10-06 09:57:00,Idle
D213,2023-10-06 11:24:00,Idle
D213,2023-10-06 13:06:00,Busy
D213,2023-10-06 14:48:00,Idle
D213,2023-10-06 15:59:00,Idle
D213,2023-10-06 17:49:00,Busy
D213,2023-10-06 18:57:00,Busy
D213,2023-10-06 20:57:00,Idle
D213,2023-10-06 21:31:00,Offline
D213,2023-10-07 20:31:00,Online
D213,2023-10-07 21:19:00,Busy
D213,2023-10-07 22:37:00,Busy
D213,2023-10-08 00:14:00,Busy
D213,2023-10-08 01:46:00,Idle
D213,2023-10-08 02:58:00,Busy
D213,2023-10-08 03:29:00,Offline
D213,2023-10-08 20:29:00,Online
D213,2023-10-08 21:35:00,Idle
D213,2023-10-08 22:56:00,Idle
D213,2023-10-08 23:35:00,Idle
D213,2023-10-09 00:17:00,Busy
D213,2023-10-09 01:32:00,Busy
D213,2023-10-09 02:32:00,Busy
D213,2023-10-09 03:44:00,Idle
D213,2023-10-09 04:01:00,Offline
D213,2023-10-09 21:01:00,Online
D213,2023-10-09 22:39:00,Busy
D213,2023-10-10 00:32:00,Busy
D213,2023-10-10 01:42:00,Busy
D213,2023-10-10 02:33:00,Idle
D213,2023-10-10 03:56:00,Idle
D213,2023-10-10 04:36:00,Busy
D213,2023-10-10 05:33:00,Idle
D213,2023-10-10 07:12:00,Idle
D213,2023-10-10 08:53:00,Busy
D213,2023-10-10 10:41:00,Busy
D213,2023-10-10 11:12:00,Offline
D213,2023-10-10 23:12:00,Online
D213,2023-10-10 23:42:00,Idle
D213,2023-10-11 01:23:00,Idle
D213,2023-10-11 02:10:00,Busy
D213,2023-10-11 03:02:00,Offline
D213,2023-10-12 02:02:00,Online
D213,2023-10-12 02:56:00,Busy
D213,2023-10-12 03:20:00,Busy
D213,2023-10-12 04:41:00,Busy
D213,2023-10-12 06:06:00,Idle
D213,2023-10-12 06:21:00,Idle
D213,2023-10-12 07:16:00,Offline
D213,2023-10-13 02:16:00,Online
D213,2023-10-13 02:56:00,Busy
D213,2023-10-13 04:42:00,Idle
D213,2023-10-13 06:14:00,Idle
D213,2023-10-13 08:14:00,Idle
D213,2023-10-13 08:43:00,Idle
D213,2023-10-13 09:09:00,Idle
D213,2023-10-13 09:32:00,Idle
D213,2023-10-13 10:11:00,Busy
D213,2023-10-13 11:55:00,Idle
D213,2023-10-13 12:39:00,Offline
D213,2023-10-14 02:39:00,Online
D213,2023-10-14 04:13:00,Idle
D213,2023-10-14 05:12:00,Busy
D213,2023-10-14 05:51:00,Idle
D213,2023-10-14 06:29:00,Idle
D213,2023-10-14 07:18:00,Idle
D213,2023-10-14 08:20:00,Busy
D213,2023-10-14 08:46:00,Offline
D213,2023-10-15 08:46:00,Online
D213,2023-10-15 10:42:00,Idle
D213,2023-10-15 12:29:00,Idle
D213,2023-10-15 14:06:00,Idle
D213,2023-10-15 14:23:00,Idle
D213,2023-10-15 15:46:00,Idle
D213,2023-10-15 16:28:00,Idle
D213,2023-10-15 17:31:00,Idle
D213,2023-10-15 19:18:00,Busy
D213,2023-10-15 19:31:00,Offline
D214,2023-10-05 00:00:00,Online
D214,2023-10-05 00:46:00,Idle
D214,2023-10-05 01:56:00,Busy
D214,2023-10-05 03:44:00,Busy
D214,2023-10-05 04:51:00,Busy
D214,2023-10-05 06:49:00,Busy
D214,2023-10-05 08:00:00,Busy
D214,2023-10-05 08:52:00,Offline
D214,2023-10-05 20:52:00,Online
D214,2023-10-05 22:10:00,Busy
D214,2023-10-05 23:13:00,Busy
D214,2023-10-06 00:18:00,Idle
D214,2023-10-06 02:15:00,Busy
D214,2023-10-06 02:48:00,Busy
D214,2023-10-06 04:21:00,Busy
D214,2023-10-06 05:18:00,Offline
D214,2023-10-07 02:18:00,Online
D214,2023-10-07 03:14:00,Idle
D214,2023-10-07 04:14:00,Idle
D214,2023-10-07 05:10:00,Busy
D214,2023-10-07 06:50:00,Busy
D214,2023-10-07 08:35:00,Idle
D214,2023-10-07 10:24:00,Idle
D214,2023-10-07 10:43:00,Idle
D214,2023-10-07 12:18:00,Idle
D214,2023-10-07 13:38:00,Busy
D214,2023-10-07 14:00:00,Offline
D214,2023-10-08 11:00:00,Online
D214,2023-10-08 12:43:00,Busy
D214,2023-10-08 13:53:00,Busy
D214,2023-10-08 15:48:00,Busy
D214,2023-10-08 16:38:00,Busy
D214,2023-10-08 18:06:00,Busy
D214,2023-10-08 19:10:00,Idle
D214,2023-10-08 20:08:00,Busy
D214,2023-10-08 20:52:00,Offline
D214,2023-10-09 13:52:00,Online
D214,2023-10-09 14:13:00,Busy
D214,2023-10-09 14:49:00,Idle
D214,2023-10-09 16:49:00,Idle
D214,2023-10-09 18:28:00,Busy
D214,2023-10-09 20:25:00,Busy
D214,2023-10-09 21:53:00,Busy
D214,2023-10-09 22:25:00,Busy
D214,2023-10-09 23:11:00,Offline
D215,2023-10-05 00:00:00,Online
D215,2023-10-05 00:38:00,Idle
D215,2023-10-05 01:00:00,Busy
D215,2023-10-05 03:00:00,Busy
D215,2023-10-05 04:39:00,Busy
D215,2023-10-05 06:09:00,Busy
D215,2023-10-05 06:51:00,Idle
D215,2023-10-05 07:37:00,Offline
D215,2023-10-05 20:37:00,Online
D215,2023-10-05 22:34:00,Idle
D215,2023-10-05 23:17:00,Idle
D215,2023-10-06 00:16:00,Idle
D215,2023-10-06 01:08:00,Busy
D215,2023-10-06 01:58:00,Busy
D215,2023-10-06 03:22:00,Busy
D215,2023-10-06 05:21:00,Busy
D215,2023-10-06 05:58:00,Idle
D215,2023-10-06 07:42:00,Busy
D215,2023-10-06 08:11:00,Offline
D215,2023-10-07 07:11:00,Online
D215,2023-10-07 08:24:00,Idle
D215,2023-10-07 09:10:00,Idle
D215,2023-10-07 09:31:00,Busy
D215,2023-10-07 11:21:00,Idle
D215,2023-10-07 13:05:00,Idle
D215,2023-10-07 14:19:00,Busy
D215,2023-10-07 15:35:00,Idle
D215,2023-10-07 16:04:00,Offline
D215,2023-10-08 16:04:00,Online
D215,2023-10-08 16:45:00,Busy
D215,2023-10-08 18:41:00,Idle
D215,2023-10-08 19:22:00,Busy
D215,2023-10-08 21:18:00,Idle
D215,2023-10-08 21:45:00,Idle
D215,2023-10-08 23:38:00,Idle
D215,2023-10-08 23:55:00,Offline
D215,2023-10-09 19:55:00,Online
D215,2023-10-09 21:53:00,Busy
D215,2023-10-09 22:40:00,Busy
D215,2023-10-09 22:56:00,Busy
D215,2023-10-09 23:12:00,Busy
D215,2023-10-10 00:02:00,Busy
D215,2023-10-10 00:57:00,Busy
D215,2023-10-10 01:47:00,Offline
D215,2023-10-10 20:47:00,Online
D215,2023-10-10 21:02:00,Busy
D215,2023-10-10 22:06:00,Busy
D215,2023-10-10 23:23:00,Idle
D215,2023-10-11 00:26:00,Busy
D215,2023-10-11 01:18:00,Idle
D215,2023-10-11 02:09:00,Idle
D215,2023-10-11 03:01:00,Busy
D215,2023-10-11 04:31:00,Busy
D215,2023-10-11 05:17:00,Idle
D215,2023-10-11 05:46:00,Offline
D215,2023-10-11 22:46:00,Online
D215,2023-10-11 23:12:00,Busy
D215,2023-10-11 23:53:00,Idle
D215,2023-10-12 00:42:00,Idle
D215,2023-10-12 02:07:00,Busy
D215,2023-10-12 02:54:00,Offline
D215,2023-10-12 16:54:00,Online
D215,2023-10-12 18:21:00,Idle
D215,2023-10-12 18:40:00,Idle
D215,2023-10-12 19:19:00,Idle
D215,2023-10-12 19:42:00,Busy
D215,2023-10-12 21:35:00,Busy
D215,2023-10-12 22:28:00,Busy
D215,2023-10-13 00:04:00,Busy
D215,2023-10-13 00:47:00,Offline
D215,2023-10-13 23:47:00,Online
D215,2023-10-14 00:04:00,Idle
D215,2023-10-14 01:58:00,Idle
D215,2023-10-14 02:31:00,Busy
D215,2023-10-14 04:17:00,Busy
D215,2023-10-14 04:51:00,Offline
D215,2023-10-15 02:51:00,Online
D215,2023-10-15 03:59:00,Busy
D215,2023-10-15 05:12:00,Idle
D215,2023-10-15 06:25:00,Busy
D215,2023-10-15 07:03:00,Offline
D215,2023-10-15 21:03:00,Online
D215,2023-10-15 22:02:00,Busy
D215,2023-10-15 23:45:00,Busy
D215,2023-10-16 00:20:00,Idle
D215,2023-10-16 01:01:00,Idle
D215,2023-10-16 02:01:00,Idle
D215,2023-10-16 02:29:00,Idle
D215,2023-10-16 03:21:00,Idle
D215,2023-10-16 04:22:00,Idle
D215,2023-10-16 04:58:00,Busy
D215,2023-10-16 05:57:00,Idle
D215,2023-10-16 06:10:00,Offline
D215,2023-10-17 05:10:00,Online
D215,2023-10-17 06:07:00,Idle
D215,2023-10-17 07:34:00,Idle
D215,2023-10-17 08:00:00,Busy
D215,2023-10-17 08:42:00,Offline
D215,2023-10-18 07:42:00,Online
D215,2023-10-18 08:16:00,Idle
D215,2023-10-18 08:49:00,Busy
D215,2023-10-18 10:39:00,Busy
D215,2023-10-18 11:03:00,Offline
D215,2023-10-19 06:03:00,Online
D215,2023-10-19 07:41:00,Idle
D215,2023-10-19 08:41:00,Busy
D215,2023-10-19 09:41:00,Idle
D215,2023-10-19 10:58:00,Busy
D215,2023-10-19 12:25:00,Idle
D215,2023-10-19 12:46:00,Idle
D215,2023-10-19 13:49:00,Busy
D215,2023-10-19 14:15:00,Offline
D216,2023-10-06 00:00:00,Online
D216,2023-10-06 00:16:00,Busy
D216,2023-10-06 01:06:00,Busy
D216,2023-10-06 02:03:00,Idle
D216,2023-10-06 03:15:00,Busy
D216,2023-10-06 04:35:00,Busy
D216,2023-10-06 06:24:00,Idle
D216,2023-10-06 07:54:00,Idle
D216,2023-10-06 09:44:00,Busy
D216,2023-10-06 11:38:00,Idle
D216,2023-10-06 12:29:00,Offline
D216,2023-10-07 11:29:00,Online
D216,2023-10-07 12:55:00,Busy
D216,2023-10-07 13:20:00,Busy
D216,2023-10-07 14:02:00,Busy
D216,2023-10-07 14:18:00,Idle
D216,2023-10-07 15:49:00,Idle
D216,2023-10-07 16:32:00,Idle
D216,2023-10-07 18:03:00,Busy
D216,2023-10-07 18:32:00,Busy
D216,2023-10-07 19:12:00,Busy
D216,2023-10-07 19:47:00,Busy
D216,2023-10-07 20:30:00,Offline
D216,2023-10-08 08:30:00,Online
D216,2023-10-08 09:02:00,Idle
D216,2023-10-08 10:30:00,Idle
D216,2023-10-08 11:22:00,Busy
D216,2023-10-08 12:26:00,Idle
D216,2023-10-08 12:41:00,Offline
D216,2023-10-09 11:41:00,Online
D216,2023-10-09 12:40:00,Busy
D216,2023-10-09 13:01:00,Idle
D216,2023-10-09 14:45:00,Idle
D216,2023-10-09 15:56:00,Busy
D216,2023-10-09 17:43:00,Idle
D216,2023-10-09 18:58:00,Busy
D216,2023-10-09 19:21:00,Offline
D216,2023-10-10 11:21:00,Online
D216,2023-10-10 13:09:00,Busy
D216,2023-10-10 14:46:00,Idle
D216,2023-10-10 16:20:00,Idle
D216,2023-10-10 17:22:00,Idle
D216,2023-10-10 18:02:00,Busy
D216,2023-10-10 18:25:00,Idle
D216,2023-10-10 19:53:00,Busy
D216,2023-10-10 20:20:00,Offline
D216,2023-10-11 09:20:00,Online
D216,2023-10-11 10:10:00,Busy
D216,2023-10-11 10:45:00,Idle
D216,2023-10-11 11:16:00,Idle
D216,2023-10-11 12:59:00,Idle
D216,2023-10-11 13:46:00,Offline
D216,2023-10-12 04:46:00,Online
D216,2023-10-12 06:32:00,Busy
D216,2023-10-12 08:12:00,Idle
D216,2023-10-12 09:39:00,Idle
D216,2023-10-12 10:12:00,Offline
D216,2023-10-13 02:12:00,Online
D216,2023-10-13 02:38:00,Busy
D216,2023-10-13 03:48:00,Idle
D216,2023-10-13 04:51:00,Busy
D216,2023-10-13 05:28:00,Idle
D216,2023-10-13 07:06:00,Busy
D216,2023-10-13 08:22:00,Idle
D216,2023-10-13 10:18:00,Busy
D216,2023-10-13 11:38:00,Busy
D216,2023-10-13 13:06:00,Busy
D216,2023-10-13 13:44:00,Offline
D216,2023-10-14 13:44:00,Online
D216,2023-10-14 15:00:00,Idle
D216,2023-10-14 15:57:00,Busy
D216,2023-10-14 17:40:00,Busy
D216,2023-10-14 18:32:00,Busy
D216,2023-10-14 20:02:00,Idle
D216,2023-10-14 20:52:00,Busy
D216,2023-10-14 22:29:00,Busy
D216,2023-10-14 23:19:00,Busy
D216,2023-10-14 23:52:00,Offline
D216,2023-10-15 21:52:00,Online
D216,2023-10-15 23:47:00,Busy
D216,2023-10-16 00:32:00,Busy
D216,2023-10-16 01:02:00,Idle
D216,2023-10-16 01:21:00,Offline
D216,2023-10-16 23:21:00,Online
D216,2023-10-16 23:42:00,Idle
D216,2023-10-17 01:38:00,Busy
D216,2023-10-17 02:04:00,Busy
D216,2023-10-17 02:24:00,Busy
D216,2023-10-17 02:49:00,Idle
D216,2023-10-17 04:00:00,Busy
D216,2023-10-17 05:13:00,Busy
D216,2023-10-17 06:02:00,Idle
D216,2023-10-17 06:18:00,Busy
D216,2023-10-17 06:29:00,Offline
D217,2023-10-01 00:00:00,Online
D217,2023-10-01 00:20:00,Idle
D217,2023-10-01 02:08:00,Idle
D217,2023-10-01 02:47:00,Idle
D217,2023-10-01 04:11:00,Busy
D217,2023-10-01 05:08:00,Offline
D217,2023-10-01 21:08:00,Online
D217,2023-10-01 21:35:00,Busy
D217,2023-10-01 22:47:00,Busy
D217,2023-10-02 00:41:00,Idle
D217,2023-10-02 01:13:00,Idle
D217,2023-10-02 02:29:00,Busy
D217,2023-10-02 02:44:00,Idle
D217,2023-10-02 03:37:00,Idle
D217,2023-10-02 05:08:00,Idle
D217,2023-10-02 06:19:00,Busy
D217,2023-10-02 06:39:00,Offline
D217,2023-10-03 06:39:00,Online
D217,2023-10-03 07:36:00,Idle
D217,2023-10-03 09:36:00,Busy
D217,2023-10-03 11:16:00,Idle
D217,2023-10-03 11:45:00,Offline
D217,2023-10-03 23:45:00,Online
D217,2023-10-04 00:30:00,Busy
D217,2023-10-04 01:36:00,Busy
D217,2023-10-04 01:59:00,Busy
D217,2023-10-04 03:45:00,Busy
D217,2023-10-04 04:04:00,Busy
D217,2023-10-04 05:02:00,Busy
D217,2023-10-04 05:57:00,Idle
D217,2023-10-04 07:34:00,Idle
D217,2023-10-04 07:44:00,Offline
D217,2023-10-05 07:44:00,Online
D217,2023-10-05 08:12:00,Busy
D217,2023-10-05 09:48:00,Idle
D217,2023-10-05 10:24:00,Busy
D217,2023-10-05 11:47:00,Busy
D217,2023-10-05 12:44:00,Idle
D217,2023-10-05 13:04:00,Offline
D219,2023-10-03 00:00:00,Online
D219,2023-10-03 01:47:00,Busy
D219,2023-10-03 02:11:00,Busy
D219,2023-10-03 03:48:00,Busy
D219,2023-10-03 05:36:00,Busy
D219,2023-10-03 07:11:00,Busy
D219,2023-10-03 08:40:00,Busy
D219,2023-10-03 10:34:00,Busy
D219,2023-10-03 12:06:00,Busy
D219,2023-10-03 12:48:00,Idle
D219,2023-10-03 13:33:00,Busy
D219,2023-10-03 14:23:00,Offline
D219,2023-10-04 05:23:00,Online
D219,2023-10-04 05:57:00,Busy
D219,2023-10-04 06:34:00,Busy
D219,2023-10-04 07:50:00,Idle
D219,2023-10-04 08:28:00,Idle
D219,2023-10-04 09:20:00,Idle
D219,2023-10-04 10:14:00,Busy
D219,2023-10-04 12:01:00,Busy
D219,2023-10-04 12:20:00,Busy
D219,2023-10-04 13:13:00,Offline
D219,2023-10-05 08:13:00,Online
D219,2023-10-05 09:01:00,Idle
D219,2023-10-05 10:49:00,Busy
D219,2023-10-05 11:45:00,Busy
D219,2023-10-05 12:33:00,Idle
D219,2023-10-05 13:42:00,Busy
D219,2023-10-05 15:09:00,Idle
D219,2023-10-05 15:28:00,Offline
D219,2023-10-06 04:28:00,Online
D219,2023-10-06 05:10:00,Busy
D219,2023-10-06 06:58:00,Busy
D219,2023-10-06 08:01:00,Idle
D219,2023-10-06 08:36:00,Idle
D219,2023-10-06 09:45:00,Idle
D219,2023-10-06 11:32:00,Idle
D219,2023-10-06 11:58:00,Idle
D219,2023-10-06 13:13:00,Idle
D219,2023-10-06 13:47:00,Offline
D219,2023-10-07 06:47:00,Online
D219,2023-10-07 07:37:00,Busy
D219,2023-10-07 08:41:00,Idle
D219,2023-10-07 10:11:00,Idle
D219,2023-10-07 11:03:00,Idle
D219,2023-10-07 11:45:00,Offline
D219,2023-10-08 11:45:00,Online
D219,2023-10-08 12:27:00,Busy
D219,2023-10-08 12:55:00,Busy
D219,2023-10-08 14:21:00,Idle
D219,2023-10-08 15:35:00,Idle
D219,2023-10-08 16:22:00,Idle
D219,2023-10-08 17:13:00,Busy
D219,2023-10-08 17:47:00,Offline
D219,2023-10-09 10:47:00,Online
D219,2023-10-09 12:02:00,Busy
D219,2023-10-09 13:04:00,Idle
D219,2023-10-09 13:27:00,Busy
D219,2023-10-09 15:26:00,Busy
D219,2023-10-09 17:13:00,Busy
D219,2023-10-09 18:18:00,Idle
D219,2023-10-09 19:51:00,Idle
D219,2023-10-09 21:25:00,Busy
D219,2023-10-09 22:01:00,Busy
D219,2023-10-09 22:59:00,Busy
D219,2023-10-09 23:44:00,Offline
D219,2023-10-10 22:44:00,Online
D219,2023-10-11 00:18:00,Busy
D219,2023-10-11 00:43:00,Idle
D219,2023-10-11 01:29:00,Busy
D219,2023-10-11 02:01:00,Offline
D219,2023-10-11 20:01:00,Online
D219,2023-10-11 21:48:00,Busy
D219,2023-10-11 23:15:00,Busy
D219,2023-10-12 00:28:00,Idle
D219,2023-10-12 01:24:00,Busy
D219,2023-10-12 02:08:00,Busy
D219,2023-10-12 03:46:00,Busy
D219,2023-10-12 05:02:00,Busy
D219,2023-10-12 05:43:00,Offline
D219,2023-10-13 05:43:00,Online
D219,2023-10-13 06:42:00,Idle
D219,2023-10-13 07:41:00,Idle
D219,2023-10-13 09:29:00,Idle
D219,2023-10-13 10:11:00,Idle
D219,2023-10-13 10:42:00,Idle
D219,2023-10-13 12:32:00,Busy
D219,2023-10-13 13:28:00,Idle
D219,2023-10-13 14:40:00,Busy
D219,2023-10-13 15:13:00,Offline
D219,2023-10-14 10:13:00,Online
D219,2023-10-14 11:52:00,Busy
D219,2023-10-14 13:19:00,Idle
D219,2023-10-14 15:05:00,Idle
D219,2023-10-14 15:25:00,Busy
D219,2023-10-14 16:55:00,Idle
D219,2023-10-14 18:22:00,Idle
D219,2023-10-14 19:18:00,Idle
D219,2023-10-14 20:17:00,Idle
D219,2023-10-14 22:16:00,Busy
D219,2023-10-14 22:48:00,Busy
D219,2023-10-14 23:21:00,Offline
D219,2023-10-15 15:21:00,Online
D219,2023-10-15 16:34:00,Busy
D219,2023-10-15 17:41:00,Busy
D219,2023-10-15 18:03:00,Idle
D219,2023-10-15 18:27:00,Idle
D219,2023-10-15 19:24:00,Busy
D219,2023-10-15 21:00:00,Idle
D219,2023-10-15 22:32:00,Idle
D219,2023-10-15 23:17:00,Idle
D219,2023-10-15 23:35:00,Busy
D219,2023-10-16 00:00:00,Busy
D219,2023-10-16 00:36:00,Offline
D219,2023-10-16 12:36:00,Online
D219,2023-10-16 14:08:00,Busy
D219,2023-10-16 14:31:00,Idle
D219,2023-10-16 15:52:00,Busy
D219,2023-10-16 17:17:00,Busy
D219,2023-10-16 18:20:00,Idle
D219,2023-10-16 18:57:00,Idle
D219,2023-10-16 19:46:00,Offline
D219,2023-10-17 15:46:00,Online
D219,2023-10-17 16:21:00,Idle
D219,2023-10-17 16:57:00,Idle
D219,2023-10-17 17:39:00,Busy
D219,2023-10-17 18:32:00,Idle
D219,2023-10-17 19:53:00,Busy
D219,2023-10-17 20:38:00,Idle
D219,2023-10-17 22:03:00,Busy
D219,2023-10-17 22:30:00,Offline
D221,2023-10-01 00:00:00,Online
D221,2023-10-01 00:24:00,Busy
D221,2023-10-01 01:33:00,Busy
D221,2023-10-01 03:13:00,Busy
D221,2023-10-01 04:33:00,Idle
D221,2023-10-01 04:51:00,Idle
D221,2023-10-01 06:35:00,Idle
D221,2023-10-01 07:11:00,Idle
D221,2023-10-01 07:51:00,Idle
D221,2023-10-01 08:21:00,Offline
D221,2023-10-02 07:21:00,Online
D221,2023-10-02 07:51:00,Busy
D221,2023-10-02 08:43:00,Busy
D221,2023-10-02 09:22:00,Busy
D221,2023-10-02 10:00:00,Offline
D221,2023-10-02 22:00:00,Online
D221,2023-10-02 22:40:00,Idle
D221,2023-10-02 23:31:00,Busy
D221,2023-10-03 01:09:00,Busy
D221,2023-10-03 01:37:00,Busy
D221,2023-10-03 02:43:00,Busy
D221,2023-10-03 04:13:00,Busy
D221,2023-10-03 05:08:00,Offline
D221,2023-10-03 19:08:00,Online
D221,2023-10-03 20:30:00,Busy
D221,2023-10-03 20:49:00,Busy
D221,2023-10-03 22:37:00,Idle
D221,2023-10-03 23:50:00,Idle
D221,2023-10-04 00:43:00,Busy
D221,2023-10-04 01:50:00,Idle
D221,2023-10-04 02:31:00,Busy
D221,2023-10-04 03:26:00,Busy
D221,2023-10-04 04:44:00,Busy
D221,2023-10-04 04:57:00,Offline
D221,2023-10-04 18:57:00,Online
D221,2023-10-04 20:14:00,Busy
D221,2023-10-04 20:30:00,Busy
D221,2023-10-04 21:34:00,Busy
D221,2023-10-04 22:31:00,Offline
D221,2023-10-05 17:31:00,Online
D221,2023-10-05 19:30:00,Idle
D221,2023-10-05 19:55:00,Idle
D221,2023-10-05 21:38:00,Idle
D221,2023-10-05 23:16:00,Idle
D221,2023-10-06 00:14:00,Busy
D221,2023-10-06 01:32:00,Idle
D221,2023-10-06 02:25:00,Idle
D221,2023-10-06 03:00:00,Offline
D221,2023-10-06 23:00:00,Online
D221,2023-10-06 23:37:00,Busy
D221,2023-10-07 01:12:00,Busy
D221,2023-10-07 02:21:00,Idle
D221,2023-10-07 03:42:00,Busy
D221,2023-10-07 04:51:00,Busy
D221,2023-10-07 05:26:00,Idle
D221,2023-10-07 06:47:00,Idle
D221,2023-10-07 08:40:00,Idle
D221,2023-10-07 09:47:00,Busy
D221,2023-10-07 10:12:00,Offline
D221,2023-10-08 10:12:00,Online
D221,2023-10-08 10:34:00,Busy
D221,2023-10-08 12:16:00,Idle
D221,2023-10-08 13:46:00,Busy
D221,2023-10-08 14:42:00,Offline
D221,2023-10-09 09:42:00,Online
D221,2023-10-09 10:23:00,Busy
D221,2023-10-09 11:29:00,Idle
D221,2023-10-09 11:45:00,Idle
D221,2023-10-09 13:01:00,Idle
D221,2023-10-09 14:40:00,Idle
D221,2023-10-09 15:46:00,Busy
D221,2023-10-09 16:32:00,Busy
D221,2023-10-09 17:26:00,Idle
D221,2023-10-09 18:11:00,Idle
D221,2023-10-09 18:40:00,Offline
D221,2023-10-10 12:40:00,Online
D221,2023-10-10 14:07:00,Busy
D221,2023-10-10 15:19:00,Busy
D221,2023-10-10 16:53:00,Idle
D221,2023-10-10 17:46:00,Busy
D221,2023-10-10 18:46:00,Idle
D221,2023-10-10 20:20:00,Busy
D221,2023-10-10 21:18:00,Busy
D221,2023-10-10 21:35:00,Busy
D221,2023-10-10 22:31:00,Idle
D221,2023-10-10 23:19:00,Busy
D221,2023-10-10 23:57:00,Offline
D221,2023-10-11 21:57:00,Online
D221,2023-10-11 23:45:00,Idle
D221,2023-10-12 00:57:00,Idle
D221,2023-10-12 01:53:00,Idle
D221,2023-10-12 03:05:00,Busy
D221,2023-10-12 04:52:00,Busy
D221,2023-10-12 05:31:00,Idle
D221,2023-10-12 06:08:00,Idle
D221,2023-10-12 06:51:00,Busy
D221,2023-10-12 07:13:00,Busy
D221,2023-10-12 09:03:00,Idle
D221,2023-10-12 09:18:00,Offline
D222,2023-10-02 00:00:00,Online
D222,2023-10-02 01:17:00,Idle
D222,2023-10-02 01:40:00,Busy
D222,2023-10-02 03:12:00,Busy
D222,2023-10-02 04:32:00,Busy
D222,2023-10-02 05:48:00,Idle
D222,2023-10-02 07:37:00,Busy
D222,2023-10-02 09:12:00,Idle
D222,2023-10-02 10:47:00,Busy
D222,2023-10-02 12:21:00,Idle
D222,2023-10-02 12:36:00,Offline
D222,2023-10-03 03:36:00,Online
D222,2023-10-03 05:14:00,Busy
D222,2023-10-03 06:53:00,Idle
D222,2023-10-03 08:24:00,Busy
D222,2023-10-03 09:45:00,Idle
D222,2023-10-03 10:56:00,Busy
D222,2023-10-03 12:46:00,Busy
D222,2023-10-03 13:39:00,Busy
D222,2023-10-03 14:24:00,Offline
D222,2023-10-04 04:24:00,Online
D222,2023-10-04 05:38:00,Idle
D222,2023-10-04 06:41:00,Idle
D222,2023-10-04 08:28:00,Idle
D222,2023-10-04 10:23:00,Busy
D222,2023-10-04 11:00:00,Idle
D222,2023-10-04 11:24:00,Offline
D222,2023-10-05 03:24:00,Online
D222,2023-10-05 04:40:00,Busy
D222,2023-10-05 05:48:00,Busy
D222,2023-10-05 07:01:00,Busy
D222,2023-10-05 08:53:00,Idle
D222,2023-10-05 10:12:00,Idle
D222,2023-10-05 11:45:00,Busy
D222,2023-10-05 12:29:00,Offline
D222,2023-10-06 10:29:00,Online
D222,2023-10-06 11:35:00,Busy
D222,2023-10-06 11:56:00,Busy
D222,2023-10-06 12:28:00,Busy
D222,2023-10-06 13:58:00,Idle
D222,2023-10-06 14:15:00,Busy
D222,2023-10-06 15:19:00,Idle
D222,2023-10-06 17:06:00,Busy
D222,2023-10-06 17:47:00,Busy
D222,2023-10-06 18:36:00,Offline
D224,2023-10-01 00:00:00,Online
D224,2023-10-01 01:08:00,Idle
D224,2023-10-01 02:57:00,Idle
D224,2023-10-01 03:59:00,Busy
D224,2023-10-01 05:55:00,Busy
D224,2023-10-01 07:20:00,Busy
D224,2023-10-01 08:34:00,Busy
D224,2023-10-01 09:35:00,Idle
D224,2023-10-01 10:07:00,Idle
D224,2023-10-01 11:00:00,Offline
D224,2023-10-02 01:00:00,Online
D224,2023-10-02 01:36:00,Idle
D224,2023-10-02 03:29:00,Idle
D224,2023-10-02 03:45:00,Busy
D224,2023-10-02 05:32:00,Busy
D224,2023-10-02 05:59:00,Busy
D224,2023-10-02 06:23:00,Idle
D224,2023-10-02 06:52:00,Busy
D224,2023-10-02 07:36:00,Idle
D224,2023-10-02 09:25:00,Busy
D224,2023-10-02 10:03:00,Busy
D224,2023-10-02 10:15:00,Offline
D224,2023-10-03 09:15:00,Online
D224,2023-10-03 10:45:00,Idle
D224,2023-10-03 11:04:00,Idle
D224,2023-10-03 12:53:00,Idle
D224,2023-10-03 14:38:00,Busy
D224,2023-10-03 16:18:00,Busy
D224,2023-10-03 18:11:00,Busy
D224,2023-10-03 19:43:00,Busy
D224,2023-10-03 20:19:00,Offline
D224,2023-10-04 09:19:00,Online
D224,2023-10-04 09:44:00,Busy
D224,2023-10-04 10:32:00,Busy
D224,2023-10-04 12:02:00,Idle
D224,2023-10-04 12:57:00,Busy
D224,2023-10-04 14:53:00,Idle
D224,2023-10-04 15:37:00,Offline
D224,2023-10-05 12:37:00,Online
D224,2023-10-05 13:55:00,Idle
D224,2023-10-05 15:47:00,Idle
D224,2023-10-05 17:35:00,Idle
D224,2023-10-05 17:58:00,Offline
D224,2023-10-06 14:58:00,Online
D224,2023-10-06 15:25:00,Idle
D224,2023-10-06 16:09:00,Idle
D224,2023-10-06 16:42:00,Busy
D224,2023-10-06 17:23:00,Offline
D227,2023-10-02 00:00:00,Online
D227,2023-10-02 01:43:00,Idle
D227,2023-10-02 03:28:00,Idle
D227,2023-10-02 05:11:00,Busy
D227,2023-10-02 06:47:00,Idle
D227,2023-10-02 07:09:00,Offline
D227,2023-10-03 06:09:00,Online
D227,2023-10-03 07:06:00,Busy
D227,2023-10-03 08:05:00,Busy
D227,2023-10-03 09:48:00,Busy
D227,2023-10-03 10:32:00,Idle
D227,2023-10-03 11:53:00,Idle
D227,2023-10-03 13:06:00,Busy
D227,2023-10-03 13:29:00,Busy
D227,2023-10-03 14:41:00,Idle
D227,2023-10-03 15:43:00,Idle
D227,2023-10-03 16:38:00,Offline
D227,2023-10-04 15:38:00,Online
D227,2023-10-04 17:35:00,Idle
D227,2023-10-04 18:17:00,Idle
D227,2023-10-04 19:06:00,Busy
D227,2023-10-04 20:48:00,Busy
D227,2023-10-04 21:47:00,Idle
D227,2023-10-04 23:06:00,Idle
D227,2023-10-04 23:33:00,Busy
D227,2023-10-05 00:46:00,Busy
D227,2023-10-05 01:02:00,Offline
D227,2023-10-06 00:02:00,Online
D227,2023-10-06 01:08:00,Busy
D227,2023-10-06 02:11:00,Idle
D227,2023-10-06 03:48:00,Idle
D227,2023-10-06 04:24:00,Busy
D227,2023-10-06 05:10:00,Idle
D227,2023-10-06 06:02:00,Offline
D227,2023-10-06 22:02:00,Online
D227,2023-10-06 22:33:00,Busy
D227,2023-10-06 23:47:00,Busy
D227,2023-10-07 00:49:00,Idle
D227,2023-10-07 02:13:00,Idle
D227,2023-10-07 02:39:00,Idle
D227,2023-10-07 03:26:00,Offline
D227,2023-10-08 01:26:00,Online
D227,2023-10-08 02:59:00,Busy
D227,2023-10-08 04:08:00,Busy
D227,2023-10-08 05:05:00,Busy
D227,2023-10-08 05:56:00,Busy
D227,2023-10-08 06:41:00,Idle
D227,2023-10-08 07:40:00,Offline
D227,2023-10-09 05:40:00,Online
D227,2023-10-09 06:23:00,Busy
D227,2023-10-09 07:38:00,Idle
D227,2023-10-09 09:17:00,Idle
D227,2023-10-09 10:38:00,Busy
D227,2023-10-09 11:56:00,Idle
D227,2023-10-09 13:03:00,Idle
D227,2023-10-09 14:11:00,Idle
D227,2023-10-09 15:32:00,Busy
D227,2023-10-09 15:56:00,Offline
D227,2023-10-10 15:56:00,Online
D227,2023-10-10 17:18:00,Idle
D227,2023-10-10 18:52:00,Busy
D227,2023-10-10 19:24:00,Idle
D227,2023-10-10 20:21:00,Idle
D227,2023-10-10 22:08:00,Busy
D227,2023-10-10 23:42:00,Busy
D227,2023-10-11 00:26:00,Offline
D227,2023-10-11 16:26:00,Online
D227,2023-10-11 18:16:00,Idle
D227,2023-10-11 18:51:00,Busy
D227,2023-10-11 20:43:00,Busy
D227,2023-10-11 21:06:00,Idle
D227,2023-10-11 22:23:00,Idle
D227,2023-10-12 00:03:00,Idle
D227,2023-10-12 00:24:00,Busy
D227,2023-10-12 01:45:00,Idle
D227,2023-10-12 02:20:00,Offline
D227,2023-10-12 19:20:00,Online
D227,2023-10-12 19:48:00,Idle
D227,2023-10-12 20:37:00,Busy
D227,2023-10-12 21:57:00,Busy
D227,2023-10-12 23:20:00,Busy
D227,2023-10-12 23:40:00,Busy
D227,2023-10-13 01:09:00,Busy
D227,2023-10-13 01:31:00,Idle
D227,2023-10-13 02:16:00,Idle
D227,2023-10-13 03:15:00,Offline
D227,2023-10-13 23:15:00,Online
D227,2023-10-14 00:20:00,Idle
D227,2023-10-14 02:01:00,Idle
D227,2023-10-14 03:01:00,Idle
D227,2023-10-14 04:21:00,Idle
D227,2023-10-14 04:44:00,Idle
D227,2023-10-14 05:20:00,Busy
D227,2023-10-14 07:15:00,Busy
D227,2023-10-14 07:59:00,Offline
D227,2023-10-15 07:59:00,Online
D227,2023-10-15 08:43:00,Busy
D227,2023-10-15 10:24:00,Busy
D227,2023-10-15 11:31:00,Idle
D227,2023-10-15 12:32:00,Busy
D227,2023-10-15 14:13:00,Busy
D227,2023-10-15 15:41:00,Busy
D227,2023-10-15 16:54:00,Idle
D227,2023-10-15 18:39:00,Idle
D227,2023-10-15 19:01:00,Offline
D227,2023-10-16 18:01:00,Online
D227,2023-10-16 19:49:00,Busy
D227,2023-10-16 21:17:00,Idle
D227,2023-10-16 22:18:00,Idle
D227,2023-10-16 22:57:00,Busy
D227,2023-10-16 23:54:00,Idle
D227,2023-10-17 00:09:00,Busy
D227,2023-10-17 00:42:00,Offline
D227,2023-10-17 17:42:00,Online
D227,2023-10-17 18:09:00,Idle
D227,2023-10-17 19:08:00,Busy
D227,2023-10-17 21:00:00,Idle
D227,2023-10-17 22:34:00,Busy
D227,2023-10-17 23:58:00,Idle
D227,2023-10-18 00:51:00,Busy
D227,2023-10-18 01:12:00,Busy
D227,2023-10-18 02:10:00,Offline
D228,2023-10-03 00:00:00,Online
D228,2023-10-03 01:36:00,Idle
D228,2023-10-03 02:14:00,Busy
D228,2023-10-03 03:24:00,Busy
D228,2023-10-03 04:09:00,Busy
D228,2023-10-03 04:22:00,Offline
D228,2023-10-04 00:22:00,Online
D228,2023-10-04 02:01:00,Idle
D228,2023-10-04 03:51:00,Idle
D228,2023-10-04 05:34:00,Busy
D228,2023-10-04 07:30:00,Busy
D228,2023-10-04 08:58:00,Idle
D228,2023-10-04 09:26:00,Idle
D228,2023-10-04 11:16:00,Busy
D228,2023-10-04 12:06:00,Idle
D228,2023-10-04 12:17:00,Offline
D228,2023-10-05 04:17:00,Online
D228,2023-10-05 05:54:00,Busy
D228,2023-10-05 06:43:00,Idle
D228,2023-10-05 06:58:00,Busy
D228,2023-10-05 08:48:00,Busy
D228,2023-10-05 09:49:00,Busy
D228,2023-10-05 10:46:00,Offline
D228,2023-10-06 03:46:00,Online
D228,2023-10-06 05:15:00,Busy
D228,2023-10-06 05:48:00,Busy
D228,2023-10-06 06:04:00,Idle
D228,2023-10-06 07:16:00,Busy
D228,2023-10-06 07:46:00,Busy
D228,2023-10-06 08:57:00,Busy
D228,2023-10-06 10:26:00,Idle
D228,2023-10-06 11:09:00,Idle
D228,2023-10-06 12:14:00,Busy
D228,2023-10-06 12:32:00,Idle
D228,2023-10-06 13:03:00,Offline
D228,2023-10-07 09:03:00,Online
D228,2023-10-07 10:23:00,Idle
D228,2023-10-07 11:09:00,Busy
D228,2023-10-07 12:27:00,Idle
D228,2023-10-07 14:01:00,Idle
D228,2023-10-07 14:17:00,Idle
D228,2023-10-07 15:12:00,Offline
D229,2023-10-05 00:00:00,Online
D229,2023-10-05 01:15:00,Busy
D229,2023-10-05 01:55:00,Busy
D229,2023-10-05 02:22:00,Busy
D229,2023-10-05 03:17:00,Idle
D229,2023-10-05 05:15:00,Idle
D229,2023-10-05 06:32:00,Busy
D229,2023-10-05 07:29:00,Idle
D229,2023-10-05 08:44:00,Idle
D229,2023-10-05 09:16:00,Busy
D229,2023-10-05 09:57:00,Busy
D229,2023-10-05 10:26:00,Offline
D229,2023-10-05 23:26:00,Online
D229,2023-10-06 01:02:00,Idle
D229,2023-10-06 02:53:00,Idle
D229,2023-10-06 03:55:00,Busy
D229,2023-10-06 05:53:00,Idle
D229,2023-10-06 06:03:00,Offline
D229,2023-10-07 00:03:00,Online
D229,2023-10-07 01:25:00,Busy
D229,2023-10-07 01:44:00,Idle
D229,2023-10-07 02:48:00,Idle
D229,2023-10-07 03:37:00,Idle
D229,2023-10-07 04:28:00,Offline
D229,2023-10-08 01:28:00,Online
D229,2023-10-08 02:42:00,Busy
D229,2023-10-08 04:15:00,Idle
D229,2023-10-08 05:55:00,Idle
D229,2023-10-08 06:57:00,Busy
D229,2023-10-08 08:15:00,Idle
D229,2023-10-08 08:41:00,Idle
D229,2023-10-08 09:11:00,Busy
D229,2023-10-08 11:01:00,Busy
D229,2023-10-08 11:13:00,Offline
D229,2023-10-09 10:13:00,Online
D229,2023-10-09 11:14:00,Idle
D229,2023-10-09 13:04:00,Busy
D229,2023-10-09 13:51:00,Idle
D229,2023-10-09 14:16:00,Offline
D229,2023-10-10 10:16:00,Online
D229,2023-10-10 10:36:00,Busy
D229,2023-10-10 12:01:00,Idle
D229,2023-10-10 12:36:00,Idle
D229,2023-10-10 13:22:00,Busy
D229,2023-10-10 14:03:00,Idle
D229,2023-10-10 14:19:00,Busy
D229,2023-10-10 15:04:00,Offline
D229,2023-10-11 12:04:00,Online
D229,2023-10-11 13:15:00,Idle
D229,2023-10-11 13:37:00,Idle
D229,2023-10-11 14:32:00,Busy
D229,2023-10-11 15:26:00,Idle
D229,2023-10-11 17:22:00,Busy
D229,2023-10-11 19:18:00,Idle
D229,2023-10-11 21:05:00,Busy
D229,2023-10-11 22:05:00,Offline
D229,2023-10-12 12:05:00,Online
D229,2023-10-12 12:48:00,Busy
D229,2023-10-12 14:16:00,Idle
D229,2023-10-12 15:57:00,Busy
D229,2023-10-12 17:00:00,Idle
D229,2023-10-12 17:52:00,Busy
D229,2023-10-12 19:22:00,Busy
D229,2023-10-12 20:18:00,Busy
D229,2023-10-12 21:23:00,Idle
D229,2023-10-12 21:33:00,Offline
D229,2023-10-13 15:33:00,Online
D229,2023-10-13 16:29:00,Busy
D229,2023-10-13 18:28:00,Busy
D229,2023-10-13 19:45:00,Idle
D229,2023-10-13 21:31:00,Idle
D229,2023-10-13 22:34:00,Busy
D229,2023-10-14 00:04:00,Idle
D229,2023-10-14 00:58:00,Offline
D231,2023-10-01 00:00:00,Online
D231,2023-10-01 00:41:00,Busy
D231,2023-10-01 02:32:00,Busy
D231,2023-10-01 03:34:00,Busy
D231,2023-10-01 04:30:00,Offline
D231,2023-10-01 17:30:00,Online
D231,2023-10-01 19:11:00,Busy
D231,2023-10-01 20:52:00,Busy
D231,2023-10-01 22:43:00,Idle
D231,2023-10-01 22:55:00,Offline
D231,2023-10-02 22:55:00,Online
D231,2023-10-02 23:31:00,Busy
D231,2023-10-03 00:44:00,Busy
D231,2023-10-03 02:11:00,Idle
D231,2023-10-03 02:35:00,Idle
D231,2023-10-03 03:31:00,Busy
D231,2023-10-03 04:31:00,Busy
D231,2023-10-03 06:12:00,Busy
D231,2023-10-03 06:52:00,Offline
D231,2023-10-03 22:52:00,Online
D231,2023-10-03 23:44:00,Idle
D231,2023-10-04 01:02:00,Busy
D231,2023-10-04 01:19:00,Idle
D231,2023-10-04 02:10:00,Busy
D231,2023-10-04 04:02:00,Busy
D231,2023-10-04 05:07:00,Busy
D231,2023-10-04 05:56:00,Busy
D231,2023-10-04 06:11:00,Busy
D231,2023-10-04 07:07:00,Offline
D231,2023-10-04 23:07:00,Online
D231,2023-10-05 00:15:00,Busy
D231,2023-10-05 01:14:00,Idle
D231,2023-10-05 02:44:00,Busy
D231,2023-10-05 03:32:00,Busy
D231,2023-10-05 04:23:00,Idle
D231,2023-10-05 06:03:00,Busy
D231,2023-10-05 06:46:00,Busy
D231,2023-10-05 07:57:00,Idle
D231,2023-10-05 08:41:00,Offline
D231,2023-10-05 23:41:00,Online
D231,2023-10-06 00:03:00,Busy
D231,2023-10-06 01:16:00,Busy
D231,2023-10-06 02:02:00,Idle
D231,2023-10-06 02:28:00,Offline
D231,2023-10-07 01:28:00,Online
D231,2023-10-07 02:03:00,Idle
D231,2023-10-07 03:47:00,Idle
D231,2023-10-07 05:11:00,Busy
D231,2023-10-07 07:05:00,Busy
D231,2023-10-07 08:42:00,Busy
D231,2023-10-07 09:56:00,Idle
D231,2023-10-07 10:24:00,Offline
D231,2023-10-07 22:24:00,Online
D231,2023-10-07 23:11:00,Idle
D231,2023-10-08 00:46:00,Busy
D231,2023-10-08 02:33:00,Busy
D231,2023-10-08 03:23:00,Busy
D231,2023-10-08 04:50:00,Idle
D231,2023-10-08 06:22:00,Idle
D231,2023-10-08 08:04:00,Busy
D231,2023-10-08 09:10:00,Idle
D231,2023-10-08 10:06:00,Offline
D231,2023-10-09 06:06:00,Online
D231,2023-10-09 06:21:00,Busy
D231,2023-10-09 07:16:00,Busy
D231,2023-10-09 08:33:00,Busy
D231,2023-10-09 09:01:00,Idle
D231,2023-10-09 09:44:00,Busy
D231,2023-10-09 11:09:00,Busy
D231,2023-10-09 12:43:00,Idle
D231,2023-10-09 13:18:00,Offline
D231,2023-10-10 01:18:00,Online
D231,2023-10-10 01:38:00,Idle
D231,2023-10-10 03:20:00,Idle
D231,2023-10-10 03:58:00,Idle
D231,2023-10-10 04:15:00,Busy
D231,2023-10-10 05:53:00,Idle
D231,2023-10-10 07:38:00,Busy
D231,2023-10-10 09:38:00,Busy
D231,2023-10-10 11:06:00,Busy
D231,2023-10-10 12:00:00,Idle
D231,2023-10-10 12:53:00,Busy
D231,2023-10-10 13:07:00,Offline
D231,2023-10-11 13:07:00,Online
D231,2023-10-11 14:31:00,Idle
D231,2023-10-11 16:16:00,Idle
D231,2023-10-11 17:49:00,Busy
D231,2023-10-11 18:08:00,Busy
D231,2023-10-11 19:35:00,Busy
D231,2023-10-11 20:59:00,Busy
D231,2023-10-11 22:06:00,Busy
D231,2023-10-11 23:04:00,Offline
D231,2023-10-12 11:04:00,Online
D231,2023-10-12 12:29:00,Busy
D231,2023-10-12 14:27:00,Busy
D231,2023-10-12 15:49:00,Idle
D231,2023-10-12 16:06:00,Idle
D231,2023-10-12 16:44:00,Offline
D232,2023-10-04 00:00:00,Online
D232,2023-10-04 01:42:00,Idle
D232,2023-10-04 02:12:00,Idle
D232,2023-10-04 02:35:00,Busy
D232,2023-10-04 03:22:00,Busy
D232,2023-10-04 03:37:00,Offline
D232,2023-10-05 01:37:00,Online
D232,2023-10-05 02:53:00,Idle
D232,2023-10-05 03:19:00,Busy
D232,2023-10-05 04:41:00,Busy
D232,2023-10-05 05:03:00,Offline
D232,2023-10-06 04:03:00,Online
D232,2023-10-06 06:03:00,Idle
D232,2023-10-06 06:32:00,Busy
D232,2023-10-06 07:52:00,Busy
D232,2023-10-06 09:16:00,Idle
D232,2023-10-06 09:49:00,Idle
D232,2023-10-06 10:42:00,Busy
D232,2023-10-06 12:18:00,Busy
D232,2023-10-06 12:41:00,Idle
D232,2023-10-06 13:12:00,Offline
D232,2023-10-07 10:12:00,Online
D232,2023-10-07 11:26:00,Idle
D232,2023-10-07 13:11:00,Busy
D232,2023-10-07 14:22:00,Idle
D232,2023-10-07 15:46:00,Idle
D232,2023-10-07 16:02:00,Busy
D232,2023-10-07 16:40:00,Idle
D232,2023-10-07 18:27:00,Busy
D232,2023-10-07 20:13:00,Idle
D232,2023-10-07 21:35:00,Busy
D232,2023-10-07 21:52:00,Offline
D232,2023-10-08 11:52:00,Online
D232,2023-10-08 12:35:00,Idle
D232,2023-10-08 14:34:00,Idle
D232,2023-10-08 15:57:00,Busy
D232,2023-10-08 16:16:00,Offline
D232,2023-10-09 13:16:00,Online
D232,2023-10-09 13:59:00,Busy
D232,2023-10-09 14:34:00,Busy
D232,2023-10-09 15:19:00,Busy
D232,2023-10-09 16:43:00,Busy
D232,2023-10-09 17:16:00,Idle
D232,2023-10-09 19:16:00,Busy
D232,2023-10-09 19:31:00,Offline
D232,2023-10-10 14:31:00,Online
D232,2023-10-10 16:26:00,Idle
D232,2023-10-10 17:21:00,Busy
D232,2023-10-10 19:21:00,Busy
D232,2023-10-10 20:39:00,Busy
D232,2023-10-10 22:37:00,Busy
D232,2023-10-10 23:30:00,Busy
D232,2023-10-10 23:48:00,Idle
D232,2023-10-11 01:17:00,Idle
D232,2023-10-11 02:36:00,Idle
D232,2023-10-11 03:47:00,Idle
D232,2023-10-11 04:24:00,Offline
D232,2023-10-11 17:24:00,Online
D232,2023-10-11 18:38:00,Busy
D232,2023-10-11 19:04:00,Busy
D232,2023-10-11 19:45:00,Idle
D232,2023-10-11 20:01:00,Offline
D233,2023-10-03 00:00:00,Online
D233,2023-10-03 00:37:00,Idle
D233,2023-10-03 01:09:00,Busy
D233,2023-10-03 01:54:00,Idle
D233,2023-10-03 03:46:00,Busy
D233,2023-10-03 05:14:00,Idle
D233,2023-10-03 06:27:00,Busy
D233,2023-10-03 08:11:00,Idle
D233,2023-10-03 09:50:00,Idle
D233,2023-10-03 11:15:00,Busy
D233,2023-10-03 12:29:00,Busy
D233,2023-10-03 12:52:00,Offline
D233,2023-10-04 06:52:00,Online
D233,2023-10-04 08:47:00,Busy
D233,2023-10-04 09:58:00,Idle
D233,2023-10-04 11:56:00,Idle
D233,2023-10-04 12:19:00,Idle
D233,2023-10-04 12:45:00,Busy
D233,2023-10-04 14:33:00,Idle
D233,2023-10-04 15:02:00,Busy
D233,2023-10-04 15:23:00,Offline
D233,2023-10-05 08:23:00,Online
D233,2023-10-05 09:14:00,Busy
D233,2023-10-05 11:02:00,Busy
D233,2023-10-05 12:31:00,Idle
D233,2023-10-05 14:25:00,Busy
D233,2023-10-05 15:29:00,Idle
D233,2023-10-05 16:18:00,Busy
D233,2023-10-05 17:08:00,Offline
D233,2023-10-06 11:08:00,Online
D233,2023-10-06 12:44:00,Idle
D233,2023-10-06 14:11:00,Busy
D233,2023-10-06 14:38:00,Busy
D233,2023-10-06 15:37:00,Offline
D233,2023-10-07 06:37:00,Online
D233,2023-10-07 07:01:00,Idle
D233,2023-10-07 08:39:00,Idle
D233,2023-10-07 10:08:00,Idle
D233,2023-10-07 11:53:00,Busy
D233,2023-10-07 13:11:00,Idle
D233,2023-10-07 14:07:00,Busy
D233,2023-10-07 14:31:00,Idle
D233,2023-10-07 16:06:00,Idle
D233,2023-10-07 17:59:00,Busy
D233,2023-10-07 18:22:00,Offline
D233,2023-10-08 12:22:00,Online
D233,2023-10-08 13:08:00,Busy
D233,2023-10-08 14:48:00,Busy
D233,2023-10-08 15:29:00,Idle
D233,2023-10-08 16:25:00,Offline
D233,2023-10-09 07:25:00,Online
D233,2023-10-09 08:43:00,Busy
D233,2023-10-09 09:18:00,Idle
D233,2023-10-09 10:45:00,Idle
D233,2023-10-09 11:29:00,Busy
D233,2023-10-09 12:03:00,Idle
D233,2023-10-09 13:29:00,Idle
D233,2023-10-09 15:01:00,Busy
D233,2023-10-09 16:25:00,Idle
D233,2023-10-09 16:56:00,Idle
D233,2023-10-09 17:38:00,Idle
D233,2023-10-09 18:04:00,Offline
D233,2023-10-10 15:04:00,Online
D233,2023-10-10 16:19:00,Idle
D233,2023-10-10 16:37:00,Busy
D233,2023-10-10 17:57:00,Busy
D233,2023-10-10 19:12:00,Idle
D233,2023-10-10 19:43:00,Idle
D233,2023-10-10 21:31:00,Idle
D233,2023-10-10 22:18:00,Busy
D233,2023-10-10 23:44:00,Busy
D233,2023-10-11 01:43:00,Idle
D233,2023-10-11 02:06:00,Busy
D233,2023-10-11 02:43:00,Offline
D233,2023-10-11 16:43:00,Online
D233,2023-10-11 17:44:00,Busy
D233,2023-10-11 18:55:00,Busy
D233,2023-10-11 19:15:00,Idle
D233,2023-10-11 19:35:00,Offline
D233,2023-10-12 13:35:00,Online
D233,2023-10-12 14:51:00,Busy
D233,2023-10-12 15:59:00,Busy
D233,2023-10-12 17:16:00,Idle
D233,2023-10-12 18:38:00,Busy
D233,2023-10-12 20:17:00,Idle
D233,2023-10-12 21:37:00,Idle
D233,2023-10-12 23:01:00,Idle
D233,2023-10-12 23:44:00,Offline
D233,2023-10-13 12:44:00,Online
D233,2023-10-13 13:05:00,Busy
D233,2023-10-13 14:55:00,Busy
D233,2023-10-13 16:46:00,Idle
D233,2023-10-13 17:49:00,Busy
D233,2023-10-13 19:29:00,Idle
D233,2023-10-13 20:59:00,Idle
D233,2023-10-13 22:45:00,Idle
D233,2023-10-13 23:35:00,Idle
D233,2023-10-13 23:49:00,Offline
D233,2023-10-14 19:49:00,Online
D233,2023-10-14 21:14:00,Busy
D233,2023-10-14 22:35:00,Busy
D233,2023-10-14 23:41:00,Busy
D233,2023-10-15 00:11:00,Idle
D233,2023-10-15 00:50:00,Busy
D233,2023-10-15 02:27:00,Busy
D233,2023-10-15 02:46:00,Offline
D233,2023-10-15 15:46:00,Online
D233,2023-10-15 17:00:00,Busy
D233,2023-10-15 18:28:00,Idle
D233,2023-10-15 19:43:00,Busy
D233,2023-10-15 21:10:00,Idle
D233,2023-10-15 21:44:00,Offline
D233,2023-10-16 16:44:00,Online
D233,2023-10-16 18:44:00,Idle
D233,2023-10-16 18:59:00,Idle
D233,2023-10-16 20:52:00,Busy
D233,2023-10-16 21:22:00,Offline
D234,2023-10-03 00:00:00,Online
D234,2023-10-03 01:04:00,Busy
D234,2023-10-03 02:04:00,Idle
D234,2023-10-03 02:27:00,Idle
D234,2023-10-03 03:21:00,Offline
D234,2023-10-03 21:21:00,Online
D234,2023-10-03 23:20:00,Idle
D234,2023-10-04 00:24:00,Idle
D234,2023-10-04 01:56:00,Idle
D234,2023-10-04 02:38:00,Idle
D234,2023-10-04 03:24:00,Idle
D234,2023-10-04 03:47:00,Idle
D234,2023-10-04 05:27:00,Idle
D234,2023-10-04 06:03:00,Busy
D234,2023-10-04 07:37:00,Idle
D234,2023-10-04 08:16:00,Offline
D234,2023-10-04 21:16:00,Online
D234,2023-10-04 22:09:00,Idle
D234,2023-10-04 23:51:00,Busy
D234,2023-10-05 00:16:00,Busy
D234,2023-10-05 01:10:00,Busy
D234,2023-10-05 01:59:00,Idle
D234,2023-10-05 03:04:00,Busy
D234,2023-10-05 04:41:00,Busy
D234,2023-10-05 05:32:00,Busy
D234,2023-10-05 06:21:00,Busy
D234,2023-10-05 08:15:00,Idle
D234,2023-10-05 08:36:00,Offline
D234,2023-10-06 08:36:00,Online
D234,2023-10-06 10:21:00,Idle
D234,2023-10-06 10:46:00,Idle
D234,2023-10-06 12:10:00,Busy
D234,2023-10-06 12:49:00,Busy
D234,2023-10-06 14:11:00,Idle
D234,2023-10-06 14:37:00,Offline
D234,2023-10-07 09:37:00,Online
D234,2023-10-07 11:27:00,Idle
D234,2023-10-07 12:34:00,Idle
D234,2023-10-07 13:14:00,Busy
D234,2023-10-07 14:53:00,Busy
D234,2023-10-07 15:16:00,Busy
D234,2023-10-07 16:00:00,Idle
D234,2023-10-07 17:25:00,Busy
D234,2023-10-07 18:53:00,Busy
D234,2023-10-07 19:06:00,Offline
D234,2023-10-08 08:06:00,Online
D234,2023-10-08 09:38:00,Busy
D234,2023-10-08 10:40:00,Idle
D234,2023-10-08 11:12:00,Idle
D234,2023-10-08 13:12:00,Idle
D234,2023-10-08 13:34:00,Idle
D234,2023-10-08 15:28:00,Idle
D234,2023-10-08 16:30:00,Idle
D234,2023-10-08 17:52:00,Idle
D234,2023-10-08 18:58:00,Busy
D234,2023-10-08 19:55:00,Idle
D234,2023-10-08 20:32:00,Offline
D234,2023-10-09 18:32:00,Online
D234,2023-10-09 19:07:00,Busy
D234,2023-10-09 19:37:00,Busy
D234,2023-10-09 21:10:00,Busy
D234,2023-10-09 21:34:00,Offline
D234,2023-10-10 17:34:00,Online
D234,2023-10-10 17:53:00,Idle
D234,2023-10-10 19:17:00,Idle
D234,2023-10-10 20:05:00,Busy
D234,2023-10-10 21:55:00,Busy
D234,2023-10-10 23:25:00,Idle
D234,2023-10-11 01:07:00,Busy
D234,2023-10-11 02:06:00,Idle
D234,2023-10-11 03:50:00,Idle
D234,2023-10-11 04:30:00,Offline
D234,2023-10-11 20:30:00,Online
D234,2023-10-11 21:49:00,Busy
D234,2023-10-11 22:19:00,Idle
D234,2023-10-12 00:18:00,Busy
D234,2023-10-12 02:16:00,Idle
D234,2023-10-12 02:39:00,Offline
D234,2023-10-13 00:39:00,Online
D234,2023-10-13 02:19:00,Busy
D234,2023-10-13 04:00:00,Busy
D234,2023-10-13 05:03:00,Busy
D234,2023-10-13 05:33:00,Offline
D234,2023-10-13 21:33:00,Online
D234,2023-10-13 22:04:00,Busy
D234,2023-10-13 23:35:00,Busy
D234,2023-10-14 01:12:00,Busy
D234,2023-10-14 01:58:00,Idle
D234,2023-10-14 03:07:00,Idle
D234,2023-10-14 04:03:00,Idle
D234,2023-10-14 05:52:00,Busy
D234,2023-10-14 06:19:00,Idle
D234,2023-10-14 07:03:00,Offline
D234,2023-10-14 21:03:00,Online
D234,2023-10-14 22:20:00,Idle
D234,2023-10-14 23:04:00,Busy
D234,2023-10-15 00:42:00,Idle
D234,2023-10-15 02:35:00,Idle
D234,2023-10-15 04:25:00,Busy
D234,2023-10-15 05:12:00,Busy
D234,2023-10-15 06:12:00,Offline
D234,2023-10-16 06:12:00,Online
D234,2023-10-16 06:59:00,Idle
D234,2023-10-16 07:21:00,Busy
D234,2023-10-16 08:51:00,Busy
D234,2023-10-16 09:40:00,Idle
D234,2023-10-16 10:20:00,Busy
D234,2023-10-16 12:17:00,Idle
D234,2023-10-16 13:21:00,Busy
D234,2023-10-16 14:40:00,Busy
D234,2023-10-16 15:13:00,Offline
D236,2023-10-02 00:00:00,Online
D236,2023-10-02 00:53:00,Busy
D236,2023-10-02 01:46:00,Busy
D236,2023-10-02 02:06:00,Busy
D236,2023-10-02 02:49:00,Busy
D236,2023-10-02 03:06:00,Busy
D236,2023-10-02 04:27:00,Idle
D236,2023-10-02 05:18:00,Busy
D236,2023-10-02 05:28:00,Offline
D236,2023-10-02 20:28:00,Online
D236,2023-10-02 21:37:00,Busy
D236,2023-10-02 22:33:00,Busy
D236,2023-10-03 00:14:00,Idle
D236,2023-10-03 01:05:00,Offline
D236,2023-10-03 17:05:00,Online
D236,2023-10-03 18:19:00,Busy
D236,2023-10-03 19:11:00,Busy
D236,2023-10-03 20:06:00,Idle
D236,2023-10-03 20:56:00,Idle
D236,2023-10-03 21:36:00,Busy
D236,2023-10-03 22:09:00,Offline
D236,2023-10-04 10:09:00,Online
D236,2023-10-04 11:39:00,Idle
D236,2023-10-04 12:25:00,Busy
D236,2023-10-04 13:02:00,Busy
D236,2023-10-04 13:56:00,Busy
D236,2023-10-04 14:13:00,Idle
D236,2023-10-04 14:45:00,Busy
D236,2023-10-04 15:21:00,Idle
D236,2023-10-04 15:42:00,Idle
D236,2023-10-04 16:45:00,Busy
D236,2023-10-04 17:22:00,Offline
D236,2023-10-05 05:22:00,Online
D236,2023-10-05 06:28:00,Busy
D236,2023-10-05 06:53:00,Busy
D236,2023-10-05 08:13:00,Idle
D236,2023-10-05 09:54:00,Busy
D236,2023-10-05 11:30:00,Idle
D236,2023-10-05 13:24:00,Busy
D236,2023-10-05 14:15:00,Busy
D236,2023-10-05 15:53:00,Idle
D236,2023-10-05 16:15:00,Idle
D236,2023-10-05 17:01:00,Idle
D236,2023-10-05 17:47:00,Offline
D236,2023-10-06 15:47:00,Online
D236,2023-10-06 16:13:00,Busy
D236,2023-10-06 16:34:00,Busy
D236,2023-10-06 17:16:00,Busy
D236,2023-10-06 17:40:00,Offline
D236,2023-10-07 09:40:00,Online
D236,2023-10-07 10:19:00,Idle
D236,2023-10-07 11:52:00,Busy
D236,2023-10-07 13:02:00,Busy
D236,2023-10-07 13:52:00,Busy
D236,2023-10-07 14:48:00,Idle
D236,2023-10-07 15:38:00,Offline
D236,2023-10-08 04:38:00,Online
D236,2023-10-08 06:12:00,Busy
D236,2023-10-08 06:28:00,Idle
D236,2023-10-08 07:39:00,Busy
D236,2023-10-08 08:07:00,Busy
D236,2023-10-08 08:38:00,Idle
D236,2023-10-08 10:02:00,Busy
D236,2023-10-08 10:29:00,Busy
D236,2023-10-08 10:56:00,Offline
D236,2023-10-09 07:56:00,Online
D236,2023-10-09 09:07:00,Idle
D236,2023-10-09 11:03:00,Idle
D236,2023-10-09 12:27:00,Idle
D236,2023-10-09 13:46:00,Idle
D236,2023-10-09 15:43:00,Busy
D236,2023-10-09 16:18:00,Idle
D236,2023-10-09 18:13:00,Busy
D236,2023-10-09 19:05:00,Busy
D236,2023-10-09 20:00:00,Offline
D236,2023-10-10 16:00:00,Online
D236,2023-10-10 16:22:00,Idle
D236,2023-10-10 17:52:00,Busy
D236,2023-10-10 19:39:00,Busy
D236,2023-10-10 20:28:00,Idle
D236,2023-10-10 20:58:00,Idle
D236,2023-10-10 21:22:00,Idle
D236,2023-10-10 22:41:00,Idle
D236,2023-10-10 23:34:00,Idle
D236,2023-10-11 01:24:00,Idle
D236,2023-10-11 01:44:00,Offline
D236,2023-10-12 00:44:00,Online
D236,2023-10-12 01:14:00,Idle
D236,2023-10-12 02:07:00,Idle
D236,2023-10-12 03:25:00,Idle
D236,2023-10-12 05:24:00,Idle
D236,2023-10-12 06:05:00,Busy
D236,2023-10-12 07:37:00,Idle
D236,2023-10-12 08:45:00,Busy
D236,2023-10-12 09:39:00,Busy
D236,2023-10-12 11:23:00,Idle
D236,2023-10-12 12:46:00,Busy
D236,2023-10-12 12:58:00,Offline
D236,2023-10-13 03:58:00,Online
D236,2023-10-13 05:38:00,Idle
D236,2023-10-13 07:14:00,Busy
D236,2023-10-13 08:47:00,Busy
D236,2023-10-13 09:20:00,Offline
D238,2023-10-01 00:00:00,Online
D238,2023-10-01 01:47:00,Busy
D238,2023-10-01 02:47:00,Idle
D238,2023-10-01 03:25:00,Busy
D238,2023-10-01 04:15:00,Busy
D238,2023-10-01 04:46:00,Busy
D238,2023-10-01 05:55:00,Idle
D238,2023-10-01 07:35:00,Idle
D238,2023-10-01 08:49:00,Idle
D238,2023-10-01 10:26:00,Busy
D238,2023-10-01 11:02:00,Offline
D238,2023-10-02 11:02:00,Online
D238,2023-10-02 12:54:00,Idle
D238,2023-10-02 14:06:00,Busy
D238,2023-10-02 14:37:00,Idle
D238,2023-10-02 15:59:00,Idle
D238,2023-10-02 16:24:00,Idle
D238,2023-10-02 16:49:00,Busy
D238,2023-10-02 18:24:00,Busy
D238,2023-10-02 19:43:00,Idle
D238,2023-10-02 20:45:00,Busy
D238,2023-10-02 21:30:00,Offline
D238,2023-10-03 16:30:00,Online
D238,2023-10-03 17:32:00,Busy
D238,2023-10-03 18:51:00,Busy
D238,2023-10-03 20:02:00,Idle
D238,2023-10-03 21:12:00,Idle
D238,2023-10-03 22:04:00,Idle
D238,2023-10-03 22:19:00,Busy
D238,2023-10-03 23:02:00,Busy
D238,2023-10-04 00:17:00,Busy
D238,2023-10-04 00:55:00,Busy
D238,2023-10-04 02:01:00,Busy
D238,2023-10-04 02:41:00,Offline
D238,2023-10-04 14:41:00,Online
D238,2023-10-04 15:16:00,Idle
D238,2023-10-04 16:27:00,Idle
D238,2023-10-04 18:21:00,Busy
D238,2023-10-04 19:42:00,Idle
D238,2023-10-04 20:29:00,Idle
D238,2023-10-04 21:22:00,Offline
D238,2023-10-05 14:22:00,Online
D238,2023-10-05 14:54:00,Busy
D238,2023-10-05 16:42:00,Idle
D238,2023-10-05 17:19:00,Idle
D238,2023-10-05 18:06:00,Idle
D238,2023-10-05 19:45:00,Idle
D238,2023-10-05 21:10:00,Idle
D238,2023-10-05 22:47:00,Idle
D238,2023-10-05 23:41:00,Busy
D238,2023-10-06 00:15:00,Offline
D238,2023-10-06 16:15:00,Online
D238,2023-10-06 17:22:00,Busy
D238,2023-10-06 17:44:00,Idle
D238,2023-10-06 18:17:00,Idle
D238,2023-10-06 18:57:00,Busy
D238,2023-10-06 20:48:00,Busy
D238,2023-10-06 21:24:00,Offline
D238,2023-10-07 11:24:00,Online
D238,2023-10-07 13:22:00,Idle
D238,2023-10-07 15:20:00,Idle
D238,2023-10-07 15:59:00,Busy
D238,2023-10-07 16:38:00,Offline
D238,2023-10-08 08:38:00,Online
D238,2023-10-08 09:06:00,Busy
D238,2023-10-08 10:54:00,Idle
D238,2023-10-08 12:44:00,Busy
D238,2023-10-08 14:22:00,Busy
D238,2023-10-08 14:49:00,Busy
D238,2023-10-08 15:46:00,Idle
D238,2023-10-08 16:13:00,Offline
D238,2023-10-09 07:13:00,Online
D238,2023-10-09 07:55:00,Idle
D238,2023-10-09 09:27:00,Busy
D238,2023-10-09 10:59:00,Busy
D238,2023-10-09 12:25:00,Idle
D238,2023-10-09 12:48:00,Busy
D238,2023-10-09 13:35:00,Idle
D238,2023-10-09 14:32:00,Busy
D238,2023-10-09 16:15:00,Idle
D238,2023-10-09 17:15:00,Offline
D239,2023-10-05 00:00:00,Online
D239,2023-10-05 01:58:00,Idle
D239,2023-10-05 02:27:00,Busy
D239,2023-10-05 02:59:00,Busy
D239,2023-10-05 04:55:00,Busy
D239,2023-10-05 06:55:00,Idle
D239,2023-10-05 08:51:00,Busy
D239,2023-10-05 09:38:00,Idle
D239,2023-10-05 11:06:00,Busy
D239,2023-10-05 11:54:00,Offline
D239,2023-10-06 10:54:00,Online
D239,2023-10-06 11:56:00,Busy
D239,2023-10-06 13:48:00,Busy
D239,2023-10-06 15:08:00,Busy
D239,2023-10-06 15:29:00,Idle
D239,2023-10-06 16:26:00,Busy
D239,2023-10-06 17:12:00,Busy
D239,2023-10-06 17:34:00,Offline
D239,2023-10-07 11:34:00,Online
D239,2023-10-07 12:27:00,Busy
D239,2023-10-07 13:12:00,Idle
D239,2023-10-07 14:23:00,Busy
D239,2023-10-07 16:08:00,Busy
D239,2023-10-07 18:00:00,Busy
D239,2023-10-07 19:02:00,Busy
D239,2023-10-07 20:18:00,Idle
D239,2023-10-07 21:02:00,Idle
D239,2023-10-07 22:04:00,Busy
D239,2023-10-07 23:02:00,Offline
D239,2023-10-08 16:02:00,Online
D239,2023-10-08 16:26:00,Idle
D239,2023-10-08 18:15:00,Busy
D239,2023-10-08 19:12:00,Busy
D239,2023-10-08 19:42:00,Idle
D239,2023-10-08 21:22:00,Busy
D239,2023-10-08 23:04:00,Idle
D239,2023-10-09 00:12:00,Idle
D239,2023-10-09 01:03:00,Idle
D239,2023-10-09 02:38:00,Busy
D239,2023-10-09 02:57:00,Busy
D239,2023-10-09 03:38:00,Offline
D239,2023-10-10 02:38:00,Online
D239,2023-10-10 04:06:00,Idle
D239,2023-10-10 04:46:00,Idle
D239,2023-10-10 05:41:00,Idle
D239,2023-10-10 06:38:00,Idle
D239,2023-10-10 06:58:00,Offline
D239,2023-10-11 01:58:00,Online
D239,2023-10-11 02:57:00,Busy
D239,2023-10-11 04:35:00,Idle
D239,2023-10-11 05:02:00,Busy
D239,2023-10-11 06:46:00,Busy
D239,2023-10-11 07:17:00,Offline
D239,2023-10-12 07:17:00,Online
D239,2023-10-12 08:23:00,Idle
D239,2023-10-12 10:14:00,Busy
D239,2023-10-12 11:06:00,Idle
D239,2023-10-12 11:29:00,Busy
D239,2023-10-12 13:24:00,Busy
D239,2023-10-12 15:22:00,Busy
D239,2023-10-12 16:54:00,Idle
D239,2023-10-12 17:38:00,Busy
D239,2023-10-12 19:07:00,Busy
D239,2023-10-12 20:18:00,Idle
D239,2023-10-12 20:32:00,Offline
D239,2023-10-13 16:32:00,Online
D239,2023-10-13 16:55:00,Busy
D239,2023-10-13 17:35:00,Busy
D239,2023-10-13 19:06:00,Idle
D239,2023-10-13 21:00:00,Busy
D239,2023-10-13 21:27:00,Idle
D239,2023-10-13 21:56:00,Offline
D239,2023-10-14 10:56:00,Online
D239,2023-10-14 11:29:00,Idle
D239,2023-10-14 13:01:00,Idle
D239,2023-10-14 13:34:00,Idle
D239,2023-10-14 14:58:00,Idle
D239,2023-10-14 16:00:00,Idle
D239,2023-10-14 17:47:00,Idle
D239,2023-10-14 19:40:00,Busy
D239,2023-10-14 20:35:00,Idle
D239,2023-10-14 22:33:00,Busy
D239,2023-10-14 23:51:00,Busy
D239,2023-10-15 00:18:00,Offline
D239,2023-10-15 23:18:00,Online
D239,2023-10-15 23:41:00,Idle
D239,2023-10-16 00:59:00,Idle
D239,2023-10-16 02:00:00,Idle
D239,2023-10-16 02:24:00,Busy
D239,2023-10-16 03:16:00,Busy
D239,2023-10-16 04:38:00,Idle
D239,2023-10-16 05:20:00,Busy
D239,2023-10-16 05:57:00,Offline
D239,2023-10-16 17:57:00,Online
D239,2023-10-16 19:31:00,Busy
D239,2023-10-16 20:10:00,Busy
D239,2023-10-16 20:55:00,Idle
D239,2023-10-16 22:11:00,Idle
D239,2023-10-16 23:06:00,Idle
D239,2023-10-16 23:34:00,Offline
D239,2023-10-17 13:34:00,Online
D239,2023-10-17 14:19:00,Busy
D239,2023-10-17 15:14:00,Idle
D239,2023-10-17 16:30:00,Busy
D239,2023-10-17 17:35:00,Idle
D239,2023-10-17 19:35:00,Busy
D239,2023-10-17 21:08:00,Idle
D239,2023-10-17 23:03:00,Idle
D239,2023-10-18 00:39:00,Busy
D239,2023-10-18 01:41:00,Idle
D239,2023-10-18 02:16:00,Offline
D239,2023-10-19 02:16:00,Online
D239,2023-10-19 03:26:00,Idle
D239,2023-10-19 04:27:00,Busy
D239,2023-10-19 06:22:00,Idle
D239,2023-10-19 07:04:00,Busy
D239,2023-10-19 07:27:00,Idle
D239,2023-10-19 07:47:00,Idle
D239,2023-10-19 09:22:00,Idle
D239,2023-10-19 10:16:00,Busy
D239,2023-10-19 10:34:00,Busy
D239,2023-10-19 11:16:00,Offline
D240,2023-10-01 00:00:00,Online
D240,2023-10-01 00:55:00,Busy
D240,2023-10-01 01:30:00,Busy
D240,2023-10-01 02:52:00,Idle
D240,2023-10-01 03:38:00,Offline
D240,2023-10-01 15:38:00,Online
D240,2023-10-01 16:05:00,Idle
D240,2023-10-01 17:34:00,Busy
D240,2023-10-01 19:24:00,Idle
D240,2023-10-01 19:46:00,Offline
D240,2023-10-02 10:46:00,Online
D240,2023-10-02 11:06:00,Busy
D240,2023-10-02 12:45:00,Idle
D240,2023-10-02 13:21:00,Busy
D240,2023-10-02 14:22:00,Busy
D240,2023-10-02 15:56:00,Busy
D240,2023-10-02 17:48:00,Busy
D240,2023-10-02 18:46:00,Idle
D240,2023-10-02 20:28:00,Idle
D240,2023-10-02 21:19:00,Offline
D240,2023-10-03 11:19:00,Online
D240,2023-10-03 11:53:00,Idle
D240,2023-10-03 12:49:00,Idle
D240,2023-10-03 14:47:00,Idle
D240,2023-10-03 15:26:00,Busy
D240,2023-10-03 16:52:00,Idle
D240,2023-10-03 18:10:00,Idle
D240,2023-10-03 19:33:00,Busy
D240,2023-10-03 20:06:00,Offline
D240,2023-10-04 18:06:00,Online
D240,2023-10-04 19:01:00,Idle
D240,2023-10-04 19:29:00,Idle
D240,2023-10-04 20:50:00,Idle
D240,2023-10-04 21:16:00,Idle
D240,2023-10-04 22:07:00,Offline
D240,2023-10-05 14:07:00,Online
D240,2023-10-05 14:24:00,Busy
D240,2023-10-05 15:30:00,Idle
D240,2023-10-05 17:25:00,Idle
D240,2023-10-05 17:50:00,Busy
D240,2023-10-05 18:06:00,Busy
D240,2023-10-05 18:28:00,Busy
D240,2023-10-05 20:17:00,Busy
D240,2023-10-05 21:17:00,Idle
D240,2023-10-05 21:54:00,Idle
D240,2023-10-05 22:31:00,Idle
D240,2023-10-05 22:50:00,Offline
D240,2023-10-06 22:50:00,Online
D240,2023-10-07 00:50:00,Busy
D240,2023-10-07 02:48:00,Idle
D240,2023-10-07 03:08:00,Idle
D240,2023-10-07 03:26:00,Idle
D240,2023-10-07 04:39:00,Idle
D240,2023-10-07 05:37:00,Idle
D240,2023-10-07 06:09:00,Offline
D241,2023-10-04 00:00:00,Online
D241,2023-10-04 00:32:00,Busy
D241,2023-10-04 01:00:00,Busy
D241,2023-10-04 02:23:00,Idle
D241,2023-10-04 02:42:00,Busy
D241,2023-10-04 03:43:00,Busy
D241,2023-10-04 04:47:00,Idle
D241,2023-10-04 06:03:00,Busy
D241,2023-10-04 06:29:00,Busy
D241,2023-10-04 06:53:00,Offline
D241,2023-10-05 06:53:00,Online
D241,2023-10-05 08:03:00,Busy
D241,2023-10-05 09:13:00,Idle
D241,2023-10-05 10:21:00,Busy
D241,2023-10-05 10:31:00,Offline
D241,2023-10-06 00:31:00,Online
D241,2023-10-06 01:15:00,Idle
D241,2023-10-06 02:20:00,Busy
D241,2023-10-06 03:41:00,Idle
D241,2023-10-06 04:43:00,Idle
D241,2023-10-06 06:35:00,Busy
D241,2023-10-06 07:35:00,Busy
D241,2023-10-06 09:04:00,Idle
D241,2023-10-06 10:26:00,Idle
D241,2023-10-06 11:29:00,Busy
D241,2023-10-06 12:14:00,Offline
D241,2023-10-07 06:14:00,Online
D241,2023-10-07 08:00:00,Idle
D241,2023-10-07 09:03:00,Idle
D241,2023-10-07 10:46:00,Busy
D241,2023-10-07 11:07:00,Offline
D241,2023-10-08 07:07:00,Online
D241,2023-10-08 08:39:00,Busy
D241,2023-10-08 10:18:00,Busy
D241,2023-10-08 12:15:00,Idle
D241,2023-10-08 14:08:00,Idle
D241,2023-10-08 16:05:00,Busy
D241,2023-10-08 17:17:00,Idle
D241,2023-10-08 17:59:00,Idle
D241,2023-10-08 18:42:00,Offline
D241,2023-10-09 15:42:00,Online
D241,2023-10-09 16:39:00,Idle
D241,2023-10-09 18:24:00,Busy
D241,2023-10-09 19:25:00,Idle
D241,2023-10-09 20:03:00,Busy
D241,2023-10-09 20:53:00,Idle
D241,2023-10-09 21:34:00,Offline
D242,2023-10-04 00:00:00,Online
D242,2023-10-04 01:40:00,Busy
D242,2023-10-04 02:40:00,Busy
D242,2023-10-04 03:35:00,Idle
D242,2023-10-04 04:32:00,Idle
D242,2023-10-04 06:27:00,Idle
D242,2023-10-04 06:42:00,Idle
D242,2023-10-04 07:05:00,Offline
D242,2023-10-05 05:05:00,Online
D242,2023-10-05 06:33:00,Busy
D242,2023-10-05 07:28:00,Busy
D242,2023-10-05 07:55:00,Busy
D242,2023-10-05 08:44:00,Busy
D242,2023-10-05 09:20:00,Busy
D242,2023-10-05 10:54:00,Busy
D242,2023-10-05 12:37:00,Busy
D242,2023-10-05 12:52:00,Idle
D242,2023-10-05 13:14:00,Offline
D242,2023-10-06 02:14:00,Online
D242,2023-10-06 04:08:00,Idle
D242,2023-10-06 04:43:00,Idle
D242,2023-10-06 06:27:00,Idle
D242,2023-10-06 07:28:00,Idle
D242,2023-10-06 07:56:00,Idle
D242,2023-10-06 09:54:00,Busy
D242,2023-10-06 10:58:00,Idle
D242,2023-10-06 11:20:00,Offline
D242,2023-10-07 07:20:00,Online
D242,2023-10-07 09:13:00,Idle
D242,2023-10-07 10:55:00,Idle
D242,2023-10-07 12:18:00,Idle
D242,2023-10-07 13:28:00,Busy
D242,2023-10-07 13:41:00,Offline
D242,2023-10-08 12:41:00,Online
D242,2023-10-08 13:20:00,Busy
D242,2023-10-08 14:50:00,Busy
D242,2023-10-08 16:21:00,Idle
D242,2023-10-08 17:52:00,Idle
D242,2023-10-08 18:41:00,Idle
D242,2023-10-08 19:35:00,Offline
D242,2023-10-09 19:35:00,Online
D242,2023-10-09 19:51:00,Busy
D242,2023-10-09 21:01:00,Idle
D242,2023-10-09 22:34:00,Idle
D242,2023-10-10 00:00:00,Busy
D242,2023-10-10 01:17:00,Idle
D242,2023-10-10 02:49:00,Busy
D242,2023-10-10 03:49:00,Idle
D242,2023-10-10 05:39:00,Idle
D242,2023-10-10 06:09:00,Offline
D242,2023-10-11 01:09:00,Online
D242,2023-10-11 02:29:00,Busy
D242,2023-10-11 03:34:00,Idle
D242,2023-10-11 04:04:00,Busy
D242,2023-10-11 05:00:00,Busy
D242,2023-10-11 06:06:00,Busy
D242,2023-10-11 07:35:00,Busy
D242,2023-10-11 08:55:00,Busy
D242,2023-10-11 09:56:00,Busy
D242,2023-10-11 11:33:00,Busy
D242,2023-10-11 12:24:00,Offline
D243,2023-10-04 00:00:00,Online
D243,2023-10-04 00:57:00,Busy
D243,2023-10-04 01:52:00,Busy
D243,2023-10-04 02:29:00,Busy
D243,2023-10-04 03:33:00,Idle
D243,2023-10-04 04:32:00,Idle
D243,2023-10-04 06:13:00,Busy
D243,2023-10-04 08:09:00,Idle
D243,2023-10-04 09:52:00,Idle
D243,2023-10-04 10:12:00,Offline
D243,2023-10-05 09:12:00,Online
D243,2023-10-05 09:51:00,Idle
D243,2023-10-05 11:35:00,Idle
D243,2023-10-05 12:00:00,Idle
D243,2023-10-05 12:35:00,Idle
D243,2023-10-05 12:54:00,Busy
D243,2023-10-05 13:28:00,Idle
D243,2023-10-05 15:02:00,Busy
D243,2023-10-05 16:05:00,Busy
D243,2023-10-05 17:48:00,Idle
D243,2023-10-05 18:26:00,Offline
D243,2023-10-06 17:26:00,Online
D243,2023-10-06 17:54:00,Idle
D243,2023-10-06 18:36:00,Busy
D243,2023-10-06 19:37:00,Idle
D243,2023-10-06 21:24:00,Idle
D243,2023-10-06 23:01:00,Idle
D243,2023-10-06 23:26:00,Offline
D243,2023-10-07 20:26:00,Online
D243,2023-10-07 21:15:00,Busy
D243,2023-10-07 22:44:00,Busy
D243,2023-10-08 00:11:00,Busy
D243,2023-10-08 01:32:00,Idle
D243,2023-10-08 02:43:00,Busy
D243,2023-10-08 03:48:00,Busy
D243,2023-10-08 04:29:00,Offline
D243,2023-10-08 21:29:00,Online
D243,2023-10-08 22:23:00,Busy
D243,2023-10-09 00:17:00,Busy
D243,2023-10-09 01:53:00,Idle
D243,2023-10-09 03:20:00,Idle
D243,2023-10-09 04:29:00,Busy
D243,2023-10-09 04:58:00,Idle
D243,2023-10-09 06:08:00,Idle
D243,2023-10-09 07:12:00,Idle
D243,2023-10-09 07:39:00,Idle
D243,2023-10-09 08:27:00,Offline
D243,2023-10-09 21:27:00,Online
D243,2023-10-09 22:18:00,Idle
D243,2023-10-09 23:36:00,Busy
D243,2023-10-10 00:31:00,Busy
D243,2023-10-10 01:53:00,Busy
D243,2023-10-10 02:16:00,Offline
D243,2023-10-11 01:16:00,Online
D243,2023-10-11 01:44:00,Idle
D243,2023-10-11 02:07:00,Busy
D243,2023-10-11 03:17:00,Busy
D243,2023-10-11 04:55:00,Busy
D243,2023-10-11 05:31:00,Offline
D244,2023-10-02 00:00:00,Online
D244,2023-10-02 01:25:00,Idle
D244,2023-10-02 01:43:00,Busy
D244,2023-10-02 01:59:00,Busy
D244,2023-10-02 02:55:00,Offline
D244,2023-10-02 19:55:00,Online
D244,2023-10-02 20:47:00,Busy
D244,2023-10-02 21:14:00,Idle
D244,2023-10-02 21:39:00,Idle
D244,2023-10-02 22:52:00,Busy
D244,2023-10-02 23:50:00,Busy
D244,2023-10-03 01:02:00,Idle
D244,2023-10-03 02:03:00,Busy
D244,2023-10-03 03:10:00,Busy
D244,2023-10-03 04:23:00,Busy
D244,2023-10-03 04:36:00,Offline
D244,2023-10-03 19:36:00,Online
D244,2023-10-03 20:24:00,Busy
D244,2023-10-03 20:48:00,Idle
D244,2023-10-03 21:39:00,Idle
D244,2023-10-03 22:57:00,Busy
D244,2023-10-03 23:45:00,Busy
D244,2023-10-04 00:14:00,Offline
D244,2023-10-04 23:14:00,Online
D244,2023-10-05 00:05:00,Idle
D244,2023-10-05 01:22:00,Idle
D244,2023-10-05 03:14:00,Busy
D244,2023-10-05 05:03:00,Busy
D244,2023-10-05 06:35:00,Busy
D244,2023-10-05 07:33:00,Busy
D244,2023-10-05 07:48:00,Busy
D244,2023-10-05 09:27:00,Idle
D244,2023-10-05 11:19:00,Busy
D244,2023-10-05 11:38:00,Offline
D244,2023-10-06 09:38:00,Online
D244,2023-10-06 11:25:00,Busy
D244,2023-10-06 12:56:00,Busy
D244,2023-10-06 14:07:00,Idle
D244,2023-10-06 14:55:00,Busy
D244,2023-10-06 15:59:00,Idle
D244,2023-10-06 16:12:00,Offline
D244,2023-10-07 05:12:00,Online
D244,2023-10-07 05:35:00,Busy
D244,2023-10-07 06:00:00,Idle
D244,2023-10-07 07:18:00,Busy
D244,2023-10-07 09:02:00,Idle
D244,2023-10-07 10:40:00,Busy
D244,2023-10-07 11:10:00,Busy
D244,2023-10-07 12:15:00,Idle
D244,2023-10-07 14:12:00,Busy
D244,2023-10-07 15:51:00,Busy
D244,2023-10-07 17:25:00,Idle
D244,2023-10-07 17:47:00,Offline
D244,2023-10-08 10:47:00,Online
D244,2023-10-08 11:23:00,Busy
D244,2023-10-08 12:45:00,Idle
D244,2023-10-08 13:27:00,Idle
D244,2023-10-08 15:16:00,Idle
D244,2023-10-08 15:37:00,Busy
D244,2023-10-08 16:45:00,Busy
D244,2023-10-08 16:56:00,Offline
D244,2023-10-09 08:56:00,Online
D244,2023-10-09 10:27:00,Idle
D244,2023-10-09 11:04:00,Idle
D244,2023-10-09 11:23:00,Idle
D244,2023-10-09 12:21:00,Offline
D244,2023-10-10 01:21:00,Online
D244,2023-10-10 01:40:00,Busy
D244,2023-10-10 03:01:00,Idle
D244,2023-10-10 04:01:00,Idle
D244,2023-10-10 05:49:00,Busy
D244,2023-10-10 06:44:00,Busy
D244,2023-10-10 08:34:00,Busy
D244,2023-10-10 09:51:00,Busy
D244,2023-10-10 11:29:00,Busy
D244,2023-10-10 13:17:00,Idle
D244,2023-10-10 14:46:00,Busy
D244,2023-10-10 15:14:00,Offline
D245,2023-10-03 00:00:00,Online
D245,2023-10-03 01:13:00,Busy
D245,2023-10-03 02:14:00,Busy
D245,2023-10-03 03:23:00,Idle
D245,2023-10-03 05:12:00,Idle
D245,2023-10-03 06:23:00,Busy
D245,2023-10-03 08:09:00,Busy
D245,2023-10-03 09:33:00,Busy
D245,2023-10-03 11:22:00,Idle
D245,2023-10-03 11:43:00,Busy
D245,2023-10-03 13:03:00,Busy
D245,2023-10-03 13:30:00,Offline
D245,2023-10-04 12:30:00,Online
D245,2023-10-04 13:10:00,Idle
D245,2023-10-04 15:10:00,Busy
D245,2023-10-04 17:01:00,Busy
D245,2023-10-04 17:52:00,Idle
D245,2023-10-04 18:24:00,Offline
D245,2023-10-05 16:24:00,Online
D245,2023-10-05 17:37:00,Idle
D245,2023-10-05 19:13:00,Busy
D245,2023-10-05 20:43:00,Busy
D245,2023-10-05 21:20:00,Offline
D245,2023-10-06 16:20:00,Online
D245,2023-10-06 16:36:00,Busy
D245,2023-10-06 17:00:00,Idle
D245,2023-10-06 17:52:00,Idle
D245,2023-10-06 18:33:00,Idle
D245,2023-10-06 19:19:00,Offline
D245,2023-10-07 13:19:00,Online
D245,2023-10-07 15:18:00,Busy
D245,2023-10-07 15:50:00,Busy
D245,2023-10-07 17:14:00,Busy
D245,2023-10-07 18:52:00,Idle
D245,2023-10-07 20:16:00,Busy
D245,2023-10-07 21:19:00,Busy
D245,2023-10-07 23:09:00,Idle
D245,2023-10-08 00:38:00,Idle
D245,2023-10-08 01:24:00,Idle
D245,2023-10-08 01:58:00,Busy
D245,2023-10-08 02:09:00,Offline
D245,2023-10-09 00:09:00,Online
D245,2023-10-09 01:56:00,Busy
D245,2023-10-09 02:34:00,Busy
D245,2023-10-09 03:00:00,Idle
D245,2023-10-09 03:48:00,Busy
D245,2023-10-09 04:53:00,Busy
D245,2023-10-09 05:47:00,Busy
D245,2023-10-09 06:43:00,Busy
D245,2023-10-09 07:10:00,Offline
D245,2023-10-09 19:10:00,Online
D245,2023-10-09 20:13:00,Idle
D245,2023-10-09 22:08:00,Busy
D245,2023-10-09 23:46:00,Busy
D245,2023-10-10 00:02:00,Idle
D245,2023-10-10 01:08:00,Busy
D245,2023-10-10 01:24:00,Busy
D245,2023-10-10 03:09:00,Idle
D245,2023-10-10 03:55:00,Idle
D245,2023-10-10 04:22:00,Offline
D245,2023-10-10 19:22:00,Online
D245,2023-10-10 20:29:00,Busy
D245,2023-10-10 21:29:00,Busy
D245,2023-10-10 22:13:00,Idle
D245,2023-10-11 00:06:00,Idle
D245,2023-10-11 01:52:00,Idle
D245,2023-10-11 02:43:00,Busy
D245,2023-10-11 04:04:00,Busy
D245,2023-10-11 04:42:00,Busy
D245,2023-10-11 06:05:00,Busy
D245,2023-10-11 08:01:00,Busy
D245,2023-10-11 08:41:00,Offline
D245,2023-10-12 05:41:00,Online
D245,2023-10-12 07:29:00,Idle
D245,2023-10-12 08:03:00,Idle
D245,2023-10-12 08:23:00,Busy
D245,2023-10-12 09:37:00,Idle
D245,2023-10-12 11:33:00,Idle
D245,2023-10-12 13:28:00,Busy
D245,2023-10-12 14:03:00,Busy
D245,2023-10-12 14:42:00,Busy
D245,2023-10-12 15:24:00,Offline
D245,2023-10-13 05:24:00,Online
D245,2023-10-13 07:18:00,Busy
D245,2023-10-13 08:54:00,Busy
D245,2023-10-13 09:56:00,Busy
D245,2023-10-13 11:20:00,Busy
D245,2023-10-13 12:10:00,Idle
D245,2023-10-13 13:07:00,Busy
D245,2023-10-13 14:41:00,Idle
D245,2023-10-13 15:36:00,Idle
D245,2023-10-13 17:15:00,Busy
D245,2023-10-13 18:09:00,Offline
D245,2023-10-14 08:09:00,Online
D245,2023-10-14 09:14:00,Idle
D245,2023-10-14 11:12:00,Idle
D245,2023-10-14 11:39:00,Busy
D245,2023-10-14 12:38:00,Idle
D245,2023-10-14 13:48:00,Idle
D245,2023-10-14 14:19:00,Busy
D245,2023-10-14 14:48:00,Busy
D245,2023-10-14 15:35:00,Offline
D245,2023-10-15 07:35:00,Online
D245,2023-10-15 09:31:00,Idle
D245,2023-10-15 10:42:00,Idle
D245,2023-10-15 11:16:00,Busy
D245,2023-10-15 12:24:00,Busy
D245,2023-10-15 12:47:00,Busy
D245,2023-10-15 14:01:00,Busy
D245,2023-10-15 15:24:00,Idle
D245,2023-10-15 16:55:00,Busy
D245,2023-10-15 17:05:00,Offline
D245,2023-10-16 11:05:00,Online
D245,2023-10-16 12:15:00,Idle
D245,2023-10-16 12:52:00,Idle
D245,2023-10-16 13:27:00,Busy
D245,2023-10-16 14:07:00,Busy
D245,2023-10-16 15:42:00,Idle
D245,2023-10-16 17:13:00,Idle
D245,2023-10-16 17:56:00,Offline
D245,2023-10-17 06:56:00,Online
D245,2023-10-17 08:19:00,Busy
D245,2023-10-17 10:16:00,Busy
D245,2023-10-17 11:30:00,Busy
D245,2023-10-17 12:39:00,Idle
D245,2023-10-17 13:53:00,Busy
D245,2023-10-17 15:23:00,Busy
D245,2023-10-17 15:58:00,Busy
D245,2023-10-17 16:47:00,Idle
D245,2023-10-17 17:24:00,Idle
D245,2023-10-17 17:50:00,Offline
D245,2023-10-18 10:50:00,Online
D245,2023-10-18 11:41:00,Busy
D245,2023-10-18 13:38:00,Busy
D245,2023-10-18 14:41:00,Idle
D245,2023-10-18 16:26:00,Idle
D245,2023-10-18 17:08:00,Busy
D245,2023-10-18 17:48:00,Idle
D245,2023-10-18 19:12:00,Idle
D245,2023-10-18 20:11:00,Idle
D245,2023-10-18 20:48:00,Offline
D246,2023-10-04 00:00:00,Online
D246,2023-10-04 00:18:00,Busy
D246,2023-10-04 01:05:00,Idle
D246,2023-10-04 02:37:00,Busy
D246,2023-10-04 03:01:00,Busy
D246,2023-10-04 03:38:00,Offline
D246,2023-10-04 16:38:00,Online
D246,2023-10-04 18:20:00,Busy
D246,2023-10-04 19:26:00,Idle
D246,2023-10-04 20:23:00,Idle
D246,2023-10-04 22:06:00,Busy
D246,2023-10-04 23:18:00,Busy
D246,2023-10-05 00:35:00,Idle
D246,2023-10-05 01:39:00,Busy
D246,2023-10-05 02:10:00,Busy
D246,2023-10-05 02:25:00,Idle
D246,2023-10-05 02:35:00,Offline
D246,2023-10-06 02:35:00,Online
D246,2023-10-06 03:54:00,Busy
D246,2023-10-06 04:25:00,Idle
D246,2023-10-06 05:58:00,Idle
D246,2023-10-06 07:05:00,Idle
D246,2023-10-06 08:20:00,Busy
D246,2023-10-06 10:13:00,Busy
D246,2023-10-06 10:52:00,Busy
D246,2023-10-06 12:31:00,Busy
D246,2023-10-06 13:10:00,Offline
D246,2023-10-07 11:10:00,Online
D246,2023-10-07 12:05:00,Idle
D246,2023-10-07 12:56:00,Idle
D246,2023-10-07 13:24:00,Idle
D246,2023-10-07 13:48:00,Busy
D246,2023-10-07 15:43:00,Idle
D246,2023-10-07 16:00:00,Offline
D246,2023-10-08 04:00:00,Online
D246,2023-10-08 04:28:00,Idle
D246,2023-10-08 05:01:00,Idle
D246,2023-10-08 06:00:00,Idle
D246,2023-10-08 06:18:00,Idle
D246,2023-10-08 07:41:00,Busy
D246,2023-10-08 08:24:00,Offline
D246,2023-10-09 00:24:00,Online
D246,2023-10-09 01:33:00,Busy
D246,2023-10-09 02:42:00,Busy
D246,2023-10-09 03:19:00,Idle
D246,2023-10-09 04:47:00,Idle
D246,2023-10-09 05:02:00,Idle
D246,2023-10-09 06:18:00,Busy
D246,2023-10-09 08:10:00,Busy
D246,2023-10-09 09:57:00,Idle
D246,2023-10-09 10:22:00,Busy
D246,2023-10-09 10:47:00,Offline
D246,2023-10-09 22:47:00,Online
D246,2023-10-09 23:34:00,Idle
D246,2023-10-09 23:54:00,Idle
D246,2023-10-10 00:55:00,Busy
D246,2023-10-10 01:50:00,Busy
D246,2023-10-10 03:28:00,Idle
D246,2023-10-10 05:00:00,Busy
D246,2023-10-10 06:33:00,Busy
D246,2023-10-10 07:21:00,Idle
D246,2023-10-10 08:47:00,Idle
D246,2023-10-10 09:18:00,Idle
D246,2023-10-10 10:02:00,Offline
D246,2023-10-11 10:02:00,Online
D246,2023-10-11 11:44:00,Busy
D246,2023-10-11 13:40:00,Busy
D246,2023-10-11 14:08:00,Busy
D246,2023-10-11 15:48:00,Busy
D246,2023-10-11 16:20:00,Offline
D246,2023-10-12 10:20:00,Online
D246,2023-10-12 11:48:00,Busy
D246,2023-10-12 12:10:00,Idle
D246,2023-10-12 14:10:00,Idle
D246,2023-10-12 15:01:00,Busy
D246,2023-10-12 16:45:00,Idle
D246,2023-10-12 17:18:00,Busy
D246,2023-10-12 18:27:00,Busy
D246,2023-10-12 20:21:00,Busy
D246,2023-10-12 20:41:00,Offline
D246,2023-10-13 14:41:00,Online
D246,2023-10-13 16:01:00,Busy
D246,2023-10-13 16:50:00,Idle
D246,2023-10-13 17:23:00,Idle
D246,2023-10-13 17:53:00,Idle
D246,2023-10-13 19:21:00,Busy
D246,2023-10-13 20:20:00,Busy
D246,2023-10-13 22:20:00,Busy
D246,2023-10-13 22:50:00,Busy
D246,2023-10-13 23:09:00,Idle
D246,2023-10-13 23:42:00,Offline
D246,2023-10-14 22:42:00,Online
D246,2023-10-14 23:10:00,Idle
D246,2023-10-14 23:52:00,Idle
D246,2023-10-15 01:51:00,Busy
D246,2023-10-15 02:41:00,Offline
D246,2023-10-16 00:41:00,Online
D246,2023-10-16 01:02:00,Busy
D246,2023-10-16 02:17:00,Idle
D246,2023-10-16 04:11:00,Idle
D246,2023-10-16 05:52:00,Idle
D246,2023-10-16 07:18:00,Busy
D246,2023-10-16 08:04:00,Offline
D246,2023-10-17 00:04:00,Online
D246,2023-10-17 00:19:00,Busy
D246,2023-10-17 01:28:00,Idle
D246,2023-10-17 02:00:00,Busy
D246,2023-10-17 03:30:00,Idle
D246,2023-10-17 05:30:00,Idle
D246,2023-10-17 05:47:00,Idle
D246,2023-10-17 07:00:00,Idle
D246,2023-10-17 07:16:00,Busy
D246,2023-10-17 07:33:00,Offline
D246,2023-10-18 07:33:00,Online
D246,2023-10-18 08:58:00,Busy
D246,2023-10-18 10:44:00,Idle
D246,2023-10-18 11:28:00,Busy
D246,2023-10-18 11:56:00,Busy
D246,2023-10-18 12:22:00,Busy
D246,2023-10-18 13:00:00,Idle
D246,2023-10-18 13:32:00,Idle
D246,2023-10-18 15:12:00,Idle
D246,2023-10-18 15:40:00,Idle
D246,2023-10-18 16:05:00,Offline
D247,2023-10-05 00:00:00,Online
D247,2023-10-05 00:21:00,Idle
D247,2023-10-05 02:11:00,Busy
D247,2023-10-05 02:53:00,Idle
D247,2023-10-05 04:48:00,Busy
D247,2023-10-05 05:35:00,Idle
D247,2023-10-05 05:55:00,Busy
D247,2023-10-05 06:50:00,Busy
D247,2023-10-05 07:31:00,Idle
D247,2023-10-05 08:21:00,Offline
D247,2023-10-05 23:21:00,Online
D247,2023-10-06 01:19:00,Idle
D247,2023-10-06 02:14:00,Idle
D247,2023-10-06 03:17:00,Busy
D247,2023-10-06 04:21:00,Idle
D247,2023-10-06 05:06:00,Busy
D247,2023-10-06 07:04:00,Idle
D247,2023-10-06 07:33:00,Offline
D247,2023-10-06 19:33:00,Online
D247,2023-10-06 20:42:00,Busy
D247,2023-10-06 21:13:00,Busy
D247,2023-10-06 22:57:00,Idle
D247,2023-10-06 23:35:00,Offline
D247,2023-10-07 23:35:00,Online
D247,2023-10-08 00:21:00,Idle
D247,2023-10-08 00:42:00,Idle
D247,2023-10-08 01:49:00,Idle
D247,2023-10-08 03:19:00,Idle
D247,2023-10-08 05:13:00,Busy
D247,2023-10-08 06:28:00,Busy
D247,2023-10-08 07:30:00,Busy
D247,2023-10-08 08:58:00,Idle
D247,2023-10-08 09:23:00,Offline
D247,2023-10-09 06:23:00,Online
D247,2023-10-09 07:04:00,Busy
D247,2023-10-09 07:53:00,Busy
D247,2023-10-09 09:04:00,Busy
D247,2023-10-09 10:41:00,Busy
D247,2023-10-09 11:12:00,Offline
D247,2023-10-10 08:12:00,Online
D247,2023-10-10 09:59:00,Busy
D247,2023-10-10 10:55:00,Idle
D247,2023-10-10 11:16:00,Busy
D247,2023-10-10 12:06:00,Idle
D247,2023-10-10 13:14:00,Busy
D247,2023-10-10 14:31:00,Busy
D247,2023-10-10 15:42:00,Busy
D247,2023-10-10 16:18:00,Idle
D247,2023-10-10 16:45:00,Offline
D247,2023-10-11 05:45:00,Online
D247,2023-10-11 06:10:00,Busy
D247,2023-10-11 08:02:00,Idle
D247,2023-10-11 08:53:00,Busy
D247,2023-10-11 10:49:00,Idle
D247,2023-10-11 12:23:00,Idle
D247,2023-10-11 12:41:00,Busy
D247,2023-10-11 13:09:00,Offline
D247,2023-10-12 01:09:00,Online
D247,2023-10-12 02:21:00,Idle
D247,2023-10-12 03:47:00,Busy
D247,2023-10-12 04:34:00,Busy
D247,2023-10-12 04:53:00,Idle
D247,2023-10-12 05:26:00,Idle
D247,2023-10-12 07:18:00,Busy
D247,2023-10-12 08:15:00,Busy
D247,2023-10-12 09:28:00,Idle
D247,2023-10-12 10:02:00,Busy
D247,2023-10-12 10:25:00,Idle
D247,2023-10-12 11:07:00,Offline
D247,2023-10-13 08:07:00,Online
D247,2023-10-13 09:41:00,Busy
D247,2023-10-13 11:38:00,Busy
D247,2023-10-13 13:09:00,Idle
D247,2023-10-13 14:45:00,Busy
D247,2023-10-13 16:42:00,Idle
D247,2023-10-13 17:59:00,Idle
D247,2023-10-13 19:01:00,Idle
D247,2023-10-13 19:39:00,Offline
D247,2023-10-14 11:39:00,Online
D247,2023-10-14 13:05:00,Busy
D247,2023-10-14 14:36:00,Busy
D247,2023-10-14 15:30:00,Idle
D247,2023-10-14 16:01:00,Offline
D247,2023-10-15 08:01:00,Online
D247,2023-10-15 08:42:00,Busy
D247,2023-10-15 09:23:00,Idle
D247,2023-10-15 09:38:00,Idle
D247,2023-10-15 11:35:00,Idle
D247,2023-10-15 12:55:00,Idle
D247,2023-10-15 14:13:00,Idle
D247,2023-10-15 15:13:00,Idle
D247,2023-10-15 16:18:00,Busy
D247,2023-10-15 17:04:00,Idle
D247,2023-10-15 18:10:00,Idle
D247,2023-10-15 18:30:00,Offline
D248,2023-10-01 00:00:00,Online
D248,2023-10-01 00:40:00,Idle
D248,2023-10-01 01:33:00,Idle
D248,2023-10-01 01:48:00,Idle
D248,2023-10-01 02:44:00,Idle
D248,2023-10-01 03:15:00,Offline
D248,2023-10-01 17:15:00,Online
D248,2023-10-01 19:13:00,Idle
D248,2023-10-01 20:26:00,Busy
D248,2023-10-01 21:32:00,Busy
D248,2023-10-01 22:30:00,Busy
D248,2023-10-01 22:54:00,Offline
D248,2023-10-02 21:54:00,Online
D248,2023-10-02 23:43:00,Idle
D248,2023-10-03 00:57:00,Idle
D248,2023-10-03 02:32:00,Idle
D248,2023-10-03 04:30:00,Idle
D248,2023-10-03 06:10:00,Idle
D248,2023-10-03 07:54:00,Idle
D248,2023-10-03 08:55:00,Busy
D248,2023-10-03 09:22:00,Idle
D248,2023-10-03 10:01:00,Busy
D248,2023-10-03 10:49:00,Busy
D248,2023-10-03 11:46:00,Offline
D248,2023-10-03 23:46:00,Online
D248,2023-10-04 00:14:00,Idle
D248,2023-10-04 01:27:00,Busy
D248,2023-10-04 02:40:00,Idle
D248,2023-10-04 03:27:00,Idle
D248,2023-10-04 05:00:00,Idle
D248,2023-10-04 06:54:00,Busy
D248,2023-10-04 07:37:00,Offline
D248,2023-10-05 03:37:00,Online
D248,2023-10-05 04:06:00,Busy
D248,2023-10-05 05:22:00,Busy
D248,2023-10-05 06:47:00,Busy
D248,2023-10-05 07:40:00,Busy
D248,2023-10-05 07:58:00,Idle
D248,2023-10-05 09:08:00,Busy
D248,2023-10-05 09:37:00,Busy
D248,2023-10-05 09:56:00,Offline
D249,2023-10-03 00:00:00,Online
D249,2023-10-03 01:56:00,Busy
D249,2023-10-03 02:51:00,Idle
D249,2023-10-03 04:14:00,Idle
D249,2023-10-03 05:07:00,Busy
D249,2023-10-03 07:00:00,Busy
D249,2023-10-03 07:46:00,Offline
D249,2023-10-03 20:46:00,Online
D249,2023-10-03 22:34:00,Busy
D249,2023-10-03 23:20:00,Idle
D249,2023-10-04 01:16:00,Idle
D249,2023-10-04 02:46:00,Idle
D249,2023-10-04 04:28:00,Busy
D249,2023-10-04 04:41:00,Offline
D249,2023-10-04 21:41:00,Online
D249,2023-10-04 22:19:00,Idle
D249,2023-10-04 22:56:00,Busy
D249,2023-10-05 00:04:00,Idle
D249,2023-10-05 00:49:00,Busy
D249,2023-10-05 02:37:00,Busy
D249,2023-10-05 03:45:00,Busy
D249,2023-10-05 05:00:00,Busy
D249,2023-10-05 05:16:00,Busy
D249,2023-10-05 06:29:00,Busy
D249,2023-10-05 06:53:00,Offline
D249,2023-10-06 06:53:00,Online
D249,2023-10-06 07:27:00,Idle
D249,2023-10-06 09:17:00,Idle
D249,2023-10-06 11:12:00,Idle
D249,2023-10-06 12:15:00,Idle
D249,2023-10-06 12:41:00,Idle
D249,2023-10-06 13:04:00,Offline
D249,2023-10-07 06:04:00,Online
D249,2023-10-07 07:06:00,Idle
D249,2023-10-07 08:37:00,Idle
D249,2023-10-07 09:16:00,Idle
D249,2023-10-07 09:36:00,Busy
D249,2023-10-07 10:46:00,Idle
D249,2023-10-07 12:35:00,Idle
D249,2023-10-07 13:07:00,Idle
D249,2023-10-07 13:54:00,Offline
D249,2023-10-08 08:54:00,Online
D249,2023-10-08 10:41:00,Idle
D249,2023-10-08 11:14:00,Idle
D249,2023-10-08 11:41:00,Busy
D249,2023-10-08 12:11:00,Busy
D249,2023-10-08 12:46:00,Idle
D249,2023-10-08 13:16:00,Offline
D249,2023-10-09 05:16:00,Online
D249,2023-10-09 05:40:00,Idle
D249,2023-10-09 07:38:00,Idle
D249,2023-10-09 09:04:00,Idle
D249,2023-10-09 09:17:00,Offline
D249,2023-10-10 01:17:00,Online
D249,2023-10-10 03:04:00,Idle
D249,2023-10-10 04:47:00,Busy
D249,2023-10-10 05:19:00,Busy
D249,2023-10-10 06:53:00,Idle
D249,2023-10-10 08:14:00,Idle
D249,2023-10-10 08:54:00,Busy
D249,2023-10-10 10:28:00,Idle
D249,2023-10-10 10:55:00,Idle
D249,2023-10-10 12:43:00,Idle
D249,2023-10-10 13:43:00,Offline
D249,2023-10-11 06:43:00,Online
D249,2023-10-11 08:37:00,Busy
D249,2023-10-11 09:07:00,Busy
D249,2023-10-11 10:53:00,Busy
D249,2023-10-11 11:26:00,Idle
D249,2023-10-11 12:28:00,Idle
D249,2023-10-11 13:18:00,Idle
D249,2023-10-11 14:25:00,Busy
D249,2023-10-11 15:10:00,Offline
D249,2023-10-12 07:10:00,Online
D249,2023-10-12 07:49:00,Busy
D249,2023-10-12 08:55:00,Idle
D249,2023-10-12 10:14:00,Idle
D249,2023-10-12 12:11:00,Busy
D249,2023-10-12 13:35:00,Idle
D249,2023-10-12 14:32:00,Busy
D249,2023-10-12 15:16:00,Offline
D249,2023-10-13 15:16:00,Online
D249,2023-10-13 15:50:00,Idle
D249,2023-10-13 16:55:00,Idle
D249,2023-10-13 17:43:00,Idle
D249,2023-10-13 19:30:00,Busy
D249,2023-10-13 21:13:00,Busy
D249,2023-10-13 23:05:00,Busy
D249,2023-10-14 00:45:00,Busy
D249,2023-10-14 02:27:00,Idle
D249,2023-10-14 03:28:00,Idle
D249,2023-10-14 05:06:00,Idle
D249,2023-10-14 05:53:00,Offline
D249,2023-10-14 23:53:00,Online
D249,2023-10-15 01:30:00,Busy
D249,2023-10-15 02:06:00,Idle
D249,2023-10-15 02:22:00,Busy
D249,2023-10-15 03:59:00,Idle
D249,2023-10-15 04:54:00,Busy
D249,2023-10-15 06:33:00,Idle
D249,2023-10-15 07:12:00,Offline
D249,2023-10-16 04:12:00,Online
D249,2023-10-16 05:53:00,Idle
D249,2023-10-16 07:17:00,Idle
D249,2023-10-16 08:54:00,Idle
D249,2023-10-16 09:54:00,Offline
D249,2023-10-17 04:54:00,Online
D249,2023-10-17 05:20:00,Idle
D249,2023-10-17 06:12:00,Busy
D249,2023-10-17 07:27:00,Idle
D249,2023-10-17 08:05:00,Idle
D249,2023-10-17 08:54:00,Busy
D249,2023-10-17 09:35:00,Offline
D249,2023-10-18 05:35:00,Online
D249,2023-10-18 07:03:00,Idle
D249,2023-10-18 08:43:00,Idle
D249,2023-10-18 10:36:00,Busy
D249,2023-10-18 11:37:00,Idle
D249,2023-10-18 13:02:00,Busy
D249,2023-10-18 14:03:00,Idle
D249,2023-10-18 14:33:00,Offline
D250,2023-10-02 00:00:00,Online
D250,2023-10-02 01:28:00,Busy
D250,2023-10-02 02:39:00,Idle
D250,2023-10-02 04:28:00,Busy
D250,2023-10-02 05:40:00,Busy
D250,2023-10-02 06:47:00,Idle
D250,2023-10-02 08:15:00,Busy
D250,2023-10-02 09:15:00,Busy
D250,2023-10-02 09:48:00,Offline
D250,2023-10-03 05:48:00,Online
D250,2023-10-03 06:30:00,Busy
D250,2023-10-03 06:51:00,Idle
D250,2023-10-03 07:35:00,Idle
D250,2023-10-03 08:33:00,Idle
D250,2023-10-03 10:03:00,Busy
D250,2023-10-03 12:01:00,Busy
D250,2023-10-03 13:45:00,Idle
D250,2023-10-03 14:07:00,Busy
D250,2023-10-03 15:00:00,Offline
D250,2023-10-04 05:00:00,Online
D250,2023-10-04 06:38:00,Idle
D250,2023-10-04 08:37:00,Busy
D250,2023-10-04 08:54:00,Busy
D250,2023-10-04 09:59:00,Busy
D250,2023-10-04 10:53:00,Idle
D250,2023-10-04 12:10:00,Busy
D250,2023-10-04 13:34:00,Busy
D250,2023-10-04 13:57:00,Busy
D250,2023-10-04 15:42:00,Busy
D250,2023-10-04 16:41:00,Idle
D250,2023-10-04 17:28:00,Offline
D250,2023-10-05 16:28:00,Online
D250,2023-10-05 17:01:00,Busy
D250,2023-10-05 17:45:00,Idle
D250,2023-10-05 19:06:00,Idle
D250,2023-10-05 20:25:00,Busy
D250,2023-10-05 22:02:00,Idle
D250,2023-10-05 23:56:00,Busy
D250,2023-10-06 00:21:00,Busy
D250,2023-10-06 02:12:00,Idle
D250,2023-10-06 03:58:00,Busy
D250,2023-10-06 05:06:00,Busy
D250,2023-10-06 05:44:00,Offline
D250,2023-10-06 22:44:00,Online
D250,2023-10-06 23:23:00,Busy
D250,2023-10-07 00:09:00,Idle
D250,2023-10-07 01:14:00,Idle
D250,2023-10-07 02:22:00,Idle
D250,2023-10-07 03:43:00,Idle
D250,2023-10-07 04:28:00,Idle
D250,2023-10-07 06:10:00,Busy
D250,2023-10-07 06:50:00,Idle
D250,2023-10-07 07:55:00,Busy
D250,2023-10-07 09:31:00,Idle
D250,2023-10-07 09:50:00,Offline
D250,2023-10-07 22:50:00,Online
D250,2023-10-07 23:56:00,Idle
D250,2023-10-08 01:52:00,Idle
D250,2023-10-08 03:38:00,Busy
D250,2023-10-08 04:30:00,Idle
D250,2023-10-08 05:12:00,Idle
D250,2023-10-08 06:02:00,Offline
D250,2023-10-08 23:02:00,Online
D250,2023-10-09 00:08:00,Busy
D250,2023-10-09 01:13:00,Idle
D250,2023-10-09 02:53:00,Busy
D250,2023-10-09 03:37:00,Offline
D250,2023-10-09 21:37:00,Online
D250,2023-10-09 23:19:00,Busy
D250,2023-10-10 00:09:00,Busy
D250,2023-10-10 01:30:00,Idle
D250,2023-10-10 02:02:00,Idle
D250,2023-10-10 02:44:00,Idle
D250,2023-10-10 04:32:00,Idle
D250,2023-10-10 05:07:00,Offline
D250,2023-10-10 18:07:00,Online
D250,2023-10-10 19:06:00,Busy
D250,2023-10-10 20:16:00,Busy
D250,2023-10-10 21:53:00,Busy
D250,2023-10-10 22:16:00,Idle
D250,2023-10-10 22:47:00,Busy
D250,2023-10-11 00:07:00,Idle
D250,2023-10-11 00:26:00,Idle
D250,2023-10-11 01:32:00,Busy
D250,2023-10-11 02:49:00,Busy
D250,2023-10-11 03:22:00,Offline
D250,2023-10-11 20:22:00,Online
D250,2023-10-11 21:37:00,Idle
D250,2023-10-11 22:40:00,Busy
D250,2023-10-12 00:10:00,Idle
D250,2023-10-12 01:31:00,Busy
D250,2023-10-12 01:46:00,Offline
D250,2023-10-12 17:46:00,Online
D250,2023-10-12 18:19:00,Idle
D250,2023-10-12 18:42:00,Busy
D250,2023-10-12 20:22:00,Idle
D250,2023-10-12 21:38:00,Busy
D250,2023-10-12 22:49:00,Busy
D250,2023-10-12 23:07:00,Busy
D250,2023-10-13 00:03:00,Busy
D250,2023-10-13 00:44:00,Offline
D250,2023-10-13 16:44:00,Online
D250,2023-10-13 17:49:00,Busy
D250,2023-10-13 18:27:00,Busy
D250,2023-10-13 19:09:00,Busy
D250,2023-10-13 19:49:00,Offline
D250,2023-10-14 11:49:00,Online
D250,2023-10-14 12:45:00,Busy
D250,2023-10-14 13:04:00,Idle
D250,2023-10-14 14:59:00,Idle
D250,2023-10-14 15:15:00,Offline
D250,2023-10-15 05:15:00,Online
D250,2023-10-15 06:06:00,Idle
D250,2023-10-15 06:44:00,Idle
D250,2023-10-15 07:22:00,Busy
D250,2023-10-15 07:38:00,Idle
D250,2023-10-15 09:06:00,Idle
D250,2023-10-15 09:48:00,Offline
D250,2023-10-16 09:48:00,Online
D250,2023-10-16 11:39:00,Idle
D250,2023-10-16 13:16:00,Busy
D250,2023-10-16 15:05:00,Busy
D250,2023-10-16 16:41:00,Busy
D250,2023-10-16 18:24:00,Idle
D250,2023-10-16 18:46:00,Idle
D250,2023-10-16 19:33:00,Offline
D251,2023-10-01 00:00:00,Online
D251,2023-10-01 00:24:00,Busy
D251,2023-10-01 00:39:00,Idle
D251,2023-10-01 01:02:00,Idle
D251,2023-10-01 01:32:00,Idle
D251,2023-10-01 01:52:00,Busy
D251,2023-10-01 02:33:00,Idle
D251,2023-10-01 03:21:00,Offline
D251,2023-10-02 03:21:00,Online
D251,2023-10-02 03:40:00,Idle
D251,2023-10-02 04:56:00,Busy
D251,2023-10-02 06:13:00,Idle
D251,2023-10-02 08:10:00,Busy
D251,2023-10-02 08:46:00,Idle
D251,2023-10-02 10:11:00,Busy
D251,2023-10-02 10:48:00,Idle
D251,2023-10-02 11:48:00,Offline
D251,2023-10-03 02:48:00,Online
D251,2023-10-03 03:34:00,Idle
D251,2023-10-03 04:22:00,Idle
D251,2023-10-03 06:09:00,Idle
D251,2023-10-03 07:33:00,Busy
D251,2023-10-03 09:26:00,Idle
D251,2023-10-03 10:20:00,Busy
D251,2023-10-03 10:46:00,Busy
D251,2023-10-03 12:42:00,Idle
D251,2023-10-03 13:39:00,Offline
D251,2023-10-04 05:39:00,Online
D251,2023-10-04 06:51:00,Idle
D251,2023-10-04 08:07:00,Idle
D251,2023-10-04 08:29:00,Idle
D251,2023-10-04 10:13:00,Busy
D251,2023-10-04 10:55:00,Idle
D251,2023-10-04 11:56:00,Idle
D251,2023-10-04 13:27:00,Idle
D251,2023-10-04 14:43:00,Idle
D251,2023-10-04 16:13:00,Idle
D251,2023-10-04 16:44:00,Idle
D251,2023-10-04 17:28:00,Offline
D251,2023-10-05 12:28:00,Online
D251,2023-10-05 13:43:00,Idle
D251,2023-10-05 14:22:00,Busy
D251,2023-10-05 15:05:00,Idle
D251,2023-10-05 16:37:00,Idle
D251,2023-10-05 17:18:00,Offline
D251,2023-10-06 16:18:00,Online
D251,2023-10-06 17:08:00,Idle
D251,2023-10-06 18:38:00,Busy
D251,2023-10-06 20:15:00,Busy
D251,2023-10-06 21:09:00,Idle
D251,2023-10-06 22:32:00,Busy
D251,2023-10-07 00:26:00,Busy
D251,2023-10-07 00:53:00,Busy
D251,2023-10-07 01:05:00,Offline
D251,2023-10-07 21:05:00,Online
D251,2023-10-07 22:58:00,Busy
D251,2023-10-07 23:58:00,Busy
D251,2023-10-08 01:53:00,Idle
D251,2023-10-08 03:13:00,Idle
D251,2023-10-08 04:57:00,Busy
D251,2023-10-08 05:33:00,Idle
D251,2023-10-08 05:52:00,Busy
D251,2023-10-08 06:17:00,Offline
D251,2023-10-09 06:17:00,Online
D251,2023-10-09 08:07:00,Idle
D251,2023-10-09 09:58:00,Busy
D251,2023-10-09 10:16:00,Busy
D251,2023-10-09 11:09:00,Idle
D251,2023-10-09 12:07:00,Offline
D251,2023-10-10 11:07:00,Online
D251,2023-10-10 12:53:00,Busy
D251,2023-10-10 14:37:00,Idle
D251,2023-10-10 16:21:00,Busy
D251,2023-10-10 17:44:00,Idle
D251,2023-10-10 18:37:00,Busy
D251,2023-10-10 20:00:00,Idle
D251,2023-10-10 20:34:00,Offline
D251,2023-10-11 12:34:00,Online
D251,2023-10-11 13:33:00,Idle
D251,2023-10-11 14:40:00,Idle
D251,2023-10-11 15:46:00,Idle
D251,2023-10-11 16:17:00,Idle
D251,2023-10-11 17:22:00,Idle
D251,2023-10-11 19:05:00,Busy
D251,2023-10-11 20:55:00,Busy
D251,2023-10-11 21:40:00,Offline
D251,2023-10-12 09:40:00,Online
D251,2023-10-12 10:05:00,Idle
D251,2023-10-12 11:27:00,Busy
D251,2023-10-12 11:55:00,Busy
D251,2023-10-12 13:51:00,Idle
D251,2023-10-12 15:19:00,Idle
D251,2023-10-12 15:34:00,Offline
D251,2023-10-13 15:34:00,Online
D251,2023-10-13 16:50:00,Idle
D251,2023-10-13 17:50:00,Idle
D251,2023-10-13 18:22:00,Busy
D251,2023-10-13 20:20:00,Busy
D251,2023-10-13 21:00:00,Idle
D251,2023-10-13 22:45:00,Busy
D251,2023-10-14 00:29:00,Idle
D251,2023-10-14 01:02:00,Idle
D251,2023-10-14 02:03:00,Busy
D251,2023-10-14 02:46:00,Offline
D251,2023-10-14 19:46:00,Online
D251,2023-10-14 20:39:00,Busy
D251,2023-10-14 22:18:00,Busy
D251,2023-10-14 22:38:00,Busy
D251,2023-10-14 23:30:00,Busy
D251,2023-10-14 23:57:00,Idle
D251,2023-10-15 01:14:00,Busy
D251,2023-10-15 03:11:00,Busy
D251,2023-10-15 05:11:00,Busy
D251,2023-10-15 05:40:00,Offline
D251,2023-10-15 17:40:00,Online
D251,2023-10-15 18:07:00,Idle
D251,2023-10-15 19:42:00,Busy
D251,2023-10-15 20:32:00,Busy
D251,2023-10-15 21:20:00,Offline
D251,2023-10-16 17:20:00,Online
D251,2023-10-16 19:08:00,Idle
D251,2023-10-16 19:23:00,Busy
D251,2023-10-16 21:19:00,Idle
D251,2023-10-16 22:23:00,Busy
D251,2023-10-16 23:39:00,Busy
D251,2023-10-17 00:29:00,Busy
D251,2023-10-17 00:45:00,Offline
D252,2023-10-03 00:00:00,Online
D252,2023-10-03 01:49:00,Busy
D252,2023-10-03 03:01:00,Idle
D252,2023-10-03 04:54:00,Idle
D252,2023-10-03 06:24:00,Busy
D252,2023-10-03 06:42:00,Idle
D252,2023-10-03 07:46:00,Idle
D252,2023-10-03 08:26:00,Offline
D252,2023-10-04 01:26:00,Online
D252,2023-10-04 02:42:00,Idle
D252,2023-10-04 04:37:00,Busy
D252,2023-10-04 05:58:00,Busy
D252,2023-10-04 07:57:00,Idle
D252,2023-10-04 08:12:00,Busy
D252,2023-10-04 09:08:00,Idle
D252,2023-10-04 09:53:00,Offline
D252,2023-10-05 06:53:00,Online
D252,2023-10-05 08:41:00,Busy
D252,2023-10-05 09:27:00,Idle
D252,2023-10-05 09:44:00,Busy
D252,2023-10-05 11:28:00,Busy
D252,2023-10-05 11:49:00,Offline
D252,2023-10-06 08:49:00,Online
D252,2023-10-06 09:10:00,Busy
D252,2023-10-06 10:53:00,Idle
D252,2023-10-06 12:36:00,Busy
D252,2023-10-06 13:22:00,Idle
D252,2023-10-06 14:29:00,Idle
D252,2023-10-06 15:55:00,Idle
D252,2023-10-06 17:36:00,Busy
D252,2023-10-06 18:25:00,Idle
D252,2023-10-06 19:27:00,Busy
D252,2023-10-06 19:59:00,Offline
D252,2023-10-07 12:59:00,Online
D252,2023-10-07 13:39:00,Idle
D252,2023-10-07 14:24:00,Busy
D252,2023-10-07 16:02:00,Busy
D252,2023-10-07 16:59:00,Idle
D252,2023-10-07 18:48:00,Idle
D252,2023-10-07 20:48:00,Busy
D252,2023-10-07 21:06:00,Offline
D252,2023-10-08 15:06:00,Online
D252,2023-10-08 15:55:00,Busy
D252,2023-10-08 16:35:00,Idle
D252,2023-10-08 17:37:00,Idle
D252,2023-10-08 18:59:00,Idle
D252,2023-10-08 20:39:00,Idle
D252,2023-10-08 22:05:00,Idle
D252,2023-10-08 23:44:00,Busy
D252,2023-10-09 01:41:00,Busy
D252,2023-10-09 02:18:00,Offline
D252,2023-10-10 01:18:00,Online
D252,2023-10-10 01:57:00,Idle
D252,2023-10-10 03:32:00,Busy
D252,2023-10-10 05:13:00,Idle
D252,2023-10-10 06:30:00,Idle
D252,2023-10-10 07:43:00,Busy
D252,2023-10-10 09:30:00,Busy
D252,2023-10-10 10:32:00,Idle
D252,2023-10-10 11:05:00,Offline
D253,2023-10-04 00:00:00,Online
D253,2023-10-04 00:42:00,Idle
D253,2023-10-04 02:23:00,Busy
D253,2023-10-04 03:28:00,Busy
D253,2023-10-04 05:10:00,Busy
D253,2023-10-04 05:32:00,Busy
D253,2023-10-04 07:00:00,Idle
D253,2023-10-04 07:42:00,Busy
D253,2023-10-04 08:06:00,Busy
D253,2023-10-04 08:50:00,Offline
D253,2023-10-05 04:50:00,Online
D253,2023-10-05 05:43:00,Busy
D253,2023-10-05 06:14:00,Busy
D253,2023-10-05 07:54:00,Idle
D253,2023-10-05 09:03:00,Busy
D253,2023-10-05 09:46:00,Busy
D253,2023-10-05 10:05:00,Busy
D253,2023-10-05 10:47:00,Idle
D253,2023-10-05 11:21:00,Idle
D253,2023-10-05 13:02:00,Idle
D253,2023-10-05 13:39:00,Offline
D253,2023-10-06 09:39:00,Online
D253,2023-10-06 11:19:00,Idle
D253,2023-10-06 12:57:00,Idle
D253,2023-10-06 14:10:00,Idle
D253,2023-10-06 14:50:00,Idle
D253,2023-10-06 15:56:00,Idle
D253,2023-10-06 17:44:00,Busy
D253,2023-10-06 18:10:00,Offline
D253,2023-10-07 18:10:00,Online
D253,2023-10-07 19:06:00,Busy
D253,2023-10-07 20:33:00,Idle
D253,2023-10-07 22:16:00,Busy
D253,2023-10-07 22:50:00,Busy
D253,2023-10-08 00:32:00,Idle
D253,2023-10-08 01:17:00,Offline
D253,2023-10-08 16:17:00,Online
D253,2023-10-08 17:22:00,Idle
D253,2023-10-08 19:21:00,Busy
D253,2023-10-08 19:49:00,Busy
D253,2023-10-08 20:11:00,Busy
D253,2023-10-08 21:18:00,Idle
D253,2023-10-08 21:44:00,Idle
D253,2023-10-08 23:05:00,Busy
D253,2023-10-08 23:52:00,Busy
D253,2023-10-09 00:12:00,Idle
D253,2023-10-09 00:30:00,Idle
D253,2023-10-09 01:24:00,Offline
D253,2023-10-09 15:24:00,Online
D253,2023-10-09 16:26:00,Idle
D253,2023-10-09 17:14:00,Busy
D253,2023-10-09 17:41:00,Idle
D253,2023-10-09 18:52:00,Busy
D253,2023-10-09 20:14:00,Idle
D253,2023-10-09 20:56:00,Offline
D253,2023-10-10 19:56:00,Online
D253,2023-10-10 21:13:00,Idle
D253,2023-10-10 21:47:00,Busy
D253,2023-10-10 23:18:00,Idle
D253,2023-10-11 00:30:00,Busy
D253,2023-10-11 01:52:00,Busy
D253,2023-10-11 02:41:00,Busy
D253,2023-10-11 03:28:00,Idle
D253,2023-10-11 04:05:00,Offline
D253,2023-10-12 03:05:00,Online
D253,2023-10-12 04:55:00,Idle
D253,2023-10-12 06:44:00,Idle
D253,2023-10-12 08:26:00,Idle
D253,2023-10-12 09:06:00,Busy
D253,2023-10-12 10:14:00,Idle
D253,2023-10-12 11:00:00,Busy
D253,2023-10-12 11:55:00,Offline
D253,2023-10-13 07:55:00,Online
D253,2023-10-13 08:16:00,Idle
D253,2023-10-13 09:54:00,Busy
D253,2023-10-13 11:33:00,Idle
D253,2023-10-13 12:49:00,Busy
D253,2023-10-13 14:29:00,Idle
D253,2023-10-13 15:01:00,Busy
D253,2023-10-13 16:52:00,Idle
D253,2023-10-13 17:07:00,Busy
D253,2023-10-13 18:00:00,Idle
D253,2023-10-13 18:10:00,Offline
D254,2023-10-06 00:00:00,Online
D254,2023-10-06 00:23:00,Idle
D254,2023-10-06 01:10:00,Busy
D254,2023-10-06 03:06:00,Busy
D254,2023-10-06 04:23:00,Busy
D254,2023-10-06 04:44:00,Offline
D254,2023-10-06 20:44:00,Online
D254,2023-10-06 21:21:00,Busy
D254,2023-10-06 21:59:00,Idle
D254,2023-10-06 23:06:00,Busy
D254,2023-10-06 23:48:00,Busy
D254,2023-10-07 01:36:00,Busy
D254,2023-10-07 02:35:00,Busy
D254,2023-10-07 03:03:00,Offline
D254,2023-10-07 16:03:00,Online
D254,2023-10-07 17:00:00,Busy
D254,2023-10-07 17:17:00,Idle
D254,2023-10-07 18:00:00,Busy
D254,2023-10-07 19:07:00,Busy
D254,2023-10-07 20:34:00,Busy
D254,2023-10-07 21:43:00,Idle
D254,2023-10-07 22:42:00,Busy
D254,2023-10-08 00:26:00,Busy
D254,2023-10-08 02:23:00,Busy
D254,2023-10-08 03:11:00,Offline
D254,2023-10-09 00:11:00,Online
D254,2023-10-09 01:17:00,Busy
D254,2023-10-09 02:13:00,Idle
D254,2023-10-09 03:50:00,Idle
D254,2023-10-09 04:22:00,Idle
D254,2023-10-09 06:13:00,Idle
D254,2023-10-09 08:00:00,Busy
D254,2023-10-09 09:00:00,Idle
D254,2023-10-09 09:43:00,Busy
D254,2023-10-09 11:07:00,Idle
D254,2023-10-09 11:48:00,Offline
D254,2023-10-10 08:48:00,Online
D254,2023-10-10 09:24:00,Busy
D254,2023-10-10 10:09:00,Busy
D254,2023-10-10 10:41:00,Busy
D254,2023-10-10 11:47:00,Idle
D254,2023-10-10 12:40:00,Offline
D254,2023-10-11 01:40:00,Online
D254,2023-10-11 03:33:00,Idle
D254,2023-10-11 04:12:00,Idle
D254,2023-10-11 04:36:00,Busy
D254,2023-10-11 05:40:00,Busy
D254,2023-10-11 06:32:00,Busy
D254,2023-10-11 08:12:00,Busy
D254,2023-10-11 09:00:00,Busy
D254,2023-10-11 09:25:00,Offline
D254,2023-10-12 08:25:00,Online
D254,2023-10-12 08:42:00,Busy
D254,2023-10-12 09:38:00,Idle
D254,2023-10-12 10:43:00,Idle
D254,2023-10-12 12:13:00,Idle
D254,2023-10-12 14:05:00,Idle
D254,2023-10-12 14:55:00,Idle
D254,2023-10-12 15:46:00,Idle
D254,2023-10-12 15:59:00,Offline
D254,2023-10-13 03:59:00,Online
D254,2023-10-13 05:28:00,Busy
D254,2023-10-13 07:26:00,Idle
D254,2023-10-13 07:56:00,Idle
D254,2023-10-13 08:54:00,Busy
D254,2023-10-13 09:42:00,Busy
D254,2023-10-13 10:07:00,Busy
D254,2023-10-13 11:08:00,Busy
D254,2023-10-13 12:54:00,Idle
D254,2023-10-13 13:52:00,Idle
D254,2023-10-13 15:18:00,Busy
D254,2023-10-13 15:58:00,Offline
D254,2023-10-14 06:58:00,Online
D254,2023-10-14 08:08:00,Busy
D254,2023-10-14 09:10:00,Idle
D254,2023-10-14 10:41:00,Busy
D254,2023-10-14 11:42:00,Idle
D254,2023-10-14 12:13:00,Busy
D254,2023-10-14 12:59:00,Busy
D254,2023-10-14 13:54:00,Busy
D254,2023-10-14 15:52:00,Idle
D254,2023-10-14 16:55:00,Busy
D254,2023-10-14 17:43:00,Busy
D254,2023-10-14 18:13:00,Offline
D254,2023-10-15 14:13:00,Online
D254,2023-10-15 15:10:00,Idle
D254,2023-10-15 16:06:00,Idle
D254,2023-10-15 16:43:00,Busy
D254,2023-10-15 18:14:00,Idle
D254,2023-10-15 19:09:00,Idle
D254,2023-10-15 20:48:00,Idle
D254,2023-10-15 21:23:00,Idle
D254,2023-10-15 22:46:00,Idle
D254,2023-10-15 23:22:00,Idle
D254,2023-10-16 00:18:00,Busy
D254,2023-10-16 00:59:00,Offline
D254,2023-10-16 17:59:00,Online
D254,2023-10-16 18:41:00,Idle
D254,2023-10-16 19:50:00,Idle
D254,2023-10-16 21:35:00,Idle
D254,2023-10-16 22:33:00,Busy
D254,2023-10-16 23:35:00,Busy
D254,2023-10-17 01:16:00,Busy
D254,2023-10-17 01:54:00,Busy
D254,2023-10-17 02:34:00,Busy
D254,2023-10-17 04:29:00,Idle
D254,2023-10-17 05:19:00,Idle
D254,2023-10-17 05:47:00,Offline
D255,2023-10-01 00:00:00,Online
D255,2023-10-01 01:31:00,Busy
D255,2023-10-01 01:51:00,Busy
D255,2023-10-01 03:21:00,Idle
D255,2023-10-01 03:56:00,Busy
D255,2023-10-01 05:03:00,Busy
D255,2023-10-01 06:49:00,Busy
D255,2023-10-01 08:49:00,Idle
D255,2023-10-01 09:05:00,Idle
D255,2023-10-01 10:49:00,Busy
D255,2023-10-01 11:19:00,Offline
D255,2023-10-02 01:19:00,Online
D255,2023-10-02 02:06:00,Idle
D255,2023-10-02 03:54:00,Idle
D255,2023-10-02 05:45:00,Idle
D255,2023-10-02 06:23:00,Offline
D255,2023-10-03 03:23:00,Online
D255,2023-10-03 03:50:00,Idle
D255,2023-10-03 04:49:00,Idle
D255,2023-10-03 06:01:00,Busy
D255,2023-10-03 06:28:00,Busy
D255,2023-10-03 07:37:00,Idle
D255,2023-10-03 08:08:00,Offline
D255,2023-10-04 07:08:00,Online
D255,2023-10-04 07:32:00,Busy
D255,2023-10-04 08:34:00,Idle
D255,2023-10-04 09:11:00,Idle
D255,2023-10-04 11:07:00,Busy
D255,2023-10-04 11:30:00,Offline
D255,2023-10-05 07:30:00,Online
D255,2023-10-05 08:16:00,Busy
D255,2023-10-05 09:14:00,Idle
D255,2023-10-05 10:09:00,Busy
D255,2023-10-05 11:05:00,Busy
D255,2023-10-05 12:22:00,Idle
D255,2023-10-05 13:58:00,Busy
D255,2023-10-05 15:53:00,Idle
D255,2023-10-05 16:53:00,Idle
D255,2023-10-05 17:54:00,Busy
D255,2023-10-05 19:32:00,Idle
D255,2023-10-05 20:28:00,Offline
D255,2023-10-06 11:28:00,Online
D255,2023-10-06 12:47:00,Idle
D255,2023-10-06 14:02:00,Idle
D255,2023-10-06 14:32:00,Idle
D255,2023-10-06 14:47:00,Busy
D255,2023-10-06 16:13:00,Idle
D255,2023-10-06 17:07:00,Busy
D255,2023-10-06 17:25:00,Offline
D255,2023-10-07 09:25:00,Online
D255,2023-10-07 10:42:00,Busy
D255,2023-10-07 12:31:00,Idle
D255,2023-10-07 14:01:00,Busy
D255,2023-10-07 14:43:00,Idle
D255,2023-10-07 15:19:00,Offline
D255,2023-10-08 09:19:00,Online
D255,2023-10-08 09:42:00,Busy
D255,2023-10-08 11:12:00,Idle
D255,2023-10-08 12:15:00,Idle
D255,2023-10-08 13:41:00,Busy
D255,2023-10-08 15:33:00,Idle
D255,2023-10-08 17:03:00,Busy
D255,2023-10-08 18:42:00,Busy
D255,2023-10-08 19:40:00,Busy
D255,2023-10-08 20:09:00,Offline
D255,2023-10-09 18:09:00,Online
D255,2023-10-09 18:31:00,Busy
D255,2023-10-09 19:32:00,Busy
D255,2023-10-09 20:23:00,Idle
D255,2023-10-09 22:16:00,Idle
D255,2023-10-09 23:51:00,Idle
D255,2023-10-10 00:31:00,Busy
D255,2023-10-10 01:46:00,Idle
D255,2023-10-10 02:35:00,Busy
D255,2023-10-10 03:25:00,Offline
D255,2023-10-11 02:25:00,Online
D255,2023-10-11 03:48:00,Busy
D255,2023-10-11 04:13:00,Idle
D255,2023-10-11 04:31:00,Busy
D255,2023-10-11 06:19:00,Idle
D255,2023-10-11 08:11:00,Idle
D255,2023-10-11 10:10:00,Busy
D255,2023-10-11 11:47:00,Idle
D255,2023-10-11 12:30:00,Idle
D255,2023-10-11 13:26:00,Offline
D255,2023-10-12 03:26:00,Online
D255,2023-10-12 04:47:00,Idle
D255,2023-10-12 05:49:00,Idle
D255,2023-10-12 07:49:00,Idle
D255,2023-10-12 09:27:00,Busy
D255,2023-10-12 10:35:00,Busy
D255,2023-10-12 10:48:00,Offline
D255,2023-10-13 09:48:00,Online
D255,2023-10-13 11:15:00,Busy
D255,2023-10-13 11:53:00,Busy
D255,2023-10-13 13:34:00,Busy
D255,2023-10-13 14:25:00,Busy
D255,2023-10-13 16:00:00,Idle
D255,2023-10-13 17:30:00,Busy
D255,2023-10-13 18:20:00,Offline
D255,2023-10-14 14:20:00,Online
D255,2023-10-14 15:45:00,Idle
D255,2023-10-14 16:29:00,Busy
D255,2023-10-14 17:35:00,Idle
D255,2023-10-14 19:24:00,Busy
D255,2023-10-14 20:05:00,Idle
D255,2023-10-14 21:33:00,Idle
D255,2023-10-14 22:10:00,Idle
D255,2023-10-14 22:43:00,Offline
D256,2023-10-02 00:00:00,Online
D256,2023-10-02 00:48:00,Busy
D256,2023-10-02 02:03:00,Busy
D256,2023-10-02 03:29:00,Busy
D256,2023-10-02 04:16:00,Idle
D256,2023-10-02 04:38:00,Busy
D256,2023-10-02 06:12:00,Idle
D256,2023-10-02 06:37:00,Idle
D256,2023-10-02 07:21:00,Busy
D256,2023-10-02 09:02:00,Busy
D256,2023-10-02 10:57:00,Busy
D256,2023-10-02 11:13:00,Offline
D256,2023-10-03 09:13:00,Online
D256,2023-10-03 09:48:00,Idle
D256,2023-10-03 10:09:00,Idle
D256,2023-10-03 11:33:00,Idle
D256,2023-10-03 13:19:00,Idle
D256,2023-10-03 13:57:00,Busy
D256,2023-10-03 15:30:00,Busy
D256,2023-10-03 16:39:00,Idle
D256,2023-10-03 17:04:00,Offline
D256,2023-10-04 10:04:00,Online
D256,2023-10-04 11:11:00,Busy
D256,2023-10-04 12:42:00,Idle
D256,2023-10-04 14:40:00,Idle
D256,2023-10-04 15:09:00,Busy
D256,2023-10-04 15:56:00,Idle
D256,2023-10-04 17:53:00,Idle
D256,2023-10-04 18:19:00,Offline
D256,2023-10-05 15:19:00,Online
D256,2023-10-05 16:15:00,Idle
D256,2023-10-05 17:22:00,Busy
D256,2023-10-05 18:32:00,Busy
D256,2023-10-05 20:31:00,Idle
D256,2023-10-05 21:23:00,Busy
D256,2023-10-05 22:46:00,Idle
D256,2023-10-05 23:05:00,Offline
D256,2023-10-06 14:05:00,Online
D256,2023-10-06 15:34:00,Busy
D256,2023-10-06 16:01:00,Idle
D256,2023-10-06 16:48:00,Busy
D256,2023-10-06 18:18:00,Busy
D256,2023-10-06 19:09:00,Offline
D256,2023-10-07 07:09:00,Online
D256,2023-10-07 07:47:00,Busy
D256,2023-10-07 08:40:00,Busy
D256,2023-10-07 10:34:00,Idle
D256,2023-10-07 11:49:00,Busy
D256,2023-10-07 13:01:00,Idle
D256,2023-10-07 14:04:00,Idle
D256,2023-10-07 15:04:00,Idle
D256,2023-10-07 17:00:00,Busy
D256,2023-10-07 17:47:00,Offline
D256,2023-10-08 09:47:00,Online
D256,2023-10-08 10:57:00,Idle
D256,2023-10-08 11:19:00,Busy
D256,2023-10-08 13:18:00,Idle
D256,2023-10-08 13:59:00,Busy
D256,2023-10-08 15:23:00,Busy
D256,2023-10-08 15:49:00,Idle
D256,2023-10-08 16:18:00,Offline
D256,2023-10-09 16:18:00,Online
D256,2023-10-09 17:21:00,Busy
D256,2023-10-09 18:22:00,Idle
D256,2023-10-09 19:08:00,Idle
D256,2023-10-09 20:34:00,Idle
D256,2023-10-09 21:38:00,Idle
D256,2023-10-09 22:20:00,Idle
D256,2023-10-09 23:23:00,Busy
D256,2023-10-10 00:47:00,Idle
D256,2023-10-10 02:05:00,Idle
D256,2023-10-10 03:20:00,Idle
D256,2023-10-10 03:49:00,Offline
D258,2023-10-06 00:00:00,Online
D258,2023-10-06 00:51:00,Idle
D258,2023-10-06 02:49:00,Busy
D258,2023-10-06 04:00:00,Idle
D258,2023-10-06 04:21:00,Idle
D258,2023-10-06 05:26:00,Busy
D258,2023-10-06 05:55:00,Idle
D258,2023-10-06 07:28:00,Busy
D258,2023-10-06 08:51:00,Busy
D258,2023-10-06 09:34:00,Offline
D258,2023-10-07 04:34:00,Online
D258,2023-10-07 06:14:00,Busy
D258,2023-10-07 08:03:00,Idle
D258,2023-10-07 08:43:00,Idle
D258,2023-10-07 08:58:00,Offline
D258,2023-10-08 05:58:00,Online
D258,2023-10-08 07:36:00,Busy
D258,2023-10-08 08:55:00,Busy
D258,2023-10-08 09:58:00,Idle
D258,2023-10-08 11:35:00,Busy
D258,2023-10-08 13:00:00,Idle
D258,2023-10-08 14:43:00,Busy
D258,2023-10-08 15:03:00,Busy
D258,2023-10-08 17:02:00,Busy
D258,2023-10-08 17:57:00,Offline
D258,2023-10-09 08:57:00,Online
D258,2023-10-09 09:55:00,Idle
D258,2023-10-09 11:47:00,Busy
D258,2023-10-09 13:20:00,Busy
D258,2023-10-09 14:36:00,Busy
D258,2023-10-09 14:57:00,Busy
D258,2023-10-09 16:28:00,Busy
D258,2023-10-09 17:58:00,Idle
D258,2023-10-09 19:16:00,Busy
D258,2023-10-09 20:42:00,Busy
D258,2023-10-09 21:29:00,Offline
D258,2023-10-10 10:29:00,Online
D258,2023-10-10 11:06:00,Idle
D258,2023-10-10 12:14:00,Busy
D258,2023-10-10 13:13:00,Busy
D258,2023-10-10 13:28:00,Busy
D258,2023-10-10 14:36:00,Idle
D258,2023-10-10 15:48:00,Busy
D258,2023-10-10 17:45:00,Idle
D258,2023-10-10 19:39:00,Idle
D258,2023-10-10 20:36:00,Idle
D258,2023-10-10 21:52:00,Idle
D258,2023-10-10 22:28:00,Offline
D258,2023-10-11 18:28:00,Online
D258,2023-10-11 19:10:00,Busy
D258,2023-10-11 19:48:00,Busy
D258,2023-10-11 21:27:00,Busy
D258,2023-10-11 22:56:00,Busy
D258,2023-10-12 00:33:00,Idle
D258,2023-10-12 01:17:00,Busy
D258,2023-10-12 02:19:00,Busy
D258,2023-10-12 03:53:00,Busy
D258,2023-10-12 04:51:00,Offline
D258,2023-10-12 20:51:00,Online
D258,2023-10-12 21:54:00,Busy
D258,2023-10-12 23:36:00,Busy
D258,2023-10-13 00:03:00,Busy
D258,2023-10-13 00:20:00,Busy
D258,2023-10-13 01:02:00,Busy
D258,2023-10-13 01:53:00,Busy
D258,2023-10-13 02:11:00,Busy
D258,2023-10-13 03:00:00,Idle
D258,2023-10-13 03:52:00,Idle
D258,2023-10-13 04:47:00,Offline
D258,2023-10-13 18:47:00,Online
D258,2023-10-13 20:10:00,Busy
D258,2023-10-13 21:04:00,Busy
D258,2023-10-13 21:56:00,Idle
D258,2023-10-13 22:36:00,Busy
D258,2023-10-13 23:02:00,Idle
D258,2023-10-13 23:35:00,Busy
D258,2023-10-14 00:29:00,Offline
D258,2023-10-14 22:29:00,Online
D258,2023-10-15 00:14:00,Busy
D258,2023-10-15 02:04:00,Idle
D258,2023-10-15 02:55:00,Busy
D258,2023-10-15 03:17:00,Idle
D258,2023-10-15 04:50:00,Busy
D258,2023-10-15 05:09:00,Idle
D258,2023-10-15 05:40:00,Offline
D259,2023-10-05 00:00:00,Online
D259,2023-10-05 00:48:00,Busy
D259,2023-10-05 02:32:00,Idle
D259,2023-10-05 04:16:00,Busy
D259,2023-10-05 05:14:00,Idle
D259,2023-10-05 06:32:00,Idle
D259,2023-10-05 06:59:00,Offline
D259,2023-10-06 02:59:00,Online
D259,2023-10-06 04:24:00,Idle
D259,2023-10-06 05:46:00,Busy
D259,2023-10-06 07:00:00,Busy
D259,2023-10-06 08:00:00,Idle
D259,2023-10-06 09:05:00,Busy
D259,2023-10-06 10:06:00,Idle
D259,2023-10-06 11:52:00,Busy
D259,2023-10-06 12:09:00,Offline
D259,2023-10-07 02:09:00,Online
D259,2023-10-07 03:58:00,Busy
D259,2023-10-07 05:57:00,Idle
D259,2023-10-07 07:56:00,Busy
D259,2023-10-07 08:50:00,Idle
D259,2023-10-07 10:03:00,Busy
D259,2023-10-07 10:43:00,Offline
D259,2023-10-08 06:43:00,Online
D259,2023-10-08 08:09:00,Busy
D259,2023-10-08 09:30:00,Busy
D259,2023-10-08 09:51:00,Idle
D259,2023-10-08 10:01:00,Offline
D259,2023-10-09 03:01:00,Online
D259,2023-10-09 04:34:00,Idle
D259,2023-10-09 05:05:00,Idle
D259,2023-10-09 05:33:00,Idle
D259,2023-10-09 07:07:00,Idle
D259,2023-10-09 07:30:00,Offline
D259,2023-10-10 00:30:00,Online
D259,2023-10-10 00:56:00,Busy
D259,2023-10-10 01:37:00,Busy
D259,2023-10-10 03:11:00,Busy
D259,2023-10-10 04:35:00,Idle
D259,2023-10-10 06:32:00,Busy
D259,2023-10-10 07:56:00,Idle
D259,2023-10-10 09:52:00,Idle
D259,2023-10-10 10:19:00,Busy
D259,2023-10-10 11:52:00,Idle
D259,2023-10-10 12:40:00,Idle
D259,2023-10-10 13:34:00,Offline
D259,2023-10-11 11:34:00,Online
D259,2023-10-11 13:08:00,Idle
D259,2023-10-11 14:05:00,Idle
D259,2023-10-11 15:01:00,Busy
D259,2023-10-11 16:41:00,Idle
D259,2023-10-11 17:49:00,Idle
D259,2023-10-11 19:25:00,Busy
D259,2023-10-11 20:22:00,Idle
D259,2023-10-11 21:35:00,Idle
D259,2023-10-11 21:54:00,Busy
D259,2023-10-11 22:45:00,Offline
D259,2023-10-12 12:45:00,Online
D259,2023-10-12 14:36:00,Busy
D259,2023-10-12 15:29:00,Busy
D259,2023-10-12 16:15:00,Busy
D259,2023-10-12 17:39:00,Busy
D259,2023-10-12 19:13:00,Idle
D259,2023-10-12 19:49:00,Offline
D259,2023-10-13 11:49:00,Online
D259,2023-10-13 12:55:00,Busy
D259,2023-10-13 14:25:00,Busy
D259,2023-10-13 15:54:00,Busy
D259,2023-10-13 16:17:00,Idle
D259,2023-10-13 16:51:00,Idle
D259,2023-10-13 17:21:00,Offline
D259,2023-10-14 15:21:00,Online
D259,2023-10-14 16:04:00,Busy
D259,2023-10-14 16:33:00,Idle
D259,2023-10-14 17:21:00,Idle
D259,2023-10-14 19:20:00,Busy
D259,2023-10-14 20:43:00,Idle
D259,2023-10-14 21:51:00,Idle
D259,2023-10-14 22:22:00,Busy
D259,2023-10-14 23:41:00,Idle
D259,2023-10-15 00:40:00,Offline
D259,2023-10-15 15:40:00,Online
D259,2023-10-15 17:15:00,Idle
D259,2023-10-15 18:37:00,Busy
D259,2023-10-15 19:19:00,Idle
D259,2023-10-15 20:35:00,Busy
D259,2023-10-15 21:47:00,Busy
D259,2023-10-15 22:36:00,Idle
D259,2023-10-16 00:21:00,Busy
D259,2023-10-16 01:17:00,Busy
D259,2023-10-16 03:08:00,Idle
D259,2023-10-16 03:54:00,Offline
D259,2023-10-16 18:54:00,Online
D259,2023-10-16 20:52:00,Idle
D259,2023-10-16 21:28:00,Busy
D259,2023-10-16 22:08:00,Busy
D259,2023-10-16 22:51:00,Idle
D259,2023-10-17 00:51:00,Idle
D259,2023-10-17 01:17:00,Busy
D259,2023-10-17 01:49:00,Idle
D259,2023-10-17 03:48:00,Idle
D259,2023-10-17 05:45:00,Idle
D259,2023-10-17 06:12:00,Idle
D259,2023-10-17 06:54:00,Offline
D259,2023-10-17 19:54:00,Online
D259,2023-10-17 21:13:00,Idle
D259,2023-10-17 23:11:00,Idle
D259,2023-10-18 00:38:00,Busy
D259,2023-10-18 02:35:00,Idle
D259,2023-10-18 03:45:00,Busy
D259,2023-10-18 04:24:00,Offline
D259,2023-10-18 20:24:00,Online
D259,2023-10-18 21:51:00,Idle
D259,2023-10-18 23:51:00,Busy
D259,2023-10-19 00:44:00,Idle
D259,2023-10-19 01:51:00,Busy
D259,2023-10-19 03:08:00,Busy
D259,2023-10-19 03:45:00,Offline
D259,2023-10-19 21:45:00,Online
D259,2023-10-19 22:25:00,Busy
D259,2023-10-20 00:24:00,Idle
D259,2023-10-20 00:45:00,Idle
D259,2023-10-20 01:47:00,Idle
D259,2023-10-20 02:52:00,Busy
D259,2023-10-20 04:12:00,Idle
D259,2023-10-20 04:45:00,Busy
D259,2023-10-20 05:19:00,Busy
D259,2023-10-20 05:39:00,Offline
D260,2023-10-05 00:00:00,Online
D260,2023-10-05 00:37:00,Idle
D260,2023-10-05 01:51:00,Idle
D260,2023-10-05 03:29:00,Idle
D260,2023-10-05 04:51:00,Idle
D260,2023-10-05 05:36:00,Idle
D260,2023-10-05 07:24:00,Idle
D260,2023-10-05 07:39:00,Offline
D260,2023-10-05 20:39:00,Online
D260,2023-10-05 21:12:00,Busy
D260,2023-10-05 21:54:00,Busy
D260,2023-10-05 22:40:00,Busy
D260,2023-10-05 23:58:00,Idle
D260,2023-10-06 00:42:00,Busy
D260,2023-10-06 01:41:00,Busy
D260,2023-10-06 02:26:00,Offline
D260,2023-10-06 15:26:00,Online
D260,2023-10-06 16:09:00,Busy
D260,2023-10-06 18:08:00,Idle
D260,2023-10-06 19:45:00,Busy
D260,2023-10-06 21:32:00,Busy
D260,2023-10-06 23:12:00,Idle
D260,2023-10-06 23:32:00,Offline
D260,2023-10-07 21:32:00,Online
D260,2023-10-07 23:07:00,Idle
D260,2023-10-08 00:55:00,Busy
D260,2023-10-08 02:27:00,Idle
D260,2023-10-08 02:42:00,Busy
D260,2023-10-08 03:27:00,Busy
D260,2023-10-08 03:52:00,Busy
D260,2023-10-08 05:46:00,Idle
D260,2023-10-08 06:23:00,Offline
D260,2023-10-08 21:23:00,Online
D260,2023-10-08 21:38:00,Idle
D260,2023-10-08 22:27:00,Busy
D260,2023-10-08 23:56:00,Idle
D260,2023-10-09 00:41:00,Idle
D260,2023-10-09 02:20:00,Idle
D260,2023-10-09 02:37:00,Offline
D261,2023-10-05 00:00:00,Online
D261,2023-10-05 01:54:00,Busy
D261,2023-10-05 02:11:00,Busy
D261,2023-10-05 04:05:00,Idle
D261,2023-10-05 05:02:00,Offline
D261,2023-10-05 18:02:00,Online
D261,2023-10-05 18:37:00,Busy
D261,2023-10-05 20:28:00,Idle
D261,2023-10-05 20:50:00,Idle
D261,2023-10-05 21:36:00,Busy
D261,2023-10-05 22:39:00,Idle
D261,2023-10-05 23:48:00,Busy
D261,2023-10-06 00:05:00,Idle
D261,2023-10-06 00:37:00,Offline
D261,2023-10-06 16:37:00,Online
D261,2023-10-06 18:32:00,Busy
D261,2023-10-06 19:12:00,Idle
D261,2023-10-06 20:05:00,Idle
D261,2023-10-06 21:57:00,Idle
D261,2023-10-06 22:12:00,Busy
D261,2023-10-06 22:30:00,Offline
D261,2023-10-07 19:30:00,Online
D261,2023-10-07 21:08:00,Idle
D261,2023-10-07 22:13:00,Busy
D261,2023-10-07 23:18:00,Busy
D261,2023-10-07 23:34:00,Offline
D261,2023-10-08 13:34:00,Online
D261,2023-10-08 15:09:00,Busy
D261,2023-10-08 16:26:00,Busy
D261,2023-10-08 17:07:00,Busy
D261,2023-10-08 18:57:00,Busy
D261,2023-10-08 20:20:00,Idle
D261,2023-10-08 22:00:00,Busy
D261,2023-10-08 22:17:00,Offline
D262,2023-10-01 00:00:00,Online
D262,2023-10-01 02:00:00,Idle
D262,2023-10-01 03:40:00,Busy
D262,2023-10-01 05:39:00,Busy
D262,2023-10-01 06:31:00,Idle
D262,2023-10-01 06:55:00,Busy
D262,2023-10-01 08:18:00,Idle
D262,2023-10-01 08:39:00,Idle
D262,2023-10-01 09:58:00,Idle
D262,2023-10-01 11:32:00,Busy
D262,2023-10-01 12:50:00,Busy
D262,2023-10-01 13:05:00,Offline
D262,2023-10-02 10:05:00,Online
D262,2023-10-02 10:48:00,Busy
D262,2023-10-02 12:07:00,Busy
D262,2023-10-02 12:27:00,Idle
D262,2023-10-02 13:12:00,Idle
D262,2023-10-02 14:50:00,Idle
D262,2023-10-02 15:35:00,Idle
D262,2023-10-02 17:35:00,Idle
D262,2023-10-02 19:16:00,Busy
D262,2023-10-02 20:58:00,Busy
D262,2023-10-02 21:35:00,Offline
D262,2023-10-03 18:35:00,Online
D262,2023-10-03 20:35:00,Idle
D262,2023-10-03 22:04:00,Idle
D262,2023-10-03 22:29:00,Idle
D262,2023-10-04 00:29:00,Idle
D262,2023-10-04 00:50:00,Idle
D262,2023-10-04 02:17:00,Idle
D262,2023-10-04 03:05:00,Offline
D262,2023-10-04 17:05:00,Online
D262,2023-10-04 17:45:00,Idle
D262,2023-10-04 18:35:00,Idle
D262,2023-10-04 19:06:00,Busy
D262,2023-10-04 19:45:00,Busy
D262,2023-10-04 20:42:00,Idle
D262,2023-10-04 21:18:00,Offline
D262,2023-10-05 17:18:00,Online
D262,2023-10-05 18:09:00,Idle
D262,2023-10-05 20:01:00,Busy
D262,2023-10-05 21:44:00,Busy
D262,2023-10-05 22:45:00,Idle
D262,2023-10-06 00:44:00,Idle
D262,2023-10-06 02:16:00,Idle
D262,2023-10-06 02:58:00,Busy
D262,2023-10-06 04:37:00,Idle
D262,2023-10-06 05:01:00,Offline
D262,2023-10-07 05:01:00,Online
D262,2023-10-07 06:48:00,Busy
D262,2023-10-07 07:17:00,Busy
D262,2023-10-07 08:05:00,Idle
D262,2023-10-07 09:15:00,Idle
D262,2023-10-07 10:55:00,Busy
D262,2023-10-07 11:49:00,Idle
D262,2023-10-07 12:51:00,Idle
D262,2023-10-07 14:03:00,Busy
D262,2023-10-07 15:07:00,Idle
D262,2023-10-07 15:35:00,Offline
D262,2023-10-08 03:35:00,Online
D262,2023-10-08 03:51:00,Idle
D262,2023-10-08 04:20:00,Idle
D262,2023-10-08 05:59:00,Idle
D262,2023-10-08 06:38:00,Busy
D262,2023-10-08 06:57:00,Offline
D263,2023-10-03 00:00:00,Online
D263,2023-10-03 01:47:00,Busy
D263,2023-10-03 02:21:00,Busy
D263,2023-10-03 02:58:00,Busy
D263,2023-10-03 03:15:00,Busy
D263,2023-10-03 03:48:00,Idle
D263,2023-10-03 04:32:00,Busy
D263,2023-10-03 05:08:00,Idle
D263,2023-10-03 06:37:00,Idle
D263,2023-10-03 06:49:00,Offline
D263,2023-10-03 21:49:00,Online
D263,2023-10-03 22:41:00,Idle
D263,2023-10-03 23:01:00,Busy
D263,2023-10-04 00:05:00,Idle
D263,2023-10-04 01:49:00,Idle
D263,2023-10-04 02:52:00,Busy
D263,2023-10-04 04:34:00,Idle
D263,2023-10-04 04:56:00,Offline
D263,2023-10-04 20:56:00,Online
D263,2023-10-04 21:57:00,Idle
D263,2023-10-04 22:26:00,Busy
D263,2023-10-04 23:04:00,Busy
D263,2023-10-05 00:25:00,Idle
D263,2023-10-05 00:40:00,Busy
D263,2023-10-05 02:12:00,Idle
D263,2023-10-05 03:10:00,Busy
D263,2023-10-05 04:28:00,Busy
D263,2023-10-05 05:11:00,Offline
D263,2023-10-05 22:11:00,Online
D263,2023-10-05 22:39:00,Idle
D263,2023-10-05 23:54:00,Idle
D263,2023-10-06 01:03:00,Idle
D263,2023-10-06 01:50:00,Offline
D263,2023-10-06 13:50:00,Online
D263,2023-10-06 14:40:00,Idle
D263,2023-10-06 16:23:00,Idle
D263,2023-10-06 16:41:00,Busy
D263,2023-10-06 18:19:00,Idle
D263,2023-10-06 19:04:00,Busy
D263,2023-10-06 19:26:00,Busy
D263,2023-10-06 19:42:00,Idle
D263,2023-10-06 20:27:00,Idle
D263,2023-10-06 21:03:00,Offline
D263,2023-10-07 11:03:00,Online
D263,2023-10-07 11:55:00,Idle
D263,2023-10-07 13:05:00,Busy
D263,2023-10-07 14:00:00,Busy
D263,2023-10-07 15:56:00,Idle
D263,2023-10-07 16:49:00,Offline
D264,2023-10-03 00:00:00,Online
D264,2023-10-03 01:42:00,Busy
D264,2023-10-03 03:15:00,Idle
D264,2023-10-03 03:51:00,Idle
D264,2023-10-03 04:48:00,Offline
D264,2023-10-03 21:48:00,Online
D264,2023-10-03 23:45:00,Idle
D264,2023-10-04 00:19:00,Busy
D264,2023-10-04 01:55:00,Busy
D264,2023-10-04 03:43:00,Busy
D264,2023-10-04 05:04:00,Busy
D264,2023-10-04 06:03:00,Busy
D264,2023-10-04 06:35:00,Busy
D264,2023-10-04 08:31:00,Idle
D264,2023-10-04 09:29:00,Busy
D264,2023-10-04 10:19:00,Offline
D264,2023-10-05 02:19:00,Online
D264,2023-10-05 03:30:00,Idle
D264,2023-10-05 04:29:00,Idle
D264,2023-10-05 06:04:00,Idle
D264,2023-10-05 06:30:00,Busy
D264,2023-10-05 06:49:00,Offline
D264,2023-10-06 02:49:00,Online
D264,2023-10-06 04:12:00,Idle
D264,2023-10-06 05:07:00,Idle
D264,2023-10-06 05:46:00,Busy
D264,2023-10-06 06:34:00,Idle
D264,2023-10-06 08:04:00,Idle
D264,2023-10-06 09:25:00,Idle
D264,2023-10-06 10:51:00,Busy
D264,2023-10-06 11:29:00,Idle
D264,2023-10-06 11:46:00,Idle
D264,2023-10-06 12:29:00,Offline
D264,2023-10-07 06:29:00,Online
D264,2023-10-07 07:34:00,Idle
D264,2023-10-07 08:38:00,Busy
D264,2023-10-07 09:45:00,Idle
D264,2023-10-07 10:22:00,Busy
D264,2023-10-07 11:03:00,Idle
D264,2023-10-07 12:19:00,Idle
D264,2023-10-07 14:03:00,Busy
D264,2023-10-07 15:51:00,Idle
D264,2023-10-07 16:44:00,Busy
D264,2023-10-07 18:13:00,Idle
D264,2023-10-07 18:44:00,Offline
D264,2023-10-08 06:44:00,Online
D264,2023-10-08 06:59:00,Idle
D264,2023-10-08 08:36:00,Idle
D264,2023-10-08 09:05:00,Idle
D264,2023-10-08 10:44:00,Busy
D264,2023-10-08 11:07:00,Idle
D264,2023-10-08 12:01:00,Idle
D264,2023-10-08 12:33:00,Busy
D264,2023-10-08 12:59:00,Offline
D264,2023-10-09 11:59:00,Online
D264,2023-10-09 12:39:00,Busy
D264,2023-10-09 13:28:00,Busy
D264,2023-10-09 14:29:00,Idle
D264,2023-10-09 15:44:00,Idle
D264,2023-10-09 16:14:00,Offline
D264,2023-10-10 09:14:00,Online
D264,2023-10-10 09:56:00,Idle
D264,2023-10-10 11:44:00,Busy
D264,2023-10-10 12:42:00,Idle
D264,2023-10-10 14:28:00,Busy
D264,2023-10-10 16:02:00,Busy
D264,2023-10-10 16:30:00,Offline
D264,2023-10-11 16:30:00,Online
D264,2023-10-11 17:13:00,Idle
D264,2023-10-11 17:49:00,Busy
D264,2023-10-11 18:09:00,Idle
D264,2023-10-11 19:21:00,Idle
D264,2023-10-11 20:42:00,Busy
D264,2023-10-11 22:18:00,Idle
D264,2023-10-11 22:45:00,Idle
D264,2023-10-11 23:32:00,Offline
D264,2023-10-12 23:32:00,Online
D264,2023-10-13 00:05:00,Busy
D264,2023-10-13 00:30:00,Busy
D264,2023-10-13 02:26:00,Idle
D264,2023-10-13 03:54:00,Idle
D264,2023-10-13 05:11:00,Idle
D264,2023-10-13 06:49:00,Idle
D264,2023-10-13 07:15:00,Idle
D264,2023-10-13 08:06:00,Busy
D264,2023-10-13 08:42:00,Idle
D264,2023-10-13 09:32:00,Busy
D264,2023-10-13 10:09:00,Offline
D264,2023-10-13 23:09:00,Online
D264,2023-10-13 23:54:00,Idle
D264,2023-10-14 00:45:00,Busy
D264,2023-10-14 02:28:00,Busy
D264,2023-10-14 04:22:00,Busy
D264,2023-10-14 04:49:00,Busy
D264,2023-10-14 05:43:00,Busy
D264,2023-10-14 06:17:00,Idle
D264,2023-10-14 07:12:00,Offline
D264,2023-10-15 04:12:00,Online
D264,2023-10-15 05:19:00,Busy
D264,2023-10-15 06:19:00,Idle
D264,2023-10-15 08:11:00,Idle
D264,2023-10-15 08:29:00,Busy
D264,2023-10-15 09:46:00,Busy
D264,2023-10-15 11:21:00,Idle
D264,2023-10-15 12:41:00,Idle
D264,2023-10-15 13:00:00,Idle
D264,2023-10-15 13:26:00,Busy
D264,2023-10-15 13:51:00,Idle
D264,2023-10-15 14:06:00,Offline
D265,2023-10-02 00:00:00,Online
D265,2023-10-02 01:56:00,Busy
D265,2023-10-02 03:49:00,Busy
D265,2023-10-02 04:13:00,Busy
D265,2023-10-02 05:51:00,Busy
D265,2023-10-02 07:08:00,Busy
D265,2023-10-02 07:51:00,Idle
D265,2023-10-02 09:08:00,Idle
D265,2023-10-02 10:23:00,Idle
D265,2023-10-02 11:33:00,Busy
D265,2023-10-02 11:58:00,Offline
D265,2023-10-03 04:58:00,Online
D265,2023-10-03 06:31:00,Busy
D265,2023-10-03 06:48:00,Idle
D265,2023-10-03 07:28:00,Idle
D265,2023-10-03 08:45:00,Idle
D265,2023-10-03 09:22:00,Busy
D265,2023-10-03 11:15:00,Idle
D265,2023-10-03 11:35:00,Idle
D265,2023-10-03 13:23:00,Busy
D265,2023-10-03 13:39:00,Offline
D265,2023-10-04 03:39:00,Online
D265,2023-10-04 04:45:00,Busy
D265,2023-10-04 05:29:00,Busy
D265,2023-10-04 07:04:00,Idle
D265,2023-10-04 08:11:00,Idle
D265,2023-10-04 09:05:00,Idle
D265,2023-10-04 09:43:00,Idle
D265,2023-10-04 11:05:00,Busy
D265,2023-10-04 11:22:00,Idle
D265,2023-10-04 12:12:00,Idle
D265,2023-10-04 12:45:00,Offline
D265,2023-10-05 10:45:00,Online
D265,2023-10-05 12:40:00,Busy
D265,2023-10-05 14:12:00,Busy
D265,2023-10-05 15:52:00,Idle
D265,2023-10-05 17:02:00,Busy
D265,2023-10-05 18:33:00,Idle
D265,2023-10-05 20:14:00,Idle
D265,2023-10-05 20:59:00,Offline
D265,2023-10-06 19:59:00,Online
D265,2023-10-06 20:36:00,Idle
D265,2023-10-06 20:58:00,Busy
D265,2023-10-06 22:57:00,Idle
D265,2023-10-06 23:23:00,Busy
D265,2023-10-07 00:34:00,Busy
D265,2023-10-07 02:27:00,Idle
D265,2023-10-07 03:46:00,Busy
D265,2023-10-07 05:44:00,Idle
D265,2023-10-07 06:17:00,Busy
D265,2023-10-07 07:40:00,Busy
D265,2023-10-07 08:35:00,Offline
D265,2023-10-08 07:35:00,Online
D265,2023-10-08 09:21:00,Busy
D265,2023-10-08 10:30:00,Idle
D265,2023-10-08 10:53:00,Idle
D265,2023-10-08 11:13:00,Busy
D265,2023-10-08 11:24:00,Offline
D268,2023-10-02 00:00:00,Online
D268,2023-10-02 01:10:00,Idle
D268,2023-10-02 01:51:00,Idle
D268,2023-10-02 02:46:00,Busy
D268,2023-10-02 03:47:00,Busy
D268,2023-10-02 04:51:00,Idle
D268,2023-10-02 05:21:00,Idle
D268,2023-10-02 05:38:00,Offline
D268,2023-10-03 00:38:00,Online
D268,2023-10-03 00:53:00,Idle
D268,2023-10-03 01:17:00,Idle
D268,2023-10-03 03:12:00,Busy
D268,2023-10-03 03:58:00,Idle
D268,2023-10-03 04:44:00,Idle
D268,2023-10-03 05:38:00,Offline
D268,2023-10-03 23:38:00,Online
D268,2023-10-04 01:12:00,Busy
D268,2023-10-04 03:00:00,Idle
D268,2023-10-04 03:41:00,Idle
D268,2023-10-04 04:18:00,Idle
D268,2023-10-04 05:52:00,Idle
D268,2023-10-04 06:21:00,Idle
D268,2023-10-04 07:48:00,Idle
D268,2023-10-04 08:38:00,Busy
D268,2023-10-04 09:09:00,Offline
D268,2023-10-05 09:09:00,Online
D268,2023-10-05 10:01:00,Idle
D268,2023-10-05 10:22:00,Busy
D268,2023-10-05 10:57:00,Idle
D268,2023-10-05 12:26:00,Busy
D268,2023-10-05 14:26:00,Busy
D268,2023-10-05 15:51:00,Idle
D268,2023-10-05 16:19:00,Idle
D268,2023-10-05 17:38:00,Busy
D268,2023-10-05 18:21:00,Offline
D268,2023-10-06 16:21:00,Online
D268,2023-10-06 17:45:00,Idle
D268,2023-10-06 18:05:00,Busy
D268,2023-10-06 18:35:00,Idle
D268,2023-10-06 19:21:00,Busy
D268,2023-10-06 19:38:00,Busy
D268,2023-10-06 21:09:00,Idle
D268,2023-10-06 22:47:00,Busy
D268,2023-10-07 00:35:00,Busy
D268,2023-10-07 01:14:00,Offline
D268,2023-10-07 14:14:00,Online
D268,2023-10-07 16:02:00,Busy
D268,2023-10-07 16:42:00,Idle
D268,2023-10-07 18:14:00,Busy
D268,2023-10-07 20:07:00,Busy
D268,2023-10-07 20:53:00,Offline
D268,2023-10-08 09:53:00,Online
D268,2023-10-08 10:38:00,Busy
D268,2023-10-08 12:33:00,Idle
D268,2023-10-08 12:48:00,Busy
D268,2023-10-08 14:25:00,Busy
D268,2023-10-08 15:37:00,Busy
D268,2023-10-08 16:15:00,Offline
D268,2023-10-09 12:15:00,Online
D268,2023-10-09 13:28:00,Idle
D268,2023-10-09 15:18:00,Busy
D268,2023-10-09 17:06:00,Idle
D268,2023-10-09 18:11:00,Idle
D268,2023-10-09 19:20:00,Busy
D268,2023-10-09 21:12:00,Idle
D268,2023-10-09 22:06:00,Offline
D268,2023-10-10 11:06:00,Online
D268,2023-10-10 11:22:00,Busy
D268,2023-10-10 12:58:00,Busy
D268,2023-10-10 14:32:00,Busy
D268,2023-10-10 15:47:00,Busy
D268,2023-10-10 17:21:00,Busy
D268,2023-10-10 19:01:00,Busy
D268,2023-10-10 19:51:00,Offline
D268,2023-10-11 13:51:00,Online
D268,2023-10-11 14:39:00,Busy
D268,2023-10-11 15:55:00,Busy
D268,2023-10-11 16:31:00,Idle
D268,2023-10-11 17:25:00,Busy
D268,2023-10-11 18:37:00,Idle
D268,2023-10-11 19:33:00,Offline
D268,2023-10-12 08:33:00,Online
D268,2023-10-12 09:04:00,Idle
D268,2023-10-12 09:36:00,Idle
D268,2023-10-12 10:05:00,Busy
D268,2023-10-12 11:03:00,Idle
D268,2023-10-12 13:03:00,Idle
D268,2023-10-12 14:29:00,Idle
D268,2023-10-12 15:28:00,Offline
D268,2023-10-13 14:28:00,Online
D268,2023-10-13 16:12:00,Busy
D268,2023-10-13 17:54:00,Busy
D268,2023-10-13 18:46:00,Busy
D268,2023-10-13 19:39:00,Busy
D268,2023-10-13 20:05:00,Offline
D269,2023-10-04 00:00:00,Online
D269,2023-10-04 00:48:00,Busy
D269,2023-10-04 02:27:00,Idle
D269,2023-10-04 03:37:00,Idle
D269,2023-10-04 04:31:00,Offline
D269,2023-10-05 03:31:00,Online
D269,2023-10-05 04:04:00,Idle
D269,2023-10-05 05:02:00,Idle
D269,2023-10-05 05:38:00,Busy
D269,2023-10-05 06:19:00,Idle
D269,2023-10-05 06:36:00,Idle
D269,2023-10-05 08:10:00,Idle
D269,2023-10-05 08:41:00,Offline
D269,2023-10-06 00:41:00,Online
D269,2023-10-06 01:37:00,Idle
D269,2023-10-06 02:15:00,Idle
D269,2023-10-06 02:45:00,Idle
D269,2023-10-06 04:44:00,Idle
D269,2023-10-06 05:41:00,Busy
D269,2023-10-06 05:59:00,Offline
D269,2023-10-07 05:59:00,Online
D269,2023-10-07 07:18:00,Idle
D269,2023-10-07 07:52:00,Busy
D269,2023-10-07 08:22:00,Busy
D269,2023-10-07 09:58:00,Idle
D269,2023-10-07 10:59:00,Idle
D269,2023-10-07 12:29:00,Busy
D269,2023-10-07 12:44:00,Offline
D269,2023-10-08 07:44:00,Online
D269,2023-10-08 08:29:00,Idle
D269,2023-10-08 09:25:00,Idle
D269,2023-10-08 09:56:00,Busy
D269,2023-10-08 10:21:00,Idle
D269,2023-10-08 11:52:00,Idle
D269,2023-10-08 12:12:00,Busy
D269,2023-10-08 12:23:00,Offline
D269,2023-10-09 08:23:00,Online
D269,2023-10-09 09:32:00,Idle
D269,2023-10-09 10:39:00,Busy
D269,2023-10-09 12:06:00,Idle
D269,2023-10-09 13:07:00,Busy
D269,2023-10-09 14:06:00,Busy
D269,2023-10-09 14:26:00,Offline
D269,2023-10-10 11:26:00,Online
D269,2023-10-10 13:19:00,Idle
D269,2023-10-10 15:12:00,Idle
D269,2023-10-10 16:46:00,Idle
D269,2023-10-10 17:12:00,Busy
D269,2023-10-10 18:17:00,Idle
D269,2023-10-10 18:47:00,Idle
D269,2023-10-10 20:39:00,Busy
D269,2023-10-10 21:15:00,Offline
D269,2023-10-11 20:15:00,Online
D269,2023-10-11 21:08:00,Idle
D269,2023-10-11 22:49:00,Idle
D269,2023-10-12 00:40:00,Busy
D269,2023-10-12 01:02:00,Offline
D269,2023-10-12 15:02:00,Online
D269,2023-10-12 15:32:00,Busy
D269,2023-10-12 16:04:00,Idle
D269,2023-10-12 17:31:00,Idle
D269,2023-10-12 18:36:00,Busy
D269,2023-10-12 19:18:00,Busy
D269,2023-10-12 21:11:00,Idle
D269,2023-10-12 21:53:00,Idle
D269,2023-10-12 23:28:00,Idle
D269,2023-10-13 00:08:00,Offline
D269,2023-10-14 00:08:00,Online
D269,2023-10-14 00:26:00,Busy
D269,2023-10-14 01:51:00,Busy
D269,2023-10-14 03:41:00,Idle
D269,2023-10-14 05:23:00,Busy
D269,2023-10-14 06:19:00,Busy
D269,2023-10-14 07:43:00,Idle
D269,2023-10-14 08:34:00,Offline
D270,2023-10-04 00:00:00,Online
D270,2023-10-04 01:12:00,Busy
D270,2023-10-04 01:30:00,Busy
D270,2023-10-04 02:12:00,Idle
D270,2023-10-04 03:45:00,Idle
D270,2023-10-04 05:02:00,Busy
D270,2023-10-04 05:42:00,Busy
D270,2023-10-04 06:15:00,Offline
D270,2023-10-04 23:15:00,Online
D270,2023-10-05 01:04:00,Idle
D270,2023-10-05 01:47:00,Busy
D270,2023-10-05 03:18:00,Idle
D270,2023-10-05 04:27:00,Idle
D270,2023-10-05 05:46:00,Idle
D270,2023-10-05 06:16:00,Busy
D270,2023-10-05 07:18:00,Busy
D270,2023-10-05 08:57:00,Busy
D270,2023-10-05 09:45:00,Busy
D270,2023-10-05 10:18:00,Offline
D270,2023-10-06 06:18:00,Online
D270,2023-10-06 08:07:00,Busy
D270,2023-10-06 09:13:00,Busy
D270,2023-10-06 10:22:00,Idle
D270,2023-10-06 11:55:00,Idle
D270,2023-10-06 12:40:00,Offline
D270,2023-10-07 12:40:00,Online
D270,2023-10-07 14:01:00,Busy
D270,2023-10-07 15:54:00,Busy
D270,2023-10-07 17:22:00,Busy
D270,2023-10-07 19:03:00,Idle
D270,2023-10-07 19:23:00,Idle
D270,2023-10-07 20:09:00,Idle
D270,2023-10-07 21:14:00,Busy
D270,2023-10-07 22:01:00,Idle
D270,2023-10-07 22:39:00,Offline
D270,2023-10-08 22:39:00,Online
D270,2023-10-09 00:27:00,Busy
D270,2023-10-09 01:32:00,Busy
D270,2023-10-09 02:35:00,Busy
D270,2023-10-09 03:13:00,Offline
D270,2023-10-09 21:13:00,Online
D270,2023-10-09 21:41:00,Busy
D270,2023-10-09 22:35:00,Busy
D270,2023-10-09 23:59:00,Busy
D270,2023-10-10 01:26:00,Idle
D270,2023-10-10 01:36:00,Offline
D270,2023-10-10 14:36:00,Online
D270,2023-10-10 16:34:00,Busy
D270,2023-10-10 17:18:00,Idle
D270,2023-10-10 18:57:00,Idle
D270,2023-10-10 19:58:00,Busy
D270,2023-10-10 21:39:00,Idle
D270,2023-10-10 22:32:00,Busy
D270,2023-10-11 00:07:00,Busy
D270,2023-10-11 00:36:00,Idle
D270,2023-10-11 01:17:00,Idle
D270,2023-10-11 02:09:00,Offline
D270,2023-10-11 23:09:00,Online
D270,2023-10-11 23:55:00,Idle
D270,2023-10-12 01:18:00,Idle
D270,2023-10-12 01:54:00,Busy
D270,2023-10-12 03:16:00,Idle
D270,2023-10-12 04:12:00,Busy
D270,2023-10-12 04:49:00,Busy
D270,2023-10-12 06:45:00,Idle
D270,2023-10-12 07:20:00,Idle
D270,2023-10-12 08:20:00,Idle
D270,2023-10-12 09:53:00,Idle
D270,2023-10-12 10:39:00,Offline
D270,2023-10-13 00:39:00,Online
D270,2023-10-13 01:24:00,Idle
D270,2023-10-13 02:06:00,Idle
D270,2023-10-13 02:35:00,Idle
D270,2023-10-13 03:31:00,Busy
D270,2023-10-13 04:56:00,Busy
D270,2023-10-13 05:43:00,Idle
D270,2023-10-13 07:37:00,Idle
D270,2023-10-13 08:24:00,Busy
D270,2023-10-13 09:28:00,Idle
D270,2023-10-13 10:18:00,Offline
D270,2023-10-14 09:18:00,Online
D270,2023-10-14 10:59:00,Idle
D270,2023-10-14 11:34:00,Busy
D270,2023-10-14 12:59:00,Idle
D270,2023-10-14 13:20:00,Idle
D270,2023-10-14 13:59:00,Busy
D270,2023-10-14 14:43:00,Busy
D270,2023-10-14 15:11:00,Offline
D270,2023-10-15 06:11:00,Online
D270,2023-10-15 07:20:00,Busy
D270,2023-10-15 08:06:00,Idle
D270,2023-10-15 08:26:00,Idle
D270,2023-10-15 10:18:00,Idle
D270,2023-10-15 11:53:00,Busy
D270,2023-10-15 12:32:00,Offline
D270,2023-10-16 09:32:00,Online
D270,2023-10-16 11:04:00,Busy
D270,2023-10-16 11:19:00,Idle
D270,2023-10-16 12:34:00,Busy
D270,2023-10-16 14:00:00,Idle
D270,2023-10-16 15:54:00,Idle
D270,2023-10-16 17:20:00,Idle
D270,2023-10-16 18:41:00,Busy
D270,2023-10-16 20:31:00,Busy
D270,2023-10-16 22:04:00,Idle
D270,2023-10-16 22:58:00,Offline
D271,2023-10-04 00:00:00,Online
D271,2023-10-04 01:40:00,Busy
D271,2023-10-04 03:27:00,Idle
D271,2023-10-04 05:03:00,Busy
D271,2023-10-04 06:34:00,Idle
D271,2023-10-04 06:55:00,Idle
D271,2023-10-04 07:49:00,Busy
D271,2023-10-04 08:55:00,Idle
D271,2023-10-04 10:18:00,Idle
D271,2023-10-04 10:59:00,Busy
D271,2023-10-04 11:51:00,Offline
D271,2023-10-05 10:51:00,Online
D271,2023-10-05 12:03:00,Idle
D271,2023-10-05 12:58:00,Idle
D271,2023-10-05 14:46:00,Busy
D271,2023-10-05 15:15:00,Offline
D271,2023-10-06 12:15:00,Online
D271,2023-10-06 13:04:00,Idle
D271,2023-10-06 14:19:00,Idle
D271,2023-10-06 15:36:00,Busy
D271,2023-10-06 16:28:00,Offline
D271,2023-10-07 16:28:00,Online
D271,2023-10-07 17:44:00,Busy
D271,2023-10-07 19:25:00,Busy
D271,2023-10-07 20:35:00,Idle
D271,2023-10-07 21:36:00,Busy
D271,2023-10-07 23:24:00,Busy
D271,2023-10-08 00:29:00,Idle
D271,2023-10-08 01:24:00,Busy
D271,2023-10-08 02:55:00,Busy
D271,2023-10-08 04:21:00,Busy
D271,2023-10-08 04:54:00,Idle
D271,2023-10-08 05:48:00,Offline
D271,2023-10-09 05:48:00,Online
D271,2023-10-09 07:16:00,Busy
D271,2023-10-09 08:47:00,Idle
D271,2023-10-09 10:02:00,Idle
D271,2023-10-09 11:08:00,Busy
D271,2023-10-09 12:56:00,Busy
D271,2023-10-09 14:00:00,Idle
D271,2023-10-09 14:27:00,Offline
D271,2023-10-10 10:27:00,Online
D271,2023-10-10 11:09:00,Idle
D271,2023-10-10 11:44:00,Idle
D271,2023-10-10 13:28:00,Idle
D271,2023-10-10 14:25:00,Idle
D271,2023-10-10 15:32:00,Idle
D271,2023-10-10 16:11:00,Idle
D271,2023-10-10 17:06:00,Idle
D271,2023-10-10 18:45:00,Idle
D271,2023-10-10 19:24:00,Offline
D271,2023-10-11 08:24:00,Online
D271,2023-10-11 09:17:00,Idle
D271,2023-10-11 10:22:00,Idle
D271,2023-10-11 11:09:00,Busy
D271,2023-10-11 12:11:00,Idle
D271,2023-10-11 13:55:00,Busy
D271,2023-10-11 14:32:00,Idle
D271,2023-10-11 15:10:00,Offline
D271,2023-10-12 05:10:00,Online
D271,2023-10-12 06:12:00,Idle
D271,2023-10-12 07:51:00,Busy
D271,2023-10-12 08:25:00,Idle
D271,2023-10-12 08:53:00,Busy
D271,2023-10-12 09:30:00,Offline
D271,2023-10-12 22:30:00,Online
D271,2023-10-12 22:51:00,Busy
D271,2023-10-12 23:46:00,Busy
D271,2023-10-13 00:01:00,Busy
D271,2023-10-13 00:35:00,Offline
D271,2023-10-13 13:35:00,Online
D271,2023-10-13 15:35:00,Idle
D271,2023-10-13 16:34:00,Idle
D271,2023-10-13 18:33:00,Idle
D271,2023-10-13 19:12:00,Idle
D271,2023-10-13 19:31:00,Busy
D271,2023-10-13 21:15:00,Idle
D271,2023-10-13 23:12:00,Idle
D271,2023-10-14 00:21:00,Idle
D271,2023-10-14 01:43:00,Idle
D271,2023-10-14 02:45:00,Busy
D271,2023-10-14 03:18:00,Offline
D271,2023-10-14 23:18:00,Online
D271,2023-10-15 00:42:00,Idle
D271,2023-10-15 02:00:00,Idle
D271,2023-10-15 03:21:00,Busy
D271,2023-10-15 04:42:00,Idle
D271,2023-10-15 06:24:00,Busy
D271,2023-10-15 07:05:00,Idle
D271,2023-10-15 09:02:00,Busy
D271,2023-10-15 09:52:00,Offline
D271,2023-10-16 01:52:00,Online
D271,2023-10-16 02:49:00,Busy
D271,2023-10-16 03:47:00,Busy
D271,2023-10-16 04:48:00,Idle
D271,2023-10-16 06:20:00,Busy
D271,2023-10-16 06:46:00,Busy
D271,2023-10-16 07:57:00,Idle
D271,2023-10-16 08:43:00,Busy
D271,2023-10-16 09:26:00,Idle
D271,2023-10-16 11:07:00,Busy
D271,2023-10-16 12:13:00,Busy
D271,2023-10-16 12:54:00,Offline
D271,2023-10-17 10:54:00,Online
D271,2023-10-17 12:50:00,Idle
D271,2023-10-17 13:16:00,Idle
D271,2023-10-17 14:02:00,Busy
D271,2023-10-17 15:38:00,Busy
D271,2023-10-17 17:37:00,Busy
D271,2023-10-17 18:41:00,Idle
D271,2023-10-17 20:37:00,Busy
D271,2023-10-17 20:59:00,Offline
D271,2023-10-18 19:59:00,Online
D271,2023-10-18 21:57:00,Idle
D271,2023-10-18 22:12:00,Idle
D271,2023-10-18 23:23:00,Idle
D271,2023-10-18 23:44:00,Idle
D271,2023-10-19 00:36:00,Idle
D271,2023-10-19 02:01:00,Busy
D271,2023-10-19 03:18:00,Busy
D271,2023-10-19 03:51:00,Offline
D271,2023-10-20 02:51:00,Online
D271,2023-10-20 04:44:00,Busy
D271,2023-10-20 05:23:00,Busy
D271,2023-10-20 06:01:00,Idle
D271,2023-10-20 07:34:00,Busy
D271,2023-10-20 08:31:00,Busy
D271,2023-10-20 08:48:00,Idle
D271,2023-10-20 10:00:00,Idle
D271,2023-10-20 11:31:00,Idle
D271,2023-10-20 13:16:00,Busy
D271,2023-10-20 14:19:00,Busy
D271,2023-10-20 14:40:00,Offline
D272,2023-10-02 00:00:00,Online
D272,2023-10-02 00:59:00,Busy
D272,2023-10-02 02:12:00,Idle
D272,2023-10-02 03:04:00,Idle
D272,2023-10-02 04:23:00,Busy
D272,2023-10-02 06:22:00,Idle
D272,2023-10-02 07:15:00,Offline
D272,2023-10-02 21:15:00,Online
D272,2023-10-02 21:41:00,Busy
D272,2023-10-02 23:29:00,Busy
D272,2023-10-03 01:17:00,Busy
D272,2023-10-03 02:19:00,Busy
D272,2023-10-03 02:56:00,Offline
D272,2023-10-03 16:56:00,Online
D272,2023-10-03 17:47:00,Busy
D272,2023-10-03 19:16:00,Busy
D272,2023-10-03 20:34:00,Idle
D272,2023-10-03 22:05:00,Idle
D272,2023-10-04 00:03:00,Idle
D272,2023-10-04 01:58:00,Busy
D272,2023-10-04 02:29:00,Offline
D272,2023-10-04 14:29:00,Online
D272,2023-10-04 15:05:00,Busy
D272,2023-10-04 16:02:00,Idle
D272,2023-10-04 17:22:00,Busy
D272,2023-10-04 17:37:00,Offline
D272,2023-10-05 12:37:00,Online
D272,2023-10-05 14:28:00,Busy
D272,2023-10-05 14:58:00,Busy
D272,2023-10-05 16:33:00,Busy
D272,2023-10-05 16:50:00,Busy
D272,2023-10-05 17:23:00,Busy
D272,2023-10-05 17:46:00,Offline
D272,2023-10-06 15:46:00,Online
D272,2023-10-06 16:34:00,Idle
D272,2023-10-06 17:02:00,Busy
D272,2023-10-06 18:12:00,Busy
D272,2023-10-06 18:28:00,Offline
D272,2023-10-07 15:28:00,Online
D272,2023-10-07 17:19:00,Busy
D272,2023-10-07 18:49:00,Idle
D272,2023-10-07 20:06:00,Busy
D272,2023-10-07 21:29:00,Idle
D272,2023-10-07 23:20:00,Busy
D272,2023-10-08 01:05:00,Idle
D272,2023-10-08 02:09:00,Idle
D272,2023-10-08 02:37:00,Offline
D272,2023-10-08 19:37:00,Online
D272,2023-10-08 20:28:00,Busy
D272,2023-10-08 20:44:00,Idle
D272,2023-10-08 22:21:00,Idle
D272,2023-10-08 23:10:00,Idle
D272,2023-10-08 23:57:00,Idle
D272,2023-10-09 01:54:00,Busy
D272,2023-10-09 03:27:00,Idle
D272,2023-10-09 04:10:00,Offline
D272,2023-10-09 18:10:00,Online
D272,2023-10-09 20:00:00,Idle
D272,2023-10-09 21:54:00,Idle
D272,2023-10-09 22:52:00,Idle
D272,2023-10-10 00:27:00,Busy
D272,2023-10-10 02:03:00,Idle
D272,2023-10-10 03:55:00,Busy
D272,2023-10-10 05:38:00,Idle
D272,2023-10-10 06:09:00,Offline
D272,2023-10-11 06:09:00,Online
D272,2023-10-11 07:30:00,Idle
D272,2023-10-11 09:05:00,Idle
D272,2023-10-11 10:17:00,Idle
D272,2023-10-11 12:01:00,Busy
D272,2023-10-11 12:39:00,Busy
D272,2023-10-11 13:03:00,Offline
D272,2023-10-12 03:03:00,Online
D272,2023-10-12 03:22:00,Idle
D272,2023-10-12 04:02:00,Busy
D272,2023-10-12 05:02:00,Busy
D272,2023-10-12 05:39:00,Idle
D272,2023-10-12 06:35:00,Busy
D272,2023-10-12 08:06:00,Busy
D272,2023-10-12 08:19:00,Offline
D273,2023-10-04 00:00:00,Online
D273,2023-10-04 01:07:00,Idle
D273,2023-10-04 02:44:00,Idle
D273,2023-10-04 04:41:00,Busy
D273,2023-10-04 05:08:00,Busy
D273,2023-10-04 06:04:00,Offline
D273,2023-10-05 06:04:00,Online
D273,2023-10-05 07:20:00,Idle
D273,2023-10-05 07:52:00,Idle
D273,2023-10-05 09:23:00,Idle
D273,2023-10-05 10:08:00,Busy
D273,2023-10-05 11:59:00,Busy
D273,2023-10-05 12:18:00,Idle
D273,2023-10-05 12:56:00,Offline
D273,2023-10-06 07:56:00,Online
D273,2023-10-06 09:55:00,Busy
D273,2023-10-06 10:54:00,Busy
D273,2023-10-06 11:58:00,Busy
D273,2023-10-06 13:10:00,Busy
D273,2023-10-06 14:18:00,Idle
D273,2023-10-06 14:36:00,Offline
D273,2023-10-07 08:36:00,Online
D273,2023-10-07 10:32:00,Busy
D273,2023-10-07 12:06:00,Idle
D273,2023-10-07 13:45:00,Idle
D273,2023-10-07 15:08:00,Busy
D273,2023-10-07 15:44:00,Idle
D273,2023-10-07 16:39:00,Idle
D273,2023-10-07 17:28:00,Idle
D273,2023-10-07 18:31:00,Busy
D273,2023-10-07 19:14:00,Offline
D273,2023-10-08 16:14:00,Online
D273,2023-10-08 18:04:00,Idle
D273,2023-10-08 18:51:00,Idle
D273,2023-10-08 20:38:00,Idle
D273,2023-10-08 21:14:00,Idle
D273,2023-10-08 21:40:00,Idle
D273,2023-10-08 23:23:00,Busy
D273,2023-10-09 00:51:00,Busy
D273,2023-10-09 01:14:00,Idle
D273,2023-10-09 03:14:00,Busy
D273,2023-10-09 03:47:00,Idle
D273,2023-10-09 04:29:00,Offline
D273,2023-10-10 00:29:00,Online
D273,2023-10-10 01:21:00,Busy
D273,2023-10-10 02:15:00,Idle
D273,2023-10-10 04:07:00,Idle
D273,2023-10-10 05:44:00,Idle
D273,2023-10-10 06:19:00,Idle
D273,2023-10-10 07:08:00,Idle
D273,2023-10-10 07:23:00,Offline
D273,2023-10-11 02:23:00,Online
D273,2023-10-11 04:10:00,Idle
D273,2023-10-11 05:16:00,Busy
D273,2023-10-11 06:51:00,Idle
D273,2023-10-11 08:17:00,Busy
D273,2023-10-11 09:54:00,Busy
D273,2023-10-11 10:10:00,Idle
D273,2023-10-11 10:51:00,Idle
D273,2023-10-11 11:44:00,Idle
D273,2023-10-11 12:11:00,Offline
D273,2023-10-12 02:11:00,Online
D273,2023-10-12 04:07:00,Busy
D273,2023-10-12 05:08:00,Busy
D273,2023-10-12 05:23:00,Idle
D273,2023-10-12 06:56:00,Idle
D273,2023-10-12 07:15:00,Idle
D273,2023-10-12 08:31:00,Busy
D273,2023-10-12 08:51:00,Idle
D273,2023-10-12 10:40:00,Busy
D273,2023-10-12 11:35:00,Idle
D273,2023-10-12 11:50:00,Offline
D273,2023-10-13 11:50:00,Online
D273,2023-10-13 12:34:00,Idle
D273,2023-10-13 12:52:00,Idle
D273,2023-10-13 14:21:00,Idle
D273,2023-10-13 15:13:00,Busy
D273,2023-10-13 15:50:00,Offline
D274,2023-10-03 00:00:00,Online
D274,2023-10-03 01:38:00,Idle
D274,2023-10-03 02:01:00,Busy
D274,2023-10-03 03:21:00,Busy
D274,2023-10-03 04:35:00,Busy
D274,2023-10-03 05:31:00,Offline
D274,2023-10-04 00:31:00,Online
D274,2023-10-04 01:35:00,Idle
D274,2023-10-04 02:31:00,Busy
D274,2023-10-04 04:30:00,Idle
D274,2023-10-04 06:19:00,Busy
D274,2023-10-04 06:51:00,Busy
D274,2023-10-04 07:46:00,Busy
D274,2023-10-04 08:09:00,Busy
D274,2023-10-04 09:06:00,Idle
D274,2023-10-04 09:17:00,Offline
D274,2023-10-05 06:17:00,Online
D274,2023-10-05 07:41:00,Idle
D274,2023-10-05 08:32:00,Busy
D274,2023-10-05 09:50:00,Busy
D274,2023-10-05 11:09:00,Busy
D274,2023-10-05 11:25:00,Busy
D274,2023-10-05 13:09:00,Busy
D274,2023-10-05 14:08:00,Busy
D274,2023-10-05 14:42:00,Offline
D274,2023-10-06 14:42:00,Online
D274,2023-10-06 14:57:00,Idle
D274,2023-10-06 16:25:00,Busy
D274,2023-10-06 17:01:00,Busy
D274,2023-10-06 17:17:00,Offline
D274,2023-10-07 10:17:00,Online
D274,2023-10-07 12:00:00,Idle
D274,2023-10-07 12:24:00,Busy
D274,2023-10-07 14:18:00,Busy
D274,2023-10-07 14:44:00,Busy
D274,2023-10-07 15:01:00,Idle
D274,2023-10-07 15:41:00,Idle
D274,2023-10-07 16:00:00,Offline
D275,2023-10-01 00:00:00,Online
D275,2023-10-01 01:51:00,Busy
D275,2023-10-01 03:43:00,Busy
D275,2023-10-01 05:37:00,Busy
D275,2023-10-01 06:42:00,Busy
D275,2023-10-01 07:51:00,Idle
D275,2023-10-01 08:37:00,Busy
D275,2023-10-01 09:09:00,Busy
D275,2023-10-01 10:19:00,Idle
D275,2023-10-01 11:04:00,Offline
D275,2023-10-02 06:04:00,Online
D275,2023-10-02 07:59:00,Idle
D275,2023-10-02 08:22:00,Busy
D275,2023-10-02 09:19:00,Busy
D275,2023-10-02 09:52:00,Busy
D275,2023-10-02 10:25:00,Offline
D275,2023-10-03 08:25:00,Online
D275,2023-10-03 08:51:00,Idle
D275,2023-10-03 09:52:00,Idle
D275,2023-10-03 10:44:00,Idle
D275,2023-10-03 11:42:00,Idle
D275,2023-10-03 12:33:00,Idle
D275,2023-10-03 13:20:00,Busy
D275,2023-10-03 13:57:00,Busy
D275,2023-10-03 14:45:00,Idle
D275,2023-10-03 15:02:00,Offline
D275,2023-10-04 15:02:00,Online
D275,2023-10-04 15:19:00,Idle
D275,2023-10-04 17:06:00,Idle
D275,2023-10-04 17:31:00,Idle
D275,2023-10-04 18:31:00,Offline
D275,2023-10-05 12:31:00,Online
D275,2023-10-05 14:04:00,Busy
D275,2023-10-05 14:52:00,Idle
D275,2023-10-05 15:25:00,Busy
D275,2023-10-05 17:09:00,Busy
D275,2023-10-05 18:15:00,Busy
D275,2023-10-05 20:02:00,Busy
D275,2023-10-05 20:27:00,Offline
D275,2023-10-06 14:27:00,Online
D275,2023-10-06 14:57:00,Idle
D275,2023-10-06 16:18:00,Idle
D275,2023-10-06 17:11:00,Idle
D275,2023-10-06 18:54:00,Busy
D275,2023-10-06 20:43:00,Idle
D275,2023-10-06 21:06:00,Idle
D275,2023-10-06 21:44:00,Idle
D275,2023-10-06 23:18:00,Busy
D275,2023-10-07 01:17:00,Idle
D275,2023-10-07 01:36:00,Offline
D275,2023-10-08 00:36:00,Online
D275,2023-10-08 01:00:00,Busy
D275,2023-10-08 02:30:00,Busy
D275,2023-10-08 03:35:00,Busy
D275,2023-10-08 05:32:00,Idle
D275,2023-10-08 06:46:00,Idle
D275,2023-10-08 07:23:00,Idle
D275,2023-10-08 08:36:00,Idle
D275,2023-10-08 08:47:00,Offline
D275,2023-10-08 20:47:00,Online
D275,2023-10-08 22:01:00,Busy
D275,2023-10-08 22:26:00,Busy
D275,2023-10-09 00:20:00,Busy
D275,2023-10-09 00:52:00,Offline
D275,2023-10-09 15:52:00,Online
D275,2023-10-09 16:25:00,Idle
D275,2023-10-09 16:54:00,Idle
D275,2023-10-09 17:40:00,Busy
D275,2023-10-09 18:40:00,Offline
D275,2023-10-10 06:40:00,Online
D275,2023-10-10 07:32:00,Busy
D275,2023-10-10 08:59:00,Idle
D275,2023-10-10 10:10:00,Busy
D275,2023-10-10 11:27:00,Idle
D275,2023-10-10 12:48:00,Busy
D275,2023-10-10 13:34:00,Idle
D275,2023-10-10 14:03:00,Idle
D275,2023-10-10 15:50:00,Idle
D275,2023-10-10 17:49:00,Idle
D275,2023-10-10 18:09:00,Offline
D275,2023-10-11 08:09:00,Online
D275,2023-10-11 09:39:00,Busy
D275,2023-10-11 10:58:00,Busy
D275,2023-10-11 12:02:00,Idle
D275,2023-10-11 12:43:00,Busy
D275,2023-10-11 13:14:00,Busy
D275,2023-10-11 14:50:00,Busy
D275,2023-10-11 16:33:00,Idle
D275,2023-10-11 17:36:00,Idle
D275,2023-10-11 18:47:00,Busy
D275,2023-10-11 19:08:00,Busy
D275,2023-10-11 19:26:00,Offline
D275,2023-10-12 17:26:00,Online
D275,2023-10-12 17:50:00,Busy
D275,2023-10-12 18:29:00,Idle
D275,2023-10-12 19:16:00,Busy
D275,2023-10-12 19:48:00,Idle
D275,2023-10-12 20:04:00,Idle
D275,2023-10-12 20:44:00,Offline
D275,2023-10-13 10:44:00,Online
D275,2023-10-13 12:35:00,Idle
D275,2023-10-13 12:52:00,Idle
D275,2023-10-13 13:37:00,Idle
D275,2023-10-13 15:29:00,Busy
D275,2023-10-13 16:27:00,Idle
D275,2023-10-13 17:34:00,Idle
D275,2023-10-13 19:32:00,Busy
D275,2023-10-13 19:51:00,Idle
D275,2023-10-13 20:41:00,Offline
D276,2023-10-06 00:00:00,Online
D276,2023-10-06 00:15:00,Idle
D276,2023-10-06 01:18:00,Busy
D276,2023-10-06 03:17:00,Idle
D276,2023-10-06 04:44:00,Idle
D276,2023-10-06 05:58:00,Idle
D276,2023-10-06 06:48:00,Busy
D276,2023-10-06 07:13:00,Idle
D276,2023-10-06 07:55:00,Offline
D276,2023-10-07 01:55:00,Online
D276,2023-10-07 03:24:00,Idle
D276,2023-10-07 04:09:00,Idle
D276,2023-10-07 04:59:00,Busy
D276,2023-10-07 05:27:00,Idle
D276,2023-10-07 05:47:00,Busy
D276,2023-10-07 07:21:00,Busy
D276,2023-10-07 07:55:00,Idle
D276,2023-10-07 09:38:00,Idle
D276,2023-10-07 10:47:00,Busy
D276,2023-10-07 12:18:00,Idle
D276,2023-10-07 12:33:00,Offline
D276,2023-10-08 06:33:00,Online
D276,2023-10-08 08:13:00,Busy
D276,2023-10-08 09:10:00,Idle
D276,2023-10-08 11:09:00,Busy
D276,2023-10-08 11:52:00,Busy
D276,2023-10-08 12:39:00,Busy
D276,2023-10-08 14:08:00,Busy
D276,2023-10-08 15:13:00,Idle
D276,2023-10-08 15:42:00,Busy
D276,2023-10-08 16:17:00,Busy
D276,2023-10-08 18:04:00,Idle
D276,2023-10-08 18:28:00,Offline
D276,2023-10-09 08:28:00,Online
D276,2023-10-09 09:23:00,Busy
D276,2023-10-09 10:15:00,Busy
D276,2023-10-09 10:45:00,Idle
D276,2023-10-09 12:27:00,Idle
D276,2023-10-09 14:00:00,Busy
D276,2023-10-09 15:39:00,Idle
D276,2023-10-09 16:34:00,Busy
D276,2023-10-09 17:21:00,Offline
D276,2023-10-10 14:21:00,Online
D276,2023-10-10 16:07:00,Idle
D276,2023-10-10 17:53:00,Busy
D276,2023-10-10 19:52:00,Idle
D276,2023-10-10 20:51:00,Idle
D276,2023-10-10 21:40:00,Busy
D276,2023-10-10 23:38:00,Idle
D276,2023-10-11 01:30:00,Busy
D276,2023-10-11 03:12:00,Idle
D276,2023-10-11 03:55:00,Busy
D276,2023-10-11 05:42:00,Idle
D276,2023-10-11 06:38:00,Offline
D276,2023-10-11 20:38:00,Online
D276,2023-10-11 21:55:00,Busy
D276,2023-10-11 22:31:00,Busy
D276,2023-10-11 23:01:00,Idle
D276,2023-10-12 00:21:00,Idle
D276,2023-10-12 00:44:00,Offline
D276,2023-10-12 15:44:00,Online
D276,2023-10-12 16:43:00,Busy
D276,2023-10-12 18:12:00,Idle
D276,2023-10-12 19:40:00,Idle
D276,2023-10-12 21:02:00,Busy
D276,2023-10-12 21:51:00,Idle
D276,2023-10-12 23:07:00,Idle
D276,2023-10-12 23:40:00,Offline
D276,2023-10-13 14:40:00,Online
D276,2023-10-13 15:25:00,Busy
D276,2023-10-13 17:19:00,Idle
D276,2023-10-13 18:07:00,Busy
D276,2023-10-13 18:37:00,Busy
D276,2023-10-13 19:55:00,Idle
D276,2023-10-13 20:36:00,Idle
D276,2023-10-13 21:37:00,Idle
D276,2023-10-13 21:55:00,Offline
D276,2023-10-14 18:55:00,Online
D276,2023-10-14 20:18:00,Idle
D276,2023-10-14 21:40:00,Busy
D276,2023-10-14 23:21:00,Idle
D276,2023-10-15 00:02:00,Idle
D276,2023-10-15 01:39:00,Busy
D276,2023-10-15 02:35:00,Idle
D276,2023-10-15 02:57:00,Idle
D276,2023-10-15 03:59:00,Idle
D276,2023-10-15 05:02:00,Idle
D276,2023-10-15 06:37:00,Idle
D276,2023-10-15 07:33:00,Offline
D277,2023-10-06 00:00:00,Online
D277,2023-10-06 00:58:00,Idle
D277,2023-10-06 02:29:00,Idle
D277,2023-10-06 04:05:00,Idle
D277,2023-10-06 05:33:00,Busy
D277,2023-10-06 06:46:00,Idle
D277,2023-10-06 08:02:00,Busy
D277,2023-10-06 08:52:00,Idle
D277,2023-10-06 09:03:00,Offline
D277,2023-10-07 09:03:00,Online
D277,2023-10-07 10:58:00,Busy
D277,2023-10-07 12:43:00,Busy
D277,2023-10-07 13:50:00,Busy
D277,2023-10-07 15:03:00,Busy
D277,2023-10-07 16:19:00,Idle
D277,2023-10-07 17:44:00,Idle
D277,2023-10-07 18:26:00,Idle
D277,2023-10-07 18:47:00,Idle
D277,2023-10-07 19:09:00,Offline
D277,2023-10-08 15:09:00,Online
D277,2023-10-08 16:40:00,Busy
D277,2023-10-08 18:29:00,Idle
D277,2023-10-08 18:59:00,Busy
D277,2023-10-08 20:02:00,Busy
D277,2023-10-08 21:15:00,Idle
D277,2023-10-08 21:55:00,Offline
D277,2023-10-09 12:55:00,Online
D277,2023-10-09 14:38:00,Busy
D277,2023-10-09 16:26:00,Idle
D277,2023-10-09 16:49:00,Idle
D277,2023-10-09 17:14:00,Idle
D277,2023-10-09 17:55:00,Idle
D277,2023-10-09 19:30:00,Busy
D277,2023-10-09 20:21:00,Idle
D277,2023-10-09 20:43:00,Offline
D277,2023-10-10 17:43:00,Online
D277,2023-10-10 18:40:00,Idle
D277,2023-10-10 20:05:00,Busy
D277,2023-10-10 21:25:00,Busy
D277,2023-10-10 21:53:00,Busy
D277,2023-10-10 22:14:00,Busy
D277,2023-10-10 23:34:00,Idle
D277,2023-10-11 00:01:00,Offline
D277,2023-10-11 14:01:00,Online
D277,2023-10-11 15:35:00,Idle
D277,2023-10-11 16:05:00,Idle
D277,2023-10-11 16:46:00,Busy
D277,2023-10-11 18:45:00,Idle
D277,2023-10-11 19:39:00,Idle
D277,2023-10-11 20:37:00,Busy
D277,2023-10-11 21:31:00,Idle
D277,2023-10-11 21:42:00,Offline
D277,2023-10-12 19:42:00,Online
D277,2023-10-12 20:12:00,Idle
D277,2023-10-12 21:35:00,Busy
D277,2023-10-12 22:40:00,Busy
D277,2023-10-12 23:18:00,Busy
D277,2023-10-13 00:56:00,Idle
D277,2023-10-13 01:20:00,Idle
D277,2023-10-13 02:17:00,Busy
D277,2023-10-13 03:09:00,Busy
D277,2023-10-13 03:30:00,Offline
D277,2023-10-13 19:30:00,Online
D277,2023-10-13 20:42:00,Idle
D277,2023-10-13 21:22:00,Idle
D277,2023-10-13 22:23:00,Busy
D277,2023-10-13 23:34:00,Idle
D277,2023-10-14 00:26:00,Idle
D277,2023-10-14 02:13:00,Idle
D277,2023-10-14 04:07:00,Idle
D277,2023-10-14 04:35:00,Offline
D277,2023-10-15 03:35:00,Online
D277,2023-10-15 05:08:00,Idle
D277,2023-10-15 07:02:00,Idle
D277,2023-10-15 07:41:00,Idle
D277,2023-10-15 09:15:00,Busy
D277,2023-10-15 09:40:00,Busy
D277,2023-10-15 10:53:00,Busy
D277,2023-10-15 11:50:00,Busy
D277,2023-10-15 12:07:00,Offline
D278,2023-10-02 00:00:00,Online
D278,2023-10-02 00:28:00,Busy
D278,2023-10-02 01:53:00,Idle
D278,2023-10-02 03:27:00,Idle
D278,2023-10-02 05:26:00,Busy
D278,2023-10-02 05:43:00,Idle
D278,2023-10-02 07:26:00,Busy
D278,2023-10-02 07:47:00,Offline
D278,2023-10-03 02:47:00,Online
D278,2023-10-03 03:39:00,Busy
D278,2023-10-03 04:13:00,Idle
D278,2023-10-03 04:47:00,Idle
D278,2023-10-03 05:53:00,Busy
D278,2023-10-03 06:35:00,Offline
D278,2023-10-04 02:35:00,Online
D278,2023-10-04 03:43:00,Busy
D278,2023-10-04 04:36:00,Busy
D278,2023-10-04 06:29:00,Idle
D278,2023-10-04 07:23:00,Offline
D278,2023-10-05 04:23:00,Online
D278,2023-10-05 04:50:00,Busy
D278,2023-10-05 05:31:00,Idle
D278,2023-10-05 06:02:00,Busy
D278,2023-10-05 06:38:00,Idle
D278,2023-10-05 07:56:00,Busy
D278,2023-10-05 09:40:00,Idle
D278,2023-10-05 10:35:00,Busy
D278,2023-10-05 11:42:00,Idle
D278,2023-10-05 12:37:00,Idle
D278,2023-10-05 13:35:00,Idle
D278,2023-10-05 13:45:00,Offline
D278,2023-10-06 13:45:00,Online
D278,2023-10-06 14:24:00,Busy
D278,2023-10-06 16:22:00,Idle
D278,2023-10-06 18:06:00,Idle
D278,2023-10-06 18:28:00,Idle
D278,2023-10-06 19:06:00,Idle
D278,2023-10-06 20:16:00,Busy
D278,2023-10-06 20:32:00,Busy
D278,2023-10-06 21:25:00,Offline
D278,2023-10-07 14:25:00,Online
D278,2023-10-07 15:12:00,Busy
D278,2023-10-07 15:30:00,Idle
D278,2023-10-07 17:08:00,Busy
D278,2023-10-07 17:41:00,Idle
D278,2023-10-07 18:19:00,Idle
D278,2023-10-07 18:57:00,Idle
D278,2023-10-07 20:33:00,Idle
D278,2023-10-07 20:58:00,Busy
D278,2023-10-07 21:19:00,Idle
D278,2023-10-07 21:59:00,Offline
D278,2023-10-08 21:59:00,Online
D278,2023-10-08 23:09:00,Idle
D278,2023-10-09 00:16:00,Idle
D278,2023-10-09 01:52:00,Busy
D278,2023-10-09 02:43:00,Idle
D278,2023-10-09 03:06:00,Offline
D278,2023-10-09 19:06:00,Online
D278,2023-10-09 19:28:00,Idle
D278,2023-10-09 20:15:00,Idle
D278,2023-10-09 21:12:00,Idle
D278,2023-10-09 23:05:00,Busy
D278,2023-10-09 23:50:00,Idle
D278,2023-10-10 00:33:00,Idle
D278,2023-10-10 01:19:00,Busy
D278,2023-10-10 01:53:00,Offline
D278,2023-10-10 20:53:00,Online
D278,2023-10-10 22:18:00,Busy
D278,2023-10-10 22:59:00,Busy
D278,2023-10-10 23:59:00,Busy
D278,2023-10-11 00:31:00,Offline
D278,2023-10-11 16:31:00,Online
D278,2023-10-11 17:24:00,Busy
D278,2023-10-11 17:44:00,Busy
D278,2023-10-11 19:04:00,Idle
D278,2023-10-11 19:28:00,Offline
D278,2023-10-12 08:28:00,Online
D278,2023-10-12 10:03:00,Idle
D278,2023-10-12 11:57:00,Busy
D278,2023-10-12 13:27:00,Idle
D278,2023-10-12 13:52:00,Offline
D278,2023-10-13 07:52:00,Online
D278,2023-10-13 08:51:00,Busy
D278,2023-10-13 09:54:00,Idle
D278,2023-10-13 10:49:00,Busy
D278,2023-10-13 12:35:00,Busy
D278,2023-10-13 13:15:00,Busy
D278,2023-10-13 14:27:00,Busy
D278,2023-10-13 14:46:00,Idle
D278,2023-10-13 15:01:00,Offline
D278,2023-10-14 09:01:00,Online
D278,2023-10-14 10:36:00,Busy
D278,2023-10-14 11:01:00,Idle
D278,2023-10-14 12:21:00,Idle
D278,2023-10-14 13:40:00,Busy
D278,2023-10-14 15:06:00,Idle
D278,2023-10-14 16:05:00,Busy
D278,2023-10-14 16:35:00,Offline
D278,2023-10-15 07:35:00,Online
D278,2023-10-15 09:30:00,Idle
D278,2023-10-15 11:14:00,Busy
D278,2023-10-15 12:05:00,Busy
D278,2023-10-15 13:34:00,Idle
D278,2023-10-15 13:54:00,Offline
D278,2023-10-16 03:54:00,Online
D278,2023-10-16 05:52:00,Busy
D278,2023-10-16 06:55:00,Busy
D278,2023-10-16 07:37:00,Busy
D278,2023-10-16 09:10:00,Idle
D278,2023-10-16 10:39:00,Idle
D278,2023-10-16 11:59:00,Busy
D278,2023-10-16 12:53:00,Offline
D280,2023-10-03 00:00:00,Online
D280,2023-10-03 01:12:00,Busy
D280,2023-10-03 01:36:00,Idle
D280,2023-10-03 02:03:00,Idle
D280,2023-10-03 02:50:00,Idle
D280,2023-10-03 03:12:00,Idle
D280,2023-10-03 04:23:00,Busy
D280,2023-10-03 05:49:00,Idle
D280,2023-10-03 06:51:00,Idle
D280,2023-10-03 07:10:00,Offline
D280,2023-10-04 05:10:00,Online
D280,2023-10-04 06:36:00,Idle
D280,2023-10-04 07:43:00,Idle
D280,2023-10-04 09:33:00,Busy
D280,2023-10-04 09:49:00,Idle
D280,2023-10-04 10:48:00,Idle
D280,2023-10-04 11:26:00,Idle
D280,2023-10-04 12:33:00,Idle
D280,2023-10-04 12:45:00,Offline
D280,2023-10-05 07:45:00,Online
D280,2023-10-05 09:32:00,Busy
D280,2023-10-05 10:18:00,Busy
D280,2023-10-05 11:58:00,Busy
D280,2023-10-05 13:27:00,Idle
D280,2023-10-05 14:34:00,Busy
D280,2023-10-05 15:15:00,Idle
D280,2023-10-05 15:36:00,Offline
D280,2023-10-06 03:36:00,Online
D280,2023-10-06 04:00:00,Busy
D280,2023-10-06 04:24:00,Idle
D280,2023-10-06 04:40:00,Idle
D280,2023-10-06 04:52:00,Offline
D280,2023-10-06 23:52:00,Online
D280,2023-10-07 00:39:00,Busy
D280,2023-10-07 01:23:00,Idle
D280,2023-10-07 02:03:00,Idle
D280,2023-10-07 03:17:00,Busy
D280,2023-10-07 05:14:00,Busy
D280,2023-10-07 07:07:00,Idle
D280,2023-10-07 08:11:00,Idle
D280,2023-10-07 09:19:00,Busy
D280,2023-10-07 09:51:00,Offline
D280,2023-10-08 06:51:00,Online
D280,2023-10-08 08:51:00,Busy
D280,2023-10-08 09:53:00,Busy
D280,2023-10-08 10:27:00,Idle
D280,2023-10-08 11:38:00,Idle
D280,2023-10-08 13:22:00,Idle
D280,2023-10-08 14:51:00,Idle
D280,2023-10-08 15:29:00,Offline
D280,2023-10-09 14:29:00,Online
D280,2023-10-09 15:53:00,Idle
D280,2023-10-09 16:49:00,Busy
D280,2023-10-09 17:14:00,Idle
D280,2023-10-09 17:27:00,Offline
D281,2023-10-04 00:00:00,Online
D281,2023-10-04 01:58:00,Busy
D281,2023-10-04 03:51:00,Idle
D281,2023-10-04 04:37:00,Busy
D281,2023-10-04 06:14:00,Idle
D281,2023-10-04 08:09:00,Idle
D281,2023-10-04 08:57:00,Offline
D281,2023-10-05 08:57:00,Online
D281,2023-10-05 10:30:00,Idle
D281,2023-10-05 12:17:00,Busy
D281,2023-10-05 13:43:00,Busy
D281,2023-10-05 14:23:00,Busy
D281,2023-10-05 15:17:00,Busy
D281,2023-10-05 17:11:00,Busy
D281,2023-10-05 17:47:00,Offline
D281,2023-10-06 11:47:00,Online
D281,2023-10-06 13:47:00,Idle
D281,2023-10-06 15:18:00,Busy
D281,2023-10-06 16:45:00,Idle
D281,2023-10-06 17:36:00,Busy
D281,2023-10-06 18:36:00,Offline
D281,2023-10-07 10:36:00,Online
D281,2023-10-07 11:19:00,Idle
D281,2023-10-07 12:09:00,Busy
D281,2023-10-07 13:13:00,Busy
D281,2023-10-07 15:06:00,Busy
D281,2023-10-07 17:05:00,Idle
D281,2023-10-07 18:47:00,Busy
D281,2023-10-07 20:16:00,Busy
D281,2023-10-07 21:36:00,Idle
D281,2023-10-07 22:20:00,Busy
D281,2023-10-08 00:14:00,Idle
D281,2023-10-08 00:34:00,Offline
D281,2023-10-09 00:34:00,Online
D281,2023-10-09 01:31:00,Busy
D281,2023-10-09 03:26:00,Busy
D281,2023-10-09 04:05:00,Idle
D281,2023-10-09 05:15:00,Busy
D281,2023-10-09 06:13:00,Busy
D281,2023-10-09 07:11:00,Idle
D281,2023-10-09 08:47:00,Busy
D281,2023-10-09 09:34:00,Offline
D281,2023-10-10 01:34:00,Online
D281,2023-10-10 03:03:00,Busy
D281,2023-10-10 04:16:00,Idle
D281,2023-10-10 05:36:00,Idle
D281,2023-10-10 07:08:00,Busy
D281,2023-10-10 08:07:00,Busy
D281,2023-10-10 09:21:00,Busy
D281,2023-10-10 10:25:00,Idle
D281,2023-10-10 10:41:00,Offline
D281,2023-10-11 09:41:00,Online
D281,2023-10-11 10:19:00,Idle
D281,2023-10-11 11:54:00,Busy
D281,2023-10-11 12:24:00,Busy
D281,2023-10-11 12:49:00,Busy
D281,2023-10-11 13:25:00,Busy
D281,2023-10-11 15:21:00,Busy
D281,2023-10-11 15:43:00,Offline
D281,2023-10-12 06:43:00,Online
D281,2023-10-12 07:01:00,Busy
D281,2023-10-12 07:54:00,Idle
D281,2023-10-12 09:42:00,Busy
D281,2023-10-12 10:20:00,Offline
D281,2023-10-12 22:20:00,Online
D281,2023-10-12 22:39:00,Busy
D281,2023-10-12 23:48:00,Busy
D281,2023-10-13 01:09:00,Idle
D281,2023-10-13 02:20:00,Busy
D281,2023-10-13 03:54:00,Idle
D281,2023-10-13 04:23:00,Busy
D281,2023-10-13 04:48:00,Idle
D281,2023-10-13 05:38:00,Offline
D282,2023-10-05 00:00:00,Online
D282,2023-10-05 01:45:00,Idle
D282,2023-10-05 02:54:00,Busy
D282,2023-10-05 04:48:00,Idle
D282,2023-10-05 05:23:00,Offline
D282,2023-10-05 23:23:00,Online
D282,2023-10-05 23:50:00,Busy
D282,2023-10-06 00:15:00,Busy
D282,2023-10-06 01:20:00,Idle
D282,2023-10-06 02:29:00,Busy
D282,2023-10-06 03:04:00,Offline
D282,2023-10-06 15:04:00,Online
D282,2023-10-06 15:40:00,Idle
D282,2023-10-06 17:27:00,Idle
D282,2023-10-06 18:03:00,Busy
D282,2023-10-06 18:53:00,Idle
D282,2023-10-06 19:17:00,Idle
D282,2023-10-06 21:08:00,Idle
D282,2023-10-06 22:36:00,Busy
D282,2023-10-06 23:08:00,Offline
D282,2023-10-07 22:08:00,Online
D282,2023-10-07 22:44:00,Busy
D282,2023-10-07 23:55:00,Busy
D282,2023-10-08 01:21:00,Busy
D282,2023-10-08 02:13:00,Idle
D282,2023-10-08 02:37:00,Idle
D282,2023-10-08 04:11:00,Busy
D282,2023-10-08 05:20:00,Busy
D282,2023-10-08 06:06:00,Idle
D282,2023-10-08 06:58:00,Idle
D282,2023-10-08 08:11:00,Idle
D282,2023-10-08 08:39:00,Offline
D282,2023-10-09 03:39:00,Online
D282,2023-10-09 04:38:00,Idle
D282,2023-10-09 05:08:00,Busy
D282,2023-10-09 06:56:00,Idle
D282,2023-10-09 08:14:00,Busy
D282,2023-10-09 08:49:00,Offline
D282,2023-10-09 22:49:00,Online
D282,2023-10-09 23:17:00,Idle
D282,2023-10-10 01:10:00,Idle
D282,2023-10-10 02:30:00,Idle
D282,2023-10-10 03:27:00,Offline
D282,2023-10-10 15:27:00,Online
D282,2023-10-10 16:10:00,Busy
D282,2023-10-10 17:46:00,Busy
D282,2023-10-10 19:43:00,Idle
D282,2023-10-10 20:49:00,Idle
D282,2023-10-10 22:36:00,Idle
D282,2023-10-10 23:07:00,Busy
D282,2023-10-10 23:27:00,Offline
D282,2023-10-11 18:27:00,Online
D282,2023-10-11 18:52:00,Busy
D282,2023-10-11 20:42:00,Busy
D282,2023-10-11 21:38:00,Busy
D282,2023-10-11 23:07:00,Idle
D282,2023-10-11 23:59:00,Idle
D282,2023-10-12 01:05:00,Busy
D282,2023-10-12 02:52:00,Busy
D282,2023-10-12 03:51:00,Idle
D282,2023-10-12 04:29:00,Offline
D282,2023-10-12 23:29:00,Online
D282,2023-10-13 01:27:00,Busy
D282,2023-10-13 02:12:00,Idle
D282,2023-10-13 02:40:00,Idle
D282,2023-10-13 03:30:00,Idle
D282,2023-10-13 05:25:00,Busy
D282,2023-10-13 06:42:00,Busy
D282,2023-10-13 07:37:00,Offline
D282,2023-10-14 02:37:00,Online
D282,2023-10-14 04:16:00,Busy
D282,2023-10-14 04:58:00,Busy
D282,2023-10-14 06:40:00,Busy
D282,2023-10-14 08:11:00,Busy
D282,2023-10-14 10:07:00,Busy
D282,2023-10-14 11:56:00,Busy
D282,2023-10-14 13:47:00,Idle
D282,2023-10-14 15:02:00,Busy
D282,2023-10-14 16:57:00,Idle
D282,2023-10-14 17:11:00,Offline
D282,2023-10-15 07:11:00,Online
D282,2023-10-15 09:10:00,Idle
D282,2023-10-15 10:35:00,Busy
D282,2023-10-15 10:59:00,Idle
D282,2023-10-15 12:37:00,Idle
D282,2023-10-15 14:11:00,Idle
D282,2023-10-15 14:35:00,Busy
D282,2023-10-15 15:59:00,Idle
D282,2023-10-15 16:27:00,Offline
D282,2023-10-16 09:27:00,Online
D282,2023-10-16 10:08:00,Busy
D282,2023-10-16 12:00:00,Busy
D282,2023-10-16 12:53:00,Busy
D282,2023-10-16 13:08:00,Offline
D282,2023-10-17 11:08:00,Online
D282,2023-10-17 13:02:00,Busy
D282,2023-10-17 13:42:00,Busy
D282,2023-10-17 14:00:00,Idle
D282,2023-10-17 15:56:00,Busy
D282,2023-10-17 17:36:00,Busy
D282,2023-10-17 18:13:00,Offline
D283,2023-10-02 00:00:00,Online
D283,2023-10-02 01:11:00,Idle
D283,2023-10-02 01:28:00,Idle
D283,2023-10-02 02:12:00,Idle
D283,2023-10-02 03:21:00,Idle
D283,2023-10-02 04:56:00,Idle
D283,2023-10-02 05:40:00,Offline
D283,2023-10-02 23:40:00,Online
D283,2023-10-03 01:01:00,Busy
D283,2023-10-03 02:05:00,Busy
D283,2023-10-03 02:53:00,Idle
D283,2023-10-03 03:18:00,Offline
D283,2023-10-04 02:18:00,Online
D283,2023-10-04 04:01:00,Idle
D283,2023-10-04 04:42:00,Busy
D283,2023-10-04 06:16:00,Busy
D283,2023-10-04 07:03:00,Idle
D283,2023-10-04 08:35:00,Busy
D283,2023-10-04 09:33:00,Busy
D283,2023-10-04 11:25:00,Idle
D283,2023-10-04 11:47:00,Idle
D283,2023-10-04 12:27:00,Offline
D283,2023-10-05 08:27:00,Online
D283,2023-10-05 09:33:00,Idle
D283,2023-10-05 10:18:00,Idle
D283,2023-10-05 10:35:00,Idle
D283,2023-10-05 11:49:00,Busy
D283,2023-10-05 13:20:00,Idle
D283,2023-10-05 13:53:00,Idle
D283,2023-10-05 14:38:00,Busy
D283,2023-10-05 15:46:00,Idle
D283,2023-10-05 17:29:00,Busy
D283,2023-10-05 17:40:00,Offline
D283,2023-10-06 14:40:00,Online
D283,2023-10-06 16:02:00,Idle
D283,2023-10-06 17:26:00,Busy
D283,2023-10-06 18:38:00,Busy
D283,2023-10-06 19:01:00,Busy
D283,2023-10-06 20:56:00,Idle
D283,2023-10-06 22:27:00,Idle
D283,2023-10-06 23:21:00,Idle
D283,2023-10-06 23:45:00,Idle
D283,2023-10-06 23:56:00,Offline
D283,2023-10-07 17:56:00,Online
D283,2023-10-07 18:42:00,Busy
D283,2023-10-07 19:36:00,Idle
D283,2023-10-07 20:13:00,Busy
D283,2023-10-07 20:55:00,Busy
D283,2023-10-07 22:17:00,Busy
D283,2023-10-07 22:46:00,Offline
D283,2023-10-08 10:46:00,Online
D283,2023-10-08 11:30:00,Busy
D283,2023-10-08 13:30:00,Idle
D283,2023-10-08 14:31:00,Idle
D283,2023-10-08 15:49:00,Idle
D283,2023-10-08 16:00:00,Offline
D283,2023-10-09 14:00:00,Online
D283,2023-10-09 15:36:00,Idle
D283,2023-10-09 16:36:00,Idle
D283,2023-10-09 17:11:00,Busy
D283,2023-10-09 18:48:00,Busy
D283,2023-10-09 18:59:00,Offline
D283,2023-10-10 11:59:00,Online
D283,2023-10-10 13:51:00,Idle
D283,2023-10-10 14:29:00,Idle
D283,2023-10-10 16:18:00,Busy
D283,2023-10-10 17:16:00,Offline
D283,2023-10-11 16:16:00,Online
D283,2023-10-11 16:45:00,Busy
D283,2023-10-11 18:27:00,Idle
D283,2023-10-11 19:06:00,Busy
D283,2023-10-11 19:54:00,Idle
D283,2023-10-11 20:23:00,Idle
D283,2023-10-11 22:11:00,Busy
D283,2023-10-11 22:44:00,Offline
D283,2023-10-12 15:44:00,Online
D283,2023-10-12 16:29:00,Busy
D283,2023-10-12 16:57:00,Busy
D283,2023-10-12 18:03:00,Idle
D283,2023-10-12 19:24:00,Idle
D283,2023-10-12 20:20:00,Offline
D283,2023-10-13 15:20:00,Online
D283,2023-10-13 16:03:00,Idle
D283,2023-10-13 17:03:00,Idle
D283,2023-10-13 18:01:00,Idle
D283,2023-10-13 19:56:00,Idle
D283,2023-10-13 21:01:00,Busy
D283,2023-10-13 21:24:00,Idle
D283,2023-10-13 21:55:00,Offline
D283,2023-10-14 09:55:00,Online
D283,2023-10-14 10:37:00,Busy
D283,2023-10-14 11:51:00,Busy
D283,2023-10-14 13:15:00,Idle
D283,2023-10-14 13:44:00,Idle
D283,2023-10-14 14:55:00,Busy
D283,2023-10-14 16:28:00,Idle
D283,2023-10-14 17:20:00,Busy
D283,2023-10-14 18:46:00,Busy
D283,2023-10-14 19:18:00,Idle
D283,2023-10-14 19:54:00,Busy
D283,2023-10-14 20:05:00,Offline
D283,2023-10-15 14:05:00,Online
D283,2023-10-15 14:36:00,Busy
D283,2023-10-15 15:03:00,Busy
D283,2023-10-15 16:14:00,Idle
D283,2023-10-15 17:51:00,Idle
D283,2023-10-15 18:54:00,Busy
D283,2023-10-15 19:41:00,Idle
D283,2023-10-15 21:26:00,Idle
D283,2023-10-15 22:55:00,Busy
D283,2023-10-15 23:51:00,Offline
D283,2023-10-16 19:51:00,Online
D283,2023-10-16 21:03:00,Busy
D283,2023-10-16 23:01:00,Busy
D283,2023-10-16 23:37:00,Busy
D283,2023-10-17 01:01:00,Idle
D283,2023-10-17 01:25:00,Offline
D284,2023-10-06 00:00:00,Online
D284,2023-10-06 00:45:00,Busy
D284,2023-10-06 02:19:00,Idle
D284,2023-10-06 03:26:00,Busy
D284,2023-10-06 05:12:00,Idle
D284,2023-10-06 06:19:00,Busy
D284,2023-10-06 06:36:00,Offline
D284,2023-10-07 00:36:00,Online
D284,2023-10-07 01:49:00,Idle
D284,2023-10-07 02:57:00,Idle
D284,2023-10-07 03:19:00,Busy
D284,2023-10-07 03:46:00,Busy
D284,2023-10-07 04:13:00,Offline
D284,2023-10-07 17:13:00,Online
D284,2023-10-07 17:44:00,Idle
D284,2023-10-07 19:22:00,Busy
D284,2023-10-07 20:47:00,Idle
D284,2023-10-07 21:38:00,Offline
D284,2023-10-08 16:38:00,Online
D284,2023-10-08 18:32:00,Busy
D284,2023-10-08 18:57:00,Idle
D284,2023-10-08 19:34:00,Busy
D284,2023-10-08 20:52:00,Busy
D284,2023-10-08 21:27:00,Idle
D284,2023-10-08 22:36:00,Idle
D284,2023-10-08 23:19:00,Busy
D284,2023-10-09 00:17:00,Busy
D284,2023-10-09 00:36:00,Offline
D284,2023-10-10 00:36:00,Online
D284,2023-10-10 01:48:00,Busy
D284,2023-10-10 03:01:00,Idle
D284,2023-10-10 04:38:00,Idle
D284,2023-10-10 06:12:00,Busy
D284,2023-10-10 07:39:00,Idle
D284,2023-10-10 07:55:00,Busy
D284,2023-10-10 08:57:00,Busy
D284,2023-10-10 09:26:00,Offline
D284,2023-10-10 23:26:00,Online
D284,2023-10-11 00:45:00,Idle
D284,2023-10-11 01:51:00,Idle
D284,2023-10-11 02:21:00,Idle
D284,2023-10-11 02:48:00,Offline
D284,2023-10-11 15:48:00,Online
D284,2023-10-11 16:09:00,Idle
D284,2023-10-11 17:25:00,Idle
D284,2023-10-11 19:02:00,Idle
D284,2023-10-11 19:53:00,Busy
D284,2023-10-11 20:34:00,Idle
D284,2023-10-11 22:16:00,Idle
D284,2023-10-11 22:57:00,Busy
D284,2023-10-11 23:31:00,Idle
D284,2023-10-12 00:30:00,Idle
D284,2023-10-12 01:17:00,Offline
D284,2023-10-12 18:17:00,Online
D284,2023-10-12 19:13:00,Busy
D284,2023-10-12 20:00:00,Idle
D284,2023-10-12 21:35:00,Busy
D284,2023-10-12 22:29:00,Busy
D284,2023-10-12 23:25:00,Idle
D284,2023-10-13 01:25:00,Idle
D284,2023-10-13 02:25:00,Offline
D284,2023-10-13 19:25:00,Online
D284,2023-10-13 20:53:00,Idle
D284,2023-10-13 22:29:00,Idle
D284,2023-10-13 22:52:00,Idle
D284,2023-10-13 23:44:00,Busy
D284,2023-10-14 01:14:00,Busy
D284,2023-10-14 02:44:00,Idle
D284,2023-10-14 04:10:00,Busy
D284,2023-10-14 04:34:00,Offline
D284,2023-10-14 17:34:00,Online
D284,2023-10-14 18:47:00,Busy
D284,2023-10-14 19:57:00,Busy
D284,2023-10-14 20:54:00,Idle
D284,2023-10-14 21:42:00,Busy
D284,2023-10-14 23:38:00,Busy
D284,2023-10-15 00:50:00,Idle
D284,2023-10-15 01:41:00,Busy
D284,2023-10-15 02:23:00,Busy
D284,2023-10-15 03:21:00,Busy
D284,2023-10-15 03:41:00,Offline
D284,2023-10-16 01:41:00,Online
D284,2023-10-16 03:25:00,Idle
D284,2023-10-16 04:33:00,Busy
D284,2023-10-16 05:43:00,Busy
D284,2023-10-16 06:04:00,Idle
D284,2023-10-16 06:26:00,Idle
D284,2023-10-16 08:14:00,Busy
D284,2023-10-16 09:42:00,Busy
D284,2023-10-16 10:17:00,Idle
D284,2023-10-16 11:36:00,Idle
D284,2023-10-16 11:51:00,Busy
D284,2023-10-16 12:40:00,Offline
D285,2023-10-04 00:00:00,Online
D285,2023-10-04 01:53:00,Busy
D285,2023-10-04 02:42:00,Idle
D285,2023-10-04 03:36:00,Busy
D285,2023-10-04 04:34:00,Offline
D285,2023-10-04 18:34:00,Online
D285,2023-10-04 19:41:00,Busy
D285,2023-10-04 21:14:00,Idle
D285,2023-10-04 22:56:00,Busy
D285,2023-10-05 00:01:00,Idle
D285,2023-10-05 01:00:00,Busy
D285,2023-10-05 01:54:00,Idle
D285,2023-10-05 03:41:00,Idle
D285,2023-10-05 04:16:00,Idle
D285,2023-10-05 05:57:00,Idle
D285,2023-10-05 06:31:00,Offline
D285,2023-10-05 22:31:00,Online
D285,2023-10-05 23:59:00,Idle
D285,2023-10-06 00:15:00,Busy
D285,2023-10-06 02:10:00,Busy
D285,2023-10-06 02:31:00,Offline
D285,2023-10-07 01:31:00,Online
D285,2023-10-07 01:46:00,Busy
D285,2023-10-07 03:01:00,Idle
D285,2023-10-07 04:44:00,Busy
D285,2023-10-07 06:40:00,Busy
D285,2023-10-07 07:58:00,Busy
D285,2023-10-07 08:53:00,Idle
D285,2023-10-07 09:18:00,Offline
D285,2023-10-08 05:18:00,Online
D285,2023-10-08 06:20:00,Busy
D285,2023-10-08 06:52:00,Idle
D285,2023-10-08 08:51:00,Busy
D285,2023-10-08 09:08:00,Idle
D285,2023-10-08 10:02:00,Idle
D285,2023-10-08 10:19:00,Idle
D285,2023-10-08 10:40:00,Offline
D285,2023-10-09 01:40:00,Online
D285,2023-10-09 03:27:00,Idle
D285,2023-10-09 04:39:00,Idle
D285,2023-10-09 05:26:00,Busy
D285,2023-10-09 06:46:00,Busy
D285,2023-10-09 08:31:00,Idle
D285,2023-10-09 08:41:00,Offline
D285,2023-10-10 00:41:00,Online
D285,2023-10-10 02:05:00,Busy
D285,2023-10-10 03:41:00,Busy
D285,2023-10-10 04:23:00,Busy
D285,2023-10-10 04:57:00,Idle
D285,2023-10-10 05:23:00,Offline
D285,2023-10-11 03:23:00,Online
D285,2023-10-11 04:50:00,Busy
D285,2023-10-11 06:47:00,Busy
D285,2023-10-11 07:16:00,Busy
D285,2023-10-11 08:09:00,Busy
D285,2023-10-11 09:58:00,Busy
D285,2023-10-11 10:12:00,Offline
D285,2023-10-12 03:12:00,Online
D285,2023-10-12 03:37:00,Busy
D285,2023-10-12 04:28:00,Busy
D285,2023-10-12 04:53:00,Busy
D285,2023-10-12 05:22:00,Offline
D285,2023-10-12 19:22:00,Online
D285,2023-10-12 20:24:00,Busy
D285,2023-10-12 21:05:00,Idle
D285,2023-10-12 21:39:00,Idle
D285,2023-10-12 23:11:00,Busy
D285,2023-10-13 00:27:00,Busy
D285,2023-10-13 01:29:00,Idle
D285,2023-10-13 02:41:00,Idle
D285,2023-10-13 03:51:00,Idle
D285,2023-10-13 04:42:00,Offline
D285,2023-10-14 03:42:00,Online
D285,2023-10-14 05:37:00,Busy
D285,2023-10-14 07:08:00,Idle
D285,2023-10-14 08:07:00,Busy
D285,2023-10-14 08:59:00,Idle
D285,2023-10-14 09:16:00,Busy
D285,2023-10-14 09:46:00,Busy
D285,2023-10-14 11:26:00,Idle
D285,2023-10-14 12:54:00,Idle
D285,2023-10-14 13:17:00,Busy
D285,2023-10-14 14:26:00,Busy
D285,2023-10-14 15:06:00,Offline
D285,2023-10-15 11:06:00,Online
D285,2023-10-15 12:04:00,Busy
D285,2023-10-15 13:22:00,Busy
D285,2023-10-15 15:20:00,Busy
D285,2023-10-15 16:14:00,Idle
D285,2023-10-15 17:14:00,Idle
D285,2023-10-15 17:58:00,Busy
D285,2023-10-15 19:30:00,Busy
D285,2023-10-15 20:48:00,Idle
D285,2023-10-15 21:30:00,Idle
D285,2023-10-15 22:14:00,Idle
D285,2023-10-15 22:31:00,Offline
D285,2023-10-16 13:31:00,Online
D285,2023-10-16 15:06:00,Idle
D285,2023-10-16 16:04:00,Idle
D285,2023-10-16 17:11:00,Idle
D285,2023-10-16 17:56:00,Idle
D285,2023-10-16 18:45:00,Idle
D285,2023-10-16 19:18:00,Offline
D286,2023-10-04 00:00:00,Online
D286,2023-10-04 01:26:00,Idle
D286,2023-10-04 03:12:00,Busy
D286,2023-10-04 04:33:00,Busy
D286,2023-10-04 06:20:00,Idle
D286,2023-10-04 06:50:00,Idle
D286,2023-10-04 08:45:00,Busy
D286,2023-10-04 09:41:00,Busy
D286,2023-10-04 10:52:00,Busy
D286,2023-10-04 12:12:00,Idle
D286,2023-10-04 12:43:00,Idle
D286,2023-10-04 12:59:00,Offline
D286,2023-10-05 02:59:00,Online
D286,2023-10-05 04:09:00,Idle
D286,2023-10-05 04:34:00,Idle
D286,2023-10-05 05:03:00,Busy
D286,2023-10-05 06:00:00,Idle
D286,2023-10-05 06:36:00,Offline
D286,2023-10-05 19:36:00,Online
D286,2023-10-05 20:01:00,Busy
D286,2023-10-05 20:44:00,Idle
D286,2023-10-05 22:33:00,Busy
D286,2023-10-06 00:23:00,Busy
D286,2023-10-06 00:53:00,Busy
D286,2023-10-06 02:00:00,Busy
D286,2023-10-06 03:49:00,Idle
D286,2023-10-06 04:25:00,Idle
D286,2023-10-06 04:48:00,Busy
D286,2023-10-06 05:38:00,Offline
D286,2023-10-07 01:38:00,Online
D286,2023-10-07 02:57:00,Idle
D286,2023-10-07 03:24:00,Idle
D286,2023-10-07 05:16:00,Idle
D286,2023-10-07 06:42:00,Idle
D286,2023-10-07 07:49:00,Busy
D286,2023-10-07 08:24:00,Idle
D286,2023-10-07 08:40:00,Idle
D286,2023-10-07 09:54:00,Busy
D286,2023-10-07 10:58:00,Idle
D286,2023-10-07 11:27:00,Idle
D286,2023-10-07 12:21:00,Offline
D286,2023-10-08 03:21:00,Online
D286,2023-10-08 03:37:00,Idle
D286,2023-10-08 04:26:00,Busy
D286,2023-10-08 05:12:00,Busy
D286,2023-10-08 05:30:00,Busy
D286,2023-10-08 07:23:00,Idle
D286,2023-10-08 07:41:00,Idle
D286,2023-10-08 08:36:00,Busy
D286,2023-10-08 09:24:00,Idle
D286,2023-10-08 09:41:00,Idle
D286,2023-10-08 09:57:00,Offline
D286,2023-10-09 02:57:00,Online
D286,2023-10-09 04:06:00,Busy
D286,2023-10-09 05:46:00,Busy
D286,2023-10-09 06:47:00,Idle
D286,2023-10-09 07:18:00,Idle
D286,2023-10-09 07:56:00,Idle
D286,2023-10-09 08:16:00,Idle
D286,2023-10-09 09:54:00,Idle
D286,2023-10-09 10:28:00,Offline
D287,2023-10-03 00:00:00,Online
D287,2023-10-03 00:52:00,Busy
D287,2023-10-03 02:49:00,Idle
D287,2023-10-03 03:27:00,Busy
D287,2023-10-03 04:01:00,Busy
D287,2023-10-03 04:39:00,Busy
D287,2023-10-03 06:37:00,Idle
D287,2023-10-03 07:06:00,Idle
D287,2023-10-03 08:58:00,Idle
D287,2023-10-03 09:27:00,Offline
D287,2023-10-04 04:27:00,Online
D287,2023-10-04 04:54:00,Idle
D287,2023-10-04 06:46:00,Busy
D287,2023-10-04 08:25:00,Busy
D287,2023-10-04 09:35:00,Busy
D287,2023-10-04 11:06:00,Idle
D287,2023-10-04 11:38:00,Offline
D287,2023-10-05 01:38:00,Online
D287,2023-10-05 02:53:00,Idle
D287,2023-10-05 04:26:00,Idle
D287,2023-10-05 06:21:00,Idle
D287,2023-10-05 08:09:00,Busy
D287,2023-10-05 09:49:00,Idle
D287,2023-10-05 10:54:00,Busy
D287,2023-10-05 12:28:00,Idle
D287,2023-10-05 12:51:00,Idle
D287,2023-10-05 13:34:00,Busy
D287,2023-10-05 14:19:00,Busy
D287,2023-10-05 14:49:00,Offline
D287,2023-10-06 02:49:00,Online
D287,2023-10-06 04:01:00,Idle
D287,2023-10-06 04:45:00,Idle
D287,2023-10-06 06:35:00,Idle
D287,2023-10-06 08:12:00,Busy
D287,2023-10-06 09:12:00,Busy
D287,2023-10-06 09:55:00,Busy
D287,2023-10-06 11:11:00,Idle
D287,2023-10-06 12:51:00,Idle
D287,2023-10-06 14:48:00,Busy
D287,2023-10-06 15:17:00,Offline
D287,2023-10-07 14:17:00,Online
D287,2023-10-07 16:16:00,Idle
D287,2023-10-07 16:32:00,Busy
D287,2023-10-07 17:28:00,Busy
D287,2023-10-07 19:11:00,Busy
D287,2023-10-07 19:34:00,Offline
D287,2023-10-08 17:34:00,Online
D287,2023-10-08 18:17:00,Idle
D287,2023-10-08 19:31:00,Idle
D287,2023-10-08 20:45:00,Busy
D287,2023-10-08 22:11:00,Idle
D287,2023-10-08 23:45:00,Busy
D287,2023-10-09 00:38:00,Offline
D287,2023-10-09 18:38:00,Online
D287,2023-10-09 19:16:00,Idle
D287,2023-10-09 20:43:00,Busy
D287,2023-10-09 21:14:00,Idle
D287,2023-10-09 21:46:00,Offline
D287,2023-10-10 18:46:00,Online
D287,2023-10-10 19:50:00,Idle
D287,2023-10-10 20:18:00,Busy
D287,2023-10-10 20:45:00,Busy
D287,2023-10-10 20:59:00,Offline
D287,2023-10-11 10:59:00,Online
D287,2023-10-11 12:10:00,Busy
D287,2023-10-11 12:43:00,Busy
D287,2023-10-11 13:23:00,Idle
D287,2023-10-11 15:01:00,Busy
D287,2023-10-11 15:22:00,Offline
D287,2023-10-12 06:22:00,Online
D287,2023-10-12 08:06:00,Busy
D287,2023-10-12 08:55:00,Busy
D287,2023-10-12 09:16:00,Idle
D287,2023-10-12 10:18:00,Busy
D287,2023-10-12 11:19:00,Idle
D287,2023-10-12 12:45:00,Idle
D287,2023-10-12 13:25:00,Offline
D287,2023-10-13 05:25:00,Online
D287,2023-10-13 06:30:00,Busy
D287,2023-10-13 07:36:00,Busy
D287,2023-10-13 08:06:00,Idle
D287,2023-10-13 09:30:00,Busy
D287,2023-10-13 10:28:00,Offline
D287,2023-10-14 03:28:00,Online
D287,2023-10-14 05:07:00,Busy
D287,2023-10-14 06:42:00,Idle
D287,2023-10-14 07:50:00,Busy
D287,2023-10-14 08:49:00,Idle
D287,2023-10-14 10:31:00,Busy
D287,2023-10-14 11:19:00,Idle
D287,2023-10-14 11:46:00,Busy
D287,2023-10-14 12:05:00,Idle
D287,2023-10-14 13:54:00,Busy
D287,2023-10-14 14:10:00,Busy
D287,2023-10-14 15:07:00,Offline
D287,2023-10-15 07:07:00,Online
D287,2023-10-15 07:35:00,Idle
D287,2023-10-15 09:00:00,Busy
D287,2023-10-15 09:29:00,Busy
D287,2023-10-15 10:01:00,Busy
D287,2023-10-15 11:09:00,Idle
D287,2023-10-15 12:42:00,Idle
D287,2023-10-15 14:25:00,Busy
D287,2023-10-15 14:56:00,Offline
D288,2023-10-01 00:00:00,Online
D288,2023-10-01 01:45:00,Busy
D288,2023-10-01 03:33:00,Busy
D288,2023-10-01 04:04:00,Busy
D288,2023-10-01 04:46:00,Idle
D288,2023-10-01 05:31:00,Offline
D288,2023-10-02 03:31:00,Online
D288,2023-10-02 04:11:00,Idle
D288,2023-10-02 05:16:00,Idle
D288,2023-10-02 05:56:00,Busy
D288,2023-10-02 06:58:00,Busy
D288,2023-10-02 08:58:00,Busy
D288,2023-10-02 09:12:00,Offline
D288,2023-10-03 09:12:00,Online
D288,2023-10-03 10:05:00,Idle
D288,2023-10-03 10:34:00,Busy
D288,2023-10-03 12:04:00,Busy
D288,2023-10-03 12:58:00,Offline
D288,2023-10-04 03:58:00,Online
D288,2023-10-04 04:33:00,Busy
D288,2023-10-04 05:17:00,Busy
D288,2023-10-04 06:11:00,Busy
D288,2023-10-04 06:32:00,Idle
D288,2023-10-04 07:10:00,Busy
D288,2023-10-04 09:02:00,Busy
D288,2023-10-04 09:33:00,Idle
D288,2023-10-04 11:24:00,Idle
D288,2023-10-04 13:05:00,Busy
D288,2023-10-04 13:31:00,Offline
D288,2023-10-05 12:31:00,Online
D288,2023-10-05 13:25:00,Idle
D288,2023-10-05 13:55:00,Idle
D288,2023-10-05 14:56:00,Busy
D288,2023-10-05 15:27:00,Busy
D288,2023-10-05 15:53:00,Offline
D288,2023-10-06 14:53:00,Online
D288,2023-10-06 16:03:00,Idle
D288,2023-10-06 16:34:00,Busy
D288,2023-10-06 17:08:00,Busy
D288,2023-10-06 18:16:00,Idle
D288,2023-10-06 20:00:00,Idle
D288,2023-10-06 21:04:00,Busy
D288,2023-10-06 21:45:00,Idle
D288,2023-10-06 23:23:00,Busy
D288,2023-10-07 00:22:00,Busy
D288,2023-10-07 00:55:00,Idle
D288,2023-10-07 01:46:00,Offline
D288,2023-10-07 19:46:00,Online
D288,2023-10-07 20:14:00,Idle
D288,2023-10-07 21:10:00,Busy
D288,2023-10-07 22:55:00,Idle
D288,2023-10-07 23:26:00,Idle
D288,2023-10-08 01:03:00,Idle
D288,2023-10-08 02:49:00,Idle
D288,2023-10-08 04:26:00,Idle
D288,2023-10-08 04:47:00,Idle
D288,2023-10-08 05:01:00,Offline
D288,2023-10-08 22:01:00,Online
D288,2023-10-08 23:20:00,Idle
D288,2023-10-09 00:49:00,Busy
D288,2023-10-09 01:29:00,Idle
D288,2023-10-09 01:45:00,Busy
D288,2023-10-09 02:13:00,Idle
D288,2023-10-09 03:10:00,Busy
D288,2023-10-09 04:56:00,Idle
D288,2023-10-09 06:04:00,Idle
D288,2023-10-09 07:16:00,Busy
D288,2023-10-09 07:52:00,Offline
D288,2023-10-10 00:52:00,Online
D288,2023-10-10 02:50:00,Idle
D288,2023-10-10 04:20:00,Idle
D288,2023-10-10 05:02:00,Idle
D288,2023-10-10 06:18:00,Busy
D288,2023-10-10 07:18:00,Offline
D289,2023-10-03 00:00:00,Online
D289,2023-10-03 00:20:00,Idle
D289,2023-10-03 00:51:00,Busy
D289,2023-10-03 02:24:00,Idle
D289,2023-10-03 03:23:00,Offline
D289,2023-10-03 15:23:00,Online
D289,2023-10-03 16:51:00,Busy
D289,2023-10-03 17:19:00,Idle
D289,2023-10-03 18:55:00,Busy
D289,2023-10-03 19:36:00,Idle
D289,2023-10-03 20:36:00,Idle
D289,2023-10-03 21:44:00,Busy
D289,2023-10-03 23:34:00,Busy
D289,2023-10-04 01:23:00,Idle
D289,2023-10-04 03:22:00,Busy
D289,2023-10-04 04:19:00,Offline
D289,2023-10-04 19:19:00,Online
D289,2023-10-04 21:13:00,Idle
D289,2023-10-04 22:52:00,Idle
D289,2023-10-04 23:36:00,Idle
D289,2023-10-05 00:10:00,Idle
D289,2023-10-05 01:43:00,Idle
D289,2023-10-05 02:13:00,Busy
D289,2023-10-05 03:18:00,Busy
D289,2023-10-05 04:01:00,Busy
D289,2023-10-05 04:24:00,Busy
D289,2023-10-05 06:16:00,Idle
D289,2023-10-05 06:27:00,Offline
D289,2023-10-05 23:27:00,Online
D289,2023-10-06 01:05:00,Idle
D289,2023-10-06 01:30:00,Busy
D289,2023-10-06 03:18:00,Busy
D289,2023-10-06 05:16:00,Idle
D289,2023-10-06 05:41:00,Idle
D289,2023-10-06 06:24:00,Busy
D289,2023-10-06 07:34:00,Busy
D289,2023-10-06 08:32:00,Offline
D289,2023-10-07 05:32:00,Online
D289,2023-10-07 07:30:00,Busy
D289,2023-10-07 08:41:00,Idle
D289,2023-10-07 09:15:00,Idle
D289,2023-10-07 09:50:00,Idle
D289,2023-10-07 10:18:00,Offline
D289,2023-10-08 08:18:00,Online
D289,2023-10-08 10:18:00,Idle
D289,2023-10-08 11:54:00,Busy
D289,2023-10-08 12:29:00,Busy
D289,2023-10-08 12:45:00,Offline
D289,2023-10-09 09:45:00,Online
D289,2023-10-09 10:45:00,Idle
D289,2023-10-09 12:42:00,Busy
D289,2023-10-09 13:34:00,Idle
D289,2023-10-09 14:57:00,Idle
D289,2023-10-09 16:16:00,Busy
D289,2023-10-09 18:09:00,Busy
D289,2023-10-09 19:38:00,Idle
D289,2023-10-09 20:23:00,Busy
D289,2023-10-09 21:05:00,Offline
D289,2023-10-10 14:05:00,Online
D289,2023-10-10 14:47:00,Busy
D289,2023-10-10 16:20:00,Busy
D289,2023-10-10 17:26:00,Busy
D289,2023-10-10 18:56:00,Busy
D289,2023-10-10 19:33:00,Offline
D289,2023-10-11 09:33:00,Online
D289,2023-10-11 11:09:00,Busy
D289,2023-10-11 11:27:00,Idle
D289,2023-10-11 11:59:00,Busy
D289,2023-10-11 12:28:00,Offline
D289,2023-10-12 02:28:00,Online
D289,2023-10-12 04:20:00,Idle
D289,2023-10-12 05:01:00,Idle
D289,2023-10-12 06:52:00,Busy
D289,2023-10-12 08:07:00,Idle
D289,2023-10-12 08:58:00,Offline
D289,2023-10-13 07:58:00,Online
D289,2023-10-13 09:03:00,Idle
D289,2023-10-13 10:46:00,Idle
D289,2023-10-13 12:04:00,Idle
D289,2023-10-13 13:30:00,Busy
D289,2023-10-13 14:06:00,Offline
D289,2023-10-14 03:06:00,Online
D289,2023-10-14 04:43:00,Idle
D289,2023-10-14 05:22:00,Busy
D289,2023-10-14 06:19:00,Busy
D289,2023-10-14 08:11:00,Idle
D289,2023-10-14 09:37:00,Busy
D289,2023-10-14 10:53:00,Idle
D289,2023-10-14 11:41:00,Offline
D289,2023-10-15 01:41:00,Online
D289,2023-10-15 03:19:00,Busy
D289,2023-10-15 04:16:00,Busy
D289,2023-10-15 05:17:00,Busy
D289,2023-10-15 07:06:00,Idle
D289,2023-10-15 08:58:00,Busy
D289,2023-10-15 09:36:00,Idle
D289,2023-10-15 11:10:00,Busy
D289,2023-10-15 11:44:00,Offline
D289,2023-10-16 04:44:00,Online
D289,2023-10-16 06:44:00,Idle
D289,2023-10-16 07:56:00,Busy
D289,2023-10-16 08:57:00,Idle
D289,2023-10-16 10:27:00,Idle
D289,2023-10-16 10:44:00,Busy
D289,2023-10-16 11:39:00,Busy
D289,2023-10-16 12:34:00,Idle
D289,2023-10-16 14:05:00,Idle
D289,2023-10-16 14:52:00,Offline
D289,2023-10-17 03:52:00,Online
D289,2023-10-17 04:25:00,Busy
D289,2023-10-17 05:49:00,Busy
D289,2023-10-17 06:06:00,Idle
D289,2023-10-17 07:32:00,Idle
D289,2023-10-17 08:56:00,Idle
D289,2023-10-17 10:00:00,Idle
D289,2023-10-17 11:50:00,Idle
D289,2023-10-17 13:03:00,Busy
D289,2023-10-17 14:36:00,Idle
D289,2023-10-17 16:00:00,Idle
D289,2023-10-17 16:49:00,Offline
D290,2023-10-04 00:00:00,Online
D290,2023-10-04 00:51:00,Idle
D290,2023-10-04 02:50:00,Busy
D290,2023-10-04 03:08:00,Idle
D290,2023-10-04 03:36:00,Busy
D290,2023-10-04 05:01:00,Busy
D290,2023-10-04 05:27:00,Busy
D290,2023-10-04 06:51:00,Busy
D290,2023-10-04 07:33:00,Idle
D290,2023-10-04 07:58:00,Offline
D290,2023-10-05 03:58:00,Online
D290,2023-10-05 04:22:00,Idle
D290,2023-10-05 05:52:00,Idle
D290,2023-10-05 06:25:00,Idle
D290,2023-10-05 08:21:00,Busy
D290,2023-10-05 09:55:00,Busy
D290,2023-10-05 11:52:00,Busy
D290,2023-10-05 12:43:00,Offline
D290,2023-10-06 09:43:00,Online
D290,2023-10-06 10:39:00,Idle
D290,2023-10-06 11:59:00,Idle
D290,2023-10-06 12:33:00,Idle
D290,2023-10-06 13:40:00,Busy
D290,2023-10-06 15:16:00,Busy
D290,2023-10-06 16:27:00,Idle
D290,2023-10-06 17:07:00,Busy
D290,2023-10-06 18:29:00,Idle
D290,2023-10-06 19:45:00,Busy
D290,2023-10-06 21:38:00,Busy
D290,2023-10-06 22:21:00,Offline
D290,2023-10-07 19:21:00,Online
D290,2023-10-07 19:39:00,Idle
D290,2023-10-07 21:15:00,Idle
D290,2023-10-07 22:47:00,Idle
D290,2023-10-07 23:08:00,Idle
D290,2023-10-07 23:31:00,Busy
D290,2023-10-08 01:13:00,Idle
D290,2023-10-08 02:21:00,Idle
D290,2023-10-08 02:45:00,Busy
D290,2023-10-08 03:17:00,Busy
D290,2023-10-08 04:51:00,Idle
D290,2023-10-08 05:39:00,Offline
D290,2023-10-08 20:39:00,Online
D290,2023-10-08 21:53:00,Busy
D290,2023-10-08 22:19:00,Idle
D290,2023-10-09 00:03:00,Idle
D290,2023-10-09 00:29:00,Idle
D290,2023-10-09 01:10:00,Busy
D290,2023-10-09 01:52:00,Offline
D290,2023-10-10 00:52:00,Online
D290,2023-10-10 01:59:00,Idle
D290,2023-10-10 03:23:00,Idle
D290,2023-10-10 03:40:00,Idle
D290,2023-10-10 04:58:00,Idle
D290,2023-10-10 06:10:00,Idle
D290,2023-10-10 07:44:00,Busy
D290,2023-10-10 08:09:00,Idle
D290,2023-10-10 09:19:00,Idle
D290,2023-10-10 10:59:00,Busy
D290,2023-10-10 12:18:00,Idle
D290,2023-10-10 12:30:00,Offline
D290,2023-10-11 05:30:00,Online
D290,2023-10-11 06:54:00,Busy
D290,2023-10-11 07:27:00,Idle
D290,2023-10-11 08:37:00,Idle
D290,2023-10-11 09:39:00,Busy
D290,2023-10-11 10:42:00,Busy
D290,2023-10-11 12:17:00,Idle
D290,2023-10-11 12:38:00,Offline
D290,2023-10-12 03:38:00,Online
D290,2023-10-12 04:19:00,Idle
D290,2023-10-12 05:38:00,Busy
D290,2023-10-12 06:24:00,Idle
D290,2023-10-12 06:43:00,Idle
D290,2023-10-12 07:12:00,Offline
D290,2023-10-13 06:12:00,Online
D290,2023-10-13 08:08:00,Busy
D290,2023-10-13 08:55:00,Idle
D290,2023-10-13 10:18:00,Busy
D290,2023-10-13 11:41:00,Idle
D290,2023-10-13 12:25:00,Busy
D290,2023-10-13 12:59:00,Offline
D290,2023-10-14 12:59:00,Online
D290,2023-10-14 13:16:00,Idle
D290,2023-10-14 14:43:00,Idle
D290,2023-10-14 15:59:00,Idle
D290,2023-10-14 17:20:00,Busy
D290,2023-10-14 18:32:00,Busy
D290,2023-10-14 18:57:00,Busy
D290,2023-10-14 19:43:00,Offline
D290,2023-10-15 13:43:00,Online
D290,2023-10-15 15:08:00,Busy
D290,2023-10-15 16:05:00,Busy
D290,2023-10-15 17:16:00,Busy
D290,2023-10-15 19:02:00,Busy
D290,2023-10-15 19:53:00,Offline
D290,2023-10-16 11:53:00,Online
D290,2023-10-16 12:25:00,Busy
D290,2023-10-16 13:35:00,Busy
D290,2023-10-16 15:31:00,Idle
D290,2023-10-16 15:52:00,Idle
D290,2023-10-16 17:14:00,Idle
D290,2023-10-16 18:58:00,Busy
D290,2023-10-16 20:27:00,Busy
D290,2023-10-16 21:46:00,Busy
D290,2023-10-16 23:17:00,Busy
D290,2023-10-16 23:34:00,Offline
D290,2023-10-17 18:34:00,Online
D290,2023-10-17 18:53:00,Busy
D290,2023-10-17 19:15:00,Busy
D290,2023-10-17 20:44:00,Idle
D290,2023-10-17 21:28:00,Busy
D290,2023-10-17 23:17:00,Busy
D290,2023-10-17 23:35:00,Idle
D290,2023-10-18 00:33:00,Idle
D290,2023-10-18 01:24:00,Idle
D290,2023-10-18 02:49:00,Busy
D290,2023-10-18 03:22:00,Busy
D290,2023-10-18 03:37:00,Offline
D290,2023-10-18 23:37:00,Online
D290,2023-10-19 01:22:00,Busy
D290,2023-10-19 02:15:00,Idle
D290,2023-10-19 02:58:00,Idle
D290,2023-10-19 04:36:00,Busy
D290,2023-10-19 06:19:00,Idle
D290,2023-10-19 07:59:00,Idle
D290,2023-10-19 08:11:00,Offline
D292,2023-10-02 00:00:00,Online
D292,2023-10-02 01:23:00,Idle
D292,2023-10-02 02:22:00,Idle
D292,2023-10-02 04:19:00,Busy
D292,2023-10-02 04:56:00,Offline
D292,2023-10-03 04:56:00,Online
D292,2023-10-03 05:58:00,Idle
D292,2023-10-03 07:04:00,Busy
D292,2023-10-03 08:26:00,Busy
D292,2023-10-03 08:43:00,Offline
D292,2023-10-03 22:43:00,Online
D292,2023-10-03 23:51:00,Busy
D292,2023-10-04 01:44:00,Idle
D292,2023-10-04 03:19:00,Idle
D292,2023-10-04 05:10:00,Idle
D292,2023-10-04 05:25:00,Idle
D292,2023-10-04 06:41:00,Idle
D292,2023-10-04 08:37:00,Idle
D292,2023-10-04 09:53:00,Busy
D292,2023-10-04 10:53:00,Offline
D292,2023-10-04 23:53:00,Online
D292,2023-10-05 00:31:00,Idle
D292,2023-10-05 01:24:00,Busy
D292,2023-10-05 02:19:00,Busy
D292,2023-10-05 02:38:00,Busy
D292,2023-10-05 04:17:00,Busy
D292,2023-10-05 04:53:00,Busy
D292,2023-10-05 06:21:00,Busy
D292,2023-10-05 06:54:00,Offline
D292,2023-10-06 05:54:00,Online
D292,2023-10-06 07:40:00,Idle
D292,2023-10-06 08:46:00,Busy
D292,2023-10-06 09:17:00,Idle
D292,2023-10-06 09:56:00,Offline
D292,2023-10-07 09:56:00,Online
D292,2023-10-07 10:18:00,Busy
D292,2023-10-07 12:00:00,Busy
D292,2023-10-07 13:59:00,Busy
D292,2023-10-07 15:54:00,Idle
D292,2023-10-07 16:35:00,Busy
D292,2023-10-07 17:01:00,Offline
D292,2023-10-08 16:01:00,Online
D292,2023-10-08 16:54:00,Busy
D292,2023-10-08 17:54:00,Busy
D292,2023-10-08 18:53:00,Idle
D292,2023-10-08 19:38:00,Idle
D292,2023-10-08 20:32:00,Idle
D292,2023-10-08 22:21:00,Busy
D292,2023-10-08 23:11:00,Busy
D292,2023-10-08 23:26:00,Busy
D292,2023-10-09 00:44:00,Busy
D292,2023-10-09 02:33:00,Idle
D292,2023-10-09 03:12:00,Offline
D292,2023-10-09 21:12:00,Online
D292,2023-10-09 21:31:00,Busy
D292,2023-10-09 22:39:00,Idle
D292,2023-10-09 23:20:00,Idle
D292,2023-10-09 23:43:00,Busy
D292,2023-10-10 00:02:00,Busy
D292,2023-10-10 01:30:00,Busy
D292,2023-10-10 03:11:00,Idle
D292,2023-10-10 04:28:00,Idle
D292,2023-10-10 05:02:00,Offline
D292,2023-10-10 20:02:00,Online
D292,2023-10-10 20:34:00,Idle
D292,2023-10-10 22:30:00,Idle
D292,2023-10-11 00:29:00,Busy
D292,2023-10-11 02:20:00,Busy
D292,2023-10-11 02:42:00,Idle
D292,2023-10-11 04:04:00,Idle
D292,2023-10-11 05:05:00,Idle
D292,2023-10-11 07:05:00,Busy
D292,2023-10-11 07:52:00,Busy
D292,2023-10-11 08:14:00,Offline
D293,2023-10-01 00:00:00,Online
D293,2023-10-01 01:02:00,Busy
D293,2023-10-01 01:43:00,Idle
D293,2023-10-01 02:45:00,Busy
D293,2023-10-01 03:58:00,Idle
D293,2023-10-01 05:34:00,Busy
D293,2023-10-01 06:42:00,Idle
D293,2023-10-01 08:12:00,Idle
D293,2023-10-01 09:31:00,Idle
D293,2023-10-01 10:05:00,Busy
D293,2023-10-01 10:59:00,Offline
D293,2023-10-01 22:59:00,Online
D293,2023-10-02 00:00:00,Busy
D293,2023-10-02 00:25:00,Idle
D293,2023-10-02 01:20:00,Idle
D293,2023-10-02 01:45:00,Busy
D293,2023-10-02 02:14:00,Busy
D293,2023-10-02 03:37:00,Idle
D293,2023-10-02 04:29:00,Idle
D293,2023-10-02 05:04:00,Offline
D293,2023-10-03 00:04:00,Online
D293,2023-10-03 01:10:00,Idle
D293,2023-10-03 02:10:00,Idle
D293,2023-10-03 03:46:00,Idle
D293,2023-10-03 04:39:00,Offline
D293,2023-10-03 19:39:00,Online
D293,2023-10-03 20:00:00,Busy
D293,2023-10-03 21:23:00,Busy
D293,2023-10-03 23:20:00,Busy
D293,2023-10-04 00:44:00,Busy
D293,2023-10-04 01:49:00,Busy
D293,2023-10-04 03:44:00,Busy
D293,2023-10-04 04:36:00,Idle
D293,2023-10-04 06:00:00,Idle
D293,2023-10-04 06:51:00,Offline
D293,2023-10-04 18:51:00,Online
D293,2023-10-04 19:57:00,Busy
D293,2023-10-04 20:32:00,Idle
D293,2023-10-04 22:04:00,Busy
D293,2023-10-04 22:22:00,Busy
D293,2023-10-05 00:21:00,Idle
D293,2023-10-05 00:45:00,Busy
D293,2023-10-05 01:13:00,Busy
D293,2023-10-05 01:53:00,Offline
D293,2023-10-06 00:53:00,Online
D293,2023-10-06 01:58:00,Busy
D293,2023-10-06 02:27:00,Idle
D293,2023-10-06 03:08:00,Busy
D293,2023-10-06 03:45:00,Offline
D293,2023-10-06 22:45:00,Online
D293,2023-10-07 00:15:00,Idle
D293,2023-10-07 01:04:00,Busy
D293,2023-10-07 03:02:00,Idle
D293,2023-10-07 03:49:00,Offline
D293,2023-10-07 20:49:00,Online
D293,2023-10-07 22:14:00,Busy
D293,2023-10-07 23:10:00,Busy
D293,2023-10-08 01:00:00,Idle
D293,2023-10-08 02:30:00,Idle
D293,2023-10-08 02:51:00,Idle
D293,2023-10-08 04:51:00,Idle
D293,2023-10-08 05:53:00,Idle
D293,2023-10-08 07:35:00,Idle
D293,2023-10-08 08:16:00,Busy
D293,2023-10-08 09:00:00,Offline
D293,2023-10-09 00:00:00,Online
D293,2023-10-09 00:18:00,Busy
D293,2023-10-09 02:12:00,Idle
D293,2023-10-09 03:49:00,Busy
D293,2023-10-09 05:16:00,Busy
D293,2023-10-09 05:46:00,Busy
D293,2023-10-09 06:41:00,Offline
D293,2023-10-10 03:41:00,Online
D293,2023-10-10 04:36:00,Busy
D293,2023-10-10 05:58:00,Busy
D293,2023-10-10 07:45:00,Idle
D293,2023-10-10 09:00:00,Idle
D293,2023-10-10 10:26:00,Busy
D293,2023-10-10 11:25:00,Idle
D293,2023-10-10 12:01:00,Offline
D293,2023-10-11 09:01:00,Online
D293,2023-10-11 10:59:00,Idle
D293,2023-10-11 12:36:00,Busy
D293,2023-10-11 13:42:00,Busy
D293,2023-10-11 14:40:00,Offline
D293,2023-10-12 11:40:00,Online
D293,2023-10-12 12:32:00,Idle
D293,2023-10-12 12:57:00,Busy
D293,2023-10-12 14:25:00,Busy
D293,2023-10-12 15:28:00,Busy
D293,2023-10-12 16:47:00,Idle
D293,2023-10-12 16:57:00,Offline
D293,2023-10-13 14:57:00,Online
D293,2023-10-13 15:58:00,Idle
D293,2023-10-13 17:46:00,Idle
D293,2023-10-13 18:22:00,Busy
D293,2023-10-13 18:45:00,Idle
D293,2023-10-13 19:49:00,Busy
D293,2023-10-13 21:46:00,Idle
D293,2023-10-13 22:26:00,Idle
D293,2023-10-13 23:59:00,Busy
D293,2023-10-14 01:52:00,Busy
D293,2023-10-14 02:19:00,Offline
D293,2023-10-14 15:19:00,Online
D293,2023-10-14 17:13:00,Busy
D293,2023-10-14 18:12:00,Idle
D293,2023-10-14 19:05:00,Idle
D293,2023-10-14 20:32:00,Idle
D293,2023-10-14 21:07:00,Busy
D293,2023-10-14 22:03:00,Idle
D293,2023-10-14 22:25:00,Idle
D293,2023-10-14 23:53:00,Busy
D293,2023-10-15 00:24:00,Idle
D293,2023-10-15 00:52:00,Offline
D293,2023-10-15 19:52:00,Online
D293,2023-10-15 21:00:00,Busy
D293,2023-10-15 22:40:00,Idle
D293,2023-10-15 23:27:00,Busy
D293,2023-10-16 00:43:00,Busy
D293,2023-10-16 01:26:00,Busy
D293,2023-10-16 02:26:00,Offline
D294,2023-10-05 00:00:00,Online
D294,2023-10-05 01:37:00,Idle
D294,2023-10-05 02:08:00,Idle
D294,2023-10-05 03:01:00,Idle
D294,2023-10-05 03:36:00,Offline
D294,2023-10-05 15:36:00,Online
D294,2023-10-05 17:18:00,Idle
D294,2023-10-05 18:56:00,Busy
D294,2023-10-05 19:19:00,Busy
D294,2023-10-05 21:05:00,Busy
D294,2023-10-05 21:23:00,Idle
D294,2023-10-05 22:35:00,Idle
D294,2023-10-06 00:08:00,Busy
D294,2023-10-06 01:14:00,Busy
D294,2023-10-06 02:07:00,Busy
D294,2023-10-06 02:30:00,Offline
D294,2023-10-06 21:30:00,Online
D294,2023-10-06 21:45:00,Busy
D294,2023-10-06 23:35:00,Idle
D294,2023-10-07 00:25:00,Busy
D294,2023-10-07 01:07:00,Busy
D294,2023-10-07 01:36:00,Busy
D294,2023-10-07 03:26:00,Busy
D294,2023-10-07 04:37:00,Idle
D294,2023-10-07 05:35:00,Idle
D294,2023-10-07 06:11:00,Busy
D294,2023-10-07 06:21:00,Offline
D294,2023-10-08 01:21:00,Online
D294,2023-10-08 03:15:00,Idle
D294,2023-10-08 03:48:00,Idle
D294,2023-10-08 05:19:00,Idle
D294,2023-10-08 06:07:00,Idle
D294,2023-10-08 07:26:00,Busy
D294,2023-10-08 07:55:00,Busy
D294,2023-10-08 09:55:00,Busy
D294,2023-10-08 10:17:00,Idle
D294,2023-10-08 11:08:00,Busy
D294,2023-10-08 12:51:00,Idle
D294,2023-10-08 13:23:00,Offline
D294,2023-10-09 05:23:00,Online
D294,2023-10-09 06:03:00,Busy
D294,2023-10-09 06:25:00,Busy
D294,2023-10-09 07:32:00,Idle
D294,2023-10-09 07:48:00,Busy
D294,2023-10-09 09:39:00,Busy
D294,2023-10-09 10:40:00,Idle
D294,2023-10-09 11:45:00,Busy
D294,2023-10-09 13:03:00,Idle
D294,2023-10-09 14:58:00,Idle
D294,2023-10-09 15:19:00,Offline
D294,2023-10-10 15:19:00,Online
D294,2023-10-10 16:20:00,Busy
D294,2023-10-10 17:50:00,Idle
D294,2023-10-10 19:08:00,Idle
D294,2023-10-10 20:51:00,Busy
D294,2023-10-10 21:35:00,Idle
D294,2023-10-10 23:02:00,Idle
D294,2023-10-10 23:24:00,Idle
D294,2023-10-11 00:50:00,Idle
D294,2023-10-11 01:42:00,Offline
D295,2023-10-05 00:00:00,Online
D295,2023-10-05 01:16:00,Busy
D295,2023-10-05 03:03:00,Busy
D295,2023-10-05 04:18:00,Busy
D295,2023-10-05 05:59:00,Busy
D295,2023-10-05 06:57:00,Idle
D295,2023-10-05 08:07:00,Idle
D295,2023-10-05 09:33:00,Busy
D295,2023-10-05 10:43:00,Idle
D295,2023-10-05 11:26:00,Offline
D295,2023-10-06 07:26:00,Online
D295,2023-10-06 09:09:00,Idle
D295,2023-10-06 09:31:00,Busy
D295,2023-10-06 09:47:00,Busy
D295,2023-10-06 10:21:00,Idle
D295,2023-10-06 10:39:00,Offline
D295,2023-10-07 00:39:00,Online
D295,2023-10-07 01:37:00,Idle
D295,2023-10-07 02:09:00,Idle
D295,2023-10-07 03:13:00,Idle
D295,2023-10-07 04:46:00,Busy
D295,2023-10-07 05:59:00,Idle
D295,2023-10-07 07:26:00,Busy
D295,2023-10-07 08:10:00,Offline
D295,2023-10-08 02:10:00,Online
D295,2023-10-08 02:47:00,Idle
D295,2023-10-08 03:38:00,Idle
D295,2023-10-08 05:25:00,Idle
D295,2023-10-08 06:30:00,Idle
D295,2023-10-08 08:13:00,Idle
D295,2023-10-08 08:37:00,Offline
D295,2023-10-09 03:37:00,Online
D295,2023-10-09 04:00:00,Busy
D295,2023-10-09 04:41:00,Idle
D295,2023-10-09 05:05:00,Idle
D295,2023-10-09 06:48:00,Busy
D295,2023-10-09 08:20:00,Busy
D295,2023-10-09 09:47:00,Idle
D295,2023-10-09 11:29:00,Idle
D295,2023-10-09 12:39:00,Idle
D295,2023-10-09 13:21:00,Offline
D296,2023-10-04 00:00:00,Online
D296,2023-10-04 01:50:00,Idle
D296,2023-10-04 02:27:00,Busy
D296,2023-10-04 04:17:00,Busy
D296,2023-10-04 06:05:00,Busy
D296,2023-10-04 07:49:00,Busy
D296,2023-10-04 09:27:00,Idle
D296,2023-10-04 11:15:00,Busy
D296,2023-10-04 13:11:00,Idle
D296,2023-10-04 14:03:00,Busy
D296,2023-10-04 14:36:00,Busy
D296,2023-10-04 14:54:00,Offline
D296,2023-10-05 09:54:00,Online
D296,2023-10-05 11:35:00,Idle
D296,2023-10-05 12:43:00,Busy
D296,2023-10-05 13:54:00,Idle
D296,2023-10-05 14:51:00,Busy
D296,2023-10-05 15:38:00,Busy
D296,2023-10-05 17:33:00,Idle
D296,2023-10-05 18:41:00,Busy
D296,2023-10-05 19:57:00,Busy
D296,2023-10-05 20:22:00,Offline
D296,2023-10-06 10:22:00,Online
D296,2023-10-06 10:38:00,Busy
D296,2023-10-06 12:10:00,Busy
D296,2023-10-06 12:42:00,Idle
D296,2023-10-06 14:36:00,Busy
D296,2023-10-06 15:14:00,Offline
D296,2023-10-07 14:14:00,Online
D296,2023-10-07 15:14:00,Busy
D296,2023-10-07 16:34:00,Idle
D296,2023-10-07 18:17:00,Busy
D296,2023-10-07 18:50:00,Idle
D296,2023-10-07 19:45:00,Busy
D296,2023-10-07 21:12:00,Idle
D296,2023-10-07 21:26:00,Offline
D296,2023-10-08 18:26:00,Online
D296,2023-10-08 19:40:00,Busy
D296,2023-10-08 20:24:00,Busy
D296,2023-10-08 21:21:00,Busy
D296,2023-10-08 21:42:00,Busy
D296,2023-10-08 22:11:00,Busy
D296,2023-10-08 23:10:00,Busy
D296,2023-10-08 23:46:00,Busy
D296,2023-10-09 00:58:00,Busy
D296,2023-10-09 01:18:00,Busy
D296,2023-10-09 03:01:00,Idle
D296,2023-10-09 03:20:00,Offline
D296,2023-10-09 23:20:00,Online
D296,2023-10-10 00:19:00,Idle
D296,2023-10-10 01:13:00,Idle
D296,2023-10-10 02:46:00,Busy
D296,2023-10-10 03:29:00,Busy
D296,2023-10-10 04:57:00,Idle
D296,2023-10-10 05:33:00,Idle
D296,2023-10-10 05:58:00,Idle
D296,2023-10-10 06:16:00,Idle
D296,2023-10-10 07:25:00,Busy
D296,2023-10-10 07:47:00,Offline
D296,2023-10-11 05:47:00,Online
D296,2023-10-11 07:26:00,Busy
D296,2023-10-11 08:29:00,Busy
D296,2023-10-11 09:51:00,Idle
D296,2023-10-11 10:57:00,Busy
D296,2023-10-11 11:21:00,Idle
D296,2023-10-11 12:53:00,Idle
D296,2023-10-11 13:51:00,Busy
D296,2023-10-11 14:39:00,Idle
D296,2023-10-11 16:03:00,Busy
D296,2023-10-11 16:59:00,Offline
D296,2023-10-12 07:59:00,Online
D296,2023-10-12 09:23:00,Busy
D296,2023-10-12 10:40:00,Busy
D296,2023-10-12 12:15:00,Idle
D296,2023-10-12 13:38:00,Idle
D296,2023-10-12 14:52:00,Busy
D296,2023-10-12 16:47:00,Busy
D296,2023-10-12 17:05:00,Offline
D296,2023-10-13 09:05:00,Online
D296,2023-10-13 09:33:00,Idle
D296,2023-10-13 10:02:00,Busy
D296,2023-10-13 11:57:00,Idle
D296,2023-10-13 13:00:00,Busy
D296,2023-10-13 14:10:00,Busy
D296,2023-10-13 14:49:00,Idle
D296,2023-10-13 16:19:00,Idle
D296,2023-10-13 16:44:00,Offline
D296,2023-10-14 12:44:00,Online
D296,2023-10-14 13:35:00,Busy
D296,2023-10-14 14:38:00,Busy
D296,2023-10-14 16:13:00,Idle
D296,2023-10-14 17:40:00,Busy
D296,2023-10-14 18:13:00,Busy
D296,2023-10-14 18:40:00,Busy
D296,2023-10-14 19:43:00,Idle
D296,2023-10-14 20:07:00,Busy
D296,2023-10-14 20:42:00,Idle
D296,2023-10-14 21:12:00,Busy
D296,2023-10-14 21:56:00,Offline
D296,2023-10-15 15:56:00,Online
D296,2023-10-15 16:21:00,Idle
D296,2023-10-15 17:50:00,Busy
D296,2023-10-15 19:14:00,Busy
D296,2023-10-15 20:30:00,Busy
D296,2023-10-15 22:05:00,Busy
D296,2023-10-15 23:07:00,Idle
D296,2023-10-16 00:10:00,Busy
D296,2023-10-16 00:39:00,Offline
D296,2023-10-16 22:39:00,Online
D296,2023-10-16 23:38:00,Busy
D296,2023-10-17 00:18:00,Busy
D296,2023-10-17 00:38:00,Idle
D296,2023-10-17 02:14:00,Busy
D296,2023-10-17 03:25:00,Busy
D296,2023-10-17 04:06:00,Idle
D296,2023-10-17 04:46:00,Idle
D296,2023-10-17 05:21:00,Idle
D296,2023-10-17 07:19:00,Busy
D296,2023-10-17 07:58:00,Offline
D297,2023-10-05 00:00:00,Online
D297,2023-10-05 01:49:00,Idle
D297,2023-10-05 02:28:00,Idle
D297,2023-10-05 02:58:00,Busy
D297,2023-10-05 03:16:00,Busy
D297,2023-10-05 05:14:00,Busy
D297,2023-10-05 07:12:00,Busy
D297,2023-10-05 08:19:00,Idle
D297,2023-10-05 09:10:00,Offline
D297,2023-10-05 21:10:00,Online
D297,2023-10-05 22:58:00,Idle
D297,2023-10-05 23:47:00,Idle
D297,2023-10-06 01:30:00,Busy
D297,2023-10-06 03:10:00,Idle
D297,2023-10-06 04:50:00,Idle
D297,2023-10-06 05:06:00,Busy
D297,2023-10-06 06:29:00,Idle
D297,2023-10-06 07:50:00,Idle
D297,2023-10-06 08:34:00,Offline
D297,2023-10-07 02:34:00,Online
D297,2023-10-07 04:31:00,Busy
D297,2023-10-07 05:10:00,Idle
D297,2023-10-07 06:59:00,Idle
D297,2023-10-07 07:20:00,Idle
D297,2023-10-07 08:38:00,Busy
D297,2023-10-07 08:59:00,Offline
D297,2023-10-08 06:59:00,Online
D297,2023-10-08 07:56:00,Busy
D297,2023-10-08 08:16:00,Idle
D297,2023-10-08 09:24:00,Busy
D297,2023-10-08 11:04:00,Idle
D297,2023-10-08 12:22:00,Idle
D297,2023-10-08 13:42:00,Busy
D297,2023-10-08 14:35:00,Busy
D297,2023-10-08 15:32:00,Offline
D297,2023-10-09 04:32:00,Online
D297,2023-10-09 05:50:00,Idle
D297,2023-10-09 07:20:00,Busy
D297,2023-10-09 09:18:00,Idle
D297,2023-10-09 09:48:00,Busy
D297,2023-10-09 10:13:00,Busy
D297,2023-10-09 11:20:00,Busy
D297,2023-10-09 12:59:00,Idle
D297,2023-10-09 13:23:00,Busy
D297,2023-10-09 13:56:00,Offline
D297,2023-10-10 13:56:00,Online
D297,2023-10-10 15:19:00,Busy
D297,2023-10-10 16:43:00,Idle
D297,2023-10-10 18:10:00,Busy
D297,2023-10-10 18:43:00,Idle
D297,2023-10-10 19:21:00,Offline
D297,2023-10-11 12:21:00,Online
D297,2023-10-11 12:53:00,Idle
D297,2023-10-11 13:20:00,Idle
D297,2023-10-11 14:30:00,Idle
D297,2023-10-11 14:51:00,Idle
D297,2023-10-11 16:20:00,Idle
D297,2023-10-11 17:15:00,Offline
D297,2023-10-12 17:15:00,Online
D297,2023-10-12 18:47:00,Idle
D297,2023-10-12 19:18:00,Idle
D297,2023-10-12 19:36:00,Busy
D297,2023-10-12 20:22:00,Offline
D298,2023-10-03 00:00:00,Online
D298,2023-10-03 00:33:00,Busy
D298,2023-10-03 00:49:00,Busy
D298,2023-10-03 02:18:00,Idle
D298,2023-10-03 03:52:00,Idle
D298,2023-10-03 04:07:00,Idle
D298,2023-10-03 06:06:00,Busy
D298,2023-10-03 07:47:00,Busy
D298,2023-10-03 08:52:00,Busy
D298,2023-10-03 09:35:00,Offline
D298,2023-10-04 00:35:00,Online
D298,2023-10-04 00:55:00,Busy
D298,2023-10-04 02:07:00,Busy
D298,2023-10-04 03:01:00,Idle
D298,2023-10-04 04:16:00,Idle
D298,2023-10-04 04:44:00,Busy
D298,2023-10-04 06:10:00,Idle
D298,2023-10-04 07:01:00,Offline
D298,2023-10-05 07:01:00,Online
D298,2023-10-05 08:12:00,Busy
D298,2023-10-05 09:12:00,Busy
D298,2023-10-05 10:28:00,Busy
D298,2023-10-05 11:35:00,Idle
D298,2023-10-05 11:51:00,Busy
D298,2023-10-05 12:49:00,Idle
D298,2023-10-05 13:37:00,Idle
D298,2023-10-05 14:04:00,Offline
D298,2023-10-06 08:04:00,Online
D298,2023-10-06 08:35:00,Idle
D298,2023-10-06 10:03:00,Busy
D298,2023-10-06 11:25:00,Idle
D298,2023-10-06 12:45:00,Idle
D298,2023-10-06 13:57:00,Busy
D298,2023-10-06 14:50:00,Offline
D298,2023-10-07 05:50:00,Online
D298,2023-10-07 07:07:00,Idle
D298,2023-10-07 07:57:00,Busy
D298,2023-10-07 09:15:00,Busy
D298,2023-10-07 10:40:00,Busy
D298,2023-10-07 12:34:00,Busy
D298,2023-10-07 13:30:00,Busy
D298,2023-10-07 13:51:00,Offline
D298,2023-10-08 02:51:00,Online
D298,2023-10-08 04:35:00,Idle
D298,2023-10-08 05:14:00,Idle
D298,2023-10-08 05:29:00,Idle
D298,2023-10-08 07:20:00,Busy
D298,2023-10-08 07:59:00,Idle
D298,2023-10-08 09:12:00,Busy
D298,2023-10-08 09:59:00,Offline
D298,2023-10-09 07:59:00,Online
D298,2023-10-09 09:00:00,Idle
D298,2023-10-09 09:30:00,Busy
D298,2023-10-09 09:48:00,Idle
D298,2023-10-09 10:20:00,Idle
D298,2023-10-09 11:12:00,Busy
D298,2023-10-09 12:33:00,Busy
D298,2023-10-09 12:48:00,Offline
D298,2023-10-10 06:48:00,Online
D298,2023-10-10 07:57:00,Busy
D298,2023-10-10 09:19:00,Idle
D298,2023-10-10 11:03:00,Idle
D298,2023-10-10 12:00:00,Busy
D298,2023-10-10 12:24:00,Idle
D298,2023-10-10 12:56:00,Idle
D298,2023-10-10 14:12:00,Busy
D298,2023-10-10 14:56:00,Busy
D298,2023-10-10 15:38:00,Offline
D299,2023-10-01 00:00:00,Online
D299,2023-10-01 01:10:00,Idle
D299,2023-10-01 02:01:00,Idle
D299,2023-10-01 02:47:00,Idle
D299,2023-10-01 03:08:00,Offline
D299,2023-10-02 00:08:00,Online
D299,2023-10-02 01:34:00,Idle
D299,2023-10-02 01:56:00,Busy
D299,2023-10-02 02:54:00,Busy
D299,2023-10-02 03:57:00,Idle
D299,2023-10-02 04:35:00,Busy
D299,2023-10-02 05:06:00,Offline
D299,2023-10-03 04:06:00,Online
D299,2023-10-03 05:53:00,Idle
D299,2023-10-03 06:43:00,Idle
D299,2023-10-03 07:14:00,Busy
D299,2023-10-03 07:39:00,Idle
D299,2023-10-03 08:38:00,Offline
D299,2023-10-04 08:38:00,Online
D299,2023-10-04 09:50:00,Busy
D299,2023-10-04 10:35:00,Idle
D299,2023-10-04 11:49:00,Idle
D299,2023-10-04 13:46:00,Idle
D299,2023-10-04 14:42:00,Busy
D299,2023-10-04 15:08:00,Offline
D299,2023-10-05 06:08:00,Online
D299,2023-10-05 06:25:00,Idle
D299,2023-10-05 06:54:00,Busy
D299,2023-10-05 08:16:00,Busy
D299,2023-10-05 09:51:00,Idle
D299,2023-10-05 11:49:00,Idle
D299,2023-10-05 12:36:00,Offline
D299,2023-10-06 01:36:00,Online
D299,2023-10-06 01:56:00,Idle
D299,2023-10-06 03:33:00,Idle
D299,2023-10-06 05:09:00,Busy
D299,2023-10-06 06:03:00,Offline
D300,2023-10-06 00:00:00,Online
D300,2023-10-06 01:05:00,Idle
D300,2023-10-06 01:21:00,Busy
D300,2023-10-06 02:42:00,Idle
D300,2023-10-06 03:45:00,Idle
D300,2023-10-06 04:18:00,Offline
D300,2023-10-07 01:18:00,Online
D300,2023-10-07 02:36:00,Idle
D300,2023-10-07 03:42:00,Idle
D300,2023-10-07 05:15:00,Busy
D300,2023-10-07 06:51:00,Idle
D300,2023-10-07 08:29:00,Busy
D300,2023-10-07 09:15:00,Busy
D300,2023-10-07 09:48:00,Busy
D300,2023-10-07 11:15:00,Busy
D300,2023-10-07 11:53:00,Offline
D300,2023-10-08 10:53:00,Online
D300,2023-10-08 11:23:00,Busy
D300,2023-10-08 12:40:00,Idle
D300,2023-10-08 12:55:00,Busy
D300,2023-10-08 13:46:00,Busy
D300,2023-10-08 14:22:00,Idle
D300,2023-10-08 15:47:00,Idle
D300,2023-10-08 16:40:00,Idle
D300,2023-10-08 18:04:00,Idle
D300,2023-10-08 19:45:00,Idle
D300,2023-10-08 20:39:00,Busy
D300,2023-10-08 21:08:00,Offline
D300,2023-10-09 11:08:00,Online
D300,2023-10-09 12:10:00,Idle
D300,2023-10-09 13:04:00,Busy
D300,2023-10-09 14:20:00,Busy
D300,2023-10-09 16:14:00,Busy
D300,2023-10-09 17:01:00,Busy
D300,2023-10-09 17:40:00,Offline
D300,2023-10-10 14:40:00,Online
D300,2023-10-10 15:30:00,Busy
D300,2023-10-10 17:24:00,Idle
D300,2023-10-10 18:11:00,Idle
D300,2023-10-10 18:43:00,Busy
D300,2023-10-10 19:47:00,Idle
D300,2023-10-10 21:44:00,Idle
D300,2023-10-10 22:17:00,Idle
D300,2023-10-10 23:13:00,Idle
D300,2023-10-11 00:15:00,Busy
D300,2023-10-11 01:11:00,Offline
D300,2023-10-12 00:11:00,Online
D300,2023-10-12 02:00:00,Idle
D300,2023-10-12 03:19:00,Idle
D300,2023-10-12 05:19:00,Busy
D300,2023-10-12 06:13:00,Idle
D300,2023-10-12 07:53:00,Idle
D300,2023-10-12 09:46:00,Busy
D300,2023-10-12 10:08:00,Busy
D300,2023-10-12 11:04:00,Offline
D300,2023-10-13 03:04:00,Online
D300,2023-10-13 04:35:00,Idle
D300,2023-10-13 05:16:00,Idle
D300,2023-10-13 06:51:00,Idle
D300,2023-10-13 08:03:00,Busy
D300,2023-10-13 08:41:00,Offline
D300,2023-10-14 05:41:00,Online
D300,2023-10-14 06:26:00,Idle
D300,2023-10-14 07:29:00,Idle
D300,2023-10-14 09:25:00,Busy
D300,2023-10-14 11:21:00,Idle
D300,2023-10-14 11:47:00,Busy
D300,2023-10-14 13:04:00,Idle
D300,2023-10-14 13:39:00,Offline
D300,2023-10-15 08:39:00,Online
D300,2023-10-15 09:31:00,Idle
D300,2023-10-15 09:55:00,Idle
D300,2023-10-15 10:59:00,Idle
D300,2023-10-15 12:09:00,Idle
D300,2023-10-15 13:34:00,Idle
D300,2023-10-15 14:14:00,Offline
D300,2023-10-16 07:14:00,Online
D300,2023-10-16 07:34:00,Busy
D300,2023-10-16 09:32:00,Busy
D300,2023-10-16 10:44:00,Idle
D300,2023-10-16 11:09:00,Offline
D300,2023-10-16 23:09:00,Online
D300,2023-10-16 23:40:00,Busy
D300,2023-10-17 01:37:00,Busy
D300,2023-10-17 03:13:00,Busy
D300,2023-10-17 04:37:00,Busy
D300,2023-10-17 05:18:00,Idle
D300,2023-10-17 06:28:00,Busy
D300,2023-10-17 08:20:00,Busy
D300,2023-10-17 09:16:00,Offline
D300,2023-10-18 03:16:00,Online
D300,2023-10-18 03:58:00,Idle
D300,2023-10-18 05:41:00,Busy
D300,2023-10-18 07:34:00,Idle
D300,2023-10-18 07:58:00,Idle
D300,2023-10-18 08:50:00,Idle
D300,2023-10-18 10:16:00,Idle
D300,2023-10-18 11:07:00,Idle
D300,2023-10-18 11:50:00,Idle
D300,2023-10-18 12:46:00,Offline
D301,2023-10-02 00:00:00,Online
D301,2023-10-02 00:47:00,Busy
D301,2023-10-02 02:11:00,Busy
D301,2023-10-02 03:19:00,Busy
D301,2023-10-02 03:34:00,Offline
D301,2023-10-03 01:34:00,Online
D301,2023-10-03 03:02:00,Idle
D301,2023-10-03 04:49:00,Idle
D301,2023-10-03 05:48:00,Busy
D301,2023-10-03 07:37:00,Busy
D301,2023-10-03 08:24:00,Idle
D301,2023-10-03 08:52:00,Busy
D301,2023-10-03 09:20:00,Offline
D301,2023-10-04 03:20:00,Online
D301,2023-10-04 03:45:00,Busy
D301,2023-10-04 05:31:00,Busy
D301,2023-10-04 06:50:00,Busy
D301,2023-10-04 07:23:00,Idle
D301,2023-10-04 07:38:00,Idle
D301,2023-10-04 08:11:00,Offline
D301,2023-10-04 21:11:00,Online
D301,2023-10-04 22:51:00,Busy
D301,2023-10-05 00:18:00,Idle
D301,2023-10-05 00:39:00,Idle
D301,2023-10-05 01:10:00,Busy
D301,2023-10-05 03:00:00,Busy
D301,2023-10-05 03:55:00,Offline
D301,2023-10-05 23:55:00,Online
D301,2023-10-06 01:01:00,Idle
D301,2023-10-06 01:45:00,Busy
D301,2023-10-06 03:39:00,Busy
D301,2023-10-06 05:37:00,Idle
D301,2023-10-06 07:06:00,Busy
D301,2023-10-06 08:49:00,Busy
D301,2023-10-06 10:21:00,Idle
D301,2023-10-06 11:21:00,Busy
D301,2023-10-06 13:10:00,Busy
D301,2023-10-06 14:02:00,Offline
D301,2023-10-07 06:02:00,Online
D301,2023-10-07 07:24:00,Idle
D301,2023-10-07 08:04:00,Idle
D301,2023-10-07 09:06:00,Busy
D301,2023-10-07 09:52:00,Idle
D301,2023-10-07 10:13:00,Busy
D301,2023-10-07 11:32:00,Busy
D301,2023-10-07 12:26:00,Offline
D301,2023-10-08 02:26:00,Online
D301,2023-10-08 03:50:00,Idle
D301,2023-10-08 05:11:00,Busy
D301,2023-10-08 07:06:00,Busy
D301,2023-10-08 08:37:00,Idle
D301,2023-10-08 09:03:00,Busy
D301,2023-10-08 09:45:00,Idle
D301,2023-10-08 11:38:00,Idle
D301,2023-10-08 12:58:00,Busy
D301,2023-10-08 13:24:00,Offline
D301,2023-10-09 05:24:00,Online
D301,2023-10-09 05:53:00,Idle
D301,2023-10-09 06:54:00,Busy
D301,2023-10-09 07:56:00,Busy
D301,2023-10-09 09:48:00,Busy
D301,2023-10-09 10:22:00,Idle
D301,2023-10-09 10:49:00,Busy
D301,2023-10-09 11:17:00,Idle
D301,2023-10-09 13:10:00,Busy
D301,2023-10-09 14:12:00,Busy
D301,2023-10-09 14:33:00,Offline
D301,2023-10-10 07:33:00,Online
D301,2023-10-10 08:12:00,Idle
D301,2023-10-10 08:37:00,Idle
D301,2023-10-10 10:22:00,Busy
D301,2023-10-10 12:14:00,Busy
D301,2023-10-10 12:32:00,Offline
D301,2023-10-11 01:32:00,Online
D301,2023-10-11 01:54:00,Idle
D301,2023-10-11 02:53:00,Idle
D301,2023-10-11 03:10:00,Busy
D301,2023-10-11 04:40:00,Busy
D301,2023-10-11 05:15:00,Idle
D301,2023-10-11 06:21:00,Busy
D301,2023-10-11 07:47:00,Idle
D301,2023-10-11 08:29:00,Offline
D301,2023-10-11 20:29:00,Online
D301,2023-10-11 21:32:00,Busy
D301,2023-10-11 23:02:00,Busy
D301,2023-10-12 00:00:00,Busy
D301,2023-10-12 01:23:00,Idle
D301,2023-10-12 01:36:00,Offline
D303,2023-10-05 00:00:00,Online
D303,2023-10-05 01:00:00,Idle
D303,2023-10-05 01:28:00,Busy
D303,2023-10-05 02:14:00,Idle
D303,2023-10-05 04:14:00,Idle
D303,2023-10-05 04:50:00,Idle
D303,2023-10-05 06:04:00,Idle
D303,2023-10-05 06:57:00,Busy
D303,2023-10-05 08:48:00,Idle
D303,2023-10-05 10:19:00,Busy
D303,2023-10-05 12:16:00,Idle
D303,2023-10-05 12:56:00,Offline
D303,2023-10-06 04:56:00,Online
D303,2023-10-06 06:54:00,Busy
D303,2023-10-06 07:54:00,Idle
D303,2023-10-06 08:26:00,Idle
D303,2023-10-06 09:07:00,Idle
D303,2023-10-06 10:50:00,Idle
D303,2023-10-06 11:13:00,Idle
D303,2023-10-06 11:38:00,Busy
D303,2023-10-06 12:58:00,Busy
D303,2023-10-06 14:29:00,Idle
D303,2023-10-06 15:06:00,Busy
D303,2023-10-06 15:28:00,Offline
D303,2023-10-07 12:28:00,Online
D303,2023-10-07 13:57:00,Idle
D303,2023-10-07 15:13:00,Idle
D303,2023-10-07 16:47:00,Busy
D303,2023-10-07 18:04:00,Idle
D303,2023-10-07 18:29:00,Offline
D303,2023-10-08 08:29:00,Online
D303,2023-10-08 09:57:00,Busy
D303,2023-10-08 11:31:00,Idle
D303,2023-10-08 13:22:00,Idle
D303,2023-10-08 14:46:00,Busy
D303,2023-10-08 16:42:00,Idle
D303,2023-10-08 16:58:00,Offline
D303,2023-10-09 14:58:00,Online
D303,2023-10-09 16:53:00,Busy
D303,2023-10-09 18:51:00,Busy
D303,2023-10-09 20:34:00,Busy
D303,2023-10-09 21:34:00,Busy
D303,2023-10-09 22:07:00,Idle
D303,2023-10-09 23:14:00,Busy
D303,2023-10-10 00:45:00,Busy
D303,2023-10-10 02:39:00,Idle
D303,2023-10-10 04:07:00,Busy
D303,2023-10-10 04:38:00,Offline
D303,2023-10-10 17:38:00,Online
D303,2023-10-10 18:53:00,Busy
D303,2023-10-10 19:28:00,Busy
D303,2023-10-10 20:02:00,Busy
D303,2023-10-10 20:54:00,Idle
D303,2023-10-10 21:42:00,Busy
D303,2023-10-10 22:00:00,Idle
D303,2023-10-10 22:42:00,Idle
D303,2023-10-10 23:30:00,Busy
D303,2023-10-11 00:02:00,Idle
D303,2023-10-11 00:45:00,Idle
D303,2023-10-11 01:35:00,Offline
D303,2023-10-11 21:35:00,Online
D303,2023-10-11 22:24:00,Idle
D303,2023-10-11 23:55:00,Busy
D303,2023-10-12 01:09:00,Idle
D303,2023-10-12 02:34:00,Idle
D303,2023-10-12 02:54:00,Busy
D303,2023-10-12 03:17:00,Idle
D303,2023-10-12 03:41:00,Busy
D303,2023-10-12 05:31:00,Busy
D303,2023-10-12 06:15:00,Offline
D303,2023-10-13 02:15:00,Online
D303,2023-10-13 03:41:00,Busy
D303,2023-10-13 05:41:00,Busy
D303,2023-10-13 06:21:00,Idle
D303,2023-10-13 06:38:00,Idle
D303,2023-10-13 08:10:00,Busy
D303,2023-10-13 08:48:00,Busy
D303,2023-10-13 10:22:00,Busy
D303,2023-10-13 11:50:00,Idle
D303,2023-10-13 13:07:00,Busy
D303,2023-10-13 13:39:00,Busy
D303,2023-10-13 14:04:00,Offline
D303,2023-10-14 04:04:00,Online
D303,2023-10-14 04:56:00,Idle
D303,2023-10-14 05:16:00,Idle
D303,2023-10-14 06:33:00,Idle
D303,2023-10-14 07:46:00,Idle
D303,2023-10-14 08:03:00,Offline
D303,2023-10-15 04:03:00,Online
D303,2023-10-15 04:50:00,Idle
D303,2023-10-15 05:24:00,Idle
D303,2023-10-15 06:42:00,Idle
D303,2023-10-15 07:57:00,Idle
D303,2023-10-15 09:20:00,Idle
D303,2023-10-15 11:14:00,Busy
D303,2023-10-15 11:47:00,Idle
D303,2023-10-15 12:57:00,Busy
D303,2023-10-15 13:15:00,Offline
D303,2023-10-16 12:15:00,Online
D303,2023-10-16 12:42:00,Idle
D303,2023-10-16 13:27:00,Idle
D303,2023-10-16 13:53:00,Busy
D303,2023-10-16 15:52:00,Idle
D303,2023-10-16 16:58:00,Idle
D303,2023-10-16 17:33:00,Busy
D303,2023-10-16 18:19:00,Idle
D303,2023-10-16 19:37:00,Idle
D303,2023-10-16 19:56:00,Offline
D303,2023-10-17 14:56:00,Online
D303,2023-10-17 15:43:00,Idle
D303,2023-10-17 17:35:00,Busy
D303,2023-10-17 18:35:00,Busy
D303,2023-10-17 19:21:00,Idle
D303,2023-10-17 20:42:00,Busy
D303,2023-10-17 21:26:00,Idle
D303,2023-10-17 22:14:00,Idle
D303,2023-10-18 00:10:00,Idle
D303,2023-10-18 01:06:00,Idle
D303,2023-10-18 02:53:00,Idle
D303,2023-10-18 03:38:00,Offline
D304,2023-10-05 00:00:00,Online
D304,2023-10-05 01:17:00,Busy
D304,2023-10-05 02:07:00,Busy
D304,2023-10-05 03:58:00,Idle
D304,2023-10-05 05:54:00,Busy
D304,2023-10-05 06:32:00,Busy
D304,2023-10-05 07:30:00,Busy
D304,2023-10-05 07:50:00,Offline
D304,2023-10-06 07:50:00,Online
D304,2023-10-06 09:42:00,Idle
D304,2023-10-06 11:05:00,Idle
D304,2023-10-06 12:42:00,Idle
D304,2023-10-06 13:19:00,Busy
D304,2023-10-06 15:13:00,Idle
D304,2023-10-06 16:24:00,Idle
D304,2023-10-06 17:12:00,Offline
D304,2023-10-07 16:12:00,Online
D304,2023-10-07 16:35:00,Idle
D304,2023-10-07 17:51:00,Idle
D304,2023-10-07 19:28:00,Busy
D304,2023-10-07 21:10:00,Idle
D304,2023-10-07 22:14:00,Busy
D304,2023-10-07 23:09:00,Offline
D304,2023-10-08 17:09:00,Online
D304,2023-10-08 18:16:00,Idle
D304,2023-10-08 19:04:00,Busy
D304,2023-10-08 19:58:00,Busy
D304,2023-10-08 20:26:00,Idle
D304,2023-10-08 21:13:00,Offline
D304,2023-10-09 13:13:00,Online
D304,2023-10-09 13:55:00,Idle
D304,2023-10-09 15:43:00,Idle
D304,2023-10-09 16:55:00,Busy
D304,2023-10-09 18:30:00,Idle
D304,2023-10-09 19:26:00,Idle
D304,2023-10-09 20:15:00,Idle
D304,2023-10-09 21:16:00,Idle
D304,2023-10-09 22:35:00,Idle
D304,2023-10-09 23:10:00,Offline
D304,2023-10-10 17:10:00,Online
D304,2023-10-10 17:35:00,Idle
D304,2023-10-10 18:46:00,Busy
D304,2023-10-10 19:16:00,Idle
D304,2023-10-10 20:14:00,Offline
D304,2023-10-11 18:14:00,Online
D304,2023-10-11 18:35:00,Idle
D304,2023-10-11 19:33:00,Idle
D304,2023-10-11 21:25:00,Idle
D304,2023-10-11 21:47:00,Idle
D304,2023-10-11 23:40:00,Idle
D304,2023-10-12 00:09:00,Busy
D304,2023-10-12 01:25:00,Idle
D304,2023-10-12 01:49:00,Idle
D304,2023-10-12 03:19:00,Busy
D304,2023-10-12 03:39:00,Offline
D304,2023-10-12 19:39:00,Online
D304,2023-10-12 20:26:00,Busy
D304,2023-10-12 20:48:00,Busy
D304,2023-10-12 21:16:00,Idle
D304,2023-10-12 23:00:00,Busy
D304,2023-10-13 00:31:00,Idle
D304,2023-10-13 02:10:00,Idle
D304,2023-10-13 03:13:00,Busy
D304,2023-10-13 05:11:00,Busy
D304,2023-10-13 07:06:00,Idle
D304,2023-10-13 07:36:00,Offline
D304,2023-10-14 01:36:00,Online
D304,2023-10-14 03:33:00,Busy
D304,2023-10-14 04:47:00,Idle
D304,2023-10-14 06:30:00,Busy
D304,2023-10-14 07:33:00,Busy
D304,2023-10-14 09:10:00,Idle
D304,2023-10-14 10:22:00,Idle
D304,2023-10-14 11:54:00,Busy
D304,2023-10-14 12:21:00,Idle
D304,2023-10-14 13:07:00,Offline
D304,2023-10-15 02:07:00,Online
D304,2023-10-15 02:31:00,Busy
D304,2023-10-15 03:46:00,Idle
D304,2023-10-15 05:41:00,Idle
D304,2023-10-15 07:31:00,Busy
D304,2023-10-15 08:25:00,Idle
D304,2023-10-15 09:28:00,Idle
D304,2023-10-15 11:19:00,Idle
D304,2023-10-15 12:53:00,Busy
D304,2023-10-15 13:08:00,Offline
D304,2023-10-16 09:08:00,Online
D304,2023-10-16 09:46:00,Idle
D304,2023-10-16 10:20:00,Busy
D304,2023-10-16 10:40:00,Idle
D304,2023-10-16 11:17:00,Offline
D304,2023-10-17 04:17:00,Online
D304,2023-10-17 06:06:00,Idle
D304,2023-10-17 06:53:00,Busy
D304,2023-10-17 07:55:00,Idle
D304,2023-10-17 09:05:00,Busy
D304,2023-10-17 10:58:00,Busy
D304,2023-10-17 11:58:00,Busy
D304,2023-10-17 13:55:00,Busy
D304,2023-10-17 15:46:00,Busy
D304,2023-10-17 16:34:00,Idle
D304,2023-10-17 17:19:00,Idle
D304,2023-10-17 18:01:00,Offline
D304,2023-10-18 15:01:00,Online
D304,2023-10-18 15:19:00,Idle
D304,2023-10-18 17:08:00,Busy
D304,2023-10-18 18:22:00,Busy
D304,2023-10-18 20:01:00,Idle
D304,2023-10-18 20:52:00,Offline
D305,2023-10-06 00:00:00,Online
D305,2023-10-06 00:53:00,Idle
D305,2023-10-06 01:45:00,Busy
D305,2023-10-06 02:31:00,Busy
D305,2023-10-06 04:00:00,Busy
D305,2023-10-06 06:00:00,Idle
D305,2023-10-06 07:39:00,Busy
D305,2023-10-06 08:15:00,Offline
D305,2023-10-07 03:15:00,Online
D305,2023-10-07 03:31:00,Idle
D305,2023-10-07 04:32:00,Idle
D305,2023-10-07 05:28:00,Idle
D305,2023-10-07 06:20:00,Idle
D305,2023-10-07 07:23:00,Busy
D305,2023-10-07 08:56:00,Busy
D305,2023-10-07 10:35:00,Busy
D305,2023-10-07 11:08:00,Offline
D305,2023-10-08 06:08:00,Online
D305,2023-10-08 06:50:00,Busy
D305,2023-10-08 07:43:00,Busy
D305,2023-10-08 09:41:00,Busy
D305,2023-10-08 10:07:00,Idle
D305,2023-10-08 11:59:00,Busy
D305,2023-10-08 12:27:00,Offline
D305,2023-10-09 10:27:00,Online
D305,2023-10-09 10:44:00,Idle
D305,2023-10-09 12:03:00,Idle
D305,2023-10-09 13:50:00,Idle
D305,2023-10-09 14:35:00,Offline
D305,2023-10-10 04:35:00,Online
D305,2023-10-10 05:08:00,Busy
D305,2023-10-10 06:50:00,Idle
D305,2023-10-10 07:42:00,Busy
D305,2023-10-10 08:32:00,Idle
D305,2023-10-10 10:32:00,Busy
D305,2023-10-10 12:18:00,Idle
D305,2023-10-10 13:06:00,Offline
D305,2023-10-11 02:06:00,Online
D305,2023-10-11 03:06:00,Idle
D305,2023-10-11 04:23:00,Busy
D305,2023-10-11 05:43:00,Busy
D305,2023-10-11 06:03:00,Offline
D305,2023-10-11 18:03:00,Online
D305,2023-10-11 18:59:00,Busy
D305,2023-10-11 20:03:00,Busy
D305,2023-10-11 20:34:00,Idle
D305,2023-10-11 20:54:00,Offline
D305,2023-10-12 14:54:00,Online
D305,2023-10-12 16:10:00,Busy
D305,2023-10-12 17:19:00,Idle
D305,2023-10-12 19:05:00,Busy
D305,2023-10-12 19:50:00,Busy
D305,2023-10-12 20:26:00,Idle
D305,2023-10-12 21:31:00,Idle
D305,2023-10-12 22:12:00,Idle
D305,2023-10-12 23:06:00,Busy
D305,2023-10-13 00:01:00,Idle
D305,2023-10-13 00:38:00,Offline
D306,2023-10-04 00:00:00,Online
D306,2023-10-04 00:42:00,Idle
D306,2023-10-04 01:07:00,Busy
D306,2023-10-04 02:45:00,Busy
D306,2023-10-04 03:06:00,Busy
D306,2023-10-04 04:33:00,Busy
D306,2023-10-04 05:01:00,Idle
D306,2023-10-04 06:34:00,Busy
D306,2023-10-04 06:56:00,Offline
D306,2023-10-05 03:56:00,Online
D306,2023-10-05 04:48:00,Busy
D306,2023-10-05 06:39:00,Busy
D306,2023-10-05 07:08:00,Idle
D306,2023-10-05 08:41:00,Busy
D306,2023-10-05 09:24:00,Busy
D306,2023-10-05 09:51:00,Busy
D306,2023-10-05 10:45:00,Idle
D306,2023-10-05 11:41:00,Idle
D306,2023-10-05 12:43:00,Busy
D306,2023-10-05 13:23:00,Offline
D306,2023-10-06 05:23:00,Online
D306,2023-10-06 06:55:00,Busy
D306,2023-10-06 07:41:00,Idle
D306,2023-10-06 08:53:00,Idle
D306,2023-10-06 10:23:00,Busy
D306,2023-10-06 11:16:00,Idle
D306,2023-10-06 12:00:00,Busy
D306,2023-10-06 12:31:00,Offline
D306,2023-10-07 00:31:00,Online
D306,2023-10-07 01:07:00,Idle
D306,2023-10-07 01:31:00,Idle
D306,2023-10-07 01:48:00,Idle
D306,2023-10-07 02:22:00,Offline
D306,2023-10-08 01:22:00,Online
D306,2023-10-08 03:20:00,Busy
D306,2023-10-08 03:37:00,Busy
D306,2023-10-08 04:42:00,Idle
D306,2023-10-08 06:07:00,Busy
D306,2023-10-08 07:43:00,Busy
D306,2023-10-08 09:33:00,Busy
D306,2023-10-08 10:01:00,Busy
D306,2023-10-08 10:43:00,Idle
D306,2023-10-08 11:35:00,Offline
D306,2023-10-09 02:35:00,Online
D306,2023-10-09 04:21:00,Busy
D306,2023-10-09 05:51:00,Idle
D306,2023-10-09 07:09:00,Idle
D306,2023-10-09 07:39:00,Busy
D306,2023-10-09 08:26:00,Busy
D306,2023-10-09 09:07:00,Idle
D306,2023-10-09 10:36:00,Idle
D306,2023-10-09 12:02:00,Busy
D306,2023-10-09 12:37:00,Idle
D306,2023-10-09 13:04:00,Idle
D306,2023-10-09 13:54:00,Offline
D306,2023-10-10 02:54:00,Online
D306,2023-10-10 03:49:00,Busy
D306,2023-10-10 04:08:00,Idle
D306,2023-10-10 05:12:00,Busy
D306,2023-10-10 05:40:00,Idle
D306,2023-10-10 06:56:00,Idle
D306,2023-10-10 07:50:00,Busy
D306,2023-10-10 08:42:00,Idle
D306,2023-10-10 09:10:00,Idle
D306,2023-10-10 09:29:00,Idle
D306,2023-10-10 10:02:00,Offline
D306,2023-10-11 10:02:00,Online
D306,2023-10-11 11:27:00,Busy
D306,2023-10-11 11:51:00,Busy
D306,2023-10-11 13:16:00,Idle
D306,2023-10-11 14:48:00,Idle
D306,2023-10-11 15:13:00,Busy
D306,2023-10-11 16:48:00,Idle
D306,2023-10-11 18:17:00,Busy
D306,2023-10-11 18:32:00,Offline
D306,2023-10-12 14:32:00,Online
D306,2023-10-12 16:32:00,Idle
D306,2023-10-12 18:07:00,Idle
D306,2023-10-12 18:40:00,Busy
D306,2023-10-12 19:49:00,Idle
D306,2023-10-12 20:11:00,Idle
D306,2023-10-12 21:14:00,Busy
D306,2023-10-12 21:30:00,Idle
D306,2023-10-12 23:00:00,Busy
D306,2023-10-12 23:22:00,Offline
D306,2023-10-13 16:22:00,Online
D306,2023-10-13 17:10:00,Busy
D306,2023-10-13 18:10:00,Idle
D306,2023-10-13 18:31:00,Idle
D306,2023-10-13 19:38:00,Idle
D306,2023-10-13 20:08:00,Busy
D306,2023-10-13 20:33:00,Offline
D307,2023-10-03 00:00:00,Online
D307,2023-10-03 01:18:00,Idle
D307,2023-10-03 01:40:00,Idle
D307,2023-10-03 03:13:00,Busy
D307,2023-10-03 03:46:00,Busy
D307,2023-10-03 04:49:00,Idle
D307,2023-10-03 06:49:00,Busy
D307,2023-10-03 07:15:00,Busy
D307,2023-10-03 08:37:00,Idle
D307,2023-10-03 09:02:00,Offline
D307,2023-10-04 01:02:00,Online
D307,2023-10-04 01:28:00,Idle
D307,2023-10-04 02:18:00,Busy
D307,2023-10-04 02:39:00,Busy
D307,2023-10-04 03:18:00,Idle
D307,2023-10-04 03:49:00,Busy
D307,2023-10-04 04:36:00,Busy
D307,2023-10-04 05:39:00,Idle
D307,2023-10-04 05:55:00,Busy
D307,2023-10-04 06:42:00,Busy
D307,2023-10-04 07:03:00,Offline
D307,2023-10-05 07:03:00,Online
D307,2023-10-05 08:53:00,Idle
D307,2023-10-05 10:30:00,Busy
D307,2023-10-05 11:06:00,Idle
D307,2023-10-05 12:57:00,Busy
D307,2023-10-05 14:27:00,Idle
D307,2023-10-05 14:59:00,Offline
D307,2023-10-06 12:59:00,Online
D307,2023-10-06 14:38:00,Busy
D307,2023-10-06 15:35:00,Busy
D307,2023-10-06 17:32:00,Busy
D307,2023-10-06 19:10:00,Idle
D307,2023-10-06 21:04:00,Idle
D307,2023-10-06 22:37:00,Busy
D307,2023-10-06 22:50:00,Offline
D307,2023-10-07 12:50:00,Online
D307,2023-10-07 13:39:00,Busy
D307,2023-10-07 14:36:00,Busy
D307,2023-10-07 15:50:00,Idle
D307,2023-10-07 16:20:00,Idle
D307,2023-10-07 17:41:00,Idle
D307,2023-10-07 19:06:00,Busy
D307,2023-10-07 20:20:00,Idle
D307,2023-10-07 21:50:00,Busy
D307,2023-10-07 22:30:00,Busy
D307,2023-10-07 23:10:00,Idle
D307,2023-10-08 00:10:00,Offline
D307,2023-10-08 14:10:00,Online
D307,2023-10-08 14:57:00,Busy
D307,2023-10-08 15:58:00,Busy
D307,2023-10-08 17:28:00,Idle
D307,2023-10-08 19:02:00,Busy
D307,2023-10-08 20:08:00,Busy
D307,2023-10-08 20:54:00,Offline
D307,2023-10-09 09:54:00,Online
D307,2023-10-09 10:59:00,Idle
D307,2023-10-09 12:56:00,Busy
D307,2023-10-09 14:22:00,Busy
D307,2023-10-09 15:58:00,Busy
D307,2023-10-09 17:43:00,Busy
D307,2023-10-09 19:22:00,Idle
D307,2023-10-09 20:13:00,Idle
D307,2023-10-09 21:09:00,Busy
D307,2023-10-09 23:03:00,Idle
D307,2023-10-10 00:01:00,Offline
D307,2023-10-10 16:01:00,Online
D307,2023-10-10 17:30:00,Busy
D307,2023-10-10 18:27:00,Idle
D307,2023-10-10 19:59:00,Busy
D307,2023-10-10 21:47:00,Idle
D307,2023-10-10 22:34:00,Idle
D307,2023-10-10 23:24:00,Idle
D307,2023-10-11 01:22:00,Idle
D307,2023-10-11 02:03:00,Offline
D307,2023-10-11 20:03:00,Online
D307,2023-10-11 20:18:00,Idle
D307,2023-10-11 22:00:00,Idle
D307,2023-10-11 23:19:00,Idle
D307,2023-10-12 01:14:00,Busy
D307,2023-10-12 02:30:00,Idle
D307,2023-10-12 03:02:00,Busy
D307,2023-10-12 03:36:00,Offline
D309,2023-10-03 00:00:00,Online
D309,2023-10-03 00:16:00,Busy
D309,2023-10-03 01:52:00,Busy
D309,2023-10-03 03:51:00,Busy
D309,2023-10-03 04:50:00,Busy
D309,2023-10-03 06:48:00,Idle
D309,2023-10-03 07:47:00,Busy
D309,2023-10-03 09:01:00,Busy
D309,2023-10-03 10:32:00,Busy
D309,2023-10-03 11:06:00,Offline
D309,2023-10-04 01:06:00,Online
D309,2023-10-04 01:59:00,Idle
D309,2023-10-04 03:10:00,Busy
D309,2023-10-04 04:33:00,Idle
D309,2023-10-04 06:04:00,Busy
D309,2023-10-04 06:58:00,Idle
D309,2023-10-04 07:46:00,Offline
D309,2023-10-05 01:46:00,Online
D309,2023-10-05 03:28:00,Idle
D309,2023-10-05 04:19:00,Idle
D309,2023-10-05 05:29:00,Idle
D309,2023-10-05 06:47:00,Idle
D309,2023-10-05 08:45:00,Idle
D309,2023-10-05 09:39:00,Idle
D309,2023-10-05 10:08:00,Offline
D309,2023-10-06 03:08:00,Online
D309,2023-10-06 03:38:00,Busy
D309,2023-10-06 05:18:00,Busy
D309,2023-10-06 05:54:00,Busy
D309,2023-10-06 07:08:00,Idle
D309,2023-10-06 08:09:00,Idle
D309,2023-10-06 09:31:00,Idle
D309,2023-10-06 10:40:00,Idle
D309,2023-10-06 11:52:00,Idle
D309,2023-10-06 12:54:00,Idle
D309,2023-10-06 14:03:00,Busy
D309,2023-10-06 14:34:00,Offline
D309,2023-10-07 06:34:00,Online
D309,2023-10-07 07:18:00,Idle
D309,2023-10-07 07:47:00,Idle
D309,2023-10-07 08:41:00,Idle
D309,2023-10-07 09:38:00,Idle
D309,2023-10-07 11:21:00,Idle
D309,2023-10-07 11:37:00,Idle
D309,2023-10-07 13:29:00,Busy
D309,2023-10-07 13:51:00,Idle
D309,2023-10-07 14:21:00,Idle
D309,2023-10-07 14:57:00,Offline
D309,2023-10-08 07:57:00,Online
D309,2023-10-08 08:36:00,Idle
D309,2023-10-08 09:37:00,Idle
D309,2023-10-08 11:02:00,Idle
D309,2023-10-08 12:40:00,Idle
D309,2023-10-08 13:27:00,Offline
D309,2023-10-09 11:27:00,Online
D309,2023-10-09 12:55:00,Busy
D309,2023-10-09 13:43:00,Idle
D309,2023-10-09 14:09:00,Busy
D309,2023-10-09 14:39:00,Busy
D309,2023-10-09 15:30:00,Offline
D309,2023-10-10 13:30:00,Online
D309,2023-10-10 14:34:00,Busy
D309,2023-10-10 14:52:00,Idle
D309,2023-10-10 16:40:00,Idle
D309,2023-10-10 17:07:00,Offline
D309,2023-10-11 10:07:00,Online
D309,2023-10-11 11:21:00,Idle
D309,2023-10-11 12:19:00,Idle
D309,2023-10-11 14:03:00,Idle
D309,2023-10-11 15:32:00,Idle
D309,2023-10-11 17:12:00,Busy
D309,2023-10-11 18:34:00,Idle
D309,2023-10-11 20:17:00,Busy
D309,2023-10-11 21:43:00,Idle
D309,2023-10-11 22:02:00,Busy
D309,2023-10-11 22:55:00,Idle
D309,2023-10-11 23:37:00,Offline
D309,2023-10-12 21:37:00,Online
D309,2023-10-12 22:50:00,Busy
D309,2023-10-13 00:48:00,Busy
D309,2023-10-13 02:00:00,Busy
D309,2023-10-13 02:15:00,Busy
D309,2023-10-13 02:45:00,Idle
D309,2023-10-13 03:23:00,Busy
D309,2023-10-13 04:57:00,Busy
D309,2023-10-13 05:33:00,Busy
D309,2023-10-13 05:52:00,Offline
D309,2023-10-13 18:52:00,Online
D309,2023-10-13 19:40:00,Busy
D309,2023-10-13 20:32:00,Busy
D309,2023-10-13 21:53:00,Busy
D309,2023-10-13 22:22:00,Busy
D309,2023-10-13 23:10:00,Busy
D309,2023-10-14 00:24:00,Idle
D309,2023-10-14 01:46:00,Busy
D309,2023-10-14 01:58:00,Offline
D309,2023-10-15 01:58:00,Online
D309,2023-10-15 03:17:00,Busy
D309,2023-10-15 04:12:00,Busy
D309,2023-10-15 05:02:00,Idle
D309,2023-10-15 06:02:00,Idle
D309,2023-10-15 07:44:00,Idle
D309,2023-10-15 08:24:00,Idle
D309,2023-10-15 10:15:00,Idle
D309,2023-10-15 11:38:00,Busy
D309,2023-10-15 13:18:00,Busy
D309,2023-10-15 14:03:00,Offline
D310,2023-10-01 00:00:00,Online
D310,2023-10-01 01:36:00,Busy
D310,2023-10-01 02:39:00,Busy
D310,2023-10-01 03:29:00,Idle
D310,2023-10-01 04:00:00,Idle
D310,2023-10-01 05:32:00,Idle
D310,2023-10-01 07:14:00,Busy
D310,2023-10-01 08:01:00,Offline
D310,2023-10-01 23:01:00,Online
D310,2023-10-01 23:18:00,Busy
D310,2023-10-01 23:41:00,Busy
D310,2023-10-02 00:23:00,Idle
D310,2023-10-02 01:16:00,Busy
D310,2023-10-02 02:01:00,Idle
D310,2023-10-02 03:48:00,Idle
D310,2023-10-02 05:44:00,Idle
D310,2023-10-02 06:57:00,Busy
D310,2023-10-02 07:21:00,Offline
D310,2023-10-02 21:21:00,Online
D310,2023-10-02 22:15:00,Idle
D310,2023-10-02 22:42:00,Idle
D310,2023-10-02 23:53:00,Busy
D310,2023-10-03 01:18:00,Busy
D310,2023-10-03 02:54:00,Idle
D310,2023-10-03 04:17:00,Busy
D310,2023-10-03 04:33:00,Busy
D310,2023-10-03 05:06:00,Busy
D310,2023-10-03 05:51:00,Busy
D310,2023-10-03 07:49:00,Idle
D310,2023-10-03 08:06:00,Offline
D310,2023-10-04 06:06:00,Online
D310,2023-10-04 06:50:00,Busy
D310,2023-10-04 08:36:00,Idle
D310,2023-10-04 10:33:00,Idle
D310,2023-10-04 11:31:00,Idle
D310,2023-10-04 12:58:00,Busy
D310,2023-10-04 14:16:00,Busy
D310,2023-10-04 14:41:00,Busy
D310,2023-10-04 16:04:00,Busy
D310,2023-10-04 16:41:00,Busy
D310,2023-10-04 17:24:00,Offline
D310,2023-10-05 16:24:00,Online
D310,2023-10-05 17:53:00,Busy
D310,2023-10-05 19:32:00,Idle
D310,2023-10-05 19:53:00,Idle
D310,2023-10-05 21:45:00,Idle
D310,2023-10-05 22:31:00,Idle
D310,2023-10-05 23:27:00,Idle
D310,2023-10-05 23:50:00,Busy
D310,2023-10-06 00:21:00,Idle
D310,2023-10-06 00:59:00,Idle
D310,2023-10-06 02:41:00,Idle
D310,2023-10-06 03:14:00,Offline
D310,2023-10-06 19:14:00,Online
D310,2023-10-06 20:04:00,Busy
D310,2023-10-06 20:33:00,Idle
D310,2023-10-06 21:23:00,Busy
D310,2023-10-06 21:57:00,Idle
D310,2023-10-06 22:13:00,Busy
D310,2023-10-06 23:43:00,Busy
D310,2023-10-07 00:10:00,Idle
D310,2023-10-07 01:05:00,Offline
D310,2023-10-07 23:05:00,Online
D310,2023-10-07 23:40:00,Busy
D310,2023-10-08 00:59:00,Busy
D310,2023-10-08 02:01:00,Idle
D310,2023-10-08 02:50:00,Busy
D310,2023-10-08 03:40:00,Busy
D310,2023-10-08 04:28:00,Idle
D310,2023-10-08 05:22:00,Idle
D310,2023-10-08 07:18:00,Idle
D310,2023-10-08 07:49:00,Offline
D310,2023-10-09 02:49:00,Online
D310,2023-10-09 03:31:00,Busy
D310,2023-10-09 04:17:00,Busy
D310,2023-10-09 04:59:00,Busy
D310,2023-10-09 06:40:00,Idle
D310,2023-10-09 08:06:00,Busy
D310,2023-10-09 08:36:00,Idle
D310,2023-10-09 10:17:00,Busy
D310,2023-10-09 11:08:00,Busy
D310,2023-10-09 12:06:00,Busy
D310,2023-10-09 12:25:00,Busy
D310,2023-10-09 12:45:00,Offline
D310,2023-10-10 10:45:00,Online
D310,2023-10-10 12:44:00,Busy
D310,2023-10-10 13:34:00,Busy
D310,2023-10-10 15:06:00,Busy
D310,2023-10-10 15:52:00,Busy
D310,2023-10-10 16:29:00,Busy
D310,2023-10-10 17:25:00,Idle
D310,2023-10-10 18:37:00,Busy
D310,2023-10-10 19:06:00,Offline
D310,2023-10-11 09:06:00,Online
D310,2023-10-11 10:31:00,Idle
D310,2023-10-11 10:46:00,Idle
D310,2023-10-11 12:29:00,Idle
D310,2023-10-11 12:53:00,Idle
D310,2023-10-11 13:41:00,Offline
D310,2023-10-12 06:41:00,Online
D310,2023-10-12 08:13:00,Busy
D310,2023-10-12 09:37:00,Idle
D310,2023-10-12 10:29:00,Idle
D310,2023-10-12 11:12:00,Idle
D310,2023-10-12 12:46:00,Busy
D310,2023-10-12 13:32:00,Idle
D310,2023-10-12 14:28:00,Idle
D310,2023-10-12 15:28:00,Offline
D310,2023-10-13 14:28:00,Online
D310,2023-10-13 15:01:00,Idle
D310,2023-10-13 16:55:00,Busy
D310,2023-10-13 17:35:00,Idle
D310,2023-10-13 19:27:00,Busy
D310,2023-10-13 21:10:00,Busy
D310,2023-10-13 21:36:00,Idle
D310,2023-10-13 22:36:00,Idle
D310,2023-10-13 22:56:00,Offline
D311,2023-10-02 00:00:00,Online
D311,2023-10-02 01:51:00,Idle
D311,2023-10-02 02:20:00,Busy
D311,2023-10-02 03:44:00,Busy
D311,2023-10-02 04:26:00,Offline
D311,2023-10-02 23:26:00,Online
D311,2023-10-03 01:14:00,Idle
D311,2023-10-03 02:51:00,Busy
D311,2023-10-03 04:46:00,Busy
D311,2023-10-03 05:44:00,Busy
D311,2023-10-03 07:05:00,Idle
D311,2023-10-03 08:03:00,Busy
D311,2023-10-03 08:40:00,Busy
D311,2023-10-03 09:11:00,Idle
D311,2023-10-03 10:11:00,Idle
D311,2023-10-03 10:56:00,Offline
D311,2023-10-04 07:56:00,Online
D311,2023-10-04 08:34:00,Idle
D311,2023-10-04 10:04:00,Idle
D311,2023-10-04 11:09:00,Idle
D311,2023-10-04 11:46:00,Busy
D311,2023-10-04 12:03:00,Idle
D311,2023-10-04 12:47:00,Offline
D311,2023-10-05 03:47:00,Online
D311,2023-10-05 04:11:00,Busy
D311,2023-10-05 05:45:00,Idle
D311,2023-10-05 06:05:00,Busy
D311,2023-10-05 08:00:00,Busy
D311,2023-10-05 09:10:00,Busy
D311,2023-10-05 09:20:00,Offline
D311,2023-10-06 02:20:00,Online
D311,2023-10-06 03:29:00,Idle
D311,2023-10-06 05:25:00,Idle
D311,2023-10-06 06:16:00,Idle
D311,2023-10-06 06:46:00,Offline
D311,2023-10-06 20:46:00,Online
D311,2023-10-06 21:51:00,Busy
D311,2023-10-06 22:17:00,Idle
D311,2023-10-06 23:23:00,Busy
D311,2023-10-06 23:48:00,Idle
D311,2023-10-07 00:29:00,Idle
D311,2023-10-07 01:11:00,Busy
D311,2023-10-07 01:31:00,Idle
D311,2023-10-07 02:24:00,Busy
D311,2023-10-07 03:02:00,Offline
D311,2023-10-07 15:02:00,Online
D311,2023-10-07 16:08:00,Busy
D311,2023-10-07 16:43:00,Idle
D311,2023-10-07 17:28:00,Idle
D311,2023-10-07 18:44:00,Busy
D311,2023-10-07 19:37:00,Offline
D311,2023-10-08 11:37:00,Online
D311,2023-10-08 13:06:00,Busy
D311,2023-10-08 13:45:00,Busy
D311,2023-10-08 15:18:00,Busy
D311,2023-10-08 16:04:00,Idle
D311,2023-10-08 18:00:00,Idle
D311,2023-10-08 19:24:00,Idle
D311,2023-10-08 20:59:00,Busy
D311,2023-10-08 22:23:00,Busy
D311,2023-10-09 00:07:00,Busy
D311,2023-10-09 01:00:00,Offline
D311,2023-10-09 20:00:00,Online
D311,2023-10-09 21:04:00,Idle
D311,2023-10-09 21:38:00,Busy
D311,2023-10-09 23:21:00,Idle
D311,2023-10-10 01:02:00,Idle
D311,2023-10-10 01:22:00,Busy
D311,2023-10-10 03:20:00,Busy
D311,2023-10-10 04:34:00,Busy
D311,2023-10-10 06:16:00,Busy
D311,2023-10-10 07:05:00,Idle
D311,2023-10-10 07:42:00,Offline
D311,2023-10-10 22:42:00,Online
D311,2023-10-11 00:02:00,Busy
D311,2023-10-11 00:31:00,Busy
D311,2023-10-11 02:12:00,Idle
D311,2023-10-11 03:12:00,Busy
D311,2023-10-11 04:08:00,Idle
D311,2023-10-11 05:53:00,Idle
D311,2023-10-11 06:05:00,Offline
D311,2023-10-11 20:05:00,Online
D311,2023-10-11 22:02:00,Idle
D311,2023-10-11 23:14:00,Idle
D311,2023-10-12 00:35:00,Idle
D311,2023-10-12 01:27:00,Offline
D311,2023-10-12 18:27:00,Online
D311,2023-10-12 20:12:00,Idle
D311,2023-10-12 21:54:00,Busy
D311,2023-10-12 23:26:00,Busy
D311,2023-10-13 00:22:00,Offline
D311,2023-10-13 17:22:00,Online
D311,2023-10-13 18:31:00,Idle
D311,2023-10-13 19:42:00,Idle
D311,2023-10-13 19:58:00,Busy
D311,2023-10-13 21:39:00,Busy
D311,2023-10-13 21:56:00,Busy
D311,2023-10-13 22:55:00,Offline
D311,2023-10-14 12:55:00,Online
D311,2023-10-14 14:29:00,Busy
D311,2023-10-14 15:07:00,Busy
D311,2023-10-14 15:53:00,Busy
D311,2023-10-14 16:43:00,Busy
D311,2023-10-14 18:42:00,Idle
D311,2023-10-14 20:17:00,Idle
D311,2023-10-14 21:15:00,Idle
D311,2023-10-14 21:51:00,Idle
D311,2023-10-14 23:41:00,Idle
D311,2023-10-15 00:16:00,Offline
D312,2023-10-03 00:00:00,Online
D312,2023-10-03 00:31:00,Busy
D312,2023-10-03 02:09:00,Idle
D312,2023-10-03 03:54:00,Idle
D312,2023-10-03 05:23:00,Idle
D312,2023-10-03 06:19:00,Busy
D312,2023-10-03 06:44:00,Busy
D312,2023-10-03 07:00:00,Busy
D312,2023-10-03 07:56:00,Idle
D312,2023-10-03 08:11:00,Offline
D312,2023-10-04 07:11:00,Online
D312,2023-10-04 09:00:00,Busy
D312,2023-10-04 10:08:00,Idle
D312,2023-10-04 11:13:00,Idle
D312,2023-10-04 12:53:00,Idle
D312,2023-10-04 13:38:00,Busy
D312,2023-10-04 15:33:00,Idle
D312,2023-10-04 15:53:00,Offline
D312,2023-10-05 09:53:00,Online
D312,2023-10-05 10:52:00,Busy
D312,2023-10-05 12:43:00,Idle
D312,2023-10-05 14:18:00,Busy
D312,2023-10-05 15:51:00,Idle
D312,2023-10-05 16:25:00,Busy
D312,2023-10-05 17:12:00,Idle
D312,2023-10-05 19:05:00,Idle
D312,2023-10-05 20:14:00,Busy
D312,2023-10-05 21:10:00,Busy
D312,2023-10-05 21:28:00,Offline
D312,2023-10-06 21:28:00,Online
D312,2023-10-06 22:38:00,Busy
D312,2023-10-06 23:41:00,Idle
D312,2023-10-07 00:39:00,Idle
D312,2023-10-07 00:59:00,Idle
D312,2023-10-07 01:19:00,Idle
D312,2023-10-07 01:36:00,Idle
D312,2023-10-07 02:21:00,Busy
D312,2023-10-07 03:15:00,Offline
D312,2023-10-08 03:15:00,Online
D312,2023-10-08 05:02:00,Busy
D312,2023-10-08 06:28:00,Busy
D312,2023-10-08 07:02:00,Idle
D312,2023-10-08 07:22:00,Idle
D312,2023-10-08 08:56:00,Idle
D312,2023-10-08 09:49:00,Offline
D312,2023-10-09 09:49:00,Online
D312,2023-10-09 11:20:00,Idle
D312,2023-10-09 12:14:00,Busy
D312,2023-10-09 13:04:00,Busy
D312,2023-10-09 13:16:00,Offline
D313,2023-10-03 00:00:00,Online
D313,2023-10-03 01:01:00,Busy
D313,2023-10-03 02:40:00,Idle
D313,2023-10-03 04:02:00,Idle
D313,2023-10-03 05:52:00,Idle
D313,2023-10-03 07:19:00,Busy
D313,2023-10-03 08:50:00,Busy
D313,2023-10-03 10:06:00,Busy
D313,2023-10-03 10:21:00,Offline
D313,2023-10-04 08:21:00,Online
D313,2023-10-04 09:35:00,Idle
D313,2023-10-04 10:27:00,Busy
D313,2023-10-04 12:22:00,Idle
D313,2023-10-04 13:01:00,Busy
D313,2023-10-04 13:35:00,Idle
D313,2023-10-04 14:13:00,Busy
D313,2023-10-04 14:29:00,Offline
D313,2023-10-05 09:29:00,Online
D313,2023-10-05 11:07:00,Busy
D313,2023-10-05 11:22:00,Idle
D313,2023-10-05 13:02:00,Busy
D313,2023-10-05 14:12:00,Busy
D313,2023-10-05 14:55:00,Offline
D313,2023-10-06 09:55:00,Online
D313,2023-10-06 11:13:00,Idle
D313,2023-10-06 13:10:00,Busy
D313,2023-10-06 14:49:00,Busy
D313,2023-10-06 15:38:00,Idle
D313,2023-10-06 17:20:00,Idle
D313,2023-10-06 17:42:00,Idle
D313,2023-10-06 18:28:00,Idle
D313,2023-10-06 19:55:00,Idle
D313,2023-10-06 20:42:00,Busy
D313,2023-10-06 22:17:00,Idle
D313,2023-10-06 22:44:00,Offline
D313,2023-10-07 20:44:00,Online
D313,2023-10-07 22:39:00,Busy
D313,2023-10-08 00:13:00,Idle
D313,2023-10-08 00:48:00,Idle
D313,2023-10-08 01:12:00,Offline
D313,2023-10-08 22:12:00,Online
D313,2023-10-08 23:31:00,Busy
D313,2023-10-08 23:56:00,Idle
D313,2023-10-09 01:56:00,Idle
D313,2023-10-09 03:46:00,Idle
D313,2023-10-09 05:25:00,Busy
D313,2023-10-09 05:46:00,Idle
D313,2023-10-09 07:27:00,Idle
D313,2023-10-09 07:41:00,Offline
D313,2023-10-10 07:41:00,Online
D313,2023-10-10 08:35:00,Busy
D313,2023-10-10 09:04:00,Idle
D313,2023-10-10 09:42:00,Idle
D313,2023-10-10 10:10:00,Busy
D313,2023-10-10 11:53:00,Idle
D313,2023-10-10 13:20:00,Idle
D313,2023-10-10 14:38:00,Busy
D313,2023-10-10 15:37:00,Busy
D313,2023-10-10 16:19:00,Idle
D313,2023-10-10 16:55:00,Offline
D313,2023-10-11 06:55:00,Online
D313,2023-10-11 08:28:00,Busy
D313,2023-10-11 09:09:00,Busy
D313,2023-10-11 09:53:00,Idle
D313,2023-10-11 10:53:00,Offline
D313,2023-10-12 05:53:00,Online
D313,2023-10-12 06:36:00,Busy
D313,2023-10-12 08:28:00,Idle
D313,2023-10-12 09:15:00,Idle
D313,2023-10-12 11:06:00,Busy
D313,2023-10-12 13:00:00,Busy
D313,2023-10-12 13:46:00,Offline
D314,2023-10-02 00:00:00,Online
D314,2023-10-02 01:19:00,Idle
D314,2023-10-02 02:07:00,Idle
D314,2023-10-02 03:04:00,Idle
D314,2023-10-02 04:01:00,Busy
D314,2023-10-02 05:31:00,Busy
D314,2023-10-02 06:32:00,Idle
D314,2023-10-02 08:17:00,Busy
D314,2023-10-02 08:51:00,Offline
D314,2023-10-03 02:51:00,Online
D314,2023-10-03 04:26:00,Busy
D314,2023-10-03 05:33:00,Busy
D314,2023-10-03 06:18:00,Busy
D314,2023-10-03 07:10:00,Busy
D314,2023-10-03 08:19:00,Busy
D314,2023-10-03 09:18:00,Offline
D314,2023-10-04 07:18:00,Online
D314,2023-10-04 09:17:00,Idle
D314,2023-10-04 09:53:00,Idle
D314,2023-10-04 10:59:00,Busy
D314,2023-10-04 12:52:00,Busy
D314,2023-10-04 13:49:00,Busy
D314,2023-10-04 15:15:00,Idle
D314,2023-10-04 17:03:00,Idle
D314,2023-10-04 17:59:00,Offline
D314,2023-10-05 14:59:00,Online
D314,2023-10-05 15:46:00,Busy
D314,2023-10-05 17:20:00,Busy
D314,2023-10-05 17:39:00,Idle
D314,2023-10-05 19:20:00,Idle
D314,2023-10-05 21:15:00,Idle
D314,2023-10-05 23:07:00,Busy
D314,2023-10-05 23:42:00,Busy
D314,2023-10-06 00:07:00,Offline
D314,2023-10-06 17:07:00,Online
D314,2023-10-06 18:13:00,Busy
D314,2023-10-06 19:05:00,Busy
D314,2023-10-06 20:19:00,Busy
D314,2023-10-06 21:30:00,Idle
D314,2023-10-06 23:01:00,Busy
D314,2023-10-07 00:03:00,Busy
D314,2023-10-07 00:21:00,Offline
D314,2023-10-08 00:21:00,Online
D314,2023-10-08 01:04:00,Busy
D314,2023-10-08 02:25:00,Idle
D314,2023-10-08 03:03:00,Busy
D314,2023-10-08 04:11:00,Idle
D314,2023-10-08 05:54:00,Idle
D314,2023-10-08 06:54:00,Idle
D314,2023-10-08 07:40:00,Offline
D314,2023-10-09 00:40:00,Online
D314,2023-10-09 01:05:00,Busy
D314,2023-10-09 02:21:00,Busy
D314,2023-10-09 02:39:00,Busy
D314,2023-10-09 03:19:00,Offline
D314,2023-10-09 19:19:00,Online
D314,2023-10-09 21:18:00,Busy
D314,2023-10-09 23:06:00,Idle
D314,2023-10-10 00:52:00,Busy
D314,2023-10-10 02:23:00,Busy
D314,2023-10-10 04:10:00,Idle
D314,2023-10-10 05:29:00,Idle
D314,2023-10-10 05:45:00,Offline
D314,2023-10-10 18:45:00,Online
D314,2023-10-10 19:12:00,Busy
D314,2023-10-10 19:32:00,Idle
D314,2023-10-10 21:13:00,Idle
D314,2023-10-10 22:28:00,Busy
D314,2023-10-11 00:03:00,Busy
D314,2023-10-11 01:45:00,Busy
D314,2023-10-11 01:55:00,Offline
D314,2023-10-11 16:55:00,Online
D314,2023-10-11 18:48:00,Idle
D314,2023-10-11 20:22:00,Idle
D314,2023-10-11 21:04:00,Idle
D314,2023-10-11 22:04:00,Idle
D314,2023-10-11 22:36:00,Busy
D314,2023-10-11 23:15:00,Busy
D314,2023-10-11 23:31:00,Busy
D314,2023-10-12 01:08:00,Idle
D314,2023-10-12 01:42:00,Offline
D314,2023-10-13 01:42:00,Online
D314,2023-10-13 02:46:00,Busy
D314,2023-10-13 03:25:00,Busy
D314,2023-10-13 04:51:00,Busy
D314,2023-10-13 05:22:00,Offline
D314,2023-10-13 17:22:00,Online
D314,2023-10-13 18:05:00,Idle
D314,2023-10-13 19:11:00,Busy
D314,2023-10-13 20:36:00,Idle
D314,2023-10-13 21:31:00,Idle
D314,2023-10-13 22:21:00,Idle
D314,2023-10-14 00:21:00,Idle
D314,2023-10-14 01:44:00,Idle
D314,2023-10-14 03:41:00,Busy
D314,2023-10-14 04:29:00,Idle
D314,2023-10-14 06:03:00,Busy
D314,2023-10-14 06:59:00,Offline
D314,2023-10-15 00:59:00,Online
D314,2023-10-15 02:29:00,Idle
D314,2023-10-15 03:05:00,Busy
D314,2023-10-15 03:21:00,Idle
D314,2023-10-15 04:13:00,Idle
D314,2023-10-15 04:56:00,Busy
D314,2023-10-15 05:08:00,Offline
D316,2023-10-03 00:00:00,Online
D316,2023-10-03 01:02:00,Busy
D316,2023-10-03 02:29:00,Busy
D316,2023-10-03 03:32:00,Idle
D316,2023-10-03 04:10:00,Idle
D316,2023-10-03 05:32:00,Busy
D316,2023-10-03 06:11:00,Busy
D316,2023-10-03 08:10:00,Idle
D316,2023-10-03 10:00:00,Busy
D316,2023-10-03 10:46:00,Busy
D316,2023-10-03 11:45:00,Offline
D316,2023-10-04 02:45:00,Online
D316,2023-10-04 04:42:00,Busy
D316,2023-10-04 06:15:00,Busy
D316,2023-10-04 07:46:00,Busy
D316,2023-10-04 08:37:00,Idle
D316,2023-10-04 10:36:00,Idle
D316,2023-10-04 12:18:00,Busy
D316,2023-10-04 13:33:00,Busy
D316,2023-10-04 14:22:00,Offline
D316,2023-10-05 13:22:00,Online
D316,2023-10-05 14:28:00,Idle
D316,2023-10-05 15:25:00,Idle
D316,2023-10-05 17:15:00,Busy
D316,2023-10-05 17:56:00,Busy
D316,2023-10-05 18:38:00,Idle
D316,2023-10-05 19:30:00,Busy
D316,2023-10-05 19:52:00,Busy
D316,2023-10-05 21:37:00,Idle
D316,2023-10-05 22:03:00,Busy
D316,2023-10-05 22:49:00,Idle
D316,2023-10-05 23:28:00,Offline
D316,2023-10-06 14:28:00,Online
D316,2023-10-06 15:53:00,Busy
D316,2023-10-06 17:37:00,Busy
D316,2023-10-06 19:28:00,Busy
D316,2023-10-06 19:50:00,Idle
D316,2023-10-06 21:50:00,Busy
D316,2023-10-06 23:07:00,Idle
D316,2023-10-07 00:42:00,Busy
D316,2023-10-07 01:14:00,Idle
D316,2023-10-07 01:48:00,Busy
D316,2023-10-07 03:14:00,Busy
D316,2023-10-07 03:59:00,Offline
D316,2023-10-07 21:59:00,Online
D316,2023-10-07 23:18:00,Idle
D316,2023-10-08 00:05:00,Idle
D316,2023-10-08 01:06:00,Idle
D316,2023-10-08 01:35:00,Busy
D316,2023-10-08 02:25:00,Offline
D317,2023-10-02 00:00:00,Online
D317,2023-10-02 00:44:00,Idle
D317,2023-10-02 02:27:00,Idle
D317,2023-10-02 04:12:00,Idle
D317,2023-10-02 05:47:00,Busy
D317,2023-10-02 06:33:00,Idle
D317,2023-10-02 07:21:00,Idle
D317,2023-10-02 08:25:00,Busy
D317,2023-10-02 09:28:00,Idle
D317,2023-10-02 10:27:00,Busy
D317,2023-10-02 11:09:00,Busy
D317,2023-10-02 11:52:00,Offline
D317,2023-10-03 11:52:00,Online
D317,2023-10-03 12:45:00,Idle
D317,2023-10-03 14:16:00,Busy
D317,2023-10-03 14:45:00,Idle
D317,2023-10-03 16:33:00,Busy
D317,2023-10-03 17:10:00,Idle
D317,2023-10-03 17:30:00,Offline
D317,2023-10-04 14:30:00,Online
D317,2023-10-04 15:53:00,Busy
D317,2023-10-04 17:27:00,Idle
D317,2023-10-04 18:34:00,Busy
D317,2023-10-04 18:57:00,Idle
D317,2023-10-04 20:09:00,Idle
D317,2023-10-04 21:50:00,Idle
D317,2023-10-04 23:26:00,Idle
D317,2023-10-05 01:11:00,Busy
D317,2023-10-05 01:43:00,Offline
D317,2023-10-05 20:43:00,Online
D317,2023-10-05 22:30:00,Idle
D317,2023-10-05 22:56:00,Idle
D317,2023-10-06 00:14:00,Busy
D317,2023-10-06 00:34:00,Idle
D317,2023-10-06 00:53:00,Busy
D317,2023-10-06 02:44:00,Busy
D317,2023-10-06 02:57:00,Offline
D317,2023-10-07 02:57:00,Online
D317,2023-10-07 03:15:00,Idle
D317,2023-10-07 04:33:00,Busy
D317,2023-10-07 05:30:00,Idle
D317,2023-10-07 06:30:00,Idle
D317,2023-10-07 07:04:00,Busy
D317,2023-10-07 07:18:00,Offline
D321,2023-10-01 00:00:00,Online
D321,2023-10-01 01:48:00,Idle
D321,2023-10-01 03:10:00,Busy
D321,2023-10-01 04:32:00,Idle
D321,2023-10-01 05:00:00,Idle
D321,2023-10-01 06:06:00,Idle
D321,2023-10-01 07:00:00,Idle
D321,2023-10-01 08:35:00,Busy
D321,2023-10-01 09:08:00,Busy
D321,2023-10-01 09:49:00,Idle
D321,2023-10-01 10:46:00,Offline
D321,2023-10-02 06:46:00,Online
D321,2023-10-02 08:35:00,Idle
D321,2023-10-02 09:41:00,Busy
D321,2023-10-02 11:41:00,Idle
D321,2023-10-02 13:26:00,Busy
D321,2023-10-02 14:18:00,Idle
D321,2023-10-02 15:05:00,Offline
D321,2023-10-03 10:05:00,Online
D321,2023-10-03 11:42:00,Busy
D321,2023-10-03 11:58:00,Idle
D321,2023-10-03 13:38:00,Idle
D321,2023-10-03 14:06:00,Idle
D321,2023-10-03 15:38:00,Idle
D321,2023-10-03 16:36:00,Idle
D321,2023-10-03 17:31:00,Busy
D321,2023-10-03 18:02:00,Idle
D321,2023-10-03 19:13:00,Busy
D321,2023-10-03 19:54:00,Offline
D321,2023-10-04 07:54:00,Online
D321,2023-10-04 09:27:00,Busy
D321,2023-10-04 10:02:00,Busy
D321,2023-10-04 11:58:00,Idle
D321,2023-10-04 12:19:00,Idle
D321,2023-10-04 12:59:00,Offline
D321,2023-10-05 06:59:00,Online
D321,2023-10-05 08:50:00,Busy
D321,2023-10-05 09:06:00,Busy
D321,2023-10-05 10:48:00,Idle
D321,2023-10-05 12:33:00,Idle
D321,2023-10-05 13:31:00,Idle
D321,2023-10-05 15:20:00,Idle
D321,2023-10-05 16:04:00,Busy
D321,2023-10-05 16:22:00,Busy
D321,2023-10-05 17:16:00,Offline
D321,2023-10-06 15:16:00,Online
D321,2023-10-06 17:12:00,Busy
D321,2023-10-06 17:29:00,Idle
D321,2023-10-06 17:49:00,Idle
D321,2023-10-06 19:49:00,Idle
D321,2023-10-06 21:42:00,Idle
D321,2023-10-06 22:00:00,Busy
D321,2023-10-06 23:43:00,Idle
D321,2023-10-07 01:18:00,Busy
D321,2023-10-07 02:16:00,Busy
D321,2023-10-07 04:04:00,Busy
D321,2023-10-07 04:56:00,Offline
D321,2023-10-08 03:56:00,Online
D321,2023-10-08 05:23:00,Idle
D321,2023-10-08 06:46:00,Busy
D321,2023-10-08 08:10:00,Idle
D321,2023-10-08 08:42:00,Offline
D321,2023-10-09 08:42:00,Online
D321,2023-10-09 09:04:00,Busy
D321,2023-10-09 09:26:00,Busy
D321,2023-10-09 09:49:00,Idle
D321,2023-10-09 10:26:00,Idle
D321,2023-10-09 11:36:00,Busy
D321,2023-10-09 13:21:00,Idle
D321,2023-10-09 14:13:00,Idle
D321,2023-10-09 15:17:00,Idle
D321,2023-10-09 16:53:00,Busy
D321,2023-10-09 18:00:00,Busy
D321,2023-10-09 18:52:00,Offline
D321,2023-10-10 08:52:00,Online
D321,2023-10-10 10:52:00,Idle
D321,2023-10-10 12:11:00,Idle
D321,2023-10-10 14:05:00,Idle
D321,2023-10-10 15:57:00,Busy
D321,2023-10-10 16:19:00,Offline
D321,2023-10-11 13:19:00,Online
D321,2023-10-11 14:06:00,Busy
D321,2023-10-11 15:05:00,Idle
D321,2023-10-11 15:34:00,Busy
D321,2023-10-11 17:28:00,Busy
D321,2023-10-11 18:13:00,Idle
D321,2023-10-11 18:32:00,Idle
D321,2023-10-11 19:45:00,Busy
D321,2023-10-11 20:26:00,Offline
D321,2023-10-12 15:26:00,Online
D321,2023-10-12 16:45:00,Busy
D321,2023-10-12 17:30:00,Idle
D321,2023-10-12 18:08:00,Busy
D321,2023-10-12 19:07:00,Busy
D321,2023-10-12 20:39:00,Idle
D321,2023-10-12 21:32:00,Idle
D321,2023-10-12 22:52:00,Busy
D321,2023-10-12 23:05:00,Offline
D322,2023-10-03 00:00:00,Online
D322,2023-10-03 00:32:00,Idle
D322,2023-10-03 02:20:00,Idle
D322,2023-10-03 03:16:00,Idle
D322,2023-10-03 04:29:00,Busy
D322,2023-10-03 06:03:00,Idle
D322,2023-10-03 07:26:00,Idle
D322,2023-10-03 08:42:00,Idle
D322,2023-10-03 10:05:00,Idle
D322,2023-10-03 11:11:00,Idle
D322,2023-10-03 11:31:00,Offline
D322,2023-10-03 23:31:00,Online
D322,2023-10-04 01:26:00,Busy
D322,2023-10-04 02:34:00,Idle
D322,2023-10-04 03:32:00,Busy
D322,2023-10-04 03:48:00,Busy
D322,2023-10-04 04:44:00,Busy
D322,2023-10-04 05:30:00,Offline
D322,2023-10-04 22:30:00,Online
D322,2023-10-05 00:29:00,Busy
D322,2023-10-05 02:26:00,Idle
D322,2023-10-05 03:43:00,Idle
D322,2023-10-05 05:12:00,Busy
D322,2023-10-05 06:40:00,Busy
D322,2023-10-05 07:35:00,Offline
D322,2023-10-06 03:35:00,Online
D322,2023-10-06 04:59:00,Idle
D322,2023-10-06 06:07:00,Busy
D322,2023-10-06 07:08:00,Busy
D322,2023-10-06 07:53:00,Busy
D322,2023-10-06 08:20:00,Busy
D322,2023-10-06 09:33:00,Idle
D322,2023-10-06 10:10:00,Busy
D322,2023-10-06 10:52:00,Idle
D322,2023-10-06 11:51:00,Busy
D322,2023-10-06 12:43:00,Offline
D322,2023-10-07 05:43:00,Online
D322,2023-10-07 06:47:00,Idle
D322,2023-10-07 07:29:00,Idle
D322,2023-10-07 08:36:00,Busy
D322,2023-10-07 09:26:00,Idle
D322,2023-10-07 10:22:00,Idle
D322,2023-10-07 10:39:00,Idle
D322,2023-10-07 12:25:00,Busy
D322,2023-10-07 12:45:00,Offline
D322,2023-10-08 12:45:00,Online
D322,2023-10-08 14:41:00,Idle
D322,2023-10-08 16:24:00,Busy
D322,2023-10-08 17:46:00,Idle
D322,2023-10-08 19:37:00,Idle
D322,2023-10-08 21:05:00,Idle
D322,2023-10-08 22:04:00,Busy
D322,2023-10-08 23:13:00,Idle
D322,2023-10-08 23:26:00,Offline
D322,2023-10-09 16:26:00,Online
D322,2023-10-09 17:13:00,Idle
D322,2023-10-09 18:26:00,Idle
D322,2023-10-09 20:14:00,Busy
D322,2023-10-09 20:47:00,Idle
D322,2023-10-09 22:15:00,Idle
D322,2023-10-09 23:00:00,Busy
D322,2023-10-09 23:58:00,Busy
D322,2023-10-10 00:59:00,Idle
D322,2023-10-10 01:19:00,Idle
D322,2023-10-10 02:12:00,Offline
D322,2023-10-10 17:12:00,Online
D322,2023-10-10 18:00:00,Idle
D322,2023-10-10 19:18:00,Busy
D322,2023-10-10 20:37:00,Busy
D322,2023-10-10 21:42:00,Idle
D322,2023-10-10 23:01:00,Busy
D322,2023-10-11 01:00:00,Idle
D322,2023-10-11 02:22:00,Idle
D322,2023-10-11 03:47:00,Idle
D322,2023-10-11 05:37:00,Idle
D322,2023-10-11 06:03:00,Offline
D322,2023-10-11 23:03:00,Online
D322,2023-10-11 23:36:00,Busy
D322,2023-10-12 00:14:00,Busy
D322,2023-10-12 01:59:00,Idle
D322,2023-10-12 03:39:00,Idle
D322,2023-10-12 04:02:00,Busy
D322,2023-10-12 04:20:00,Idle
D322,2023-10-12 06:09:00,Busy
D322,2023-10-12 06:48:00,Idle
D322,2023-10-12 07:28:00,Idle
D322,2023-10-12 08:04:00,Offline
D322,2023-10-13 00:04:00,Online
D322,2023-10-13 00:39:00,Busy
D322,2023-10-13 01:04:00,Idle
D322,2023-10-13 02:39:00,Busy
D322,2023-10-13 03:27:00,Offline
D322,2023-10-13 23:27:00,Online
D322,2023-10-14 00:45:00,Busy
D322,2023-10-14 01:26:00,Idle
D322,2023-10-14 02:29:00,Busy
D322,2023-10-14 03:04:00,Busy
D322,2023-10-14 03:30:00,Busy
D322,2023-10-14 04:48:00,Idle
D322,2023-10-14 06:13:00,Busy
D322,2023-10-14 07:29:00,Idle
D322,2023-10-14 08:26:00,Offline
D322,2023-10-14 23:26:00,Online
D322,2023-10-15 01:23:00,Idle
D322,2023-10-15 02:30:00,Busy
D322,2023-10-15 04:18:00,Idle
D322,2023-10-15 06:14:00,Busy
D322,2023-10-15 06:30:00,Offline
D322,2023-10-16 06:30:00,Online
D322,2023-10-16 07:45:00,Busy
D322,2023-10-16 08:39:00,Idle
D322,2023-10-16 10:29:00,Busy
D322,2023-10-16 10:55:00,Busy
D322,2023-10-16 11:32:00,Busy
D322,2023-10-16 12:32:00,Busy
D322,2023-10-16 13:21:00,Idle
D322,2023-10-16 14:03:00,Offline
D322,2023-10-17 03:03:00,Online
D322,2023-10-17 04:17:00,Busy
D322,2023-10-17 05:09:00,Idle
D322,2023-10-17 06:43:00,Idle
D322,2023-10-17 08:00:00,Busy
D322,2023-10-17 08:55:00,Offline
D322,2023-10-17 21:55:00,Online
D322,2023-10-17 23:02:00,Busy
D322,2023-10-17 23:26:00,Busy
D322,2023-10-17 23:48:00,Idle
D322,2023-10-18 00:12:00,Busy
D322,2023-10-18 01:05:00,Idle
D322,2023-10-18 01:51:00,Idle
D322,2023-10-18 02:07:00,Idle
D322,2023-10-18 03:48:00,Busy
D322,2023-10-18 04:57:00,Idle
D322,2023-10-18 06:03:00,Busy
D322,2023-10-18 06:34:00,Offline
D323,2023-10-01 00:00:00,Online
D323,2023-10-01 00:29:00,Idle
D323,2023-10-01 00:45:00,Idle
D323,2023-10-01 01:50:00,Busy
D323,2023-10-01 03:00:00,Idle
D323,2023-10-01 04:24:00,Idle
D323,2023-10-01 05:38:00,Busy
D323,2023-10-01 06:56:00,Idle
D323,2023-10-01 08:05:00,Idle
D323,2023-10-01 08:51:00,Offline
D323,2023-10-02 01:51:00,Online
D323,2023-10-02 03:11:00,Idle
D323,2023-10-02 03:56:00,Busy
D323,2023-10-02 04:21:00,Idle
D323,2023-10-02 05:03:00,Offline
D323,2023-10-03 05:03:00,Online
D323,2023-10-03 06:12:00,Idle
D323,2023-10-03 07:15:00,Idle
D323,2023-10-03 08:56:00,Idle
D323,2023-10-03 09:43:00,Idle
D323,2023-10-03 09:57:00,Offline
D323,2023-10-04 09:57:00,Online
D323,2023-10-04 11:36:00,Idle
D323,2023-10-04 13:00:00,Busy
D323,2023-10-04 14:30:00,Idle
D323,2023-10-04 15:55:00,Idle
D323,2023-10-04 16:54:00,Idle
D323,2023-10-04 17:54:00,Offline
D323,2023-10-05 15:54:00,Online
D323,2023-10-05 17:23:00,Busy
D323,2023-10-05 18:21:00,Idle
D323,2023-10-05 19:41:00,Idle
D323,2023-10-05 21:39:00,Idle
D323,2023-10-05 21:51:00,Offline
D323,2023-10-06 15:51:00,Online
D323,2023-10-06 16:36:00,Idle
D323,2023-10-06 18:17:00,Idle
D323,2023-10-06 18:54:00,Busy
D323,2023-10-06 19:29:00,Offline
D323,2023-10-07 09:29:00,Online
D323,2023-10-07 10:25:00,Idle
D323,2023-10-07 11:54:00,Busy
D323,2023-10-07 13:39:00,Idle
D323,2023-10-07 15:38:00,Busy
D323,2023-10-07 17:26:00,Idle
D323,2023-10-07 17:52:00,Idle
D323,2023-10-07 19:42:00,Idle
D323,2023-10-07 21:01:00,Busy
D323,2023-10-07 21:54:00,Offline
D323,2023-10-08 12:54:00,Online
D323,2023-10-08 13:16:00,Idle
D323,2023-10-08 14:07:00,Idle
D323,2023-10-08 16:03:00,Idle
D323,2023-10-08 16:32:00,Idle
D323,2023-10-08 16:56:00,Busy
D323,2023-10-08 18:53:00,Busy
D323,2023-10-08 20:26:00,Busy
D323,2023-10-08 21:29:00,Idle
D323,2023-10-08 21:52:00,Offline
D323,2023-10-09 13:52:00,Online
D323,2023-10-09 15:18:00,Idle
D323,2023-10-09 17:13:00,Idle
D323,2023-10-09 18:10:00,Busy
D323,2023-10-09 19:54:00,Idle
D323,2023-10-09 21:31:00,Idle
D323,2023-10-09 21:55:00,Busy
D323,2023-10-09 22:14:00,Idle
D323,2023-10-09 22:49:00,Idle
D323,2023-10-09 23:43:00,Idle
D323,2023-10-10 00:13:00,Offline
D323,2023-10-10 18:13:00,Online
D323,2023-10-10 18:41:00,Idle
D323,2023-10-10 19:59:00,Idle
D323,2023-10-10 21:34:00,Idle
D323,2023-10-10 22:52:00,Busy
D323,2023-10-11 00:31:00,Idle
D323,2023-10-11 01:02:00,Idle
D323,2023-10-11 01:56:00,Idle
D323,2023-10-11 03:56:00,Busy
D323,2023-10-11 04:43:00,Offline
D323,2023-10-12 02:43:00,Online
D323,2023-10-12 03:36:00,Idle
D323,2023-10-12 03:57:00,Idle
D323,2023-10-12 04:22:00,Busy
D323,2023-10-12 05:42:00,Busy
D323,2023-10-12 06:34:00,Idle
D323,2023-10-12 06:59:00,Offline
D323,2023-10-12 19:59:00,Online
D323,2023-10-12 21:01:00,Busy
D323,2023-10-12 22:21:00,Idle
D323,2023-10-12 23:32:00,Idle
D323,2023-10-13 00:36:00,Busy
D323,2023-10-13 01:24:00,Busy
D323,2023-10-13 02:03:00,Busy
D323,2023-10-13 03:31:00,Busy
D323,2023-10-13 04:35:00,Idle
D323,2023-10-13 05:50:00,Busy
D323,2023-10-13 07:18:00,Idle
D323,2023-10-13 08:14:00,Offline
D324,2023-10-04 00:00:00,Online
D324,2023-10-04 00:39:00,Idle
D324,2023-10-04 01:57:00,Idle
D324,2023-10-04 02:36:00,Idle
D324,2023-10-04 04:03:00,Busy
D324,2023-10-04 04:26:00,Busy
D324,2023-10-04 06:06:00,Idle
D324,2023-10-04 07:06:00,Busy
D324,2023-10-04 07:39:00,Busy
D324,2023-10-04 08:30:00,Offline
D324,2023-10-04 21:30:00,Online
D324,2023-10-04 22:14:00,Idle
D324,2023-10-04 22:35:00,Busy
D324,2023-10-05 00:16:00,Busy
D324,2023-10-05 01:07:00,Busy
D324,2023-10-05 02:01:00,Idle
D324,2023-10-05 03:06:00,Busy
D324,2023-10-05 03:53:00,Offline
D324,2023-10-06 02:53:00,Online
D324,2023-10-06 03:29:00,Busy
D324,2023-10-06 05:11:00,Busy
D324,2023-10-06 06:04:00,Busy
D324,2023-10-06 07:42:00,Busy
D324,2023-10-06 09:33:00,Idle
D324,2023-10-06 11:26:00,Busy
D324,2023-10-06 12:02:00,Busy
D324,2023-10-06 13:45:00,Idle
D324,2023-10-06 14:19:00,Idle
D324,2023-10-06 15:09:00,Offline
D324,2023-10-07 15:09:00,Online
D324,2023-10-07 17:05:00,Idle
D324,2023-10-07 17:24:00,Busy
D324,2023-10-07 17:43:00,Idle
D324,2023-10-07 18:39:00,Offline
D324,2023-10-08 11:39:00,Online
D324,2023-10-08 12:06:00,Busy
D324,2023-10-08 12:39:00,Idle
D324,2023-10-08 14:35:00,Busy
D324,2023-10-08 15:17:00,Idle
D324,2023-10-08 15:42:00,Busy
D324,2023-10-08 16:45:00,Busy
D324,2023-10-08 17:03:00,Idle
D324,2023-10-08 17:14:00,Offline
D324,2023-10-09 10:14:00,Online
D324,2023-10-09 11:12:00,Idle
D324,2023-10-09 11:41:00,Busy
D324,2023-10-09 12:22:00,Busy
D324,2023-10-09 12:50:00,Busy
D324,2023-10-09 13:46:00,Offline
D324,2023-10-10 08:46:00,Online
D324,2023-10-10 09:49:00,Idle
D324,2023-10-10 10:27:00,Idle
D324,2023-10-10 11:03:00,Idle
D324,2023-10-10 12:28:00,Busy
D324,2023-10-10 12:56:00,Busy
D324,2023-10-10 13:25:00,Offline
D324,2023-10-11 09:25:00,Online
D324,2023-10-11 11:05:00,Idle
D324,2023-10-11 11:34:00,Idle
D324,2023-10-11 13:02:00,Busy
D324,2023-10-11 14:14:00,Busy
D324,2023-10-11 14:31:00,Idle
D324,2023-10-11 16:07:00,Busy
D324,2023-10-11 17:02:00,Busy
D324,2023-10-11 17:59:00,Idle
D324,2023-10-11 18:23:00,Busy
D324,2023-10-11 19:03:00,Offline
D324,2023-10-12 07:03:00,Online
D324,2023-10-12 07:53:00,Busy
D324,2023-10-12 08:14:00,Idle
D324,2023-10-12 09:49:00,Busy
D324,2023-10-12 11:07:00,Idle
D324,2023-10-12 12:07:00,Idle
D324,2023-10-12 13:02:00,Offline
D324,2023-10-13 10:02:00,Online
D324,2023-10-13 11:36:00,Idle
D324,2023-10-13 12:34:00,Busy
D324,2023-10-13 13:23:00,Busy
D324,2023-10-13 15:16:00,Busy
D324,2023-10-13 16:59:00,Busy
D324,2023-10-13 18:40:00,Idle
D324,2023-10-13 19:09:00,Idle
D324,2023-10-13 20:22:00,Idle
D324,2023-10-13 20:58:00,Offline
D324,2023-10-14 08:58:00,Online
D324,2023-10-14 09:15:00,Idle
D324,2023-10-14 10:35:00,Busy
D324,2023-10-14 12:11:00,Busy
D324,2023-10-14 13:20:00,Busy
D324,2023-10-14 13:51:00,Busy
D324,2023-10-14 14:29:00,Idle
D324,2023-10-14 16:17:00,Idle
D324,2023-10-14 16:53:00,Offline
D324,2023-10-15 16:53:00,Online
D324,2023-10-15 18:40:00,Busy
D324,2023-10-15 19:40:00,Idle
D324,2023-10-15 20:02:00,Idle
D324,2023-10-15 21:22:00,Idle
D324,2023-10-15 22:55:00,Busy
D324,2023-10-15 23:31:00,Busy
D324,2023-10-16 00:37:00,Idle
D324,2023-10-16 02:15:00,Busy
D324,2023-10-16 02:31:00,Offline
D324,2023-10-16 23:31:00,Online
D324,2023-10-17 00:56:00,Busy
D324,2023-10-17 01:34:00,Idle
D324,2023-10-17 02:25:00,Busy
D324,2023-10-17 03:13:00,Idle
D324,2023-10-17 04:20:00,Busy
D324,2023-10-17 05:33:00,Busy
D324,2023-10-17 06:46:00,Busy
D324,2023-10-17 07:15:00,Idle
D324,2023-10-17 08:33:00,Busy
D324,2023-10-17 08:44:00,Offline
D324,2023-10-18 03:44:00,Online
D324,2023-10-18 04:49:00,Idle
D324,2023-10-18 05:16:00,Busy
D324,2023-10-18 05:55:00,Busy
D324,2023-10-18 07:13:00,Busy
D324,2023-10-18 07:30:00,Idle
D324,2023-10-18 09:17:00,Busy
D324,2023-10-18 11:05:00,Busy
D324,2023-10-18 11:47:00,Busy
D324,2023-10-18 13:36:00,Busy
D324,2023-10-18 15:00:00,Idle
D324,2023-10-18 15:37:00,Offline
D327,2023-10-05 00:00:00,Online
D327,2023-10-05 00:53:00,Busy
D327,2023-10-05 01:23:00,Idle
D327,2023-10-05 02:34:00,Busy
D327,2023-10-05 03:32:00,Busy
D327,2023-10-05 04:01:00,Busy
D327,2023-10-05 04:38:00,Offline
D327,2023-10-05 19:38:00,Online
D327,2023-10-05 21:07:00,Busy
D327,2023-10-05 21:24:00,Busy
D327,2023-10-05 21:47:00,Idle
D327,2023-10-05 22:35:00,Busy
D327,2023-10-05 23:12:00,Busy
D327,2023-10-06 00:54:00,Idle
D327,2023-10-06 02:44:00,Idle
D327,2023-10-06 03:32:00,Busy
D327,2023-10-06 04:14:00,Idle
D327,2023-10-06 05:03:00,Offline
D327,2023-10-07 01:03:00,Online
D327,2023-10-07 02:54:00,Idle
D327,2023-10-07 03:15:00,Busy
D327,2023-10-07 05:02:00,Busy
D327,2023-10-07 05:44:00,Idle
D327,2023-10-07 06:27:00,Busy
D327,2023-10-07 06:48:00,Idle
D327,2023-10-07 07:10:00,Idle
D327,2023-10-07 07:40:00,Busy
D327,2023-10-07 08:12:00,Offline
D327,2023-10-07 21:12:00,Online
D327,2023-10-07 22:18:00,Idle
D327,2023-10-08 00:05:00,Idle
D327,2023-10-08 01:58:00,Busy
D327,2023-10-08 03:11:00,Busy
D327,2023-10-08 03:35:00,Idle
D327,2023-10-08 05:22:00,Idle
D327,2023-10-08 05:46:00,Offline
D327,2023-10-09 01:46:00,Online
D327,2023-10-09 02:09:00,Idle
D327,2023-10-09 03:18:00,Idle
D327,2023-10-09 03:58:00,Busy
D327,2023-10-09 04:28:00,Idle
D327,2023-10-09 06:26:00,Busy
D327,2023-10-09 07:40:00,Busy
D327,2023-10-09 08:39:00,Busy
D327,2023-10-09 10:23:00,Idle
D327,2023-10-09 11:15:00,Busy
D327,2023-10-09 11:29:00,Offline
D327,2023-10-10 10:29:00,Online
D327,2023-10-10 11:27:00,Busy
D327,2023-10-10 13:14:00,Busy
D327,2023-10-10 14:13:00,Idle
D327,2023-10-10 15:44:00,Idle
D327,2023-10-10 16:38:00,Busy
D327,2023-10-10 17:57:00,Idle
D327,2023-10-10 18:10:00,Offline
D327,2023-10-11 10:10:00,Online
D327,2023-10-11 12:01:00,Busy
D327,2023-10-11 13:58:00,Idle
D327,2023-10-11 14:35:00,Busy
D327,2023-10-11 16:11:00,Idle
D327,2023-10-11 17:36:00,Busy
D327,2023-10-11 19:25:00,Busy
D327,2023-10-11 20:17:00,Busy
D327,2023-10-11 21:45:00,Busy
D327,2023-10-11 23:08:00,Busy
D327,2023-10-11 23:44:00,Idle
D327,2023-10-12 00:32:00,Offline
D327,2023-10-12 14:32:00,Online
D327,2023-10-12 16:21:00,Busy
D327,2023-10-12 17:40:00,Idle
D327,2023-10-12 19:21:00,Idle
D327,2023-10-12 20:47:00,Idle
D327,2023-10-12 21:49:00,Idle
D327,2023-10-12 22:22:00,Idle
D327,2023-10-12 23:53:00,Idle
D327,2023-10-13 00:48:00,Busy
D327,2023-10-13 01:20:00,Idle
D327,2023-10-13 02:14:00,Idle
D327,2023-10-13 03:06:00,Offline
D327,2023-10-13 17:06:00,Online
D327,2023-10-13 18:30:00,Busy
D327,2023-10-13 19:23:00,Busy
D327,2023-10-13 20:18:00,Idle
D327,2023-10-13 20:50:00,Idle
D327,2023-10-13 21:39:00,Offline
D327,2023-10-14 12:39:00,Online
D327,2023-10-14 13:23:00,Idle
D327,2023-10-14 14:57:00,Idle
D327,2023-10-14 15:13:00,Busy
D327,2023-10-14 16:55:00,Busy
D327,2023-10-14 18:52:00,Busy
D327,2023-10-14 20:44:00,Busy
D327,2023-10-14 21:12:00,Offline
D327,2023-10-15 18:12:00,Online
D327,2023-10-15 18:28:00,Idle
D327,2023-10-15 19:30:00,Idle
D327,2023-10-15 21:25:00,Busy
D327,2023-10-15 23:04:00,Busy
D327,2023-10-16 00:53:00,Idle
D327,2023-10-16 01:34:00,Busy
D327,2023-10-16 02:30:00,Busy
D327,2023-10-16 04:21:00,Busy
D327,2023-10-16 05:03:00,Offline
D328,2023-10-02 00:00:00,Online
D328,2023-10-02 01:24:00,Busy
D328,2023-10-02 02:14:00,Busy
D328,2023-10-02 02:41:00,Idle
D328,2023-10-02 03:29:00,Offline
D328,2023-10-03 01:29:00,Online
D328,2023-10-03 01:44:00,Busy
D328,2023-10-03 03:03:00,Idle
D328,2023-10-03 03:21:00,Idle
D328,2023-10-03 04:01:00,Idle
D328,2023-10-03 04:30:00,Idle
D328,2023-10-03 06:19:00,Busy
D328,2023-10-03 07:58:00,Busy
D328,2023-10-03 09:35:00,Idle
D328,2023-10-03 10:40:00,Idle
D328,2023-10-03 11:04:00,Offline
D328,2023-10-04 09:04:00,Online
D328,2023-10-04 10:56:00,Busy
D328,2023-10-04 11:26:00,Busy
D328,2023-10-04 11:59:00,Busy
D328,2023-10-04 13:27:00,Busy
D328,2023-10-04 14:42:00,Busy
D328,2023-10-04 16:42:00,Busy
D328,2023-10-04 16:58:00,Busy
D328,2023-10-04 18:26:00,Busy
D328,2023-10-04 20:01:00,Busy
D328,2023-10-04 20:57:00,Busy
D328,2023-10-04 21:38:00,Offline
D328,2023-10-05 21:38:00,Online
D328,2023-10-05 22:20:00,Busy
D328,2023-10-05 22:45:00,Busy
D328,2023-10-05 23:04:00,Idle
D328,2023-10-06 00:13:00,Idle
D328,2023-10-06 01:34:00,Idle
D328,2023-10-06 03:16:00,Idle
D328,2023-10-06 05:16:00,Busy
D328,2023-10-06 06:26:00,Idle
D328,2023-10-06 07:21:00,Offline
D328,2023-10-06 19:21:00,Online
D328,2023-10-06 20:38:00,Idle
D328,2023-10-06 21:17:00,Busy
D328,2023-10-06 22:54:00,Idle
D328,2023-10-07 00:37:00,Busy
D328,2023-10-07 01:30:00,Busy
D328,2023-10-07 03:03:00,Busy
D328,2023-10-07 04:46:00,Idle
D328,2023-10-07 05:35:00,Idle
D328,2023-10-07 06:11:00,Offline
D328,2023-10-08 03:11:00,Online
D328,2023-10-08 04:24:00,Idle
D328,2023-10-08 05:58:00,Busy
D328,2023-10-08 07:17:00,Idle
D328,2023-10-08 07:33:00,Offline
D328,2023-10-09 01:33:00,Online
D328,2023-10-09 02:58:00,Busy
D328,2023-10-09 04:32:00,Busy
D328,2023-10-09 06:31:00,Idle
D328,2023-10-09 07:23:00,Idle
D328,2023-10-09 09:21:00,Busy
D328,2023-10-09 09:58:00,Offline
D328,2023-10-09 22:58:00,Online
D328,2023-10-09 23:13:00,Idle
D328,2023-10-10 00:35:00,Idle
D328,2023-10-10 01:07:00,Idle
D328,2023-10-10 02:54:00,Idle
D328,2023-10-10 03:28:00,Busy
D328,2023-10-10 03:46:00,Offline
D328,2023-10-10 16:46:00,Online
D328,2023-10-10 18:07:00,Idle
D328,2023-10-10 18:28:00,Idle
D328,2023-10-10 19:07:00,Busy
D328,2023-10-10 19:42:00,Busy
D328,2023-10-10 20:49:00,Idle
D328,2023-10-10 21:51:00,Busy
D328,2023-10-10 22:02:00,Offline
D328,2023-10-11 11:02:00,Online
D328,2023-10-11 12:01:00,Busy
D328,2023-10-11 13:05:00,Busy
D328,2023-10-11 13:44:00,Idle
D328,2023-10-11 14:40:00,Offline
D329,2023-10-05 00:00:00,Online
D329,2023-10-05 00:58:00,Idle
D329,2023-10-05 02:34:00,Idle
D329,2023-10-05 04:32:00,Busy
D329,2023-10-05 05:06:00,Offline
D329,2023-10-05 23:06:00,Online
D329,2023-10-06 00:34:00,Busy
D329,2023-10-06 02:19:00,Busy
D329,2023-10-06 03:31:00,Busy
D329,2023-10-06 03:58:00,Busy
D329,2023-10-06 05:30:00,Busy
D329,2023-10-06 07:00:00,Idle
D329,2023-10-06 07:59:00,Busy
D329,2023-10-06 09:55:00,Idle
D329,2023-10-06 10:48:00,Offline
D329,2023-10-07 05:48:00,Online
D329,2023-10-07 07:43:00,Idle
D329,2023-10-07 09:11:00,Idle
D329,2023-10-07 09:42:00,Idle
D329,2023-10-07 11:35:00,Busy
D329,2023-10-07 12:28:00,Idle
D329,2023-10-07 13:17:00,Offline
D329,2023-10-08 13:17:00,Online
D329,2023-10-08 15:05:00,Idle
D329,2023-10-08 15:53:00,Busy
D329,2023-10-08 16:55:00,Idle
D329,2023-10-08 17:28:00,Offline
D329,2023-10-09 08:28:00,Online
D329,2023-10-09 08:54:00,Idle
D329,2023-10-09 09:24:00,Busy
D329,2023-10-09 10:55:00,Busy
D329,2023-10-09 12:48:00,Idle
D329,2023-10-09 13:28:00,Busy
D329,2023-10-09 13:54:00,Busy
D329,2023-10-09 14:39:00,Idle
D329,2023-10-09 15:37:00,Idle
D329,2023-10-09 15:54:00,Busy
D329,2023-10-09 16:24:00,Offline
D329,2023-10-10 15:24:00,Online
D329,2023-10-10 16:14:00,Busy
D329,2023-10-10 17:39:00,Idle
D329,2023-10-10 17:58:00,Idle
D329,2023-10-10 18:40:00,Idle
D329,2023-10-10 20:05:00,Busy
D329,2023-10-10 22:02:00,Busy
D329,2023-10-10 23:58:00,Busy
D329,2023-10-11 00:18:00,Busy
D329,2023-10-11 01:44:00,Idle
D329,2023-10-11 02:39:00,Offline
D329,2023-10-11 16:39:00,Online
D329,2023-10-11 17:31:00,Idle
D329,2023-10-11 18:41:00,Idle
D329,2023-10-11 20:24:00,Busy
D329,2023-10-11 21:51:00,Idle
D329,2023-10-11 23:18:00,Busy
D329,2023-10-12 00:24:00,Busy
D329,2023-10-12 00:37:00,Offline
D329,2023-10-12 12:37:00,Online
D329,2023-10-12 13:36:00,Busy
D329,2023-10-12 14:22:00,Idle
D329,2023-10-12 16:17:00,Busy
D329,2023-10-12 16:54:00,Idle
D329,2023-10-12 18:34:00,Busy
D329,2023-10-12 20:20:00,Idle
D329,2023-10-12 20:45:00,Offline
D329,2023-10-13 08:45:00,Online
D329,2023-10-13 09:20:00,Idle
D329,2023-10-13 10:57:00,Idle
D329,2023-10-13 11:20:00,Busy
D329,2023-10-13 12:52:00,Idle
D329,2023-10-13 14:16:00,Busy
D329,2023-10-13 15:40:00,Busy
D329,2023-10-13 16:05:00,Idle
D329,2023-10-13 17:22:00,Idle
D329,2023-10-13 18:15:00,Offline
D329,2023-10-14 07:15:00,Online
D329,2023-10-14 08:33:00,Busy
D329,2023-10-14 09:13:00,Busy
D329,2023-10-14 09:39:00,Busy
D329,2023-10-14 11:37:00,Idle
D329,2023-10-14 13:35:00,Busy
D329,2023-10-14 14:39:00,Busy
D329,2023-10-14 15:35:00,Busy
D329,2023-10-14 16:22:00,Offline
D330,2023-10-02 00:00:00,Online
D330,2023-10-02 01:39:00,Idle
D330,2023-10-02 02:07:00,Busy
D330,2023-10-02 03:01:00,Busy
D330,2023-10-02 03:25:00,Busy
D330,2023-10-02 03:45:00,Idle
D330,2023-10-02 04:06:00,Busy
D330,2023-10-02 05:14:00,Idle
D330,2023-10-02 05:35:00,Busy
D330,2023-10-02 05:54:00,Idle
D330,2023-10-02 06:46:00,Idle
D330,2023-10-02 07:13:00,Offline
D330,2023-10-03 01:13:00,Online
D330,2023-10-03 02:21:00,Busy
D330,2023-10-03 04:05:00,Idle
D330,2023-10-03 04:35:00,Idle
D330,2023-10-03 05:09:00,Offline
D330,2023-10-03 21:09:00,Online
D330,2023-10-03 22:45:00,Idle
D330,2023-10-04 00:18:00,Idle
D330,2023-10-04 02:18:00,Idle
D330,2023-10-04 02:53:00,Offline
D330,2023-10-04 19:53:00,Online
D330,2023-10-04 21:53:00,Idle
D330,2023-10-04 22:41:00,Busy
D330,2023-10-05 00:21:00,Busy
D330,2023-10-05 02:13:00,Idle
D330,2023-10-05 03:31:00,Idle
D330,2023-10-05 03:54:00,Offline
D330,2023-10-06 00:54:00,Online
D330,2023-10-06 02:44:00,Idle
D330,2023-10-06 03:59:00,Busy
D330,2023-10-06 04:39:00,Idle
D330,2023-10-06 05:42:00,Busy
D330,2023-10-06 07:15:00,Idle
D330,2023-10-06 08:02:00,Idle
D330,2023-10-06 08:43:00,Offline
D330,2023-10-07 04:43:00,Online
D330,2023-10-07 06:25:00,Busy
D330,2023-10-07 07:01:00,Idle
D330,2023-10-07 08:04:00,Busy
D330,2023-10-07 08:34:00,Busy
D330,2023-10-07 09:56:00,Idle
D330,2023-10-07 11:17:00,Busy
D330,2023-10-07 11:38:00,Offline
D330,2023-10-08 01:38:00,Online
D330,2023-10-08 02:04:00,Idle
D330,2023-10-08 03:12:00,Idle
D330,2023-10-08 03:42:00,Busy
D330,2023-10-08 04:34:00,Busy
D330,2023-10-08 06:30:00,Busy
D330,2023-10-08 07:06:00,Idle
D330,2023-10-08 08:30:00,Idle
D330,2023-10-08 10:22:00,Idle
D330,2023-10-08 10:39:00,Idle
D330,2023-10-08 11:29:00,Offline
D330,2023-10-09 04:29:00,Online
D330,2023-10-09 05:04:00,Idle
D330,2023-10-09 05:43:00,Busy
D330,2023-10-09 06:48:00,Busy
D330,2023-10-09 06:58:00,Offline
D330,2023-10-10 06:58:00,Online
D330,2023-10-10 07:32:00,Busy
D330,2023-10-10 08:49:00,Busy
D330,2023-10-10 09:14:00,Idle
D330,2023-10-10 10:14:00,Offline
D330,2023-10-11 00:14:00,Online
D330,2023-10-11 01:08:00,Busy
D330,2023-10-11 02:00:00,Idle
D330,2023-10-11 03:43:00,Idle
D330,2023-10-11 05:15:00,Busy
D330,2023-10-11 06:15:00,Idle
D330,2023-10-11 08:15:00,Busy
D330,2023-10-11 08:41:00,Idle
D330,2023-10-11 09:37:00,Busy
D330,2023-10-11 11:15:00,Busy
D330,2023-10-11 12:14:00,Offline
D330,2023-10-12 04:14:00,Online
D330,2023-10-12 06:05:00,Idle
D330,2023-10-12 07:56:00,Busy
D330,2023-10-12 09:27:00,Idle
D330,2023-10-12 09:39:00,Offline
D331,2023-10-04 00:00:00,Online
D331,2023-10-04 00:49:00,Idle
D331,2023-10-04 01:36:00,Busy
D331,2023-10-04 02:45:00,Idle
D331,2023-10-04 03:20:00,Idle
D331,2023-10-04 04:41:00,Idle
D331,2023-10-04 06:30:00,Busy
D331,2023-10-04 07:07:00,Busy
D331,2023-10-04 08:31:00,Idle
D331,2023-10-04 10:22:00,Idle
D331,2023-10-04 11:10:00,Idle
D331,2023-10-04 11:37:00,Offline
D331,2023-10-05 05:37:00,Online
D331,2023-10-05 07:13:00,Idle
D331,2023-10-05 08:42:00,Busy
D331,2023-10-05 09:19:00,Busy
D331,2023-10-05 10:03:00,Idle
D331,2023-10-05 11:50:00,Idle
D331,2023-10-05 12:45:00,Idle
D331,2023-10-05 13:04:00,Idle
D331,2023-10-05 14:19:00,Idle
D331,2023-10-05 15:44:00,Busy
D331,2023-10-05 17:23:00,Idle
D331,2023-10-05 18:19:00,Offline
D331,2023-10-06 17:19:00,Online
D331,2023-10-06 19:19:00,Idle
D331,2023-10-06 20:18:00,Idle
D331,2023-10-06 20:59:00,Busy
D331,2023-10-06 22:23:00,Busy
D331,2023-10-06 23:07:00,Idle
D331,2023-10-07 00:08:00,Busy
D331,2023-10-07 00:52:00,Offline
D331,2023-10-07 15:52:00,Online
D331,2023-10-07 16:17:00,Idle
D331,2023-10-07 16:55:00,Busy
D331,2023-10-07 18:41:00,Idle
D331,2023-10-07 20:10:00,Busy
D331,2023-10-07 21:49:00,Busy
D331,2023-10-07 23:01:00,Idle
D331,2023-10-08 00:17:00,Busy
D331,2023-10-08 00:51:00,Busy
D331,2023-10-08 01:58:00,Busy
D331,2023-10-08 02:15:00,Busy
D331,2023-10-08 02:33:00,Offline
D331,2023-10-09 00:33:00,Online
D331,2023-10-09 01:04:00,Busy
D331,2023-10-09 02:41:00,Busy
D331,2023-10-09 04:03:00,Busy
D331,2023-10-09 05:16:00,Busy
D331,2023-10-09 05:58:00,Busy
D331,2023-10-09 07:14:00,Idle
D331,2023-10-09 08:56:00,Idle
D331,2023-10-09 10:03:00,Idle
D331,2023-10-09 10:28:00,Offline
D331,2023-10-10 10:28:00,Online
D331,2023-10-10 12:02:00,Busy
D331,2023-10-10 13:30:00,Idle
D331,2023-10-10 14:43:00,Idle
D331,2023-10-10 15:38:00,Offline
D331,2023-10-11 12:38:00,Online
D331,2023-10-11 13:20:00,Idle
D331,2023-10-11 13:47:00,Busy
D331,2023-10-11 15:18:00,Idle
D331,2023-10-11 16:36:00,Busy
D331,2023-10-11 17:14:00,Busy
D331,2023-10-11 19:04:00,Busy
D331,2023-10-11 20:30:00,Idle
D331,2023-10-11 22:14:00,Idle
D331,2023-10-12 00:00:00,Busy
D331,2023-10-12 00:22:00,Idle
D331,2023-10-12 01:15:00,Offline
D331,2023-10-12 19:15:00,Online
D331,2023-10-12 20:25:00,Idle
D331,2023-10-12 20:48:00,Busy
D331,2023-10-12 21:36:00,Idle
D331,2023-10-12 22:42:00,Busy
D331,2023-10-12 23:52:00,Idle
D331,2023-10-13 01:39:00,Idle
D331,2023-10-13 02:42:00,Busy
D331,2023-10-13 03:26:00,Busy
D331,2023-10-13 03:38:00,Offline
D331,2023-10-14 03:38:00,Online
D331,2023-10-14 04:19:00,Busy
D331,2023-10-14 05:06:00,Busy
D331,2023-10-14 06:52:00,Idle
D331,2023-10-14 07:33:00,Offline
D331,2023-10-14 22:33:00,Online
D331,2023-10-14 23:41:00,Busy
D331,2023-10-15 00:44:00,Idle
D331,2023-10-15 02:19:00,Busy
D331,2023-10-15 03:06:00,Idle
D331,2023-10-15 03:56:00,Idle
D331,2023-10-15 04:15:00,Busy
D331,2023-10-15 04:58:00,Offline
D331,2023-10-15 16:58:00,Online
D331,2023-10-15 17:57:00,Idle
D331,2023-10-15 18:42:00,Idle
D331,2023-10-15 20:11:00,Busy
D331,2023-10-15 21:31:00,Busy
D331,2023-10-15 22:49:00,Busy
D331,2023-10-15 23:28:00,Busy
D331,2023-10-16 01:15:00,Busy
D331,2023-10-16 03:02:00,Busy
D331,2023-10-16 04:00:00,Offline
D332,2023-10-05 00:00:00,Online
D332,2023-10-05 01:49:00,Busy
D332,2023-10-05 02:19:00,Idle
D332,2023-10-05 04:11:00,Idle
D332,2023-10-05 04:41:00,Offline
D332,2023-10-05 20:41:00,Online
D332,2023-10-05 21:32:00,Idle
D332,2023-10-05 21:54:00,Busy
D332,2023-10-05 22:33:00,Idle
D332,2023-10-06 00:15:00,Idle
D332,2023-10-06 01:46:00,Idle
D332,2023-10-06 03:11:00,Idle
D332,2023-10-06 03:21:00,Offline
D332,2023-10-06 23:21:00,Online
D332,2023-10-07 00:38:00,Idle
D332,2023-10-07 01:19:00,Idle
D332,2023-10-07 02:20:00,Idle
D332,2023-10-07 03:40:00,Idle
D332,2023-10-07 04:01:00,Idle
D332,2023-10-07 05:46:00,Idle
D332,2023-10-07 07:19:00,Busy
D332,2023-10-07 07:36:00,Offline
D332,2023-10-08 05:36:00,Online
D332,2023-10-08 06:46:00,Idle
D332,2023-10-08 08:01:00,Idle
D332,2023-10-08 09:06:00,Idle
D332,2023-10-08 10:59:00,Busy
D332,2023-10-08 12:07:00,Busy
D332,2023-10-08 13:53:00,Idle
D332,2023-10-08 15:18:00,Busy
D332,2023-10-08 15:35:00,Offline
D332,2023-10-09 09:35:00,Online
D332,2023-10-09 10:26:00,Busy
D332,2023-10-09 12:24:00,Busy
D332,2023-10-09 13:05:00,Busy
D332,2023-10-09 14:37:00,Busy
D332,2023-10-09 15:28:00,Offline
D332,2023-10-10 15:28:00,Online
D332,2023-10-10 17:05:00,Idle
D332,2023-10-10 18:09:00,Busy
D332,2023-10-10 19:14:00,Idle
D332,2023-10-10 19:37:00,Idle
D332,2023-10-10 20:26:00,Busy
D332,2023-10-10 21:18:00,Busy
D332,2023-10-10 22:10:00,Busy
D332,2023-10-10 23:09:00,Busy
D332,2023-10-11 00:13:00,Busy
D332,2023-10-11 02:02:00,Busy
D332,2023-10-11 02:29:00,Offline
D332,2023-10-11 19:29:00,Online
D332,2023-10-11 21:22:00,Idle
D332,2023-10-11 21:38:00,Idle
D332,2023-10-11 23:21:00,Idle
D332,2023-10-12 01:10:00,Idle
D332,2023-10-12 03:10:00,Idle
D332,2023-10-12 03:45:00,Busy
D332,2023-10-12 05:19:00,Busy
D332,2023-10-12 05:48:00,Idle
D332,2023-10-12 06:44:00,Offline
D332,2023-10-12 21:44:00,Online
D332,2023-10-12 23:09:00,Busy
D332,2023-10-13 01:04:00,Idle
D332,2023-10-13 02:16:00,Busy
D332,2023-10-13 02:34:00,Busy
D332,2023-10-13 03:16:00,Idle
D332,2023-10-13 03:52:00,Busy
D332,2023-10-13 04:33:00,Offline
D333,2023-10-05 00:00:00,Online
D333,2023-10-05 01:06:00,Idle
D333,2023-10-05 02:20:00,Idle
D333,2023-10-05 02:45:00,Busy
D333,2023-10-05 03:02:00,Busy
D333,2023-10-05 03:45:00,Busy
D333,2023-10-05 04:52:00,Idle
D333,2023-10-05 05:41:00,Offline
D333,2023-10-06 01:41:00,Online
D333,2023-10-06 02:21:00,Idle
D333,2023-10-06 03:41:00,Idle
D333,2023-10-06 05:19:00,Idle
D333,2023-10-06 06:32:00,Idle
D333,2023-10-06 07:36:00,Idle
D333,2023-10-06 08:03:00,Offline
D333,2023-10-06 23:03:00,Online
D333,2023-10-06 23:50:00,Busy
D333,2023-10-07 00:24:00,Idle
D333,2023-10-07 01:34:00,Idle
D333,2023-10-07 01:58:00,Idle
D333,2023-10-07 02:14:00,Busy
D333,2023-10-07 02:48:00,Idle
D333,2023-10-07 03:30:00,Busy
D333,2023-10-07 04:43:00,Idle
D333,2023-10-07 05:02:00,Busy
D333,2023-10-07 05:37:00,Offline
D333,2023-10-07 17:37:00,Online
D333,2023-10-07 19:24:00,Busy
D333,2023-10-07 19:54:00,Idle
D333,2023-10-07 21:25:00,Idle
D333,2023-10-07 22:51:00,Busy
D333,2023-10-07 23:11:00,Busy
D333,2023-10-08 00:37:00,Idle
D333,2023-10-08 01:30:00,Offline
D333,2023-10-09 01:30:00,Online
D333,2023-10-09 03:00:00,Idle
D333,2023-10-09 03:59:00,Busy
D333,2023-10-09 04:35:00,Idle
D333,2023-10-09 05:21:00,Idle
D333,2023-10-09 06:12:00,Offline
D333,2023-10-10 06:12:00,Online
D333,2023-10-10 06:45:00,Idle
D333,2023-10-10 08:41:00,Idle
D333,2023-10-10 10:16:00,Idle
D333,2023-10-10 11:13:00,Idle
D333,2023-10-10 12:06:00,Idle
D333,2023-10-10 13:07:00,Idle
D333,2023-10-10 13:47:00,Idle
D333,2023-10-10 14:26:00,Offline
D333,2023-10-11 03:26:00,Online
D333,2023-10-11 04:50:00,Busy
D333,2023-10-11 06:43:00,Busy
D333,2023-10-11 08:05:00,Busy
D333,2023-10-11 09:52:00,Busy
D333,2023-10-11 10:13:00,Idle
D333,2023-10-11 11:12:00,Offline
D334,2023-10-04 00:00:00,Online
D334,2023-10-04 01:39:00,Busy
D334,2023-10-04 02:39:00,Busy
D334,2023-10-04 03:24:00,Busy
D334,2023-10-04 05:21:00,Idle
D334,2023-10-04 07:12:00,Idle
D334,2023-10-04 09:06:00,Idle
D334,2023-10-04 09:24:00,Offline
D334,2023-10-04 21:24:00,Online
D334,2023-10-04 22:44:00,Idle
D334,2023-10-05 00:35:00,Busy
D334,2023-10-05 01:13:00,Idle
D334,2023-10-05 02:20:00,Idle
D334,2023-10-05 03:49:00,Idle
D334,2023-10-05 05:42:00,Busy
D334,2023-10-05 06:17:00,Offline
D334,2023-10-06 04:17:00,Online
D334,2023-10-06 05:33:00,Busy
D334,2023-10-06 05:50:00,Idle
D334,2023-10-06 06:56:00,Busy
D334,2023-10-06 07:47:00,Idle
D334,2023-10-06 08:35:00,Idle
D334,2023-10-06 09:01:00,Busy
D334,2023-10-06 10:14:00,Idle
D334,2023-10-06 11:15:00,Idle
D334,2023-10-06 11:56:00,Offline
D334,2023-10-07 09:56:00,Online
D334,2023-10-07 10:54:00,Busy
D334,2023-10-07 12:00:00,Busy
D334,2023-10-07 13:59:00,Busy
D334,2023-10-07 14:33:00,Idle
D334,2023-10-07 15:52:00,Busy
D334,2023-10-07 16:12:00,Offline
D334,2023-10-08 16:12:00,Online
D334,2023-10-08 16:38:00,Busy
D334,2023-10-08 16:56:00,Busy
D334,2023-10-08 18:23:00,Idle
D334,2023-10-08 19:11:00,Busy
D334,2023-10-08 20:23:00,Busy
D334,2023-10-08 21:21:00,Idle
D334,2023-10-08 22:20:00,Busy
D334,2023-10-08 22:56:00,Busy
D334,2023-10-08 23:54:00,Idle
D334,2023-10-09 00:36:00,Busy
D334,2023-10-09 01:00:00,Offline
D334,2023-10-09 14:00:00,Online
D334,2023-10-09 14:46:00,Busy
D334,2023-10-09 16:35:00,Busy
D334,2023-10-09 16:58:00,Idle
D334,2023-10-09 17:19:00,Busy
D334,2023-10-09 18:02:00,Busy
D334,2023-10-09 18:43:00,Idle
D334,2023-10-09 20:21:00,Busy
D334,2023-10-09 22:03:00,Idle
D334,2023-10-09 22:52:00,Offline
D335,2023-10-04 00:00:00,Online
D335,2023-10-04 00:28:00,Idle
D335,2023-10-04 02:02:00,Idle
D335,2023-10-04 02:31:00,Idle
D335,2023-10-04 03:17:00,Idle
D335,2023-10-04 05:17:00,Idle
D335,2023-10-04 06:29:00,Busy
D335,2023-10-04 08:15:00,Busy
D335,2023-10-04 08:41:00,Busy
D335,2023-10-04 09:32:00,Offline
D335,2023-10-05 04:32:00,Online
D335,2023-10-05 05:04:00,Busy
D335,2023-10-05 06:03:00,Busy
D335,2023-10-05 06:35:00,Idle
D335,2023-10-05 07:53:00,Idle
D335,2023-10-05 08:12:00,Idle
D335,2023-10-05 08:30:00,Busy
D335,2023-10-05 09:07:00,Busy
D335,2023-10-05 10:48:00,Idle
D335,2023-10-05 12:16:00,Idle
D335,2023-10-05 12:41:00,Offline
D335,2023-10-06 08:41:00,Online
D335,2023-10-06 09:23:00,Busy
D335,2023-10-06 11:10:00,Idle
D335,2023-10-06 11:34:00,Busy
D335,2023-10-06 12:23:00,Idle
D335,2023-10-06 14:15:00,Busy
D335,2023-10-06 14:26:00,Offline
D335,2023-10-07 06:26:00,Online
D335,2023-10-07 06:56:00,Busy
D335,2023-10-07 08:25:00,Idle
D335,2023-10-07 09:03:00,Idle
D335,2023-10-07 10:02:00,Idle
D335,2023-10-07 11:09:00,Busy
D335,2023-10-07 13:02:00,Idle
D335,2023-10-07 13:31:00,Busy
D335,2023-10-07 15:07:00,Idle
D335,2023-10-07 16:10:00,Idle
D335,2023-10-07 16:37:00,Idle
D335,2023-10-07 17:22:00,Offline
D335,2023-10-08 17:22:00,Online
D335,2023-10-08 17:59:00,Busy
D335,2023-10-08 19:15:00,Idle
D335,2023-10-08 19:44:00,Idle
D335,2023-10-08 20:35:00,Busy
D335,2023-10-08 21:12:00,Idle
D335,2023-10-08 22:35:00,Idle
D335,2023-10-08 23:17:00,Offline
D335,2023-10-09 19:17:00,Online
D335,2023-10-09 21:15:00,Idle
D335,2023-10-09 23:02:00,Busy
D335,2023-10-09 23:57:00,Idle
D335,2023-10-10 00:32:00,Busy
D335,2023-10-10 01:08:00,Idle
D335,2023-10-10 02:12:00,Busy
D335,2023-10-10 04:09:00,Busy
D335,2023-10-10 05:43:00,Busy
D335,2023-10-10 06:09:00,Busy
D335,2023-10-10 06:42:00,Offline
D335,2023-10-10 19:42:00,Online
D335,2023-10-10 20:08:00,Busy
D335,2023-10-10 21:18:00,Busy
D335,2023-10-10 22:26:00,Busy
D335,2023-10-10 23:09:00,Offline
D336,2023-10-04 00:00:00,Online
D336,2023-10-04 01:22:00,Idle
D336,2023-10-04 02:42:00,Idle
D336,2023-10-04 04:06:00,Busy
D336,2023-10-04 05:15:00,Idle
D336,2023-10-04 06:54:00,Idle
D336,2023-10-04 07:27:00,Idle
D336,2023-10-04 08:29:00,Idle
D336,2023-10-04 09:20:00,Offline
D336,2023-10-05 09:20:00,Online
D336,2023-10-05 10:45:00,Idle
D336,2023-10-05 12:43:00,Busy
D336,2023-10-05 13:10:00,Busy
D336,2023-10-05 14:37:00,Busy
D336,2023-10-05 15:54:00,Busy
D336,2023-10-05 16:37:00,Busy
D336,2023-10-05 18:07:00,Idle
D336,2023-10-05 18:51:00,Offline
D336,2023-10-06 10:51:00,Online
D336,2023-10-06 11:50:00,Idle
D336,2023-10-06 13:44:00,Idle
D336,2023-10-06 14:47:00,Busy
D336,2023-10-06 15:08:00,Busy
D336,2023-10-06 15:33:00,Offline
D336,2023-10-07 13:33:00,Online
D336,2023-10-07 14:19:00,Busy
D336,2023-10-07 15:38:00,Busy
D336,2023-10-07 16:15:00,Busy
D336,2023-10-07 16:42:00,Offline
D336,2023-10-08 08:42:00,Online
D336,2023-10-08 09:07:00,Busy
D336,2023-10-08 10:01:00,Busy
D336,2023-10-08 11:12:00,Busy
D336,2023-10-08 11:58:00,Busy
D336,2023-10-08 12:19:00,Busy
D336,2023-10-08 12:37:00,Offline
D336,2023-10-09 09:37:00,Online
D336,2023-10-09 10:25:00,Busy
D336,2023-10-09 11:23:00,Busy
D336,2023-10-09 12:52:00,Idle
D336,2023-10-09 13:53:00,Idle
D336,2023-10-09 14:13:00,Offline
D336,2023-10-10 11:13:00,Online
D336,2023-10-10 12:29:00,Busy
D336,2023-10-10 14:04:00,Idle
D336,2023-10-10 14:28:00,Busy
D336,2023-10-10 16:16:00,Busy
D336,2023-10-10 16:59:00,Busy
D336,2023-10-10 17:26:00,Idle
D336,2023-10-10 19:25:00,Idle
D336,2023-10-10 20:46:00,Idle
D336,2023-10-10 22:15:00,Busy
D336,2023-10-10 22:52:00,Idle
D336,2023-10-10 23:04:00,Offline
D336,2023-10-11 17:04:00,Online
D336,2023-10-11 18:31:00,Busy
D336,2023-10-11 19:35:00,Idle
D336,2023-10-11 20:36:00,Idle
D336,2023-10-11 21:55:00,Idle
D336,2023-10-11 23:22:00,Busy
D336,2023-10-12 00:16:00,Busy
D336,2023-10-12 01:46:00,Idle
D336,2023-10-12 02:13:00,Offline
D336,2023-10-12 19:13:00,Online
D336,2023-10-12 19:56:00,Busy
D336,2023-10-12 20:33:00,Idle
D336,2023-10-12 21:39:00,Busy
D336,2023-10-12 22:13:00,Idle
D336,2023-10-12 23:46:00,Busy
D336,2023-10-13 01:01:00,Busy
D336,2023-10-13 02:43:00,Busy
D336,2023-10-13 04:10:00,Busy
D336,2023-10-13 05:02:00,Idle
D336,2023-10-13 05:24:00,Idle
D336,2023-10-13 06:17:00,Offline
D336,2023-10-14 03:17:00,Online
D336,2023-10-14 04:20:00,Busy
D336,2023-10-14 04:35:00,Busy
D336,2023-10-14 06:14:00,Idle
D336,2023-10-14 06:33:00,Offline
D336,2023-10-14 21:33:00,Online
D336,2023-10-14 22:10:00,Busy
D336,2023-10-14 22:33:00,Idle
D336,2023-10-15 00:32:00,Busy
D336,2023-10-15 02:26:00,Busy
D336,2023-10-15 03:03:00,Offline
D336,2023-10-16 01:03:00,Online
D336,2023-10-16 02:58:00,Busy
D336,2023-10-16 04:50:00,Idle
D336,2023-10-16 06:10:00,Busy
D336,2023-10-16 07:26:00,Idle
D336,2023-10-16 08:48:00,Idle
D336,2023-10-16 09:52:00,Busy
D336,2023-10-16 10:08:00,Busy
D336,2023-10-16 11:42:00,Idle
D336,2023-10-16 12:18:00,Busy
D336,2023-10-16 13:43:00,Idle
D336,2023-10-16 14:43:00,Offline
D336,2023-10-17 12:43:00,Online
D336,2023-10-17 14:33:00,Idle
D336,2023-10-17 16:23:00,Idle
D336,2023-10-17 18:00:00,Idle
D336,2023-10-17 19:49:00,Idle
D336,2023-10-17 20:50:00,Idle
D336,2023-10-17 21:47:00,Busy
D336,2023-10-17 23:20:00,Idle
D336,2023-10-18 00:24:00,Busy
D336,2023-10-18 00:58:00,Offline
D339,2023-10-06 00:00:00,Online
D339,2023-10-06 01:05:00,Busy
D339,2023-10-06 01:33:00,Idle
D339,2023-10-06 03:02:00,Idle
D339,2023-10-06 03:41:00,Busy
D339,2023-10-06 05:11:00,Idle
D339,2023-10-06 06:52:00,Busy
D339,2023-10-06 07:32:00,Offline
D339,2023-10-06 22:32:00,Online
D339,2023-10-06 23:02:00,Busy
D339,2023-10-07 00:45:00,Busy
D339,2023-10-07 02:34:00,Busy
D339,2023-10-07 03:17:00,Idle
D339,2023-10-07 04:14:00,Idle
D339,2023-10-07 05:40:00,Idle
D339,2023-10-07 06:29:00,Busy
D339,2023-10-07 07:57:00,Busy
D339,2023-10-07 08:32:00,Busy
D339,2023-10-07 08:49:00,Idle
D339,2023-10-07 09:37:00,Offline
D339,2023-10-08 08:37:00,Online
D339,2023-10-08 08:59:00,Idle
D339,2023-10-08 10:56:00,Busy
D339,2023-10-08 12:51:00,Idle
D339,2023-10-08 13:27:00,Busy
D339,2023-10-08 14:28:00,Busy
D339,2023-10-08 15:21:00,Idle
D339,2023-10-08 16:18:00,Busy
D339,2023-10-08 16:51:00,Idle
D339,2023-10-08 18:06:00,Busy
D339,2023-10-08 19:23:00,Idle
D339,2023-10-08 19:36:00,Offline
D339,2023-10-09 07:36:00,Online
D339,2023-10-09 08:05:00,Idle
D339,2023-10-09 09:48:00,Busy
D339,2023-10-09 11:26:00,Idle
D339,2023-10-09 13:03:00,Busy
D339,2023-10-09 14:05:00,Busy
D339,2023-10-09 15:38:00,Busy
D339,2023-10-09 16:12:00,Busy
D339,2023-10-09 17:28:00,Busy
D339,2023-10-09 18:42:00,Busy
D339,2023-10-09 20:31:00,Idle
D339,2023-10-09 21:23:00,Offline
D339,2023-10-10 19:23:00,Online
D339,2023-10-10 21:23:00,Busy
D339,2023-10-10 23:10:00,Busy
D339,2023-10-11 00:32:00,Busy
D339,2023-10-11 00:57:00,Offline
D339,2023-10-11 20:57:00,Online
D339,2023-10-11 21:48:00,Busy
D339,2023-10-11 23:07:00,Idle
D339,2023-10-12 00:40:00,Idle
D339,2023-10-12 01:58:00,Idle
D339,2023-10-12 03:46:00,Busy
D339,2023-10-12 04:08:00,Idle
D339,2023-10-12 04:44:00,Busy
D339,2023-10-12 05:02:00,Offline
D339,2023-10-13 00:02:00,Online
D339,2023-10-13 01:40:00,Idle
D339,2023-10-13 02:31:00,Busy
D339,2023-10-13 03:57:00,Idle
D339,2023-10-13 05:56:00,Busy
D339,2023-10-13 06:30:00,Busy
D339,2023-10-13 07:29:00,Idle
D339,2023-10-13 08:21:00,Idle
D339,2023-10-13 08:45:00,Idle
D339,2023-10-13 09:13:00,Offline
D339,2023-10-14 04:13:00,Online
D339,2023-10-14 05:20:00,Idle
D339,2023-10-14 06:26:00,Busy
D339,2023-10-14 07:03:00,Idle
D339,2023-10-14 07:30:00,Idle
D339,2023-10-14 08:39:00,Idle
D339,2023-10-14 09:21:00,Idle
D339,2023-10-14 10:20:00,Offline
D339,2023-10-15 00:20:00,Online
D339,2023-10-15 01:40:00,Idle
D339,2023-10-15 02:59:00,Busy
D339,2023-10-15 03:18:00,Busy
D339,2023-10-15 04:10:00,Busy
D339,2023-10-15 04:37:00,Offline
D339,2023-10-15 20:37:00,Online
D339,2023-10-15 22:07:00,Busy
D339,2023-10-15 23:09:00,Busy
D339,2023-10-16 00:45:00,Busy
D339,2023-10-16 01:05:00,Offline
D339,2023-10-16 20:05:00,Online
D339,2023-10-16 21:06:00,Idle
D339,2023-10-16 21:21:00,Busy
D339,2023-10-16 22:29:00,Idle
D339,2023-10-16 23:55:00,Busy
D339,2023-10-17 01:35:00,Busy
D339,2023-10-17 02:23:00,Idle
D339,2023-10-17 03:42:00,Idle
D339,2023-10-17 04:31:00,Offline
D340,2023-10-03 00:00:00,Online
D340,2023-10-03 00:55:00,Idle
D340,2023-10-03 01:23:00,Busy
D340,2023-10-03 02:53:00,Idle
D340,2023-10-03 03:43:00,Busy
D340,2023-10-03 05:18:00,Idle
D340,2023-10-03 05:57:00,Busy
D340,2023-10-03 06:40:00,Busy
D340,2023-10-03 07:04:00,Offline
D340,2023-10-03 20:04:00,Online
D340,2023-10-03 21:09:00,Busy
D340,2023-10-03 22:05:00,Idle
D340,2023-10-03 22:52:00,Busy
D340,2023-10-04 00:49:00,Busy
D340,2023-10-04 01:10:00,Idle
D340,2023-10-04 01:47:00,Busy
D340,2023-10-04 02:07:00,Busy
D340,2023-10-04 02:26:00,Offline
D340,2023-10-05 01:26:00,Online
D340,2023-10-05 01:47:00,Busy
D340,2023-10-05 03:17:00,Idle
D340,2023-10-05 03:59:00,Idle
D340,2023-10-05 04:12:00,Offline
D340,2023-10-05 18:12:00,Online
D340,2023-10-05 19:08:00,Idle
D340,2023-10-05 20:03:00,Idle
D340,2023-10-05 20:30:00,Idle
D340,2023-10-05 21:40:00,Busy
D340,2023-10-05 21:57:00,Idle
D340,2023-10-05 22:13:00,Busy
D340,2023-10-05 23:04:00,Offline
D340,2023-10-06 16:04:00,Online
D340,2023-10-06 17:30:00,Idle
D340,2023-10-06 19:09:00,Idle
D340,2023-10-06 20:07:00,Idle
D340,2023-10-06 21:40:00,Idle
D340,2023-10-06 22:21:00,Busy
D340,2023-10-06 23:23:00,Idle
D340,2023-10-07 00:51:00,Idle
D340,2023-10-07 01:14:00,Idle
D340,2023-10-07 02:41:00,Idle
D340,2023-10-07 02:54:00,Offline
D340,2023-10-07 20:54:00,Online
D340,2023-10-07 22:21:00,Busy
D340,2023-10-07 22:56:00,Busy
D340,2023-10-08 00:20:00,Busy
D340,2023-10-08 01:06:00,Idle
D340,2023-10-08 01:42:00,Idle
D340,2023-10-08 02:48:00,Idle
D340,2023-10-08 03:19:00,Idle
D340,2023-10-08 04:43:00,Idle
D340,2023-10-08 05:23:00,Idle
D340,2023-10-08 06:41:00,Busy
D340,2023-10-08 06:56:00,Offline
D340,2023-10-09 05:56:00,Online
D340,2023-10-09 06:37:00,Idle
D340,2023-10-09 08:16:00,Busy
D340,2023-10-09 09:42:00,Busy
D340,2023-10-09 11:23:00,Busy
D340,2023-10-09 11:44:00,Idle
D340,2023-10-09 13:33:00,Busy
D340,2023-10-09 15:09:00,Idle
D340,2023-10-09 16:51:00,Busy
D340,2023-10-09 17:39:00,Idle
D340,2023-10-09 18:49:00,Idle
D340,2023-10-09 19:43:00,Offline
D341,2023-10-04 00:00:00,Online
D341,2023-10-04 00:48:00,Idle
D341,2023-10-04 01:03:00,Busy
D341,2023-10-04 02:24:00,Idle
D341,2023-10-04 03:47:00,Idle
D341,2023-10-04 04:05:00,Busy
D341,2023-10-04 04:20:00,Offline
D341,2023-10-04 20:20:00,Online
D341,2023-10-04 21:59:00,Idle
D341,2023-10-04 23:14:00,Idle
D341,2023-10-05 01:13:00,Busy
D341,2023-10-05 02:28:00,Busy
D341,2023-10-05 04:06:00,Busy
D341,2023-10-05 04:55:00,Busy
D341,2023-10-05 06:35:00,Busy
D341,2023-10-05 07:50:00,Idle
D341,2023-10-05 09:19:00,Busy
D341,2023-10-05 10:13:00,Busy
D341,2023-10-05 11:09:00,Offline
D341,2023-10-06 04:09:00,Online
D341,2023-10-06 06:01:00,Idle
D341,2023-10-06 07:26:00,Busy
D341,2023-10-06 07:58:00,Busy
D341,2023-10-06 09:17:00,Busy
D341,2023-10-06 10:51:00,Busy
D341,2023-10-06 11:55:00,Idle
D341,2023-10-06 13:30:00,Busy
D341,2023-10-06 15:11:00,Idle
D341,2023-10-06 15:44:00,Offline
D341,2023-10-07 07:44:00,Online
D341,2023-10-07 07:59:00,Idle
D341,2023-10-07 08:45:00,Idle
D341,2023-10-07 09:05:00,Idle
D341,2023-10-07 09:24:00,Busy
D341,2023-10-07 10:13:00,Offline
D341,2023-10-08 00:13:00,Online
D341,2023-10-08 02:09:00,Busy
D341,2023-10-08 03:33:00,Idle
D341,2023-10-08 04:54:00,Idle
D341,2023-10-08 06:19:00,Idle
D341,2023-10-08 07:28:00,Idle
D341,2023-10-08 08:29:00,Idle
D341,2023-10-08 09:34:00,Idle
D341,2023-10-08 10:09:00,Idle
D341,2023-10-08 12:07:00,Idle
D341,2023-10-08 13:02:00,Idle
D341,2023-10-08 13:49:00,Offline
D341,2023-10-09 12:49:00,Online
D341,2023-10-09 13:53:00,Idle
D341,2023-10-09 14:20:00,Idle
D341,2023-10-09 15:53:00,Idle
D341,2023-10-09 17:13:00,Idle
D341,2023-10-09 18:35:00,Busy
D341,2023-10-09 19:55:00,Idle
D341,2023-10-09 20:29:00,Idle
D341,2023-10-09 21:16:00,Offline
D341,2023-10-10 19:16:00,Online
D341,2023-10-10 19:45:00,Idle
D341,2023-10-10 21:32:00,Busy
D341,2023-10-10 22:41:00,Busy
D341,2023-10-10 23:08:00,Busy
D341,2023-10-10 23:44:00,Offline
D343,2023-10-01 00:00:00,Online
D343,2023-10-01 01:51:00,Busy
D343,2023-10-01 03:38:00,Idle
D343,2023-10-01 05:12:00,Idle
D343,2023-10-01 07:09:00,Idle
D343,2023-10-01 07:35:00,Busy
D343,2023-10-01 09:15:00,Busy
D343,2023-10-01 09:40:00,Busy
D343,2023-10-01 10:12:00,Busy
D343,2023-10-01 11:09:00,Offline
D343,2023-10-02 00:09:00,Online
D343,2023-10-02 01:52:00,Busy
D343,2023-10-02 03:12:00,Idle
D343,2023-10-02 04:35:00,Busy
D343,2023-10-02 05:37:00,Idle
D343,2023-10-02 06:31:00,Idle
D343,2023-10-02 07:07:00,Offline
D343,2023-10-02 20:07:00,Online
D343,2023-10-02 21:37:00,Busy
D343,2023-10-02 22:51:00,Busy
D343,2023-10-03 00:36:00,Busy
D343,2023-10-03 01:20:00,Idle
D343,2023-10-03 02:27:00,Busy
D343,2023-10-03 03:29:00,Idle
D343,2023-10-03 04:14:00,Idle
D343,2023-10-03 04:26:00,Offline
D343,2023-10-03 17:26:00,Online
D343,2023-10-03 18:03:00,Idle
D343,2023-10-03 18:45:00,Busy
D343,2023-10-03 20:10:00,Idle
D343,2023-10-03 20:24:00,Offline
D343,2023-10-04 15:24:00,Online
D343,2023-10-04 17:18:00,Idle
D343,2023-10-04 18:34:00,Busy
D343,2023-10-04 19:42:00,Idle
D343,2023-10-04 21:29:00,Busy
D343,2023-10-04 22:03:00,Idle
D343,2023-10-04 23:43:00,Idle
D343,2023-10-05 00:49:00,Busy
D343,2023-10-05 01:34:00,Busy
D343,2023-10-05 03:08:00,Idle
D343,2023-10-05 04:09:00,Idle
D343,2023-10-05 04:54:00,Offline
D343,2023-10-05 19:54:00,Online
D343,2023-10-05 21:12:00,Busy
D343,2023-10-05 21:42:00,Idle
D343,2023-10-05 22:05:00,Idle
D343,2023-10-06 00:05:00,Busy
D343,2023-10-06 01:56:00,Busy
D343,2023-10-06 02:50:00,Busy
D343,2023-10-06 03:46:00,Idle
D343,2023-10-06 04:49:00,Idle
D343,2023-10-06 05:25:00,Offline
D343,2023-10-06 19:25:00,Online
D343,2023-10-06 21:14:00,Busy
D343,2023-10-06 22:25:00,Idle
D343,2023-10-07 00:09:00,Idle
D343,2023-10-07 01:10:00,Idle
D343,2023-10-07 02:56:00,Busy
D343,2023-10-07 03:11:00,Offline
D343,2023-10-07 23:11:00,Online
D343,2023-10-08 00:21:00,Busy
D343,2023-10-08 01:00:00,Idle
D343,2023-10-08 01:18:00,Busy
D343,2023-10-08 02:29:00,Busy
D343,2023-10-08 02:59:00,Offline
D343,2023-10-08 22:59:00,Online
D343,2023-10-09 00:01:00,Idle
D343,2023-10-09 01:00:00,Idle
D343,2023-10-09 02:07:00,Idle
D343,2023-10-09 03:56:00,Idle
D343,2023-10-09 05:50:00,Idle
D343,2023-10-09 06:45:00,Idle
D343,2023-10-09 07:41:00,Idle
D343,2023-10-09 08:26:00,Busy
D343,2023-10-09 09:00:00,Busy
D343,2023-10-09 10:43:00,Busy
D343,2023-10-09 11:27:00,Offline
D343,2023-10-10 06:27:00,Online
D343,2023-10-10 08:21:00,Idle
D343,2023-10-10 09:23:00,Idle
D343,2023-10-10 10:50:00,Busy
D343,2023-10-10 11:26:00,Busy
D343,2023-10-10 11:50:00,Busy
D343,2023-10-10 12:45:00,Idle
D343,2023-10-10 13:37:00,Offline
D343,2023-10-11 10:37:00,Online
D343,2023-10-11 11:19:00,Idle
D343,2023-10-11 13:18:00,Idle
D343,2023-10-11 15:03:00,Busy
D343,2023-10-11 16:56:00,Idle
D343,2023-10-11 18:42:00,Idle
D343,2023-10-11 19:13:00,Offline
D344,2023-10-04 00:00:00,Online
D344,2023-10-04 00:54:00,Busy
D344,2023-10-04 01:22:00,Busy
D344,2023-10-04 02:13:00,Idle
D344,2023-10-04 03:27:00,Busy
D344,2023-10-04 05:05:00,Idle
D344,2023-10-04 05:42:00,Idle
D344,2023-10-04 07:30:00,Busy
D344,2023-10-04 08:12:00,Offline
D344,2023-10-05 08:12:00,Online
D344,2023-10-05 10:02:00,Idle
D344,2023-10-05 11:04:00,Idle
D344,2023-10-05 11:42:00,Busy
D344,2023-10-05 13:13:00,Busy
D344,2023-10-05 14:46:00,Busy
D344,2023-10-05 15:46:00,Idle
D344,2023-10-05 16:37:00,Idle
D344,2023-10-05 18:29:00,Busy
D344,2023-10-05 20:28:00,Busy
D344,2023-10-05 21:19:00,Idle
D344,2023-10-05 21:54:00,Offline
D344,2023-10-06 14:54:00,Online
D344,2023-10-06 16:16:00,Busy
D344,2023-10-06 17:01:00,Busy
D344,2023-10-06 17:31:00,Idle
D344,2023-10-06 18:28:00,Idle
D344,2023-10-06 19:11:00,Busy
D344,2023-10-06 19:28:00,Idle
D344,2023-10-06 19:43:00,Idle
D344,2023-10-06 21:06:00,Busy
D344,2023-10-06 21:45:00,Offline
D344,2023-10-07 15:45:00,Online
D344,2023-10-07 16:40:00,Idle
D344,2023-10-07 18:08:00,Busy
D344,2023-10-07 19:57:00,Busy
D344,2023-10-07 21:31:00,Busy
D344,2023-10-07 22:34:00,Idle
D344,2023-10-07 23:18:00,Idle
D344,2023-10-08 00:52:00,Idle
D344,2023-10-08 02:38:00,Idle
D344,2023-10-08 02:53:00,Offline
D344,2023-10-08 16:53:00,Online
D344,2023-10-08 18:44:00,Idle
D344,2023-10-08 20:14:00,Busy
D344,2023-10-08 20:34:00,Busy
D344,2023-10-08 21:09:00,Busy
D344,2023-10-08 21:37:00,Idle
D344,2023-10-08 22:24:00,Idle
D344,2023-10-08 23:27:00,Idle
D344,2023-10-09 00:01:00,Offline
D344,2023-10-10 00:01:00,Online
D344,2023-10-10 01:06:00,Idle
D344,2023-10-10 02:38:00,Idle
D344,2023-10-10 03:40:00,Idle
D344,2023-10-10 05:14:00,Busy
D344,2023-10-10 06:40:00,Idle
D344,2023-10-10 07:56:00,Idle
D344,2023-10-10 08:31:00,Busy
D344,2023-10-10 10:05:00,Idle
D344,2023-10-10 10:48:00,Busy
D344,2023-10-10 11:27:00,Offline
D344,2023-10-11 07:27:00,Online
D344,2023-10-11 09:03:00,Busy
D344,2023-10-11 10:49:00,Busy
D344,2023-10-11 12:49:00,Idle
D344,2023-10-11 13:28:00,Busy
D344,2023-10-11 15:19:00,Idle
D344,2023-10-11 17:09:00,Idle
D344,2023-10-11 18:11:00,Busy
D344,2023-10-11 18:46:00,Idle
D344,2023-10-11 19:06:00,Offline
D344,2023-10-12 15:06:00,Online
D344,2023-10-12 16:21:00,Busy
D344,2023-10-12 17:52:00,Busy
D344,2023-10-12 19:17:00,Busy
D344,2023-10-12 19:32:00,Idle
D344,2023-10-12 20:48:00,Idle
D344,2023-10-12 21:31:00,Idle
D344,2023-10-12 22:07:00,Idle
D344,2023-10-12 22:58:00,Offline
D344,2023-10-13 22:58:00,Online
D344,2023-10-13 23:40:00,Idle
D344,2023-10-14 01:14:00,Idle
D344,2023-10-14 02:36:00,Idle
D344,2023-10-14 03:41:00,Idle
D344,2023-10-14 04:27:00,Busy
D344,2023-10-14 04:49:00,Busy
D344,2023-10-14 05:07:00,Offline
D344,2023-10-15 02:07:00,Online
D344,2023-10-15 03:48:00,Busy
D344,2023-10-15 04:11:00,Idle
D344,2023-10-15 06:02:00,Idle
D344,2023-10-15 07:59:00,Idle
D344,2023-10-15 09:53:00,Idle
D344,2023-10-15 11:45:00,Idle
D344,2023-10-15 13:26:00,Busy
D344,2023-10-15 13:51:00,Offline
D344,2023-10-16 03:51:00,Online
D344,2023-10-16 05:03:00,Busy
D344,2023-10-16 05:48:00,Busy
D344,2023-10-16 07:13:00,Idle
D344,2023-10-16 09:08:00,Busy
D344,2023-10-16 09:54:00,Offline
D344,2023-10-17 07:54:00,Online
D344,2023-10-17 08:56:00,Idle
D344,2023-10-17 09:44:00,Busy
D344,2023-10-17 10:29:00,Busy
D344,2023-10-17 11:19:00,Busy
D344,2023-10-17 12:10:00,Idle
D344,2023-10-17 12:57:00,Offline
D345,2023-10-06 00:00:00,Online
D345,2023-10-06 00:40:00,Busy
D345,2023-10-06 01:44:00,Busy
D345,2023-10-06 02:23:00,Idle
D345,2023-10-06 04:03:00,Idle
D345,2023-10-06 05:36:00,Idle
D345,2023-10-06 06:09:00,Busy
D345,2023-10-06 06:32:00,Offline
D345,2023-10-06 18:32:00,Online
D345,2023-10-06 20:17:00,Idle
D345,2023-10-06 22:08:00,Idle
D345,2023-10-06 22:34:00,Busy
D345,2023-10-06 23:04:00,Busy
D345,2023-10-06 23:20:00,Offline
D345,2023-10-07 14:20:00,Online
D345,2023-10-07 15:50:00,Busy
D345,2023-10-07 17:21:00,Busy
D345,2023-10-07 18:49:00,Busy
D345,2023-10-07 19:49:00,Busy
D345,2023-10-07 20:08:00,Offline
D345,2023-10-08 13:08:00,Online
D345,2023-10-08 13:39:00,Busy
D345,2023-10-08 15:23:00,Busy
D345,2023-10-08 15:56:00,Busy
D345,2023-10-08 16:22:00,Idle
D345,2023-10-08 17:06:00,Idle
D345,2023-10-08 17:58:00,Idle
D345,2023-10-08 18:13:00,Busy
D345,2023-10-08 20:09:00,Idle
D345,2023-10-08 21:17:00,Busy
D345,2023-10-08 22:20:00,Busy
D345,2023-10-08 22:36:00,Offline
D345,2023-10-09 10:36:00,Online
D345,2023-10-09 11:45:00,Busy
D345,2023-10-09 12:56:00,Idle
D345,2023-10-09 14:16:00,Busy
D345,2023-10-09 15:02:00,Idle
D345,2023-10-09 16:52:00,Busy
D345,2023-10-09 18:45:00,Busy
D345,2023-10-09 19:34:00,Busy
D345,2023-10-09 21:07:00,Busy
D345,2023-10-09 22:59:00,Busy
D345,2023-10-09 23:25:00,Offline
D345,2023-10-10 14:25:00,Online
D345,2023-10-10 16:09:00,Idle
D345,2023-10-10 17:08:00,Idle
D345,2023-10-10 17:49:00,Busy
D345,2023-10-10 18:53:00,Idle
D345,2023-10-10 20:21:00,Idle
D345,2023-10-10 21:49:00,Busy
D345,2023-10-10 22:49:00,Offline
D345,2023-10-11 19:49:00,Online
D345,2023-10-11 21:33:00,Idle
D345,2023-10-11 23:20:00,Busy
D345,2023-10-11 23:52:00,Busy
D345,2023-10-12 01:21:00,Idle
D345,2023-10-12 03:10:00,Idle
D345,2023-10-12 04:34:00,Idle
D345,2023-10-12 05:08:00,Offline
D346,2023-10-05 00:00:00,Online
D346,2023-10-05 01:39:00,Idle
D346,2023-10-05 03:35:00,Idle
D346,2023-10-05 05:14:00,Busy
D346,2023-10-05 06:24:00,Idle
D346,2023-10-05 07:12:00,Busy
D346,2023-10-05 07:41:00,Offline
D346,2023-10-06 07:41:00,Online
D346,2023-10-06 08:27:00,Idle
D346,2023-10-06 08:45:00,Idle
D346,2023-10-06 09:42:00,Idle
D346,2023-10-06 11:07:00,Busy
D346,2023-10-06 11:45:00,Idle
D346,2023-10-06 13:44:00,Busy
D346,2023-10-06 14:56:00,Idle
D346,2023-10-06 15:18:00,Offline
D346,2023-10-07 05:18:00,Online
D346,2023-10-07 06:58:00,Idle
D346,2023-10-07 08:47:00,Busy
D346,2023-10-07 09:09:00,Busy
D346,2023-10-07 11:06:00,Idle
D346,2023-10-07 12:41:00,Busy
D346,2023-10-07 14:27:00,Busy
D346,2023-10-07 16:09:00,Busy
D346,2023-10-07 16:47:00,Idle
D346,2023-10-07 18:38:00,Idle
D346,2023-10-07 20:04:00,Idle
D346,2023-10-07 20:36:00,Offline
D346,2023-10-08 10:36:00,Online
D346,2023-10-08 12:05:00,Idle
D346,2023-10-08 12:52:00,Idle
D346,2023-10-08 13:40:00,Idle
D346,2023-10-08 14:37:00,Busy
D346,2023-10-08 16:33:00,Busy
D346,2023-10-08 17:29:00,Offline
D346,2023-10-09 14:29:00,Online
D346,2023-10-09 14:48:00,Idle
D346,2023-10-09 15:59:00,Idle
D346,2023-10-09 16:19:00,Idle
D346,2023-10-09 17:10:00,Idle
D346,2023-10-09 17:57:00,Idle
D346,2023-10-09 18:37:00,Busy
D346,2023-10-09 19:28:00,Busy
D346,2023-10-09 19:53:00,Busy
D346,2023-10-09 20:50:00,Busy
D346,2023-10-09 21:16:00,Offline
D346,2023-10-10 15:16:00,Online
D346,2023-10-10 16:53:00,Busy
D346,2023-10-10 18:37:00,Busy
D346,2023-10-10 19:47:00,Idle
D346,2023-10-10 20:56:00,Busy
D346,2023-10-10 21:37:00,Offline
D346,2023-10-11 18:37:00,Online
D346,2023-10-11 19:58:00,Idle
D346,2023-10-11 20:14:00,Idle
D346,2023-10-11 21:25:00,Idle
D346,2023-10-11 21:59:00,Idle
D346,2023-10-11 23:00:00,Busy
D346,2023-10-12 00:32:00,Busy
D346,2023-10-12 02:06:00,Busy
D346,2023-10-12 03:25:00,Idle
D346,2023-10-12 03:52:00,Offline
D346,2023-10-13 02:52:00,Online
D346,2023-10-13 04:27:00,Busy
D346,2023-10-13 05:21:00,Idle
D346,2023-10-13 05:44:00,Busy
D346,2023-10-13 07:04:00,Idle
D346,2023-10-13 08:19:00,Busy
D346,2023-10-13 09:33:00,Busy
D346,2023-10-13 10:15:00,Idle
D346,2023-10-13 11:50:00,Busy
D346,2023-10-13 12:19:00,Idle
D346,2023-10-13 13:08:00,Offline
D346,2023-10-14 03:08:00,Online
D346,2023-10-14 04:25:00,Idle
D346,2023-10-14 06:21:00,Idle
D346,2023-10-14 07:07:00,Idle
D346,2023-10-14 08:17:00,Busy
D346,2023-10-14 10:13:00,Idle
D346,2023-10-14 11:09:00,Busy
D346,2023-10-14 12:03:00,Busy
D346,2023-10-14 12:29:00,Offline
D346,2023-10-15 09:29:00,Online
D346,2023-10-15 10:07:00,Busy
D346,2023-10-15 10:23:00,Busy
D346,2023-10-15 12:20:00,Idle
D346,2023-10-15 14:03:00,Idle
D346,2023-10-15 14:28:00,Busy
D346,2023-10-15 16:14:00,Busy
D346,2023-10-15 17:03:00,Idle
D346,2023-10-15 17:54:00,Offline
D346,2023-10-16 14:54:00,Online
D346,2023-10-16 16:45:00,Idle
D346,2023-10-16 17:02:00,Busy
D346,2023-10-16 17:47:00,Idle
D346,2023-10-16 18:09:00,Idle
D346,2023-10-16 19:49:00,Idle
D346,2023-10-16 21:14:00,Idle
D346,2023-10-16 22:44:00,Idle
D346,2023-10-16 23:16:00,Idle
D346,2023-10-17 01:05:00,Idle
D346,2023-10-17 02:31:00,Idle
D346,2023-10-17 03:12:00,Offline
D346,2023-10-18 03:12:00,Online
D346,2023-10-18 04:19:00,Idle
D346,2023-10-18 05:32:00,Busy
D346,2023-10-18 06:30:00,Busy
D346,2023-10-18 07:10:00,Idle
D346,2023-10-18 08:09:00,Offline
D346,2023-10-18 20:09:00,Online
D346,2023-10-18 20:58:00,Idle
D346,2023-10-18 22:48:00,Busy
D346,2023-10-19 00:18:00,Busy
D346,2023-10-19 01:16:00,Offline
D347,2023-10-06 00:00:00,Online
D347,2023-10-06 01:31:00,Busy
D347,2023-10-06 02:27:00,Idle
D347,2023-10-06 03:20:00,Busy
D347,2023-10-06 03:52:00,Offline
D347,2023-10-07 03:52:00,Online
D347,2023-10-07 04:56:00,Idle
D347,2023-10-07 06:28:00,Idle
D347,2023-10-07 06:48:00,Idle
D347,2023-10-07 08:10:00,Busy
D347,2023-10-07 10:08:00,Busy
D347,2023-10-07 10:51:00,Offline
D347,2023-10-08 05:51:00,Online
D347,2023-10-08 07:21:00,Idle
D347,2023-10-08 08:25:00,Busy
D347,2023-10-08 09:23:00,Busy
D347,2023-10-08 11:16:00,Busy
D347,2023-10-08 12:01:00,Offline
D347,2023-10-09 03:01:00,Online
D347,2023-10-09 04:25:00,Idle
D347,2023-10-09 05:51:00,Idle
D347,2023-10-09 07:09:00,Idle
D347,2023-10-09 07:28:00,Busy
D347,2023-10-09 08:26:00,Idle
D347,2023-10-09 09:37:00,Busy
D347,2023-10-09 11:07:00,Busy
D347,2023-10-09 12:36:00,Busy
D347,2023-10-09 13:30:00,Offline
D347,2023-10-10 02:30:00,Online
D347,2023-10-10 03:30:00,Busy
D347,2023-10-10 04:42:00,Busy
D347,2023-10-10 06:14:00,Busy
D347,2023-10-10 07:15:00,Idle
D347,2023-10-10 09:09:00,Busy
D347,2023-10-10 09:57:00,Idle
D347,2023-10-10 11:51:00,Idle
D347,2023-10-10 12:15:00,Offline
D347,2023-10-11 10:15:00,Online
D347,2023-10-11 11:43:00,Idle
D347,2023-10-11 12:37:00,Idle
D347,2023-10-11 13:03:00,Busy
D347,2023-10-11 14:36:00,Idle
D347,2023-10-11 14:55:00,Idle
D347,2023-10-11 15:40:00,Busy
D347,2023-10-11 16:16:00,Offline
D347,2023-10-12 04:16:00,Online
D347,2023-10-12 05:50:00,Busy
D347,2023-10-12 06:30:00,Idle
D347,2023-10-12 08:21:00,Idle
D347,2023-10-12 08:36:00,Idle
D347,2023-10-12 10:04:00,Busy
D347,2023-10-12 11:08:00,Idle
D347,2023-10-12 12:22:00,Idle
D347,2023-10-12 13:27:00,Idle
D347,2023-10-12 14:27:00,Offline
D347,2023-10-13 07:27:00,Online
D347,2023-10-13 08:51:00,Busy
D347,2023-10-13 09:52:00,Idle
D347,2023-10-13 10:10:00,Busy
D347,2023-10-13 11:19:00,Idle
D347,2023-10-13 11:48:00,Idle
D347,2023-10-13 12:34:00,Idle
D347,2023-10-13 13:00:00,Offline
D347,2023-10-14 12:00:00,Online
D347,2023-10-14 13:49:00,Busy
D347,2023-10-14 14:17:00,Idle
D347,2023-10-14 16:08:00,Idle
D347,2023-10-14 17:30:00,Idle
D347,2023-10-14 18:23:00,Offline
D347,2023-10-15 12:23:00,Online
D347,2023-10-15 14:05:00,Busy
D347,2023-10-15 15:22:00,Idle
D347,2023-10-15 16:23:00,Busy
D347,2023-10-15 16:49:00,Busy
D347,2023-10-15 18:04:00,Idle
D347,2023-10-15 19:08:00,Busy
D347,2023-10-15 19:54:00,Busy
D347,2023-10-15 20:52:00,Busy
D347,2023-10-15 21:32:00,Offline
D347,2023-10-16 21:32:00,Online
D347,2023-10-16 22:00:00,Busy
D347,2023-10-16 23:55:00,Idle
D347,2023-10-17 01:52:00,Idle
D347,2023-10-17 02:48:00,Busy
D347,2023-10-17 03:37:00,Offline
D347,2023-10-17 23:37:00,Online
D347,2023-10-18 00:17:00,Idle
D347,2023-10-18 00:51:00,Idle
D347,2023-10-18 02:21:00,Idle
D347,2023-10-18 03:44:00,Idle
D347,2023-10-18 05:07:00,Idle
D347,2023-10-18 06:18:00,Busy
D347,2023-10-18 07:07:00,Offline
D347,2023-10-19 05:07:00,Online
D347,2023-10-19 05:56:00,Busy
D347,2023-10-19 07:36:00,Idle
D347,2023-10-19 09:03:00,Idle
D347,2023-10-19 09:22:00,Idle
D347,2023-10-19 09:47:00,Busy
D347,2023-10-19 10:18:00,Busy
D347,2023-10-19 11:41:00,Busy
D347,2023-10-19 12:39:00,Offline
D348,2023-10-01 00:00:00,Online
D348,2023-10-01 01:23:00,Idle
D348,2023-10-01 03:13:00,Busy
D348,2023-10-01 04:03:00,Busy
D348,2023-10-01 05:37:00,Busy
D348,2023-10-01 05:48:00,Offline
D348,2023-10-01 23:48:00,Online
D348,2023-10-02 01:07:00,Busy
D348,2023-10-02 02:33:00,Busy
D348,2023-10-02 03:59:00,Busy
D348,2023-10-02 05:19:00,Idle
D348,2023-10-02 06:40:00,Busy
D348,2023-10-02 07:08:00,Idle
D348,2023-10-02 07:38:00,Offline
D348,2023-10-02 23:38:00,Online
D348,2023-10-03 00:37:00,Busy
D348,2023-10-03 01:22:00,Busy
D348,2023-10-03 03:11:00,Idle
D348,2023-10-03 04:39:00,Busy
D348,2023-10-03 06:21:00,Busy
D348,2023-10-03 08:14:00,Busy
D348,2023-10-03 10:01:00,Busy
D348,2023-10-03 12:01:00,Busy
D348,2023-10-03 12:50:00,Offline
D348,2023-10-04 08:50:00,Online
D348,2023-10-04 10:03:00,Idle
D348,2023-10-04 10:39:00,Idle
D348,2023-10-04 11:44:00,Idle
D348,2023-10-04 13:38:00,Busy
D348,2023-10-04 14:03:00,Offline
D348,2023-10-05 13:03:00,Online
D348,2023-10-05 14:17:00,Busy
D348,2023-10-05 15:20:00,Idle
D348,2023-10-05 17:20:00,Busy
D348,2023-10-05 18:25:00,Idle
D348,2023-10-05 19:12:00,Busy
D348,2023-10-05 20:23:00,Busy
D348,2023-10-05 21:12:00,Idle
D348,2023-10-05 21:48:00,Busy
D348,2023-10-05 22:38:00,Idle
D348,2023-10-05 23:23:00,Busy
D348,2023-10-05 23:48:00,Offline
D348,2023-10-06 11:48:00,Online
D348,2023-10-06 12:33:00,Busy
D348,2023-10-06 13:52:00,Idle
D348,2023-10-06 15:37:00,Busy
D348,2023-10-06 16:21:00,Idle
D348,2023-10-06 17:46:00,Busy
D348,2023-10-06 18:13:00,Idle
D348,2023-10-06 19:49:00,Busy
D348,2023-10-06 21:11:00,Idle
D348,2023-10-06 22:47:00,Idle
D348,2023-10-07 00:20:00,Busy
D348,2023-10-07 00:46:00,Offline
D348,2023-10-07 18:46:00,Online
D348,2023-10-07 19:34:00,Idle
D348,2023-10-07 21:02:00,Idle
D348,2023-10-07 22:09:00,Idle
D348,2023-10-07 22:20:00,Offline
D350,2023-10-03 00:00:00,Online
D350,2023-10-03 01:53:00,Idle
D350,2023-10-03 03:05:00,Busy
D350,2023-10-03 04:39:00,Busy
D350,2023-10-03 05:21:00,Idle
D350,2023-10-03 06:48:00,Idle
D350,2023-10-03 07:34:00,Busy
D350,2023-10-03 09:30:00,Busy
D350,2023-10-03 11:10:00,Busy
D350,2023-10-03 12:25:00,Busy
D350,2023-10-03 12:37:00,Offline
D350,2023-10-04 11:37:00,Online
D350,2023-10-04 11:58:00,Idle
D350,2023-10-04 13:24:00,Idle
D350,2023-10-04 15:10:00,Idle
D350,2023-10-04 16:51:00,Busy
D350,2023-10-04 18:41:00,Idle
D350,2023-10-04 19:58:00,Idle
D350,2023-10-04 21:28:00,Busy
D350,2023-10-04 21:45:00,Offline
D350,2023-10-05 19:45:00,Online
D350,2023-10-05 20:08:00,Idle
D350,2023-10-05 20:45:00,Busy
D350,2023-10-05 21:37:00,Busy
D350,2023-10-05 21:56:00,Busy
D350,2023-10-05 22:23:00,Busy
D350,2023-10-06 00:06:00,Busy
D350,2023-10-06 01:33:00,Busy
D350,2023-10-06 02:46:00,Busy
D350,2023-10-06 03:20:00,Busy
D350,2023-10-06 04:00:00,Offline
D350,2023-10-07 01:00:00,Online
D350,2023-10-07 02:52:00,Busy
D350,2023-10-07 04:49:00,Busy
D350,2023-10-07 05:27:00,Idle
D350,2023-10-07 07:08:00,Idle
D350,2023-10-07 08:54:00,Busy
D350,2023-10-07 09:13:00,Offline
D350,2023-10-08 07:13:00,Online
D350,2023-10-08 08:04:00,Idle
D350,2023-10-08 09:52:00,Idle
D350,2023-10-08 11:10:00,Busy
D350,2023-10-08 11:44:00,Busy
D350,2023-10-08 13:33:00,Idle
D350,2023-10-08 14:35:00,Busy
D350,2023-10-08 16:25:00,Idle
D350,2023-10-08 17:18:00,Busy
D350,2023-10-08 18:23:00,Idle
D350,2023-10-08 19:08:00,Offline
D350,2023-10-09 17:08:00,Online
D350,2023-10-09 18:54:00,Idle
D350,2023-10-09 20:11:00,Idle
D350,2023-10-09 21:14:00,Idle
D350,2023-10-09 22:56:00,Idle
D350,2023-10-10 00:00:00,Idle
D350,2023-10-10 00:28:00,Idle
D350,2023-10-10 01:55:00,Idle
D350,2023-10-10 03:35:00,Idle
D350,2023-10-10 04:33:00,Busy
D350,2023-10-10 05:29:00,Offline
D350,2023-10-10 19:29:00,Online
D350,2023-10-10 20:14:00,Busy
D350,2023-10-10 21:23:00,Idle
D350,2023-10-10 23:09:00,Idle
D350,2023-10-10 23:52:00,Busy
D350,2023-10-11 00:40:00,Busy
D350,2023-10-11 02:37:00,Busy
D350,2023-10-11 03:17:00,Offline
D350,2023-10-11 22:17:00,Online
D350,2023-10-11 23:24:00,Busy
D350,2023-10-11 23:52:00,Busy
D350,2023-10-12 01:28:00,Idle
D350,2023-10-12 03:15:00,Busy
D350,2023-10-12 03:45:00,Offline
D350,2023-10-12 22:45:00,Online
D350,2023-10-13 00:10:00,Idle
D350,2023-10-13 00:29:00,Idle
D350,2023-10-13 01:19:00,Busy
D350,2023-10-13 01:35:00,Idle
D350,2023-10-13 03:05:00,Idle
D350,2023-10-13 03:59:00,Offline
D350,2023-10-14 00:59:00,Online
D350,2023-10-14 01:53:00,Busy
D350,2023-10-14 03:45:00,Idle
D350,2023-10-14 04:05:00,Idle
D350,2023-10-14 06:00:00,Idle
D350,2023-10-14 06:16:00,Idle
D350,2023-10-14 07:03:00,Idle
D350,2023-10-14 08:35:00,Busy
D350,2023-10-14 09:07:00,Offline
D350,2023-10-14 22:07:00,Online
D350,2023-10-14 23:09:00,Busy
D350,2023-10-15 00:08:00,Idle
D350,2023-10-15 00:46:00,Idle
D350,2023-10-15 02:10:00,Idle
D350,2023-10-15 02:25:00,Busy
D350,2023-10-15 04:02:00,Idle
D350,2023-10-15 05:32:00,Idle
D350,2023-10-15 06:06:00,Idle
D350,2023-10-15 07:20:00,Idle
D350,2023-10-15 08:15:00,Offline
D350,2023-10-15 20:15:00,Online
D350,2023-10-15 21:36:00,Busy
D350,2023-10-15 21:52:00,Idle
D350,2023-10-15 23:11:00,Busy
D350,2023-10-15 23:47:00,Idle
D350,2023-10-16 00:05:00,Idle
D350,2023-10-16 00:57:00,Busy
D350,2023-10-16 02:04:00,Busy
D350,2023-10-16 02:38:00,Busy
D350,2023-10-16 03:55:00,Busy
D350,2023-10-16 04:42:00,Offline
D350,2023-10-17 02:42:00,Online
D350,2023-10-17 03:17:00,Busy
D350,2023-10-17 05:05:00,Busy
D350,2023-10-17 06:12:00,Busy
D350,2023-10-17 07:09:00,Offline
D350,2023-10-17 23:09:00,Online
D350,2023-10-18 00:25:00,Idle
D350,2023-10-18 01:14:00,Idle
D350,2023-10-18 02:05:00,Idle
D350,2023-10-18 02:31:00,Idle
D350,2023-10-18 03:04:00,Offline
D350,2023-10-19 01:04:00,Online
D350,2023-10-19 01:59:00,Idle
D350,2023-10-19 02:31:00,Busy
D350,2023-10-19 03:17:00,Busy
D350,2023-10-19 03:47:00,Busy
D350,2023-10-19 04:19:00,Busy
D350,2023-10-19 05:13:00,Busy
D350,2023-10-19 06:08:00,Idle
D350,2023-10-19 07:01:00,Offline
