trip_id,driver_id,rider_id,city,pickup_zone,drop_zone,request_time,pickup_time,drop_time,distance_km,fare,status,cancellation_reason
T1001,D297,R2047,Mumbai,Juhu,Bandra,2023-10-05 19:05:00,2023-10-05 19:20:00,2023-10-05 19:49:00,9.7,213,Completed,
T1002,D169,R4317,Delhi,Dwarka,Saket,2023-10-13 07:34:00,2023-10-13 07:49:00,2023-10-13 08:47:00,18.0,474,Completed,
T1003,D303,R3271,Bangalore,HSR Layout,Koramangala,2023-10-16 01:25:00,2023-10-16 01:28:00,2023-10-16 01:44:00,4.5,161,Completed,
T1004,D318,R1222,Bangalore,Whitefield,Koramangala,2023-10-26 04:50:00,2023-10-26 04:57:00,2023-10-26 05:23:00,6.9,197,Completed,
T1005,D134,R1663,Delhi,Dwarka,Rohini,2023-10-04 18:45:00,2023-10-04 19:00:00,2023-10-04 20:02:00,19.3,517,Completed,
T1006,D172,R3048,Bangalore,Jayanagar,Koramangala,2023-10-09 19:13:00,,,0.0,0.0,Cancelled,Rider Cancelled
T1007,D197,R4806,Mumbai,Colaba,Andheri,2023-10-14 16:24:00,2023-10-14 16:35:00,2023-10-14 17:46:00,22.5,566,Completed,
T1008,D257,R3210,Mumbai,Andheri,Powai,2023-10-09 01:16:00,2023-10-09 01:19:00,2023-10-09 02:09:00,12.8,330,Completed,
T1009,D275,R3315,Delhi,Rohini,Vasant Kunj,2023-10-29 02:08:00,2023-10-29 02:16:00,2023-10-29 02:46:00,11.6,315,Completed,
T1010,D308,R4622,Delhi,Vasant Kunj,Dwarka,2023-10-04 17:27:00,2023-10-04 17:29:00,2023-10-04 17:39:00,3.6,138,Completed,
T1011,D181,R3960,Mumbai,Juhu,Colaba,2023-10-02 06:59:00,2023-10-02 07:02:00,2023-10-02 07:11:00,3.6,131,Completed,
T1012,D178,R1365,Bangalore,Whitefield,Indiranagar,2023-10-11 23:37:00,2023-10-11 23:44:00,2023-10-12 00:17:00,11.1,282,Completed,
T1013,D151,R3392,Delhi,Vasant Kunj,Rohini,2023-10-10 22:14:00,2023-10-10 22:16:00,2023-10-10 22:39:00,7.8,223,Completed,
T1014,D324,R1147,Bangalore,Whitefield,Koramangala,2023-10-01 11:51:00,,,0.0,0.0,Cancelled,Driver Not Found
T1015,D162,R3712,Mumbai,Powai,Andheri,2023-10-30 13:08:00,,,0.0,0.0,Cancelled,Driver Cancelled
T1016,D152,R4521,Bangalore,HSR Layout,Indiranagar,2023-10-11 15:30:00,2023-10-11 15:32:00,2023-10-11 16:43:00,23.2,601,Completed,
T1017,D127,R2286,Bangalore,Indiranagar,HSR Layout,2023-10-20 17:32:00,2023-10-20 17:45:00,2023-10-20 18:36:00,20.6,390,Completed,
T1018,D298,R1714,Bangalore,Jayanagar,HSR Layout,2023-10-14 10:40:00,2023-10-14 10:53:00,2023-10-14 11:33:00,12.6,351,Completed,
T1019,D286,R1030,Mumbai,Powai,Colaba,2023-10-28 04:27:00,2023-10-28 04:31:00,2023-10-28 05:40:00,19.3,358,Completed,
T1020,D331,R3636,Delhi,Vasant Kunj,Saket,2023-10-12 18:42:00,2023-10-12 18:52:00,2023-10-12 20:02:00,18.5,332,Completed,
T1021,D237,R1833,Mumbai,Colaba,Powai,2023-10-06 08:13:00,,,0.0,0.0,Cancelled,Driver Cancelled
T1022,D265,R1585,Mumbai,Bandra,Andheri,2023-10-06 22:06:00,2023-10-06 22:10:00,2023-10-06 22:43:00,11.0,224,Completed,
T1023,D334,R3995,Mumbai,Andheri,Juhu,2023-10-14 11:02:00,2023-10-14 11:05:00,2023-10-14 12:16:00,20.1,470,Completed,
T1024,D121,R4212,Delhi,Dwarka,Connaught Place,2023-10-04 15:16:00,2023-10-04 15:26:00,2023-10-04 16:06:00,13.1,314,Completed,
T1025,D108,R2969,Delhi,Dwarka,Saket,2023-10-22 13:29:00,2023-10-22 13:43:00,2023-10-22 14:23:00,10.9,250,Completed,
T1026,D207,R3227,Delhi,Vasant Kunj,Connaught Place,2023-10-27 18:35:00,2023-10-27 18:44:00,2023-10-27 19:04:00,5.6,171,Completed,
T1027,D283,R2543,Bangalore,Koramangala,Jayanagar,2023-10-16 04:17:00,2023-10-16 04:26:00,2023-10-16 05:04:00,14.1,273,Completed,
T1028,D318,R2898,Bangalore,Jayanagar,Whitefield,2023-10-20 14:43:00,,,0.0,0.0,Cancelled,Rider Cancelled
T1029,D295,R2168,Delhi,Saket,Connaught Place,2023-10-01 21:23:00,2023-10-01 21:38:00,2023-10-01 22:01:00,7.6,218,Completed,
T1030,D178,R4493,Bangalore,Koramangala,Whitefield,2023-10-27 10:25:00,2023-10-27 10:30:00,2023-10-27 10:42:00,3.7,107,Completed,
T1031,D138,R4011,Delhi,Dwarka,Saket,2023-10-01 10:14:00,2023-10-01 10:17:00,2023-10-01 10:42:00,6.9,173,Completed,
T1032,D105,R4620,Delhi,Connaught Place,Vasant Kunj,2023-10-19 01:43:00,2023-10-19 01:45:00,2023-10-19 02:52:00,24.7,600,Completed,
T1033,D127,R4338,Bangalore,Koramangala,Jayanagar,2023-10-21 09:06:00,2023-10-21 09:13:00,2023-10-21 10:30:00,20.4,514,Completed,
T1034,D150,R1493,Mumbai,Colaba,Andheri,2023-10-14 07:29:00,2023-10-14 07:38:00,2023-10-14 08:08:00,11.6,241,Completed,
T1035,D197,R3407,Mumbai,Powai,Colaba,2023-10-18 09:42:00,2023-10-18 09:47:00,2023-10-18 10:44:00,20.7,504,Completed,
T1036,D138,R3202,Delhi,Dwarka,Rohini,2023-10-15 09:46:00,2023-10-15 09:51:00,2023-10-15 10:10:00,5.8,152,Completed,
T1037,D172,R2864,Bangalore,Jayanagar,HSR Layout,2023-10-21 14:41:00,2023-10-21 14:50:00,2023-10-21 15:14:00,8.3,190,Completed,
T1038,D250,R2229,Mumbai,Juhu,Bandra,2023-10-21 01:21:00,2023-10-21 01:34:00,2023-10-21 01:42:00,2.3,92,Completed,
T1039,D102,R1628,Delhi,Vasant Kunj,Connaught Place,2023-10-24 07:09:00,2023-10-24 07:20:00,2023-10-24 08:15:00,14.9,333,Completed,
T1040,D255,R1768,Bangalore,Jayanagar,Indiranagar,2023-10-12 23:39:00,,,0.0,0.0,Cancelled,Rider Cancelled
T1041,D258,R3332,Bangalore,Koramangala,Whitefield,2023-10-01 19:25:00,2023-10-01 19:27:00,2023-10-01 19:55:00,7.5,226,Completed,
T1042,D160,R1293,Bangalore,HSR Layout,Jayanagar,2023-10-09 10:25:00,2023-10-09 10:40:00,2023-10-09 11:10:00,9.0,195,Completed,
T1043,D269,R4260,Delhi,Rohini,Dwarka,2023-10-03 04:20:00,2023-10-03 04:28:00,2023-10-03 05:10:00,11.2,218,Completed,
T1044,D125,R1443,Bangalore,HSR Layout,Koramangala,2023-10-23 20:57:00,,,0.0,0.0,Cancelled,Rider Cancelled
T1045,D107,R1796,Delhi,Connaught Place,Rohini,2023-10-06 15:03:00,2023-10-06 15:09:00,2023-10-06 15:28:00,6.8,156,Completed,
T1046,D126,R2537,Bangalore,Indiranagar,Whitefield,2023-10-01 12:26:00,2023-10-01 12:28:00,2023-10-01 12:54:00,8.9,257,Completed,
T1047,D272,R1246,Bangalore,Koramangala,Whitefield,2023-10-10 14:42:00,2023-10-10 14:55:00,2023-10-10 15:24:00,7.8,223,Completed,
T1048,D104,R2615,Mumbai,Powai,Juhu,2023-10-11 06:07:00,2023-10-11 06:21:00,2023-10-11 07:48:00,23.9,512,Completed,
T1049,D305,R3360,Mumbai,Juhu,Colaba,2023-10-27 13:17:00,2023-10-27 13:31:00,2023-10-27 13:41:00,2.8,103,Completed,
T1050,D107,R1971,Delhi,Vasant Kunj,Dwarka,2023-10-28 09:10:00,2023-10-28 09:23:00,2023-10-28 10:05:00,13.1,-368,Completed,
T1051,D326,R3372,Bangalore,Jayanagar,Koramangala,2023-10-09 06:28:00,2023-10-09 06:43:00,2023-10-09 07:36:00,16.3,319,Completed,
T1052,D266,R2562,Delhi,Saket,Rohini,2023-10-23 02:06:00,,,0.0,0.0,Cancelled,Driver Cancelled
T1053,D208,R2869,Mumbai,Colaba,Juhu,2023-10-17 04:25:00,2023-10-17 04:36:00,2023-10-17 04:52:00,4.5,130,Completed,
T1054,D107,R4936,Delhi,Rohini,Connaught Place,2023-10-04 04:49:00,2023-10-04 04:51:00,2023-10-04 05:11:00,5.9,144,Completed,
T1055,D208,R1467,Mumbai,Juhu,Colaba,2023-10-26 15:10:00,,,0.0,0.0,Cancelled,Driver Not Found
T1056,D326,R2932,Bangalore,Whitefield,HSR Layout,2023-10-16 23:46:00,2023-10-17 00:00:00,2023-10-17 00:19:00,7.0,214,Completed,
T1057,D265,R3895,Mumbai,Andheri,Juhu,2023-10-23 19:55:00,2023-10-23 20:01:00,2023-10-23 20:30:00,11.5,309,Completed,
T1058,D211,R1229,Delhi,Dwarka,Saket,2023-10-07 23:48:00,2023-10-07 23:53:00,2023-10-08 00:03:00,3.8,132,Completed,
T1059,D295,R3596,Delhi,Connaught Place,Rohini,2023-10-11 22:44:00,2023-10-11 22:52:00,2023-10-11 23:36:00,16.0,290,Completed,
T1060,D192,R4297,Delhi,Saket,Dwarka,2023-10-06 10:39:00,2023-10-06 10:46:00,2023-10-06 10:55:00,3.6,125,Completed,
T1061,D170,R1145,Mumbai,Juhu,Powai,2023-10-27 13:22:00,2023-10-27 13:26:00,2023-10-27 13:47:00,5.6,155,Completed,
T1062,D213,R2598,Mumbai,Colaba,Juhu,2023-10-06 12:42:00,2023-10-06 12:46:00,2023-10-06 13:23:00,11.7,258,Completed,
T1063,D195,R4772,Delhi,Saket,Rohini,2023-10-23 06:33:00,2023-10-23 06:36:00,2023-10-23 06:46:00,3.7,108,Completed,
T1064,D251,R3101,Delhi,Dwarka,Connaught Place,2023-10-25 14:11:00,2023-10-25 14:17:00,2023-10-25 14:35:00,6.0,157,Completed,
T1065,D299,R3675,Delhi,Dwarka,Rohini,2023-10-05 21:29:00,2023-10-05 21:36:00,2023-10-05 22:31:00,22.1,505,Completed,
T1066,D262,R3799,Mumbai,Colaba,Juhu,2023-10-12 14:21:00,2023-10-12 14:35:00,2023-10-12 15:52:00,24.6,481,Completed,
T1067,D163,R1692,Bangalore,HSR Layout,Indiranagar,2023-10-17 02:20:00,2023-10-17 02:35:00,2023-10-17 03:08:00,9.1,248,Completed,
T1068,D107,R2379,Delhi,Vasant Kunj,Saket,2023-10-04 14:06:00,2023-10-04 14:21:00,2023-10-04 15:22:00,24.1,573,Completed,
T1069,D230,R1796,Delhi,Rohini,Vasant Kunj,2023-10-02 08:44:00,2023-10-02 08:46:00,2023-10-02 09:03:00,4.9,128,Completed,
T1070,D107,R1663,Delhi,Connaught Place,Rohini,2023-10-21 03:21:00,2023-10-21 03:26:00,2023-10-21 04:27:00,18.7,515,Completed,
T1071,D263,R2607,Delhi,Connaught Place,Saket,2023-10-25 05:42:00,2023-10-25 05:45:00,2023-10-25 07:03:00,21.1,380,Completed,
T1072,D149,R2598,Delhi,Connaught Place,Dwarka,2023-10-15 21:00:00,2023-10-15 21:15:00,2023-10-15 22:01:00,13.4,252,Completed,
T1073,D342,R1904,Delhi,Rohini,Saket,2023-10-26 05:03:00,2023-10-26 05:13:00,2023-10-26 06:13:00,22.3,469,Completed,
T1074,D165,R4256,Mumbai,Bandra,Juhu,2023-10-13 02:14:00,,,0.0,0.0,Cancelled,Driver Cancelled
T1075,D328,R3901,Delhi,Vasant Kunj,Connaught Place,2023-10-22 12:21:00,2023-10-22 12:30:00,2023-10-22 13:38:00,20.8,436,Completed,
T1076,D144,R1972,Mumbai,Powai,Andheri,2023-10-19 09:29:00,2023-10-19 09:38:00,2023-10-19 09:45:00,2.1,88,Completed,
T1077,D175,R2280,Bangalore,HSR Layout,Whitefield,2023-10-05 04:51:00,2023-10-05 04:58:00,2023-10-05 05:09:00,3.3,114,Completed,
T1078,D194,R2964,Delhi,Connaught Place,Rohini,2023-10-18 21:12:00,2023-10-18 21:14:00,2023-10-18 22:16:00,23.4,502,Completed,
T1079,D219,R2801,Delhi,Dwarka,Saket,2023-10-06 05:31:00,2023-10-06 05:42:00,2023-10-06 05:58:00,4.9,163,Completed,
T1080,D251,R3220,Delhi,Dwarka,Saket,2023-10-14 10:24:00,2023-10-14 10:33:00,2023-10-14 10:41:00,2.6,114,Completed,
T1081,D304,R2410,Mumbai,Bandra,Powai,2023-10-09 19:34:00,2023-10-09 19:40:00,2023-10-09 20:28:00,13.9,290,Completed,
T1082,D299,R3284,Delhi,Dwarka,Saket,2023-10-01 21:37:00,2023-10-01 21:41:00,2023-10-01 22:18:00,11.7,293,Completed,
T1083,D271,R3430,Delhi,Connaught Place,Vasant Kunj,2023-10-19 14:56:00,2023-10-19 15:01:00,2023-10-19 15:10:00,3.5,133,Completed,
T1084,D325,R4981,Delhi,Dwarka,Vasant Kunj,2023-10-12 08:36:00,2023-10-12 08:49:00,2023-10-12 09:57:00,18.0,349,Completed,
T1085,D293,R1498,Mumbai,Bandra,Juhu,2023-10-17 22:32:00,2023-10-17 22:39:00,2023-10-17 23:48:00,19.7,464,Completed,
T1086,D160,R4088,Bangalore,Whitefield,Indiranagar,2023-10-07 02:32:00,2023-10-07 02:43:00,2023-10-07 03:00:00,5.7,153,Completed,
T1087,D145,R2912,Delhi,Rohini,Connaught Place,2023-10-12 00:56:00,2023-10-12 01:06:00,2023-10-12 01:48:00,13.5,284,Completed,
T1088,D318,R1723,Bangalore,Koramangala,Indiranagar,2023-10-19 05:55:00,2023-10-19 06:09:00,2023-10-19 06:42:00,12.2,308,Completed,
T1089,D274,R3604,Bangalore,Whitefield,Koramangala,2023-10-07 00:51:00,2023-10-07 01:05:00,2023-10-07 01:51:00,18.4,375,Completed,
T1090,D319,R1761,Delhi,Dwarka,Vasant Kunj,2023-10-02 01:24:00,2023-10-02 01:29:00,2023-10-02 01:58:00,10.7,272,Completed,
T1091,D170,R1850,Mumbai,Powai,Colaba,2023-10-23 11:41:00,2023-10-23 11:55:00,2023-10-23 12:57:00,17.1,446,Completed,
T1092,D209,R1583,Delhi,Connaught Place,Saket,2023-10-08 16:35:00,2023-10-08 16:50:00,2023-10-08 17:55:00,19.4,370,Completed,
T1093,D281,R3054,Mumbai,Bandra,Colaba,2023-10-15 14:26:00,2023-10-15 14:33:00,2023-10-15 15:30:00,22.9,547,Completed,
T1094,D343,R2926,Mumbai,Bandra,Andheri,2023-10-07 02:21:00,2023-10-07 02:23:00,2023-10-07 03:25:00,16.1,300,Completed,
T1095,D288,R2712,Mumbai,Bandra,Powai,2023-10-27 10:16:00,2023-10-27 10:20:00,2023-10-27 11:49:00,23.4,450,Completed,
T1096,D329,R2643,Bangalore,Jayanagar,HSR Layout,2023-10-20 21:05:00,2023-10-20 21:10:00,2023-10-20 22:47:00,24.6,501,Completed,
T1097,D108,R1456,Delhi,Vasant Kunj,Connaught Place,2023-10-23 06:48:00,2023-10-23 06:56:00,2023-10-23 07:19:00,8.0,227,Completed,
T1098,D304,R1663,Mumbai,Juhu,Andheri,2023-10-29 15:59:00,2023-10-29 16:10:00,2023-10-29 17:01:00,20.1,442,Completed,
T1099,D132,R2679,Bangalore,Jayanagar,Indiranagar,2023-10-16 09:06:00,2023-10-16 09:21:00,2023-10-16 09:51:00,8.1,181,Completed,
T1100,D9999,R1317,Bangalore,HSR Layout,Koramangala,2023-10-28 17:01:00,2023-10-28 17:06:00,2023-10-28 17:29:00,7.9,242,Completed,
T1101,D242,R3921,Mumbai,Powai,Colaba,2023-10-21 18:12:00,2023-10-21 18:21:00,2023-10-21 18:34:00,5.0,148,Completed,
T1102,D327,R2900,Bangalore,Koramangala,Indiranagar,2023-10-19 01:12:00,2023-10-19 01:20:00,2023-10-19 01:34:00,3.8,140,Completed,
T1103,D244,R1708,Delhi,Rohini,Vasant Kunj,2023-10-05 12:15:00,,,0.0,0.0,Cancelled,Driver Cancelled
T1104,D117,R4120,Mumbai,Andheri,Juhu,2023-10-17 19:38:00,2023-10-17 19:51:00,2023-10-17 20:36:00,17.5,313,Completed,
T1105,D317,R3459,Bangalore,HSR Layout,Koramangala,2023-10-21 14:21:00,2023-10-21 14:33:00,2023-10-21 15:04:00,8.2,206,Completed,
T1106,D198,R2837,Bangalore,HSR Layout,Whitefield,2023-10-30 09:07:00,2023-10-30 09:18:00,2023-10-30 09:46:00,7.4,168,Completed,
T1107,D154,R3379,Delhi,Rohini,Saket,2023-10-17 08:36:00,2023-10-17 08:46:00,2023-10-17 09:55:00,18.8,423,Completed,
T1108,D232,R1051,Bangalore,Indiranagar,Koramangala,2023-10-22 10:25:00,2023-10-22 10:37:00,2023-10-22 11:24:00,14.4,319,Completed,
T1109,D164,R2197,Mumbai,Andheri,Bandra,2023-10-10 22:26:00,2023-10-10 22:36:00,2023-10-10 23:05:00,8.0,222,Completed,
T1110,D291,R1453,Bangalore,HSR Layout,Whitefield,2023-10-30 22:52:00,2023-10-30 23:06:00,2023-10-30 23:22:00,4.2,124,Completed,
T1111,D234,R3726,Delhi,Connaught Place,Saket,2023-10-26 03:30:00,2023-10-26 03:35:00,2023-10-26 03:42:00,2.7,114,Completed,
T1112,D142,R3778,Delhi,Saket,Dwarka,2023-10-07 15:50:00,2023-10-07 16:02:00,2023-10-07 16:10:00,2.6,101,Completed,
T1113,D320,R3839,Mumbai,Juhu,Bandra,2023-10-15 08:02:00,2023-10-15 08:15:00,2023-10-15 08:25:00,3.8,110,Completed,
T1114,D129,R2360,Mumbai,Colaba,Bandra,2023-10-23 11:27:00,2023-10-23 11:39:00,2023-10-23 12:11:00,8.8,268,Completed,
T1115,D282,R4538,Delhi,Rohini,Connaught Place,2023-10-30 08:58:00,2023-10-30 09:13:00,2023-10-30 09:26:00,3.8,111,Completed,
T1116,D282,R2626,Delhi,Saket,Rohini,2023-10-09 04:42:00,2023-10-09 04:44:00,2023-10-09 05:28:00,11.2,235,Completed,
T1117,D288,R2789,Mumbai,Powai,Bandra,2023-10-21 22:05:00,2023-10-21 22:08:00,2023-10-21 22:54:00,18.5,470,Completed,
T1118,D116,R3098,Delhi,Rohini,Dwarka,2023-10-24 02:02:00,2023-10-24 02:04:00,2023-10-24 02:46:00,11.8,286,Completed,
T1119,D142,R4317,Delhi,Connaught Place,Saket,2023-10-18 00:17:00,2023-10-18 00:30:00,2023-10-18 00:59:00,11.7,279,Completed,
T1120,D224,R3365,Bangalore,HSR Layout,Indiranagar,2023-10-30 09:49:00,,,0.0,0.0,Cancelled,Payment Issue
T1121,D162,R4442,Mumbai,Andheri,Powai,2023-10-18 01:41:00,2023-10-18 01:52:00,2023-10-18 02:40:00,14.9,341,Completed,
T1122,D327,R4911,Bangalore,Whitefield,HSR Layout,2023-10-04 06:22:00,2023-10-04 06:34:00,2023-10-04 06:48:00,5.3,134,Completed,
T1123,D167,R2250,Delhi,Connaught Place,Vasant Kunj,2023-10-15 15:06:00,2023-10-15 15:10:00,2023-10-15 16:32:00,21.8,565,Completed,
T1124,D337,R2021,Mumbai,Colaba,Andheri,2023-10-08 02:16:00,2023-10-08 02:21:00,2023-10-08 03:10:00,17.7,480,Completed,
T1125,D148,R1963,Mumbai,Bandra,Powai,2023-10-08 03:23:00,2023-10-08 03:31:00,2023-10-08 03:41:00,3.0,102,Completed,
T1126,D223,R3644,Delhi,Dwarka,Vasant Kunj,2023-10-22 15:05:00,2023-10-22 15:17:00,2023-10-22 15:57:00,12.6,306,Completed,
T1127,D268,R3148,Mumbai,Colaba,Bandra,2023-10-07 06:02:00,2023-10-07 06:13:00,2023-10-07 06:47:00,11.5,336,Completed,
T1128,D251,R2402,Delhi,Vasant Kunj,Connaught Place,2023-10-06 02:23:00,2023-10-06 02:26:00,2023-10-06 02:34:00,3.1,125,Completed,
T1129,D128,R3721,Bangalore,HSR Layout,Koramangala,2023-10-01 20:57:00,2023-10-01 21:11:00,2023-10-01 21:55:00,13.1,356,Completed,
T1130,D326,R4698,Bangalore,Jayanagar,HSR Layout,2023-10-19 03:21:00,2023-10-19 03:30:00,2023-10-19 05:00:00,24.1,573,Completed,
T1131,D148,R4022,Mumbai,Powai,Juhu,2023-10-19 21:47:00,2023-10-19 21:55:00,2023-10-19 22:13:00,6.1,187,Completed,
T1132,D259,R4213,Delhi,Saket,Dwarka,2023-10-15 21:13:00,,,0.0,0.0,Cancelled,Driver Cancelled
T1133,D117,R3774,Mumbai,Andheri,Colaba,2023-10-06 20:40:00,2023-10-06 20:44:00,2023-10-06 21:18:00,9.9,260,Completed,
T1134,D131,R3593,Bangalore,Koramangala,Jayanagar,2023-10-28 20:17:00,2023-10-28 20:29:00,2023-10-28 20:47:00,6.8,155,Completed,
T1135,D222,R2147,Mumbai,Powai,Bandra,2023-10-02 04:37:00,2023-10-02 04:52:00,2023-10-02 05:20:00,9.5,194,Completed,
T1136,D205,R1421,Bangalore,Whitefield,HSR Layout,2023-10-18 18:43:00,2023-10-18 18:52:00,2023-10-18 19:24:00,11.8,238,Completed,
T1137,D287,R2574,Delhi,Dwarka,Rohini,2023-10-19 03:17:00,2023-10-19 03:31:00,2023-10-19 03:47:00,5.1,134,Completed,
T1138,D147,R2309,Mumbai,Colaba,Juhu,2023-10-17 09:36:00,2023-10-17 09:44:00,2023-10-17 10:57:00,20.5,502,Completed,
T1139,D301,R2697,Mumbai,Powai,Bandra,2023-10-18 05:38:00,2023-10-18 05:45:00,2023-10-18 06:33:00,14.6,297,Completed,
T1140,D209,R2439,Delhi,Connaught Place,Saket,2023-10-04 20:42:00,2023-10-04 20:57:00,2023-10-04 21:54:00,17.4,416,Completed,
T1141,D195,R2066,Delhi,Saket,Dwarka,2023-10-01 06:11:00,2023-10-01 06:26:00,2023-10-01 07:20:00,20.5,543,Completed,
T1142,D229,R3335,Mumbai,Andheri,Juhu,2023-10-13 14:19:00,,,0.0,0.0,Cancelled,Rider Cancelled
T1143,D142,R1908,Delhi,Connaught Place,Rohini,2023-10-29 01:06:00,,,0.0,0.0,Cancelled,Driver Not Found
T1144,D281,R3740,Mumbai,Juhu,Andheri,2023-10-15 18:13:00,,,0.0,0.0,Cancelled,Driver Not Found
T1145,D290,R4260,Bangalore,Koramangala,Indiranagar,2023-10-11 04:51:00,2023-10-11 05:00:00,2023-10-11 05:33:00,9.5,210,Completed,
T1146,D290,R2218,Bangalore,HSR Layout,Jayanagar,2023-10-09 14:47:00,2023-10-09 14:51:00,2023-10-09 15:45:00,20.0,533,Completed,
T1147,D320,R3694,Mumbai,Powai,Colaba,2023-10-08 03:18:00,2023-10-08 03:21:00,2023-10-08 03:45:00,6.4,203,Completed,
T1148,D337,R1883,Mumbai,Bandra,Powai,2023-10-08 00:32:00,,,0.0,0.0,Cancelled,Driver Not Found
T1149,D132,R2103,Bangalore,Jayanagar,Indiranagar,2023-10-10 18:38:00,2023-10-10 18:40:00,2023-10-10 19:57:00,24.4,535,Completed,
T1150,D206,R3701,Bangalore,HSR Layout,Whitefield,2023-10-04 10:32:00,2023-10-04 10:35:00,2023-10-04 10:56:00,6.1,-178,Completed,
T1151,D157,R1710,Mumbai,Andheri,Bandra,2023-10-14 15:40:00,2023-10-14 15:53:00,2023-10-14 17:10:00,20.0,352,Completed,
T1152,D148,R2365,Mumbai,Powai,Andheri,2023-10-01 16:31:00,2023-10-01 16:46:00,2023-10-01 18:02:00,23.0,557,Completed,
T1153,D109,R2293,Mumbai,Bandra,Colaba,2023-10-30 21:53:00,2023-10-30 22:08:00,2023-10-30 23:30:00,24.1,450,Completed,
T1154,D111,R1909,Bangalore,Koramangala,Whitefield,2023-10-06 09:19:00,2023-10-06 09:24:00,2023-10-06 10:54:00,23.3,606,Completed,
T1155,D266,R2407,Delhi,Dwarka,Saket,2023-10-24 10:35:00,2023-10-24 10:43:00,2023-10-24 11:23:00,15.7,440,Completed,
T1156,D243,R4088,Delhi,Rohini,Saket,2023-10-07 23:34:00,2023-10-07 23:36:00,2023-10-08 01:00:00,22.7,450,Completed,
T1157,D193,R4496,Bangalore,Koramangala,HSR Layout,2023-10-29 15:23:00,2023-10-29 15:29:00,2023-10-29 16:01:00,9.4,248,Completed,
T1158,D115,R3126,Bangalore,HSR Layout,Indiranagar,2023-10-09 01:17:00,2023-10-09 01:30:00,2023-10-09 01:38:00,3.2,115,Completed,
T1159,D305,R4959,Mumbai,Bandra,Powai,2023-10-08 07:09:00,2023-10-08 07:24:00,2023-10-08 08:00:00,9.4,261,Completed,
T1160,D272,R3184,Bangalore,Jayanagar,Whitefield,2023-10-06 13:08:00,2023-10-06 13:10:00,2023-10-06 13:47:00,11.8,336,Completed,
T1161,D229,R4499,Mumbai,Andheri,Powai,2023-10-01 02:32:00,2023-10-01 02:36:00,2023-10-01 03:16:00,10.1,258,Completed,
T1162,D178,R3000,Bangalore,Koramangala,Jayanagar,2023-10-02 22:53:00,,,0.0,0.0,Cancelled,Rider Cancelled
T1163,D303,R1193,Bangalore,Koramangala,Indiranagar,2023-10-10 22:19:00,2023-10-10 22:34:00,2023-10-10 23:03:00,9.1,208,Completed,
T1164,D284,R4684,Bangalore,Jayanagar,Indiranagar,2023-10-01 09:15:00,2023-10-01 09:27:00,2023-10-01 10:24:00,16.1,435,Completed,
T1165,D300,R1442,Delhi,Vasant Kunj,Connaught Place,2023-10-19 21:45:00,2023-10-19 21:54:00,2023-10-19 23:13:00,20.0,449,Completed,
T1166,D248,R2670,Bangalore,Koramangala,Indiranagar,2023-10-26 14:44:00,2023-10-26 14:54:00,2023-10-26 16:09:00,23.8,415,Completed,
T1167,D185,R4606,Mumbai,Colaba,Andheri,2023-10-19 12:42:00,2023-10-19 12:49:00,2023-10-19 13:43:00,20.1,478,Completed,
T1168,D301,R2711,Mumbai,Powai,Colaba,2023-10-01 13:21:00,2023-10-01 13:26:00,2023-10-01 14:44:00,24.1,617,Completed,
T1169,D324,R2252,Bangalore,Indiranagar,Whitefield,2023-10-01 17:32:00,2023-10-01 17:36:00,2023-10-01 18:35:00,18.6,500,Completed,
T1170,D159,R4998,Mumbai,Juhu,Andheri,2023-10-21 16:18:00,,,0.0,0.0,Cancelled,Other
T1171,D297,R3360,Mumbai,Juhu,Powai,2023-10-19 08:54:00,2023-10-19 09:06:00,2023-10-19 09:51:00,17.7,455,Completed,
T1172,D350,R3558,Bangalore,Whitefield,Koramangala,2023-10-01 04:56:00,2023-10-01 05:06:00,2023-10-01 06:16:00,20.0,410,Completed,
T1173,D292,R2497,Delhi,Vasant Kunj,Rohini,2023-10-01 15:18:00,2023-10-01 15:20:00,2023-10-01 16:22:00,23.5,600,Completed,
T1174,D150,R1160,Mumbai,Colaba,Juhu,2023-10-22 03:58:00,2023-10-22 04:03:00,2023-10-22 04:31:00,11.0,303,Completed,
T1175,D197,R2413,Mumbai,Andheri,Bandra,2023-10-15 03:47:00,2023-10-15 03:53:00,2023-10-15 05:25:00,24.9,488,Completed,
T1176,D143,R2567,Delhi,Connaught Place,Dwarka,2023-10-19 20:33:00,2023-10-19 20:45:00,2023-10-19 21:50:00,19.1,362,Completed,
T1177,D176,R4354,Mumbai,Andheri,Juhu,2023-10-08 20:27:00,2023-10-08 20:37:00,2023-10-08 21:09:00,11.3,297,Completed,
T1178,D136,R1825,Bangalore,Indiranagar,Whitefield,2023-10-02 15:10:00,2023-10-02 15:13:00,2023-10-02 15:35:00,7.5,192,Completed,
T1179,D268,R1151,Mumbai,Andheri,Powai,2023-10-18 07:29:00,2023-10-18 07:38:00,2023-10-18 08:32:00,18.6,346,Completed,
T1180,D269,R1559,Delhi,Dwarka,Connaught Place,2023-10-25 10:49:00,2023-10-25 11:02:00,2023-10-25 12:24:00,21.9,452,Completed,
T1181,D115,R3971,Bangalore,Koramangala,Indiranagar,2023-10-10 13:55:00,2023-10-10 13:57:00,2023-10-10 14:28:00,10.0,290,Completed,
T1182,D192,R3766,Delhi,Rohini,Saket,2023-10-15 07:30:00,2023-10-15 07:34:00,2023-10-15 08:20:00,13.1,309,Completed,
T1183,D299,R4234,Delhi,Saket,Vasant Kunj,2023-10-20 02:48:00,2023-10-20 02:59:00,2023-10-20 03:48:00,13.8,383,Completed,
T1184,D104,R3352,Mumbai,Andheri,Colaba,2023-10-11 16:44:00,,,0.0,0.0,Cancelled,Driver Not Found
T1185,D317,R3743,Bangalore,HSR Layout,Whitefield,2023-10-04 09:16:00,2023-10-04 09:27:00,2023-10-04 10:48:00,21.8,481,Completed,
T1186,D204,R4372,Bangalore,HSR Layout,Jayanagar,2023-10-21 19:25:00,2023-10-21 19:35:00,2023-10-21 20:14:00,13.6,379,Completed,
T1187,D243,R1146,Delhi,Connaught Place,Saket,2023-10-04 02:41:00,2023-10-04 02:46:00,2023-10-04 03:32:00,16.8,469,Completed,
T1188,D247,R2225,Mumbai,Juhu,Bandra,2023-10-10 00:56:00,2023-10-10 01:03:00,2023-10-10 01:19:00,5.7,177,Completed,
T1189,D195,R3199,Delhi,Connaught Place,Vasant Kunj,2023-10-11 16:59:00,2023-10-11 17:12:00,2023-10-11 17:22:00,3.6,135,Completed,
T1190,D284,R4237,Bangalore,Indiranagar,Whitefield,2023-10-18 07:20:00,2023-10-18 07:23:00,2023-10-18 07:38:00,4.1,119,Completed,
T1191,D315,R1704,Mumbai,Powai,Andheri,2023-10-09 21:08:00,2023-10-09 21:15:00,2023-10-09 21:32:00,4.7,153,Completed,
T1192,D130,R4267,Bangalore,Koramangala,Jayanagar,2023-10-14 20:55:00,2023-10-14 21:03:00,2023-10-14 21:52:00,14.8,280,Completed,
T1193,D251,R1501,Delhi,Dwarka,Vasant Kunj,2023-10-17 22:55:00,2023-10-17 23:04:00,2023-10-18 00:05:00,15.6,416,Completed,
T1194,D109,R1870,Mumbai,Andheri,Powai,2023-10-05 12:43:00,2023-10-05 12:54:00,2023-10-05 13:47:00,13.4,311,Completed,
T1195,D299,R2299,Delhi,Vasant Kunj,Connaught Place,2023-10-16 20:46:00,2023-10-16 20:52:00,2023-10-16 22:00:00,18.7,399,Completed,
T1196,D126,R4550,Bangalore,Indiranagar,Jayanagar,2023-10-20 12:41:00,2023-10-20 12:47:00,2023-10-20 13:20:00,11.2,304,Completed,
T1197,D152,R4764,Bangalore,HSR Layout,Koramangala,2023-10-15 13:28:00,2023-10-15 13:40:00,2023-10-15 14:42:00,19.4,452,Completed,
T1198,D166,R2291,Mumbai,Powai,Bandra,2023-10-20 17:41:00,,,0.0,0.0,Cancelled,Driver Cancelled
T1199,D328,R4438,Delhi,Saket,Vasant Kunj,2023-10-10 17:06:00,2023-10-10 17:09:00,2023-10-10 17:16:00,2.2,90,Completed,
T1200,D323,R2754,Bangalore,Jayanagar,Whitefield,2023-10-07 19:06:00,2023-10-07 19:14:00,2023-10-07 20:16:00,19.7,467,Completed,
T1201,D281,R1768,Mumbai,Bandra,Colaba,2023-10-28 18:27:00,2023-10-28 18:42:00,2023-10-28 19:25:00,12.3,295,Completed,
T1202,D314,R1045,Delhi,Saket,Vasant Kunj,2023-10-12 15:28:00,2023-10-12 15:34:00,2023-10-12 16:32:00,21.4,459,Completed,
T1203,D305,R4087,Mumbai,Bandra,Andheri,2023-10-27 00:23:00,2023-10-27 00:26:00,2023-10-27 01:20:00,21.6,422,Completed,
T1204,D187,R3291,Mumbai,Juhu,Andheri,2023-10-25 18:42:00,2023-10-25 18:53:00,2023-10-25 19:36:00,11.0,323,Completed,
T1205,D153,R2702,Bangalore,Jayanagar,HSR Layout,2023-10-17 07:43:00,,,0.0,0.0,Cancelled,Driver Cancelled
T1206,D217,R1955,Delhi,Dwarka,Connaught Place,2023-10-14 19:04:00,2023-10-14 19:14:00,2023-10-14 20:13:00,15.0,355,Completed,
T1207,D226,R2998,Bangalore,HSR Layout,Whitefield,2023-10-03 12:29:00,,,0.0,0.0,Cancelled,Driver Cancelled
T1208,D301,R3036,Mumbai,Bandra,Colaba,2023-10-25 04:31:00,2023-10-25 04:40:00,2023-10-25 04:52:00,4.6,137,Completed,
T1209,D292,R2201,Delhi,Saket,Vasant Kunj,2023-10-18 11:44:00,2023-10-18 11:53:00,2023-10-18 12:07:00,3.9,128,Completed,
T1210,D187,R3495,Mumbai,Juhu,Bandra,2023-10-13 15:37:00,2023-10-13 15:46:00,2023-10-13 16:41:00,17.5,423,Completed,
T1211,D245,R4113,Mumbai,Andheri,Colaba,2023-10-05 03:37:00,,,0.0,0.0,Cancelled,Rider Cancelled
T1212,D230,R1816,Delhi,Rohini,Dwarka,2023-10-15 12:13:00,,,0.0,0.0,Cancelled,Driver Cancelled
T1213,D253,R4230,Delhi,Rohini,Vasant Kunj,2023-10-02 09:03:00,2023-10-02 09:10:00,2023-10-02 10:01:00,16.5,319,Completed,
T1214,D192,R2124,Delhi,Vasant Kunj,Rohini,2023-10-21 12:38:00,2023-10-21 12:47:00,2023-10-21 13:39:00,15.6,305,Completed,
T1215,D173,R2099,Bangalore,Whitefield,Koramangala,2023-10-16 13:00:00,2023-10-16 13:08:00,2023-10-16 13:21:00,5.1,163,Completed,
T1216,D110,R2599,Mumbai,Bandra,Andheri,2023-10-27 10:27:00,2023-10-27 10:37:00,2023-10-27 11:22:00,11.8,290,Completed,
T1217,D272,R3643,Bangalore,Indiranagar,HSR Layout,2023-10-21 04:47:00,2023-10-21 04:57:00,2023-10-21 06:05:00,22.1,564,Completed,
T1218,D328,R2026,Delhi,Saket,Connaught Place,2023-10-07 19:42:00,,,0.0,0.0,Cancelled,Driver Cancelled
T1219,D122,R1705,Bangalore,HSR Layout,Indiranagar,2023-10-29 07:09:00,2023-10-29 07:23:00,2023-10-29 07:53:00,11.8,264,Completed,
T1220,D270,R1943,Bangalore,Jayanagar,Koramangala,2023-10-29 04:05:00,2023-10-29 04:13:00,2023-10-29 04:44:00,12.2,252,Completed,
T1221,D255,R2036,Bangalore,Koramangala,Jayanagar,2023-10-04 09:55:00,2023-10-04 10:05:00,2023-10-04 11:14:00,24.5,652,Completed,
T1222,D151,R1203,Delhi,Vasant Kunj,Saket,2023-10-29 21:07:00,,,0.0,0.0,Cancelled,Payment Issue
T1223,D159,R2174,Mumbai,Powai,Andheri,2023-10-26 08:50:00,2023-10-26 08:59:00,2023-10-26 09:37:00,10.8,269,Completed,
T1224,D288,R2652,Mumbai,Colaba,Powai,2023-10-04 21:01:00,,,0.0,0.0,Cancelled,Driver Cancelled
T1225,D224,R2719,Bangalore,Whitefield,Koramangala,2023-10-01 13:47:00,2023-10-01 13:50:00,2023-10-01 14:39:00,17.3,332,Completed,
T1226,D254,R4649,Delhi,Rohini,Connaught Place,2023-10-11 18:20:00,2023-10-11 18:34:00,2023-10-11 19:08:00,9.9,289,Completed,
T1227,D207,R3813,Delhi,Saket,Dwarka,2023-10-16 14:19:00,2023-10-16 14:25:00,2023-10-16 14:39:00,4.9,125,Completed,
T1228,D181,R3361,Mumbai,Colaba,Bandra,2023-10-25 03:21:00,2023-10-25 03:27:00,2023-10-25 04:40:00,22.3,466,Completed,
T1229,D235,R1563,Bangalore,Whitefield,Indiranagar,2023-10-07 05:45:00,,,0.0,0.0,Cancelled,Driver Cancelled
T1230,D152,R3726,Bangalore,Whitefield,Jayanagar,2023-10-03 07:35:00,2023-10-03 07:39:00,2023-10-03 08:27:00,12.6,251,Completed,
T1231,D273,R2528,Delhi,Saket,Vasant Kunj,2023-10-11 20:05:00,,,0.0,0.0,Cancelled,Rider Cancelled
T1232,D164,R4930,Mumbai,Bandra,Powai,2023-10-25 14:36:00,2023-10-25 14:46:00,2023-10-25 15:57:00,24.6,496,Completed,
T1233,D208,R4949,Mumbai,Andheri,Powai,2023-10-26 05:39:00,2023-10-26 05:51:00,2023-10-26 06:38:00,14.2,326,Completed,
T1234,D192,R3242,Delhi,Connaught Place,Dwarka,2023-10-05 22:17:00,2023-10-05 22:22:00,2023-10-05 23:16:00,14.8,361,Completed,
T1235,D115,R2334,Bangalore,Jayanagar,Whitefield,2023-10-01 21:52:00,2023-10-01 21:58:00,2023-10-01 22:11:00,5.1,174,Completed,
T1236,D127,R3844,Bangalore,Jayanagar,HSR Layout,2023-10-05 10:29:00,2023-10-05 10:33:00,2023-10-05 10:57:00,6.5,183,Completed,
T1237,D161,R4289,Delhi,Saket,Rohini,2023-10-28 16:43:00,2023-10-28 16:47:00,2023-10-28 17:37:00,16.6,396,Completed,
T1238,D139,R4851,Delhi,Rohini,Connaught Place,2023-10-29 01:13:00,2023-10-29 01:19:00,2023-10-29 02:45:00,23.8,514,Completed,
T1239,D296,R2260,Mumbai,Juhu,Powai,2023-10-23 19:24:00,2023-10-23 19:27:00,2023-10-23 19:48:00,6.7,208,Completed,
T1240,D186,R4353,Bangalore,Jayanagar,Whitefield,2023-10-02 20:12:00,2023-10-02 20:26:00,2023-10-02 20:40:00,4.5,131,Completed,
T1241,D177,R1353,Mumbai,Colaba,Juhu,2023-10-30 23:44:00,2023-10-30 23:46:00,2023-10-31 00:40:00,19.5,466,Completed,
T1242,D261,R1725,Delhi,Dwarka,Saket,2023-10-01 13:23:00,2023-10-01 13:35:00,2023-10-01 14:23:00,17.5,472,Completed,
T1243,D171,R2095,Bangalore,Koramangala,Jayanagar,2023-10-15 22:51:00,2023-10-15 22:58:00,2023-10-15 23:49:00,14.7,379,Completed,
T1244,D311,R4285,Delhi,Rohini,Vasant Kunj,2023-10-12 14:50:00,2023-10-12 14:56:00,2023-10-12 15:25:00,9.3,225,Completed,
T1245,D210,R2803,Delhi,Connaught Place,Saket,2023-10-05 17:13:00,2023-10-05 17:27:00,2023-10-05 18:04:00,9.9,275,Completed,
T1246,D311,R2704,Delhi,Vasant Kunj,Rohini,2023-10-30 20:52:00,2023-10-30 20:56:00,2023-10-30 22:19:00,21.8,442,Completed,
T1247,D332,R1088,Bangalore,HSR Layout,Jayanagar,2023-10-28 23:40:00,2023-10-28 23:51:00,2023-10-29 00:46:00,20.5,542,Completed,
T1248,D275,R2618,Delhi,Dwarka,Rohini,2023-10-04 07:05:00,2023-10-04 07:07:00,2023-10-04 07:20:00,5.5,162,Completed,
T1249,D304,R1731,Mumbai,Colaba,Powai,2023-10-24 04:05:00,2023-10-24 04:12:00,2023-10-24 04:29:00,6.6,191,Completed,
T1250,D186,R4738,Bangalore,Koramangala,HSR Layout,2023-10-04 15:48:00,,2023-10-04 16:09:00,3.9,-118,Completed,
T1251,D167,R1618,Delhi,Saket,Dwarka,2023-10-03 00:45:00,2023-10-03 00:59:00,2023-10-03 01:49:00,19.2,367,Completed,
T1252,D224,R3749,Bangalore,Koramangala,Jayanagar,2023-10-15 09:18:00,2023-10-15 09:25:00,2023-10-15 10:37:00,19.1,414,Completed,
T1253,D296,R4066,Mumbai,Colaba,Bandra,2023-10-14 09:12:00,2023-10-14 09:22:00,2023-10-14 10:47:00,24.2,467,Completed,
T1254,D146,R4531,Delhi,Connaught Place,Saket,2023-10-21 00:21:00,2023-10-21 00:28:00,2023-10-21 01:10:00,12.3,238,Completed,
T1255,D270,R1337,Bangalore,HSR Layout,Koramangala,2023-10-18 23:56:00,2023-10-18 23:58:00,2023-10-19 01:04:00,24.7,642,Completed,
T1256,D129,R4593,Mumbai,Juhu,Powai,2023-10-01 14:42:00,,,0.0,0.0,Cancelled,Rider Cancelled
T1257,D133,R4923,Mumbai,Colaba,Bandra,2023-10-22 23:41:00,2023-10-22 23:56:00,2023-10-23 00:59:00,16.5,425,Completed,
T1258,D282,R2086,Delhi,Rohini,Saket,2023-10-26 17:28:00,2023-10-26 17:40:00,2023-10-26 18:05:00,8.1,186,Completed,
T1259,D229,R1965,Mumbai,Andheri,Powai,2023-10-10 06:01:00,2023-10-10 06:10:00,2023-10-10 06:53:00,15.6,330,Completed,
T1260,D318,R2691,Bangalore,Jayanagar,Whitefield,2023-10-11 07:10:00,2023-10-11 07:13:00,2023-10-11 07:44:00,11.2,251,Completed,
T1261,D327,R4922,Bangalore,HSR Layout,Whitefield,2023-10-12 14:49:00,2023-10-12 14:52:00,2023-10-12 15:54:00,23.5,561,Completed,
T1262,D251,R3813,Delhi,Rohini,Dwarka,2023-10-12 09:51:00,2023-10-12 10:01:00,2023-10-12 11:05:00,21.0,508,Completed,
T1263,D185,R2842,Mumbai,Juhu,Andheri,2023-10-07 06:14:00,2023-10-07 06:20:00,2023-10-07 06:58:00,11.7,289,Completed,
T1264,D222,R2527,Mumbai,Juhu,Andheri,2023-10-08 05:47:00,2023-10-08 05:50:00,2023-10-08 06:07:00,6.2,159,Completed,
T1265,D214,R1228,Mumbai,Colaba,Andheri,2023-10-19 20:57:00,2023-10-19 21:04:00,2023-10-19 22:08:00,21.9,549,Completed,
T1266,D264,R1382,Mumbai,Colaba,Juhu,2023-10-01 19:48:00,2023-10-01 19:58:00,2023-10-01 20:37:00,11.3,328,Completed,
T1267,D131,R3282,Bangalore,Whitefield,Indiranagar,2023-10-14 05:46:00,2023-10-14 05:55:00,2023-10-14 06:10:00,5.8,173,Completed,
T1268,D330,R3716,Mumbai,Juhu,Colaba,2023-10-14 13:37:00,2023-10-14 13:46:00,2023-10-14 14:52:00,24.1,539,Completed,
T1269,D195,R4345,Delhi,Connaught Place,Saket,2023-10-17 18:55:00,2023-10-17 19:07:00,2023-10-17 19:33:00,6.8,209,Completed,
T1270,D162,R2272,Mumbai,Powai,Bandra,2023-10-16 22:41:00,2023-10-16 22:56:00,2023-10-17 00:18:00,22.6,555,Completed,
T1271,D193,R4018,Bangalore,Whitefield,Koramangala,2023-10-15 18:11:00,,,0.0,0.0,Cancelled,Rider Cancelled
T1272,D164,R2982,Mumbai,Bandra,Colaba,2023-10-22 17:23:00,2023-10-22 17:32:00,2023-10-22 18:02:00,8.9,247,Completed,
T1273,D321,R1314,Mumbai,Bandra,Powai,2023-10-28 15:45:00,2023-10-28 15:56:00,2023-10-28 16:56:00,15.4,333,Completed,
T1274,D157,R4684,Mumbai,Powai,Juhu,2023-10-25 19:39:00,2023-10-25 19:47:00,2023-10-25 20:18:00,11.8,288,Completed,
T1275,D315,R1013,Mumbai,Juhu,Bandra,2023-10-08 15:29:00,2023-10-08 15:31:00,2023-10-08 15:43:00,4.0,139,Completed,
T1276,D319,R4722,Delhi,Saket,Vasant Kunj,2023-10-13 00:54:00,2023-10-13 01:06:00,2023-10-13 02:03:00,22.0,407,Completed,
T1277,D267,R3742,Delhi,Vasant Kunj,Rohini,2023-10-16 11:09:00,,,0.0,0.0,Cancelled,Rider Cancelled
T1278,D196,R2822,Delhi,Dwarka,Vasant Kunj,2023-10-15 01:01:00,2023-10-15 01:13:00,2023-10-15 02:13:00,15.9,341,Completed,
T1279,D233,R1800,Bangalore,Indiranagar,Jayanagar,2023-10-24 04:34:00,2023-10-24 04:47:00,2023-10-24 05:08:00,8.1,212,Completed,
T1280,D237,R1389,Mumbai,Colaba,Juhu,2023-10-05 23:14:00,2023-10-05 23:26:00,2023-10-05 23:39:00,4.0,118,Completed,
T1281,D211,R3480,Delhi,Vasant Kunj,Connaught Place,2023-10-27 00:40:00,2023-10-27 00:52:00,2023-10-27 01:36:00,14.2,309,Completed,
T1282,D271,R2530,Delhi,Connaught Place,Dwarka,2023-10-05 15:24:00,2023-10-05 15:39:00,2023-10-05 16:19:00,11.0,231,Completed,
T1283,D299,R2606,Delhi,Rohini,Saket,2023-10-05 00:04:00,2023-10-05 00:13:00,2023-10-05 00:57:00,11.2,310,Completed,
T1284,D149,R2116,Delhi,Dwarka,Vasant Kunj,2023-10-30 01:55:00,2023-10-30 02:07:00,2023-10-30 02:32:00,9.7,236,Completed,
T1285,D124,R1048,Delhi,Vasant Kunj,Connaught Place,2023-10-13 17:23:00,2023-10-13 17:33:00,2023-10-13 18:02:00,9.0,222,Completed,
T1286,D347,R2240,Bangalore,Whitefield,Jayanagar,2023-10-04 19:05:00,2023-10-04 19:13:00,2023-10-04 20:38:00,22.0,594,Completed,
T1287,D349,R1759,Mumbai,Andheri,Colaba,2023-10-19 01:11:00,2023-10-19 01:17:00,2023-10-19 01:38:00,5.7,169,Completed,
T1288,D150,R1282,Mumbai,Juhu,Powai,2023-10-30 12:38:00,,,0.0,0.0,Cancelled,Driver Not Found
T1289,D146,R2570,Delhi,Vasant Kunj,Saket,2023-10-05 12:46:00,2023-10-05 12:59:00,2023-10-05 13:35:00,9.7,210,Completed,
T1290,D320,R4513,Mumbai,Juhu,Colaba,2023-10-19 17:13:00,,,0.0,0.0,Cancelled,Payment Issue
T1291,D288,R4817,Mumbai,Andheri,Powai,2023-10-13 14:06:00,2023-10-13 14:20:00,2023-10-13 14:49:00,8.5,247,Completed,
T1292,D262,R4878,Mumbai,Bandra,Juhu,2023-10-20 00:48:00,2023-10-20 01:00:00,2023-10-20 02:05:00,16.7,454,Completed,
T1293,D260,R3518,Bangalore,Jayanagar,Koramangala,2023-10-22 14:03:00,2023-10-22 14:15:00,2023-10-22 15:06:00,16.6,425,Completed,
T1294,D336,R4742,Delhi,Rohini,Saket,2023-10-01 23:24:00,2023-10-01 23:35:00,2023-10-02 00:47:00,22.7,606,Completed,
T1295,D192,R2485,Delhi,Saket,Vasant Kunj,2023-10-10 01:23:00,2023-10-10 01:37:00,2023-10-10 01:46:00,3.3,112,Completed,
T1296,D196,R2934,Delhi,Connaught Place,Dwarka,2023-10-10 00:47:00,,,0.0,0.0,Cancelled,Payment Issue
T1297,D113,R2472,Bangalore,Indiranagar,Jayanagar,2023-10-04 06:21:00,2023-10-04 06:26:00,2023-10-04 06:48:00,9.0,194,Completed,
T1298,D121,R4508,Delhi,Vasant Kunj,Rohini,2023-10-18 03:14:00,2023-10-18 03:20:00,2023-10-18 03:45:00,8.3,180,Completed,
T1299,D317,R2670,Bangalore,Whitefield,HSR Layout,2023-10-01 04:07:00,2023-10-01 04:12:00,2023-10-01 05:04:00,19.6,538,Completed,
T1300,D122,R3676,Bangalore,Whitefield,HSR Layout,2023-10-04 23:09:00,2023-10-04 23:17:00,2023-10-04 23:25:00,2.3,88,Completed,
T1301,D320,R3088,Mumbai,Colaba,Juhu,2023-10-03 23:09:00,2023-10-03 23:19:00,2023-10-04 00:01:00,13.6,278,Completed,
T1302,D272,R3611,Bangalore,Jayanagar,Koramangala,2023-10-15 00:29:00,2023-10-15 00:39:00,2023-10-15 01:13:00,11.1,296,Completed,
T1303,D296,R2520,Mumbai,Colaba,Juhu,2023-10-29 09:02:00,2023-10-29 09:17:00,2023-10-29 09:50:00,9.8,276,Completed,
T1304,D227,R4141,Bangalore,Jayanagar,Indiranagar,2023-10-13 13:12:00,2023-10-13 13:25:00,2023-10-13 14:07:00,11.0,252,Completed,
T1305,D226,R1493,Bangalore,Indiranagar,Koramangala,2023-10-01 00:22:00,2023-10-01 00:31:00,2023-10-01 00:38:00,2.9,118,Completed,
T1306,D270,R2893,Bangalore,Whitefield,Koramangala,2023-10-29 05:43:00,2023-10-29 05:56:00,2023-10-29 06:26:00,10.6,270,Completed,
T1307,D178,R2505,Bangalore,HSR Layout,Whitefield,2023-10-19 10:22:00,2023-10-19 10:27:00,2023-10-19 11:01:00,13.9,389,Completed,
T1308,D109,R2698,Mumbai,Andheri,Bandra,2023-10-24 08:18:00,2023-10-24 08:26:00,2023-10-24 09:17:00,18.4,463,Completed,
T1309,D316,R2709,Delhi,Connaught Place,Saket,2023-10-23 12:27:00,2023-10-23 12:41:00,2023-10-23 12:48:00,2.4,105,Completed,
T1310,D312,R4757,Mumbai,Colaba,Juhu,2023-10-26 23:27:00,2023-10-26 23:38:00,2023-10-27 00:06:00,8.9,193,Completed,
T1311,D120,R1850,Delhi,Connaught Place,Vasant Kunj,2023-10-26 08:23:00,,,0.0,0.0,Cancelled,Driver Not Found
T1312,D298,R1414,Bangalore,Whitefield,Koramangala,2023-10-20 20:20:00,2023-10-20 20:27:00,2023-10-20 21:36:00,22.9,521,Completed,
T1313,D338,R4274,Mumbai,Colaba,Powai,2023-10-14 01:34:00,,,0.0,0.0,Cancelled,Driver Not Found
T1314,D328,R2841,Delhi,Dwarka,Connaught Place,2023-10-19 02:00:00,2023-10-19 02:15:00,2023-10-19 03:17:00,21.3,447,Completed,
T1315,D281,R4366,Mumbai,Powai,Andheri,2023-10-26 06:43:00,2023-10-26 06:48:00,2023-10-26 07:38:00,16.4,315,Completed,
T1316,D297,R4409,Mumbai,Andheri,Colaba,2023-10-21 13:25:00,2023-10-21 13:29:00,2023-10-21 13:55:00,7.4,201,Completed,
T1317,D103,R2518,Delhi,Vasant Kunj,Saket,2023-10-25 16:51:00,2023-10-25 16:59:00,2023-10-25 18:20:00,23.2,518,Completed,
T1318,D162,R2493,Mumbai,Andheri,Colaba,2023-10-10 23:02:00,,,0.0,0.0,Cancelled,Payment Issue
T1319,D277,R1802,Delhi,Vasant Kunj,Dwarka,2023-10-24 15:47:00,2023-10-24 16:02:00,2023-10-24 17:03:00,22.2,423,Completed,
T1320,D264,R2700,Mumbai,Bandra,Colaba,2023-10-27 02:26:00,2023-10-27 02:40:00,2023-10-27 02:58:00,6.5,182,Completed,
T1321,D300,R3615,Delhi,Vasant Kunj,Connaught Place,2023-10-26 09:12:00,2023-10-26 09:22:00,2023-10-26 09:48:00,7.8,228,Completed,
T1322,D311,R2701,Delhi,Vasant Kunj,Connaught Place,2023-10-23 05:34:00,2023-10-23 05:43:00,2023-10-23 06:06:00,6.4,176,Completed,
T1323,D215,R1164,Bangalore,Whitefield,HSR Layout,2023-10-05 10:26:00,2023-10-05 10:35:00,2023-10-05 11:23:00,18.3,498,Completed,
T1324,D323,R3230,Bangalore,HSR Layout,Whitefield,2023-10-08 17:00:00,2023-10-08 17:15:00,2023-10-08 18:45:00,23.0,401,Completed,
T1325,D205,R2547,Bangalore,HSR Layout,Jayanagar,2023-10-02 04:55:00,2023-10-02 04:58:00,2023-10-02 06:06:00,19.0,378,Completed,
T1326,D211,R4628,Delhi,Rohini,Saket,2023-10-15 15:24:00,2023-10-15 15:26:00,2023-10-15 16:22:00,22.1,461,Completed,
T1327,D232,R3369,Bangalore,HSR Layout,Koramangala,2023-10-07 23:38:00,2023-10-07 23:42:00,2023-10-08 00:13:00,12.4,244,Completed,
T1328,D177,R3572,Mumbai,Bandra,Powai,2023-10-25 13:47:00,2023-10-25 13:50:00,2023-10-25 14:09:00,5.2,144,Completed,
T1329,D301,R2098,Mumbai,Andheri,Juhu,2023-10-02 13:53:00,2023-10-02 14:08:00,2023-10-02 15:12:00,20.6,462,Completed,
T1330,D298,R4954,Bangalore,Koramangala,Indiranagar,2023-10-27 20:18:00,2023-10-27 20:23:00,2023-10-27 21:48:00,21.9,526,Completed,
T1331,D250,R4054,Mumbai,Colaba,Bandra,2023-10-13 05:56:00,2023-10-13 06:10:00,2023-10-13 07:21:00,20.3,477,Completed,
T1332,D286,R4569,Mumbai,Andheri,Powai,2023-10-04 22:32:00,2023-10-04 22:34:00,2023-10-04 23:30:00,16.5,342,Completed,
T1333,D189,R2190,Delhi,Rohini,Dwarka,2023-10-21 14:21:00,2023-10-21 14:36:00,2023-10-21 15:10:00,12.9,321,Completed,
T1334,D150,R2006,Mumbai,Colaba,Juhu,2023-10-02 09:49:00,2023-10-02 09:52:00,2023-10-02 10:26:00,9.4,242,Completed,
T1335,D298,R3037,Bangalore,Whitefield,Jayanagar,2023-10-21 09:27:00,2023-10-21 09:41:00,2023-10-21 10:38:00,15.8,440,Completed,
T1336,D208,R1733,Mumbai,Andheri,Juhu,2023-10-18 05:30:00,2023-10-18 05:33:00,2023-10-18 06:16:00,15.6,369,Completed,
T1337,D114,R4514,Delhi,Saket,Dwarka,2023-10-07 17:58:00,2023-10-07 18:12:00,2023-10-07 18:42:00,7.8,211,Completed,
T1338,D137,R2239,Bangalore,Whitefield,Indiranagar,2023-10-21 05:42:00,,,0.0,0.0,Cancelled,Other
T1339,D143,R3558,Delhi,Dwarka,Connaught Place,2023-10-23 00:26:00,2023-10-23 00:34:00,2023-10-23 01:09:00,12.7,249,Completed,
T1340,D157,R1137,Mumbai,Juhu,Powai,2023-10-21 22:23:00,2023-10-21 22:38:00,2023-10-21 23:59:00,21.6,471,Completed,
T1341,D342,R1836,Delhi,Saket,Dwarka,2023-10-23 03:02:00,2023-10-23 03:16:00,2023-10-23 04:07:00,13.9,315,Completed,
T1342,D298,R1927,Bangalore,HSR Layout,Whitefield,2023-10-07 18:28:00,2023-10-07 18:35:00,2023-10-07 19:19:00,12.1,248,Completed,
T1343,D194,R4482,Delhi,Rohini,Saket,2023-10-11 01:55:00,2023-10-11 02:03:00,2023-10-11 02:39:00,13.8,330,Completed,
T1344,D205,R2269,Bangalore,Indiranagar,Jayanagar,2023-10-23 17:55:00,2023-10-23 18:10:00,2023-10-23 18:56:00,13.0,371,Completed,
T1345,D232,R4351,Bangalore,Koramangala,Whitefield,2023-10-17 06:12:00,2023-10-17 06:21:00,2023-10-17 07:40:00,23.8,579,Completed,
T1346,D229,R3860,Mumbai,Juhu,Andheri,2023-10-23 03:42:00,2023-10-23 03:44:00,2023-10-23 04:17:00,8.5,184,Completed,
T1347,D301,R4622,Mumbai,Juhu,Andheri,2023-10-13 07:17:00,,,0.0,0.0,Cancelled,Driver Not Found
T1348,D147,R2948,Mumbai,Powai,Colaba,2023-10-01 19:07:00,2023-10-01 19:20:00,2023-10-01 20:37:00,20.2,463,Completed,
T1349,D296,R4257,Mumbai,Juhu,Andheri,2023-10-11 02:13:00,2023-10-11 02:20:00,2023-10-11 03:41:00,24.3,507,Completed,
T1350,D321,R1029,Mumbai,Powai,Juhu,2023-10-29 06:56:00,2023-10-29 07:09:00,2023-10-29 07:58:00,16.0,-311,Completed,
T1351,D326,R1769,Bangalore,HSR Layout,Indiranagar,2023-10-08 04:22:00,,,0.0,0.0,Cancelled,Other
T1352,D315,R2858,Mumbai,Juhu,Bandra,2023-10-06 03:49:00,2023-10-06 03:51:00,2023-10-06 04:25:00,8.7,188,Completed,
T1353,D183,R4622,Bangalore,Whitefield,HSR Layout,2023-10-30 08:22:00,2023-10-30 08:34:00,2023-10-30 08:56:00,7.5,230,Completed,
T1354,D261,R4646,Delhi,Dwarka,Saket,2023-10-17 16:46:00,,,0.0,0.0,Cancelled,Driver Cancelled
T1355,D117,R4189,Mumbai,Bandra,Powai,2023-10-25 00:35:00,,,0.0,0.0,Cancelled,Other
T1356,D208,R3966,Mumbai,Bandra,Andheri,2023-10-22 03:07:00,2023-10-22 03:16:00,2023-10-22 03:35:00,6.8,162,Completed,
T1357,D114,R3188,Delhi,Vasant Kunj,Dwarka,2023-10-14 16:13:00,2023-10-14 16:19:00,2023-10-14 16:25:00,2.4,99,Completed,
T1358,D119,R2677,Mumbai,Bandra,Andheri,2023-10-21 09:20:00,2023-10-21 09:27:00,2023-10-21 10:15:00,17.2,398,Completed,
T1359,D214,R2221,Mumbai,Bandra,Powai,2023-10-01 04:57:00,2023-10-01 05:04:00,2023-10-01 06:14:00,21.6,573,Completed,
T1360,D257,R1899,Mumbai,Bandra,Colaba,2023-10-13 10:35:00,,,0.0,0.0,Cancelled,Driver Cancelled
T1361,D180,R2711,Delhi,Connaught Place,Vasant Kunj,2023-10-30 10:01:00,,,0.0,0.0,Cancelled,Rider Cancelled
T1362,D151,R3371,Delhi,Saket,Rohini,2023-10-26 22:22:00,2023-10-26 22:30:00,2023-10-26 22:40:00,2.9,97,Completed,
T1363,D126,R2756,Bangalore,Jayanagar,Whitefield,2023-10-25 04:21:00,2023-10-25 04:36:00,2023-10-25 04:53:00,6.7,159,Completed,
T1364,D289,R1370,Mumbai,Powai,Andheri,2023-10-09 23:47:00,2023-10-09 23:49:00,2023-10-10 01:10:00,24.4,537,Completed,
T1365,D330,R1370,Mumbai,Andheri,Juhu,2023-10-01 15:26:00,2023-10-01 15:36:00,2023-10-01 15:48:00,3.9,139,Completed,
T1366,D178,R2497,Bangalore,Indiranagar,Koramangala,2023-10-28 07:37:00,2023-10-28 07:44:00,2023-10-28 08:39:00,20.1,469,Completed,
T1367,D209,R2430,Delhi,Connaught Place,Vasant Kunj,2023-10-10 23:28:00,2023-10-10 23:36:00,2023-10-11 00:23:00,13.7,353,Completed,
T1368,D174,R4716,Bangalore,Jayanagar,Koramangala,2023-10-30 07:26:00,2023-10-30 07:32:00,2023-10-30 08:38:00,19.6,364,Completed,
T1369,D126,R4552,Bangalore,Whitefield,Indiranagar,2023-10-26 03:02:00,2023-10-26 03:13:00,2023-10-26 03:45:00,9.8,239,Completed,
T1370,D254,R4211,Delhi,Vasant Kunj,Dwarka,2023-10-12 17:14:00,2023-10-12 17:20:00,2023-10-12 17:35:00,5.7,150,Completed,
T1371,D184,R4707,Delhi,Connaught Place,Saket,2023-10-25 09:36:00,2023-10-25 09:45:00,2023-10-25 10:04:00,6.1,164,Completed,
T1372,D333,R1535,Mumbai,Andheri,Juhu,2023-10-26 05:22:00,2023-10-26 05:30:00,2023-10-26 07:05:00,25.0,512,Completed,
T1373,D186,R1056,Bangalore,HSR Layout,Koramangala,2023-10-15 21:37:00,2023-10-15 21:52:00,2023-10-15 22:13:00,5.7,138,Completed,
T1374,D315,R1069,Mumbai,Powai,Colaba,2023-10-09 09:54:00,2023-10-09 10:06:00,2023-10-09 10:35:00,9.2,220,Completed,
T1375,D120,R1249,Delhi,Dwarka,Rohini,2023-10-16 22:47:00,2023-10-16 22:52:00,2023-10-16 23:05:00,5.4,142,Completed,
T1376,D271,R2647,Delhi,Vasant Kunj,Rohini,2023-10-10 19:01:00,2023-10-10 19:06:00,2023-10-10 19:36:00,9.3,210,Completed,
T1377,D338,R2098,Mumbai,Juhu,Bandra,2023-10-03 10:49:00,2023-10-03 10:54:00,2023-10-03 11:12:00,5.1,157,Completed,
T1378,D293,R4504,Mumbai,Andheri,Juhu,2023-10-16 21:29:00,2023-10-16 21:34:00,2023-10-16 22:24:00,13.7,260,Completed,
T1379,D202,R4070,Delhi,Connaught Place,Rohini,2023-10-10 20:47:00,2023-10-10 20:49:00,2023-10-10 21:46:00,16.1,447,Completed,
T1380,D202,R1286,Delhi,Rohini,Connaught Place,2023-10-11 14:52:00,,,0.0,0.0,Cancelled,Driver Cancelled
T1381,D183,R4880,Bangalore,Jayanagar,HSR Layout,2023-10-01 13:51:00,2023-10-01 14:01:00,2023-10-01 14:18:00,4.7,157,Completed,
T1382,D327,R1185,Bangalore,HSR Layout,Koramangala,2023-10-13 10:20:00,2023-10-13 10:22:00,2023-10-13 11:09:00,16.0,294,Completed,
T1383,D280,R4591,Mumbai,Powai,Colaba,2023-10-18 07:51:00,2023-10-18 07:57:00,2023-10-18 08:35:00,9.7,236,Completed,
T1384,D256,R3308,Delhi,Vasant Kunj,Dwarka,2023-10-15 09:13:00,2023-10-15 09:21:00,2023-10-15 10:00:00,15.9,360,Completed,
T1385,D291,R4915,Bangalore,Koramangala,Whitefield,2023-10-27 09:18:00,2023-10-27 09:28:00,2023-10-27 10:11:00,16.5,423,Completed,
T1386,D312,R1232,Mumbai,Bandra,Powai,2023-10-15 14:43:00,2023-10-15 14:50:00,2023-10-15 16:12:00,23.8,609,Completed,
T1387,D317,R3320,Bangalore,Koramangala,Whitefield,2023-10-24 13:18:00,2023-10-24 13:33:00,2023-10-24 14:36:00,22.3,487,Completed,
T1388,D240,R2428,Mumbai,Andheri,Colaba,2023-10-28 10:20:00,2023-10-28 10:25:00,2023-10-28 11:23:00,15.2,312,Completed,
T1389,D217,R3022,Delhi,Connaught Place,Rohini,2023-10-02 14:57:00,2023-10-02 15:09:00,2023-10-02 15:27:00,5.5,156,Completed,
T1390,D115,R1287,Bangalore,Koramangala,Indiranagar,2023-10-16 00:58:00,2023-10-16 01:03:00,2023-10-16 01:49:00,14.3,339,Completed,
T1391,D349,R3286,Mumbai,Juhu,Andheri,2023-10-23 20:01:00,,,0.0,0.0,Cancelled,Driver Cancelled
T1392,D335,R1748,Bangalore,HSR Layout,Indiranagar,2023-10-19 11:18:00,2023-10-19 11:24:00,2023-10-19 12:03:00,15.3,319,Completed,
T1393,D132,R3427,Bangalore,Indiranagar,Koramangala,2023-10-01 04:07:00,2023-10-01 04:16:00,2023-10-01 04:24:00,2.7,112,Completed,
T1394,D153,R1669,Bangalore,Whitefield,Jayanagar,2023-10-12 12:51:00,2023-10-12 12:56:00,2023-10-12 13:18:00,6.4,148,Completed,
T1395,D234,R2772,Delhi,Saket,Dwarka,2023-10-28 01:22:00,2023-10-28 01:36:00,2023-10-28 02:46:00,24.7,431,Completed,
T1396,D166,R2969,Mumbai,Powai,Bandra,2023-10-30 07:44:00,,,0.0,0.0,Cancelled,Other
T1397,D127,R1449,Bangalore,Indiranagar,HSR Layout,2023-10-28 22:45:00,2023-10-28 22:59:00,2023-10-28 23:34:00,9.4,221,Completed,
T1398,D332,R2371,Bangalore,Koramangala,HSR Layout,2023-10-19 00:10:00,2023-10-19 00:19:00,2023-10-19 00:34:00,4.4,139,Completed,
T1399,D306,R2877,Bangalore,Indiranagar,HSR Layout,2023-10-07 09:20:00,2023-10-07 09:26:00,2023-10-07 10:59:00,23.4,627,Completed,
T1400,D112,R1686,Bangalore,Koramangala,Whitefield,2023-10-29 13:56:00,2023-10-29 14:06:00,2023-10-29 13:56:00,23.9,607,Completed,
T1401,D284,R3202,Bangalore,Indiranagar,Whitefield,2023-10-12 12:04:00,,,0.0,0.0,Cancelled,Driver Cancelled
T1402,D286,R4701,Mumbai,Andheri,Bandra,2023-10-27 23:13:00,2023-10-27 23:20:00,2023-10-28 00:21:00,17.4,386,Completed,
T1403,D260,R4142,Bangalore,Jayanagar,Indiranagar,2023-10-04 05:41:00,,,0.0,0.0,Cancelled,Driver Not Found
T1404,D208,R4343,Mumbai,Bandra,Colaba,2023-10-09 01:47:00,2023-10-09 01:55:00,2023-10-09 02:44:00,16.9,317,Completed,
T1405,D105,R3331,Delhi,Saket,Vasant Kunj,2023-10-27 22:22:00,2023-10-27 22:32:00,2023-10-27 23:49:00,20.3,430,Completed,
T1406,D149,R3121,Delhi,Rohini,Connaught Place,2023-10-28 11:58:00,2023-10-28 12:11:00,2023-10-28 13:10:00,23.5,408,Completed,
T1407,D195,R4094,Delhi,Connaught Place,Rohini,2023-10-21 12:01:00,2023-10-21 12:13:00,2023-10-21 12:47:00,13.4,379,Completed,
T1408,D228,R3577,Delhi,Connaught Place,Dwarka,2023-10-04 12:39:00,,,0.0,0.0,Cancelled,Driver Cancelled
T1409,D201,R1502,Mumbai,Bandra,Andheri,2023-10-27 22:04:00,,,0.0,0.0,Cancelled,Payment Issue
T1410,D278,R2097,Delhi,Vasant Kunj,Rohini,2023-10-17 11:51:00,,,0.0,0.0,Cancelled,Rider Cancelled
T1411,D197,R4884,Mumbai,Bandra,Powai,2023-10-15 06:18:00,2023-10-15 06:30:00,2023-10-15 07:08:00,11.0,313,Completed,
T1412,D125,R2721,Bangalore,HSR Layout,Koramangala,2023-10-14 12:06:00,2023-10-14 12:13:00,2023-10-14 12:59:00,14.7,411,Completed,
T1413,D134,R4835,Delhi,Dwarka,Vasant Kunj,2023-10-25 23:50:00,2023-10-25 23:55:00,2023-10-26 01:09:00,24.9,647,Completed,
T1414,D192,R1304,Delhi,Saket,Dwarka,2023-10-29 09:20:00,2023-10-29 09:30:00,2023-10-29 10:26:00,18.9,404,Completed,
T1415,D263,R4084,Delhi,Dwarka,Vasant Kunj,2023-10-06 10:11:00,2023-10-06 10:22:00,2023-10-06 11:23:00,22.4,594,Completed,
T1416,D213,R3124,Mumbai,Andheri,Colaba,2023-10-09 02:00:00,2023-10-09 02:15:00,2023-10-09 03:34:00,21.2,515,Completed,
T1417,D135,R3840,Delhi,Dwarka,Vasant Kunj,2023-10-01 13:02:00,2023-10-01 13:08:00,2023-10-01 13:18:00,3.1,121,Completed,
T1418,D318,R2236,Bangalore,Whitefield,Jayanagar,2023-10-03 14:01:00,2023-10-03 14:07:00,2023-10-03 15:32:00,21.5,386,Completed,
T1419,D184,R4990,Delhi,Connaught Place,Saket,2023-10-12 18:53:00,2023-10-12 19:03:00,2023-10-12 19:15:00,4.3,139,Completed,
T1420,D158,R4374,Bangalore,Indiranagar,Whitefield,2023-10-10 15:37:00,2023-10-10 15:51:00,2023-10-10 16:51:00,17.8,440,Completed,
T1421,D226,R2382,Bangalore,Whitefield,Indiranagar,2023-10-08 08:15:00,2023-10-08 08:29:00,2023-10-08 09:13:00,12.1,319,Completed,
T1422,D207,R2395,Delhi,Vasant Kunj,Connaught Place,2023-10-28 15:47:00,2023-10-28 15:55:00,2023-10-28 16:52:00,22.0,390,Completed,
T1423,D231,R4229,Mumbai,Juhu,Andheri,2023-10-23 15:14:00,2023-10-23 15:29:00,2023-10-23 16:45:00,19.5,385,Completed,
T1424,D126,R2909,Bangalore,Whitefield,HSR Layout,2023-10-08 11:08:00,2023-10-08 11:22:00,2023-10-08 11:42:00,6.4,196,Completed,
T1425,D233,R1193,Bangalore,Jayanagar,HSR Layout,2023-10-14 10:43:00,2023-10-14 10:55:00,2023-10-14 11:03:00,3.2,112,Completed,
T1426,D184,R1667,Delhi,Saket,Vasant Kunj,2023-10-09 07:24:00,2023-10-09 07:30:00,2023-10-09 08:01:00,9.4,268,Completed,
T1427,D280,R4245,Mumbai,Bandra,Powai,2023-10-17 01:45:00,2023-10-17 01:57:00,2023-10-17 03:09:00,24.3,441,Completed,
T1428,D106,R2751,Delhi,Connaught Place,Dwarka,2023-10-01 08:13:00,2023-10-01 08:23:00,2023-10-01 09:16:00,18.8,344,Completed,
T1429,D261,R1887,Delhi,Saket,Dwarka,2023-10-20 23:31:00,2023-10-20 23:40:00,2023-10-21 00:49:00,19.8,403,Completed,
T1430,D208,R2195,Mumbai,Bandra,Andheri,2023-10-21 04:42:00,2023-10-21 04:48:00,2023-10-21 05:35:00,14.8,343,Completed,
T1431,D158,R1363,Bangalore,Koramangala,Whitefield,2023-10-30 01:52:00,2023-10-30 01:57:00,2023-10-30 02:42:00,15.0,284,Completed,
T1432,D309,R3053,Delhi,Saket,Rohini,2023-10-26 23:24:00,2023-10-26 23:35:00,2023-10-27 00:10:00,12.1,347,Completed,
T1433,D142,R4040,Delhi,Rohini,Vasant Kunj,2023-10-28 18:08:00,2023-10-28 18:14:00,2023-10-28 18:26:00,4.5,124,Completed,
T1434,D291,R2378,Bangalore,Indiranagar,Whitefield,2023-10-09 16:19:00,2023-10-09 16:33:00,2023-10-09 17:49:00,19.1,468,Completed,
T1435,D188,R4726,Bangalore,Indiranagar,HSR Layout,2023-10-26 10:40:00,2023-10-26 10:53:00,2023-10-26 11:42:00,16.7,433,Completed,
T1436,D105,R2457,Delhi,Connaught Place,Rohini,2023-10-02 05:08:00,2023-10-02 05:21:00,2023-10-02 06:19:00,20.8,424,Completed,
T1437,D122,R2841,Bangalore,Koramangala,Jayanagar,2023-10-30 19:02:00,2023-10-30 19:05:00,2023-10-30 19:48:00,14.9,314,Completed,
T1438,D146,R3377,Delhi,Saket,Vasant Kunj,2023-10-17 11:02:00,2023-10-17 11:11:00,2023-10-17 11:24:00,3.3,119,Completed,
T1439,D330,R2273,Mumbai,Andheri,Bandra,2023-10-12 06:08:00,2023-10-12 06:18:00,2023-10-12 07:32:00,19.8,383,Completed,
T1440,D157,R3891,Mumbai,Powai,Colaba,2023-10-27 08:29:00,2023-10-27 08:34:00,2023-10-27 09:04:00,8.6,219,Completed,
T1441,D284,R1848,Bangalore,Whitefield,Indiranagar,2023-10-08 18:19:00,2023-10-08 18:22:00,2023-10-08 19:14:00,14.8,391,Completed,
T1442,D213,R1716,Mumbai,Bandra,Andheri,2023-10-07 18:10:00,2023-10-07 18:16:00,2023-10-07 19:19:00,20.7,398,Completed,
T1443,D285,R4588,Bangalore,Jayanagar,Whitefield,2023-10-26 01:00:00,2023-10-26 01:06:00,2023-10-26 01:56:00,16.9,434,Completed,
T1444,D294,R4788,Bangalore,Jayanagar,HSR Layout,2023-10-08 21:49:00,2023-10-08 22:00:00,2023-10-08 23:10:00,24.4,538,Completed,
T1445,D259,R2230,Delhi,Dwarka,Vasant Kunj,2023-10-02 16:15:00,2023-10-02 16:27:00,2023-10-02 16:45:00,7.0,204,Completed,
T1446,D275,R1324,Delhi,Rohini,Connaught Place,2023-10-17 08:00:00,2023-10-17 08:10:00,2023-10-17 08:38:00,7.3,185,Completed,
T1447,D147,R4273,Mumbai,Juhu,Andheri,2023-10-02 05:49:00,2023-10-02 05:53:00,2023-10-02 06:38:00,15.5,290,Completed,
T1448,D169,R1542,Delhi,Connaught Place,Saket,2023-10-12 22:45:00,2023-10-12 22:47:00,2023-10-12 23:11:00,6.4,171,Completed,
T1449,D181,R2961,Mumbai,Juhu,Powai,2023-10-11 13:49:00,2023-10-11 14:04:00,2023-10-11 14:41:00,11.4,309,Completed,
T1450,D324,R4290,Bangalore,HSR Layout,Koramangala,2023-10-13 11:27:00,,,0.0,0.0,Cancelled,Rider Cancelled
T1451,D131,R3116,Bangalore,HSR Layout,Indiranagar,2023-10-14 10:17:00,2023-10-14 10:31:00,2023-10-14 11:04:00,9.8,242,Completed,
T1452,D109,R2361,Mumbai,Juhu,Andheri,2023-10-18 10:24:00,2023-10-18 10:32:00,2023-10-18 11:18:00,17.4,428,Completed,
T1453,D264,R1379,Mumbai,Juhu,Andheri,2023-10-09 21:32:00,2023-10-09 21:38:00,2023-10-09 21:44:00,2.6,105,Completed,
T1454,D222,R1632,Mumbai,Colaba,Juhu,2023-10-23 10:25:00,,,0.0,0.0,Cancelled,Rider Cancelled
T1455,D162,R2278,Mumbai,Juhu,Powai,2023-10-13 14:54:00,2023-10-13 15:03:00,2023-10-13 15:26:00,9.2,213,Completed,
T1456,D195,R2755,Delhi,Connaught Place,Vasant Kunj,2023-10-17 05:59:00,,,0.0,0.0,Cancelled,Driver Cancelled
T1457,D213,R4370,Mumbai,Juhu,Powai,2023-10-03 00:13:00,2023-10-03 00:19:00,2023-10-03 00:33:00,4.4,136,Completed,
T1458,D320,R1197,Mumbai,Powai,Bandra,2023-10-05 20:09:00,2023-10-05 20:11:00,2023-10-05 20:54:00,15.0,310,Completed,
T1459,D193,R2872,Bangalore,Jayanagar,Whitefield,2023-10-20 13:38:00,2023-10-20 13:48:00,2023-10-20 13:57:00,3.0,122,Completed,
T1460,D259,R3406,Delhi,Rohini,Connaught Place,2023-10-20 02:20:00,,,0.0,0.0,Cancelled,Other
T1461,D127,R1731,Bangalore,Jayanagar,Indiranagar,2023-10-06 01:33:00,2023-10-06 01:37:00,2023-10-06 02:18:00,16.5,324,Completed,
T1462,D119,R2842,Mumbai,Juhu,Andheri,2023-10-09 16:53:00,2023-10-09 16:56:00,2023-10-09 17:49:00,13.4,321,Completed,
T1463,D191,R3932,Mumbai,Andheri,Bandra,2023-10-29 15:49:00,,,0.0,0.0,Cancelled,Driver Cancelled
T1464,D208,R2246,Mumbai,Juhu,Colaba,2023-10-28 20:03:00,,,0.0,0.0,Cancelled,Driver Not Found
T1465,D341,R3201,Delhi,Saket,Connaught Place,2023-10-27 08:38:00,2023-10-27 08:52:00,2023-10-27 09:30:00,12.7,284,Completed,
T1466,D140,R3788,Delhi,Vasant Kunj,Dwarka,2023-10-30 09:47:00,2023-10-30 09:59:00,2023-10-30 11:07:00,18.6,412,Completed,
T1467,D280,R1926,Mumbai,Powai,Andheri,2023-10-04 09:36:00,2023-10-04 09:47:00,2023-10-04 10:18:00,9.8,220,Completed,
T1468,D283,R4624,Bangalore,Indiranagar,Whitefield,2023-10-05 05:33:00,2023-10-05 05:39:00,2023-10-05 05:57:00,5.6,151,Completed,
T1469,D167,R1328,Delhi,Vasant Kunj,Connaught Place,2023-10-04 20:53:00,2023-10-04 20:55:00,2023-10-04 21:19:00,7.0,175,Completed,
T1470,D283,R4503,Bangalore,Koramangala,Jayanagar,2023-10-12 01:14:00,2023-10-12 01:23:00,2023-10-12 02:23:00,19.2,411,Completed,
T1471,D120,R2229,Delhi,Dwarka,Saket,2023-10-11 13:29:00,2023-10-11 13:44:00,2023-10-11 14:17:00,9.0,261,Completed,
T1472,D275,R1536,Delhi,Connaught Place,Vasant Kunj,2023-10-13 07:55:00,2023-10-13 08:09:00,2023-10-13 09:01:00,17.7,452,Completed,
T1473,D309,R1509,Delhi,Dwarka,Vasant Kunj,2023-10-27 15:46:00,2023-10-27 15:57:00,2023-10-27 16:36:00,15.2,404,Completed,
T1474,D173,R3802,Bangalore,HSR Layout,Koramangala,2023-10-23 01:46:00,2023-10-23 01:55:00,2023-10-23 02:32:00,9.4,232,Completed,
T1475,D229,R4638,Mumbai,Colaba,Andheri,2023-10-24 17:46:00,2023-10-24 17:49:00,2023-10-24 18:15:00,7.8,236,Completed,
T1476,D200,R2721,Mumbai,Andheri,Colaba,2023-10-24 17:43:00,2023-10-24 17:51:00,2023-10-24 19:05:00,19.4,443,Completed,
T1477,D180,R2604,Delhi,Connaught Place,Vasant Kunj,2023-10-23 20:40:00,2023-10-23 20:42:00,2023-10-23 21:51:00,21.1,406,Completed,
T1478,D312,R3772,Mumbai,Juhu,Powai,2023-10-11 14:36:00,2023-10-11 14:50:00,2023-10-11 15:02:00,3.9,122,Completed,
T1479,D187,R1224,Mumbai,Juhu,Colaba,2023-10-10 08:25:00,2023-10-10 08:28:00,2023-10-10 09:37:00,20.1,374,Completed,
T1480,D179,R4914,Delhi,Saket,Vasant Kunj,2023-10-26 10:11:00,2023-10-26 10:19:00,2023-10-26 10:44:00,7.2,183,Completed,
T1481,D216,R1422,Mumbai,Colaba,Juhu,2023-10-04 19:42:00,2023-10-04 19:51:00,2023-10-04 20:26:00,10.4,246,Completed,
T1482,D102,R1825,Delhi,Dwarka,Rohini,2023-10-08 03:07:00,2023-10-08 03:21:00,2023-10-08 04:12:00,17.2,435,Completed,
T1483,D284,R4683,Bangalore,HSR Layout,Whitefield,2023-10-15 21:45:00,2023-10-15 21:52:00,2023-10-15 23:00:00,21.9,406,Completed,
T1484,D181,R1050,Mumbai,Powai,Bandra,2023-10-30 06:34:00,2023-10-30 06:43:00,2023-10-30 07:34:00,14.4,301,Completed,
T1485,D212,R1152,Mumbai,Juhu,Powai,2023-10-07 04:01:00,,,0.0,0.0,Cancelled,Rider Cancelled
T1486,D115,R2198,Bangalore,Whitefield,Indiranagar,2023-10-20 11:08:00,2023-10-20 11:15:00,2023-10-20 12:09:00,18.3,338,Completed,
T1487,D215,R1711,Bangalore,Koramangala,Whitefield,2023-10-08 21:11:00,2023-10-08 21:20:00,2023-10-08 21:39:00,5.0,152,Completed,
T1488,D135,R3096,Delhi,Saket,Connaught Place,2023-10-29 08:19:00,2023-10-29 08:34:00,2023-10-29 09:30:00,20.8,371,Completed,
T1489,D212,R3518,Mumbai,Powai,Bandra,2023-10-21 19:46:00,,,0.0,0.0,Cancelled,Driver Cancelled
T1490,D227,R2432,Bangalore,Whitefield,Indiranagar,2023-10-11 08:04:00,2023-10-11 08:06:00,2023-10-11 08:38:00,10.3,218,Completed,
T1491,D161,R2880,Delhi,Dwarka,Saket,2023-10-19 13:27:00,2023-10-19 13:29:00,2023-10-19 14:18:00,15.3,403,Completed,
T1492,D106,R3646,Delhi,Rohini,Dwarka,2023-10-30 18:41:00,2023-10-30 18:50:00,2023-10-30 19:33:00,17.0,327,Completed,
T1493,D221,R3734,Delhi,Rohini,Dwarka,2023-10-23 06:37:00,2023-10-23 06:50:00,2023-10-23 07:07:00,5.5,180,Completed,
T1494,D213,R1771,Mumbai,Juhu,Colaba,2023-10-24 15:18:00,2023-10-24 15:22:00,2023-10-24 15:58:00,12.4,305,Completed,
T1495,D341,R1109,Delhi,Dwarka,Connaught Place,2023-10-29 02:40:00,2023-10-29 02:49:00,2023-10-29 03:32:00,15.9,317,Completed,
T1496,D260,R4577,Bangalore,HSR Layout,Koramangala,2023-10-08 09:10:00,2023-10-08 09:22:00,2023-10-08 09:41:00,5.6,158,Completed,
T1497,D267,R4858,Delhi,Rohini,Dwarka,2023-10-24 02:23:00,2023-10-24 02:31:00,2023-10-24 03:11:00,12.1,311,Completed,
T1498,D198,R1986,Bangalore,Whitefield,HSR Layout,2023-10-25 06:20:00,2023-10-25 06:29:00,2023-10-25 06:37:00,3.4,122,Completed,
T1499,D174,R1151,Bangalore,Whitefield,Indiranagar,2023-10-23 23:47:00,2023-10-23 23:56:00,2023-10-24 00:29:00,13.3,312,Completed,
T1500,D9999,R2508,Bangalore,HSR Layout,Whitefield,2023-10-16 12:31:00,,2023-10-16 13:34:00,18.0,355,Completed,
T1501,D338,R3081,Mumbai,Bandra,Andheri,2023-10-05 17:05:00,2023-10-05 17:09:00,2023-10-05 18:12:00,19.8,367,Completed,
T1502,D200,R3513,Mumbai,Powai,Bandra,2023-10-11 23:51:00,2023-10-11 23:53:00,2023-10-12 00:55:00,17.2,459,Completed,
T1503,D143,R3092,Delhi,Dwarka,Rohini,2023-10-19 05:19:00,,,0.0,0.0,Cancelled,Rider Cancelled
T1504,D116,R3345,Delhi,Vasant Kunj,Connaught Place,2023-10-05 14:09:00,2023-10-05 14:13:00,2023-10-05 14:21:00,2.9,118,Completed,
T1505,D288,R3489,Mumbai,Andheri,Juhu,2023-10-20 02:51:00,2023-10-20 02:59:00,2023-10-20 03:37:00,11.3,292,Completed,
T1506,D151,R3223,Delhi,Rohini,Saket,2023-10-27 20:50:00,2023-10-27 20:53:00,2023-10-27 21:19:00,9.5,275,Completed,
T1507,D348,R4021,Bangalore,Jayanagar,Whitefield,2023-10-15 15:33:00,2023-10-15 15:44:00,2023-10-15 16:28:00,15.1,322,Completed,
T1508,D250,R3545,Mumbai,Bandra,Andheri,2023-10-18 10:14:00,2023-10-18 10:18:00,2023-10-18 10:57:00,11.1,324,Completed,
T1509,D123,R4710,Mumbai,Bandra,Colaba,2023-10-22 06:22:00,2023-10-22 06:26:00,2023-10-22 07:43:00,23.3,501,Completed,
T1510,D189,R4766,Delhi,Dwarka,Rohini,2023-10-30 22:58:00,2023-10-30 23:08:00,2023-10-31 00:28:00,21.7,384,Completed,
T1511,D151,R2763,Delhi,Vasant Kunj,Rohini,2023-10-14 06:25:00,2023-10-14 06:31:00,2023-10-14 06:59:00,11.3,283,Completed,
T1512,D348,R1423,Bangalore,Indiranagar,Koramangala,2023-10-28 21:59:00,2023-10-28 22:05:00,2023-10-28 22:27:00,6.1,157,Completed,
T1513,D148,R3938,Mumbai,Andheri,Juhu,2023-10-25 06:55:00,2023-10-25 07:10:00,2023-10-25 08:07:00,21.5,558,Completed,
T1514,D222,R3820,Mumbai,Bandra,Powai,2023-10-09 21:09:00,2023-10-09 21:18:00,2023-10-09 22:10:00,14.9,300,Completed,
T1515,D236,R3291,Bangalore,Indiranagar,Jayanagar,2023-10-24 13:12:00,2023-10-24 13:23:00,2023-10-24 13:43:00,7.3,200,Completed,
T1516,D310,R1986,Delhi,Rohini,Dwarka,2023-10-27 01:46:00,2023-10-27 01:55:00,2023-10-27 02:02:00,2.8,92,Completed,
T1517,D312,R1591,Mumbai,Bandra,Powai,2023-10-13 01:29:00,2023-10-13 01:40:00,2023-10-13 01:53:00,5.3,130,Completed,
T1518,D209,R1578,Delhi,Connaught Place,Saket,2023-10-28 16:12:00,2023-10-28 16:17:00,2023-10-28 17:18:00,22.1,471,Completed,
T1519,D222,R1941,Mumbai,Bandra,Andheri,2023-10-29 04:10:00,2023-10-29 04:24:00,2023-10-29 05:13:00,17.3,461,Completed,
T1520,D151,R2280,Delhi,Rohini,Dwarka,2023-10-17 23:59:00,2023-10-18 00:07:00,2023-10-18 01:11:00,18.3,392,Completed,
T1521,D128,R4906,Bangalore,Indiranagar,Whitefield,2023-10-04 00:52:00,2023-10-04 01:02:00,2023-10-04 01:26:00,8.2,215,Completed,
T1522,D285,R1616,Bangalore,Whitefield,Koramangala,2023-10-03 18:18:00,2023-10-03 18:26:00,2023-10-03 19:31:00,21.6,470,Completed,
T1523,D284,R1141,Bangalore,HSR Layout,Whitefield,2023-10-11 08:02:00,2023-10-11 08:08:00,2023-10-11 08:18:00,2.9,115,Completed,
T1524,D149,R3893,Delhi,Dwarka,Vasant Kunj,2023-10-18 00:36:00,2023-10-18 00:50:00,2023-10-18 02:07:00,22.5,451,Completed,
T1525,D168,R2907,Mumbai,Powai,Colaba,2023-10-20 19:22:00,2023-10-20 19:34:00,2023-10-20 20:39:00,24.2,588,Completed,
T1526,D111,R4664,Bangalore,Indiranagar,Koramangala,2023-10-27 14:50:00,2023-10-27 14:54:00,2023-10-27 16:17:00,22.3,398,Completed,
T1527,D130,R4062,Bangalore,Whitefield,Jayanagar,2023-10-20 21:02:00,,,0.0,0.0,Cancelled,Driver Not Found
T1528,D260,R2749,Bangalore,Whitefield,Indiranagar,2023-10-18 05:16:00,,,0.0,0.0,Cancelled,Rider Cancelled
T1529,D341,R2168,Delhi,Saket,Vasant Kunj,2023-10-03 10:20:00,2023-10-03 10:33:00,2023-10-03 11:19:00,13.7,272,Completed,
T1530,D187,R3122,Mumbai,Colaba,Andheri,2023-10-25 01:02:00,2023-10-25 01:08:00,2023-10-25 01:43:00,9.6,204,Completed,
T1531,D275,R4098,Delhi,Rohini,Vasant Kunj,2023-10-15 04:05:00,2023-10-15 04:08:00,2023-10-15 04:26:00,5.4,139,Completed,
T1532,D233,R2642,Bangalore,Jayanagar,Indiranagar,2023-10-22 13:15:00,2023-10-22 13:24:00,2023-10-22 13:29:00,2.2,100,Completed,
T1533,D229,R2863,Mumbai,Andheri,Colaba,2023-10-30 00:08:00,2023-10-30 00:11:00,2023-10-30 01:01:00,16.2,328,Completed,
T1534,D152,R1825,Bangalore,Koramangala,Jayanagar,2023-10-15 12:54:00,2023-10-15 12:56:00,2023-10-15 13:03:00,2.5,106,Completed,
T1535,D106,R3778,Delhi,Saket,Rohini,2023-10-01 11:42:00,2023-10-01 11:47:00,2023-10-01 12:52:00,17.1,336,Completed,
T1536,D121,R1960,Delhi,Dwarka,Connaught Place,2023-10-07 06:06:00,2023-10-07 06:10:00,2023-10-07 07:40:00,23.3,491,Completed,
T1537,D327,R3237,Bangalore,Indiranagar,Whitefield,2023-10-12 11:22:00,2023-10-12 11:35:00,2023-10-12 12:48:00,21.5,442,Completed,
T1538,D274,R2637,Bangalore,Whitefield,Indiranagar,2023-10-28 11:45:00,2023-10-28 11:48:00,2023-10-28 12:08:00,7.5,172,Completed,
T1539,D328,R4613,Delhi,Rohini,Vasant Kunj,2023-10-25 06:58:00,2023-10-25 07:08:00,2023-10-25 08:02:00,21.5,410,Completed,
T1540,D304,R2080,Mumbai,Colaba,Powai,2023-10-14 18:17:00,2023-10-14 18:20:00,2023-10-14 19:28:00,20.2,375,Completed,
T1541,D112,R4476,Bangalore,HSR Layout,Koramangala,2023-10-01 20:55:00,2023-10-01 21:01:00,2023-10-01 21:42:00,12.9,322,Completed,
T1542,D184,R4848,Delhi,Connaught Place,Saket,2023-10-22 04:11:00,2023-10-22 04:18:00,2023-10-22 05:02:00,11.8,282,Completed,
T1543,D285,R3244,Bangalore,Jayanagar,HSR Layout,2023-10-18 02:38:00,2023-10-18 02:44:00,2023-10-18 03:19:00,11.8,325,Completed,
T1544,D171,R4615,Bangalore,Whitefield,Koramangala,2023-10-29 06:18:00,2023-10-29 06:30:00,2023-10-29 06:41:00,3.0,118,Completed,
T1545,D258,R2527,Bangalore,HSR Layout,Whitefield,2023-10-01 20:03:00,2023-10-01 20:07:00,2023-10-01 21:14:00,20.0,426,Completed,
T1546,D274,R1167,Bangalore,Jayanagar,Whitefield,2023-10-26 19:47:00,2023-10-26 19:59:00,2023-10-26 20:21:00,8.1,250,Completed,
T1547,D247,R1012,Mumbai,Juhu,Andheri,2023-10-08 04:47:00,2023-10-08 05:00:00,2023-10-08 05:35:00,13.2,331,Completed,
T1548,D182,R4127,Mumbai,Bandra,Juhu,2023-10-18 10:44:00,2023-10-18 10:50:00,2023-10-18 11:53:00,16.2,390,Completed,
T1549,D179,R3616,Delhi,Saket,Connaught Place,2023-10-09 06:23:00,2023-10-09 06:30:00,2023-10-09 07:13:00,16.2,379,Completed,
T1550,D258,R4091,Bangalore,Jayanagar,HSR Layout,2023-10-22 17:16:00,2023-10-22 17:26:00,2023-10-22 18:44:00,23.4,481,Completed,
T1551,D254,R1788,Delhi,Rohini,Vasant Kunj,2023-10-22 02:42:00,,,0.0,0.0,Cancelled,Rider Cancelled
T1552,D329,R2522,Bangalore,HSR Layout,Whitefield,2023-10-28 03:07:00,2023-10-28 03:22:00,2023-10-28 03:55:00,10.8,315,Completed,
T1553,D295,R3487,Delhi,Dwarka,Rohini,2023-10-06 13:50:00,2023-10-06 13:58:00,2023-10-06 14:10:00,4.8,126,Completed,
T1554,D201,R4081,Mumbai,Bandra,Andheri,2023-10-04 06:02:00,2023-10-04 06:08:00,2023-10-04 06:25:00,6.3,173,Completed,
T1555,D144,R1731,Mumbai,Bandra,Juhu,2023-10-05 02:26:00,2023-10-05 02:35:00,2023-10-05 02:54:00,6.3,171,Completed,
T1556,D247,R2268,Mumbai,Colaba,Andheri,2023-10-08 09:56:00,2023-10-08 10:07:00,2023-10-08 11:03:00,22.3,447,Completed,
T1557,D265,R3729,Mumbai,Bandra,Colaba,2023-10-01 22:13:00,2023-10-01 22:27:00,2023-10-01 23:09:00,11.7,264,Completed,
T1558,D205,R3162,Bangalore,Whitefield,Indiranagar,2023-10-02 07:53:00,2023-10-02 07:58:00,2023-10-02 09:21:00,21.7,497,Completed,
T1559,D153,R1891,Bangalore,Jayanagar,Whitefield,2023-10-29 02:24:00,2023-10-29 02:37:00,2023-10-29 03:25:00,17.8,442,Completed,
T1560,D186,R1361,Bangalore,Indiranagar,HSR Layout,2023-10-07 06:13:00,2023-10-07 06:23:00,2023-10-07 07:48:00,24.6,487,Completed,
T1561,D311,R2463,Delhi,Rohini,Saket,2023-10-02 02:01:00,2023-10-02 02:13:00,2023-10-02 03:15:00,16.2,347,Completed,
T1562,D309,R1044,Delhi,Saket,Rohini,2023-10-11 09:49:00,2023-10-11 10:03:00,2023-10-11 10:41:00,13.9,300,Completed,
T1563,D344,R4704,Bangalore,Whitefield,Indiranagar,2023-10-18 01:08:00,2023-10-18 01:15:00,2023-10-18 01:31:00,5.1,136,Completed,
T1564,D164,R4912,Mumbai,Bandra,Powai,2023-10-25 23:42:00,2023-10-25 23:57:00,2023-10-26 00:15:00,6.1,152,Completed,
T1565,D258,R2479,Bangalore,Indiranagar,Jayanagar,2023-10-08 03:33:00,2023-10-08 03:42:00,2023-10-08 04:03:00,8.0,180,Completed,
T1566,D233,R4518,Bangalore,Whitefield,HSR Layout,2023-10-15 11:53:00,2023-10-15 12:02:00,2023-10-15 12:26:00,8.0,183,Completed,
T1567,D208,R4183,Mumbai,Colaba,Juhu,2023-10-20 01:47:00,,,0.0,0.0,Cancelled,Driver Not Found
T1568,D339,R1197,Bangalore,HSR Layout,Koramangala,2023-10-10 17:37:00,2023-10-10 17:51:00,2023-10-10 18:17:00,9.1,236,Completed,
T1569,D249,R3910,Bangalore,Indiranagar,Whitefield,2023-10-15 02:22:00,2023-10-15 02:30:00,2023-10-15 03:38:00,24.3,642,Completed,
T1570,D208,R4985,Mumbai,Andheri,Colaba,2023-10-14 19:22:00,2023-10-14 19:28:00,2023-10-14 20:14:00,16.5,322,Completed,
T1571,D289,R3207,Mumbai,Bandra,Andheri,2023-10-28 19:38:00,2023-10-28 19:49:00,2023-10-28 21:01:00,23.8,504,Completed,
T1572,D297,R1258,Mumbai,Andheri,Juhu,2023-10-11 23:56:00,2023-10-12 00:01:00,2023-10-12 00:53:00,18.5,334,Completed,
T1573,D159,R4177,Mumbai,Juhu,Colaba,2023-10-10 20:21:00,2023-10-10 20:30:00,2023-10-10 21:17:00,17.6,377,Completed,
T1574,D311,R2784,Delhi,Rohini,Connaught Place,2023-10-26 07:11:00,2023-10-26 07:25:00,2023-10-26 08:25:00,21.5,509,Completed,
T1575,D332,R2864,Bangalore,Jayanagar,HSR Layout,2023-10-04 17:27:00,,,0.0,0.0,Cancelled,Driver Cancelled
T1576,D269,R3212,Delhi,Dwarka,Rohini,2023-10-07 17:44:00,2023-10-07 17:56:00,2023-10-07 19:06:00,21.3,391,Completed,
T1577,D347,R1861,Bangalore,Indiranagar,Jayanagar,2023-10-17 10:14:00,2023-10-17 10:23:00,2023-10-17 11:13:00,16.3,329,Completed,
T1578,D247,R1745,Mumbai,Bandra,Juhu,2023-10-05 01:51:00,2023-10-05 02:05:00,2023-10-05 02:32:00,8.0,172,Completed,
T1579,D206,R2876,Bangalore,Whitefield,Koramangala,2023-10-07 14:25:00,2023-10-07 14:27:00,2023-10-07 14:58:00,11.3,269,Completed,
T1580,D186,R1397,Bangalore,Koramangala,Indiranagar,2023-10-26 06:58:00,,,0.0,0.0,Cancelled,Rider Cancelled
T1581,D139,R3633,Delhi,Vasant Kunj,Saket,2023-10-25 08:27:00,2023-10-25 08:40:00,2023-10-25 09:52:00,23.7,454,Completed,
T1582,D241,R4094,Delhi,Connaught Place,Rohini,2023-10-06 01:22:00,,,0.0,0.0,Cancelled,Driver Cancelled
T1583,D215,R1425,Bangalore,Whitefield,HSR Layout,2023-10-15 09:05:00,2023-10-15 09:14:00,2023-10-15 09:26:00,3.9,117,Completed,
T1584,D175,R2092,Bangalore,HSR Layout,Whitefield,2023-10-07 05:11:00,2023-10-07 05:19:00,2023-10-07 06:37:00,24.8,520,Completed,
T1585,D128,R4506,Bangalore,Indiranagar,HSR Layout,2023-10-03 22:55:00,2023-10-03 23:06:00,2023-10-04 00:00:00,19.4,384,Completed,
T1586,D275,R3860,Delhi,Saket,Rohini,2023-10-10 03:12:00,,,0.0,0.0,Cancelled,Driver Cancelled
T1587,D206,R2095,Bangalore,Jayanagar,Whitefield,2023-10-28 07:53:00,2023-10-28 08:06:00,2023-10-28 09:12:00,17.7,390,Completed,
T1588,D129,R1859,Mumbai,Bandra,Colaba,2023-10-01 23:12:00,2023-10-01 23:23:00,2023-10-02 00:21:00,19.2,496,Completed,
T1589,D234,R3204,Delhi,Vasant Kunj,Saket,2023-10-24 10:40:00,2023-10-24 10:52:00,2023-10-24 11:16:00,7.8,243,Completed,
T1590,D348,R1533,Bangalore,Koramangala,Indiranagar,2023-10-18 17:19:00,2023-10-18 17:29:00,2023-10-18 18:59:00,23.6,540,Completed,
T1591,D148,R2780,Mumbai,Colaba,Juhu,2023-10-07 06:55:00,2023-10-07 07:04:00,2023-10-07 08:02:00,18.8,372,Completed,
T1592,D173,R1117,Bangalore,Indiranagar,Whitefield,2023-10-10 07:24:00,2023-10-10 07:31:00,2023-10-10 08:26:00,21.1,458,Completed,
T1593,D323,R2443,Bangalore,Whitefield,Jayanagar,2023-10-01 18:09:00,2023-10-01 18:17:00,2023-10-01 19:20:00,24.5,539,Completed,
T1594,D289,R1742,Mumbai,Andheri,Powai,2023-10-18 01:07:00,2023-10-18 01:15:00,2023-10-18 02:04:00,19.2,341,Completed,
T1595,D144,R3520,Mumbai,Juhu,Powai,2023-10-20 16:21:00,2023-10-20 16:23:00,2023-10-20 17:04:00,11.1,219,Completed,
T1596,D309,R3024,Delhi,Dwarka,Rohini,2023-10-14 03:16:00,2023-10-14 03:28:00,2023-10-14 04:11:00,11.3,292,Completed,
T1597,D289,R4111,Mumbai,Bandra,Andheri,2023-10-26 07:43:00,2023-10-26 07:55:00,2023-10-26 08:41:00,12.7,261,Completed,
T1598,D104,R2929,Mumbai,Juhu,Colaba,2023-10-03 14:54:00,,,0.0,0.0,Cancelled,Driver Cancelled
T1599,D211,R2631,Delhi,Rohini,Saket,2023-10-06 14:16:00,2023-10-06 14:18:00,2023-10-06 14:57:00,13.9,267,Completed,
T1600,D269,R2399,Delhi,Rohini,Vasant Kunj,2023-10-28 22:30:00,2023-10-28 22:45:00,2023-10-28 23:51:00,21.9,464,Completed,
T1601,D105,R2082,Delhi,Connaught Place,Vasant Kunj,2023-10-24 06:37:00,2023-10-24 06:43:00,2023-10-24 07:08:00,8.0,222,Completed,
T1602,D299,R3703,Delhi,Dwarka,Saket,2023-10-24 05:57:00,2023-10-24 06:06:00,2023-10-24 07:01:00,17.9,484,Completed,
T1603,D260,R2503,Bangalore,Jayanagar,Indiranagar,2023-10-10 11:21:00,2023-10-10 11:34:00,2023-10-10 12:26:00,17.9,436,Completed,
T1604,D350,R3812,Bangalore,Indiranagar,Whitefield,2023-10-27 09:13:00,2023-10-27 09:21:00,2023-10-27 09:57:00,10.6,225,Completed,
T1605,D259,R2676,Delhi,Connaught Place,Rohini,2023-10-15 22:35:00,2023-10-15 22:49:00,2023-10-15 23:33:00,11.7,285,Completed,
T1606,D266,R3367,Delhi,Rohini,Saket,2023-10-12 11:13:00,2023-10-12 11:18:00,2023-10-12 12:24:00,20.1,398,Completed,
T1607,D314,R1951,Delhi,Rohini,Vasant Kunj,2023-10-01 02:31:00,2023-10-01 02:45:00,2023-10-01 03:25:00,12.4,261,Completed,
T1608,D170,R1285,Mumbai,Bandra,Juhu,2023-10-05 21:16:00,,,0.0,0.0,Cancelled,Driver Cancelled
T1609,D201,R4869,Mumbai,Andheri,Powai,2023-10-01 13:18:00,2023-10-01 13:22:00,2023-10-01 14:15:00,16.7,393,Completed,
T1610,D312,R3487,Mumbai,Colaba,Andheri,2023-10-08 11:54:00,2023-10-08 12:02:00,2023-10-08 12:25:00,8.1,173,Completed,
T1611,D350,R1762,Bangalore,Whitefield,Koramangala,2023-10-21 10:28:00,2023-10-21 10:33:00,2023-10-21 11:24:00,15.6,359,Completed,
T1612,D303,R2621,Bangalore,Whitefield,Indiranagar,2023-10-06 23:50:00,2023-10-06 23:55:00,2023-10-07 00:51:00,20.7,394,Completed,
T1613,D286,R4349,Mumbai,Bandra,Colaba,2023-10-19 09:05:00,2023-10-19 09:19:00,2023-10-19 10:32:00,24.8,642,Completed,
T1614,D293,R1550,Mumbai,Colaba,Bandra,2023-10-07 20:28:00,2023-10-07 20:33:00,2023-10-07 21:36:00,24.4,507,Completed,
T1615,D250,R3151,Mumbai,Powai,Juhu,2023-10-08 04:10:00,2023-10-08 04:19:00,2023-10-08 05:29:00,22.8,491,Completed,
T1616,D108,R3644,Delhi,Vasant Kunj,Dwarka,2023-10-07 00:31:00,2023-10-07 00:35:00,2023-10-07 01:07:00,8.9,206,Completed,
T1617,D134,R4570,Delhi,Dwarka,Saket,2023-10-13 13:58:00,2023-10-13 14:09:00,2023-10-13 14:27:00,6.3,181,Completed,
T1618,D262,R1857,Mumbai,Juhu,Colaba,2023-10-22 11:05:00,2023-10-22 11:19:00,2023-10-22 11:43:00,6.2,153,Completed,
T1619,D264,R1976,Mumbai,Andheri,Colaba,2023-10-26 00:45:00,2023-10-26 00:57:00,2023-10-26 01:37:00,15.2,408,Completed,
T1620,D327,R1685,Bangalore,HSR Layout,Jayanagar,2023-10-14 21:15:00,2023-10-14 21:24:00,2023-10-14 22:25:00,21.6,575,Completed,
T1621,D272,R4651,Bangalore,Indiranagar,HSR Layout,2023-10-23 12:26:00,2023-10-23 12:33:00,2023-10-23 13:38:00,24.0,615,Completed,
T1622,D237,R2772,Mumbai,Powai,Bandra,2023-10-19 03:24:00,2023-10-19 03:26:00,2023-10-19 03:59:00,10.9,282,Completed,
T1623,D347,R1388,Bangalore,Whitefield,HSR Layout,2023-10-04 05:46:00,,,0.0,0.0,Cancelled,Driver Cancelled
T1624,D231,R2333,Mumbai,Colaba,Juhu,2023-10-05 11:05:00,2023-10-05 11:09:00,2023-10-05 11:35:00,7.1,165,Completed,
T1625,D137,R2882,Bangalore,Whitefield,Indiranagar,2023-10-09 09:19:00,2023-10-09 09:31:00,2023-10-09 09:51:00,5.2,148,Completed,
T1626,D325,R4651,Delhi,Dwarka,Saket,2023-10-01 22:52:00,2023-10-01 23:06:00,2023-10-02 00:11:00,18.7,422,Completed,
T1627,D319,R3338,Delhi,Rohini,Saket,2023-10-28 02:26:00,2023-10-28 02:32:00,2023-10-28 03:23:00,15.3,387,Completed,
T1628,D213,R4892,Mumbai,Andheri,Juhu,2023-10-26 07:44:00,2023-10-26 07:52:00,2023-10-26 08:49:00,19.4,484,Completed,
T1629,D202,R3819,Delhi,Rohini,Vasant Kunj,2023-10-22 03:23:00,2023-10-22 03:36:00,2023-10-22 04:25:00,18.9,482,Completed,
T1630,D265,R2003,Mumbai,Juhu,Andheri,2023-10-20 00:51:00,2023-10-20 01:05:00,2023-10-20 02:21:00,21.0,485,Completed,
T1631,D191,R3146,Mumbai,Colaba,Bandra,2023-10-19 23:54:00,2023-10-19 23:58:00,2023-10-20 00:40:00,12.6,299,Completed,
T1632,D158,R1109,Bangalore,Koramangala,HSR Layout,2023-10-09 10:29:00,2023-10-09 10:41:00,2023-10-09 11:23:00,13.4,267,Completed,
T1633,D294,R2930,Bangalore,Indiranagar,Jayanagar,2023-10-04 19:45:00,2023-10-04 19:50:00,2023-10-04 21:23:00,24.7,585,Completed,
T1634,D311,R3961,Delhi,Vasant Kunj,Rohini,2023-10-14 00:16:00,2023-10-14 00:30:00,2023-10-14 01:42:00,19.9,491,Completed,
T1635,D141,R1324,Mumbai,Colaba,Bandra,2023-10-11 12:04:00,2023-10-11 12:13:00,2023-10-11 12:59:00,12.6,282,Completed,
T1636,D199,R1273,Delhi,Saket,Dwarka,2023-10-08 19:22:00,2023-10-08 19:34:00,2023-10-08 20:29:00,15.3,413,Completed,
T1637,D273,R3720,Delhi,Connaught Place,Rohini,2023-10-21 07:44:00,2023-10-21 07:56:00,2023-10-21 09:35:00,24.9,493,Completed,
T1638,D288,R3986,Mumbai,Colaba,Powai,2023-10-28 16:39:00,2023-10-28 16:46:00,2023-10-28 17:37:00,16.4,353,Completed,
T1639,D279,R3494,Mumbai,Bandra,Juhu,2023-10-20 22:43:00,2023-10-20 22:50:00,2023-10-20 22:58:00,3.1,110,Completed,
T1640,D182,R3405,Mumbai,Juhu,Bandra,2023-10-08 16:53:00,2023-10-08 16:58:00,2023-10-08 17:12:00,5.4,151,Completed,
T1641,D144,R3750,Mumbai,Andheri,Powai,2023-10-09 09:19:00,2023-10-09 09:32:00,2023-10-09 09:49:00,5.4,153,Completed,
T1642,D214,R1121,Mumbai,Juhu,Andheri,2023-10-15 20:59:00,2023-10-15 21:09:00,2023-10-15 22:16:00,25.0,480,Completed,
T1643,D188,R3385,Bangalore,Jayanagar,Indiranagar,2023-10-15 15:31:00,2023-10-15 15:42:00,2023-10-15 16:46:00,22.9,573,Completed,
T1644,D207,R4997,Delhi,Dwarka,Saket,2023-10-27 14:06:00,2023-10-27 14:13:00,2023-10-27 14:37:00,9.0,249,Completed,
T1645,D286,R4752,Mumbai,Bandra,Juhu,2023-10-14 05:44:00,2023-10-14 05:56:00,2023-10-14 06:36:00,14.6,400,Completed,
T1646,D173,R1625,Bangalore,Koramangala,HSR Layout,2023-10-05 01:10:00,,,0.0,0.0,Cancelled,Rider Cancelled
T1647,D199,R3526,Delhi,Connaught Place,Vasant Kunj,2023-10-03 02:46:00,2023-10-03 02:52:00,2023-10-03 03:37:00,14.4,394,Completed,
T1648,D300,R2617,Delhi,Dwarka,Connaught Place,2023-10-28 17:56:00,2023-10-28 18:06:00,2023-10-28 18:20:00,3.6,134,Completed,
T1649,D200,R2912,Mumbai,Andheri,Powai,2023-10-21 01:38:00,2023-10-21 01:40:00,2023-10-21 02:32:00,13.7,337,Completed,
T1650,D176,R3340,Mumbai,Juhu,Powai,2023-10-04 06:46:00,2023-10-04 06:48:00,2023-10-04 08:12:00,21.8,406,Completed,
T1651,D303,R2519,Bangalore,Koramangala,Jayanagar,2023-10-11 11:46:00,2023-10-11 11:55:00,2023-10-11 12:59:00,23.5,462,Completed,
T1652,D270,R1234,Bangalore,HSR Layout,Jayanagar,2023-10-02 01:51:00,2023-10-02 01:58:00,2023-10-02 03:18:00,23.5,637,Completed,
T1653,D162,R4329,Mumbai,Andheri,Bandra,2023-10-28 02:12:00,,,0.0,0.0,Cancelled,Other
T1654,D332,R4895,Bangalore,Whitefield,Jayanagar,2023-10-20 19:42:00,2023-10-20 19:52:00,2023-10-20 20:53:00,17.8,392,Completed,
T1655,D332,R4897,Bangalore,Indiranagar,Whitefield,2023-10-13 13:56:00,2023-10-13 14:10:00,2023-10-13 15:22:00,24.2,641,Completed,
T1656,D252,R4148,Mumbai,Bandra,Colaba,2023-10-19 13:28:00,2023-10-19 13:34:00,2023-10-19 14:01:00,10.1,262,Completed,
T1657,D240,R3235,Mumbai,Juhu,Andheri,2023-10-20 14:53:00,,,0.0,0.0,Cancelled,Driver Not Found
T1658,D322,R3356,Delhi,Rohini,Dwarka,2023-10-27 22:07:00,2023-10-27 22:22:00,2023-10-27 22:48:00,7.1,221,Completed,
T1659,D349,R1761,Mumbai,Andheri,Bandra,2023-10-26 22:29:00,2023-10-26 22:35:00,2023-10-26 22:41:00,2.4,93,Completed,
T1660,D130,R3270,Bangalore,HSR Layout,Indiranagar,2023-10-15 02:33:00,2023-10-15 02:48:00,2023-10-15 03:12:00,7.1,223,Completed,
T1661,D199,R1514,Delhi,Rohini,Connaught Place,2023-10-23 10:46:00,2023-10-23 10:59:00,2023-10-23 11:39:00,14.5,402,Completed,
T1662,D162,R4954,Mumbai,Bandra,Powai,2023-10-28 22:28:00,2023-10-28 22:36:00,2023-10-28 23:10:00,10.8,306,Completed,
T1663,D220,R3832,Bangalore,Koramangala,Whitefield,2023-10-04 01:21:00,,,0.0,0.0,Cancelled,Driver Cancelled
T1664,D313,R4772,Bangalore,Indiranagar,Whitefield,2023-10-01 22:01:00,2023-10-01 22:04:00,2023-10-01 22:29:00,9.3,276,Completed,
T1665,D337,R2834,Mumbai,Powai,Colaba,2023-10-16 20:17:00,2023-10-16 20:32:00,2023-10-16 21:50:00,24.7,507,Completed,
T1666,D185,R3595,Mumbai,Andheri,Bandra,2023-10-27 03:21:00,2023-10-27 03:32:00,2023-10-27 04:15:00,15.1,409,Completed,
T1667,D228,R4739,Delhi,Connaught Place,Saket,2023-10-28 19:00:00,2023-10-28 19:11:00,2023-10-28 19:56:00,12.6,347,Completed,
T1668,D173,R4121,Bangalore,Indiranagar,HSR Layout,2023-10-07 19:28:00,,,0.0,0.0,Cancelled,Other
T1669,D193,R3212,Bangalore,Koramangala,Whitefield,2023-10-16 21:11:00,2023-10-16 21:14:00,2023-10-16 21:45:00,9.9,245,Completed,
T1670,D278,R4545,Delhi,Rohini,Connaught Place,2023-10-01 09:05:00,2023-10-01 09:15:00,2023-10-01 09:53:00,11.3,327,Completed,
T1671,D340,R4236,Mumbai,Powai,Andheri,2023-10-02 16:07:00,2023-10-02 16:09:00,2023-10-02 17:35:00,22.6,405,Completed,
T1672,D119,R2440,Mumbai,Juhu,Bandra,2023-10-28 10:23:00,2023-10-28 10:34:00,2023-10-28 11:15:00,11.7,309,Completed,
T1673,D143,R2484,Delhi,Rohini,Connaught Place,2023-10-23 16:13:00,2023-10-23 16:22:00,2023-10-23 17:29:00,21.7,546,Completed,
T1674,D219,R3104,Delhi,Rohini,Vasant Kunj,2023-10-04 17:27:00,2023-10-04 17:41:00,2023-10-04 18:03:00,9.0,194,Completed,
T1675,D182,R1145,Mumbai,Powai,Colaba,2023-10-16 19:42:00,2023-10-16 19:44:00,2023-10-16 20:07:00,6.9,194,Completed,
T1676,D298,R4593,Bangalore,Koramangala,Jayanagar,2023-10-15 16:53:00,2023-10-15 16:55:00,2023-10-15 17:05:00,3.0,110,Completed,
T1677,D110,R3015,Mumbai,Juhu,Powai,2023-10-01 04:02:00,2023-10-01 04:08:00,2023-10-01 04:37:00,7.6,198,Completed,
T1678,D227,R4980,Bangalore,Jayanagar,Whitefield,2023-10-18 19:27:00,2023-10-18 19:33:00,2023-10-18 19:53:00,5.4,169,Completed,
T1679,D306,R4058,Bangalore,HSR Layout,Whitefield,2023-10-09 20:48:00,2023-10-09 21:03:00,2023-10-09 22:09:00,20.5,517,Completed,
T1680,D155,R3927,Bangalore,Indiranagar,Whitefield,2023-10-09 18:08:00,2023-10-09 18:14:00,2023-10-09 19:34:00,24.1,547,Completed,
T1681,D219,R3453,Delhi,Saket,Connaught Place,2023-10-27 22:53:00,2023-10-27 23:05:00,2023-10-28 00:00:00,20.1,474,Completed,
T1682,D277,R3936,Delhi,Dwarka,Vasant Kunj,2023-10-27 16:06:00,2023-10-27 16:16:00,2023-10-27 17:01:00,16.6,352,Completed,
T1683,D140,R4913,Delhi,Vasant Kunj,Saket,2023-10-15 13:50:00,2023-10-15 14:00:00,2023-10-15 14:07:00,2.3,104,Completed,
T1684,D190,R2381,Delhi,Dwarka,Saket,2023-10-08 07:03:00,2023-10-08 07:12:00,2023-10-08 07:37:00,8.0,233,Completed,
T1685,D170,R1874,Mumbai,Colaba,Powai,2023-10-27 18:11:00,2023-10-27 18:15:00,2023-10-27 18:35:00,8.2,241,Completed,
T1686,D268,R1319,Mumbai,Bandra,Powai,2023-10-30 14:23:00,2023-10-30 14:27:00,2023-10-30 15:07:00,12.0,349,Completed,
T1687,D191,R3120,Mumbai,Colaba,Powai,2023-10-10 22:55:00,2023-10-10 23:07:00,2023-10-10 23:30:00,6.6,161,Completed,
T1688,D196,R1463,Delhi,Dwarka,Connaught Place,2023-10-23 20:14:00,2023-10-23 20:20:00,2023-10-23 21:30:00,21.5,381,Completed,
T1689,D333,R2494,Mumbai,Powai,Juhu,2023-10-20 14:39:00,2023-10-20 14:43:00,2023-10-20 15:49:00,17.4,415,Completed,
T1690,D215,R2918,Bangalore,Koramangala,HSR Layout,2023-10-16 02:30:00,2023-10-16 02:38:00,2023-10-16 03:27:00,18.6,507,Completed,
T1691,D289,R3640,Mumbai,Colaba,Powai,2023-10-10 18:39:00,2023-10-10 18:43:00,2023-10-10 18:59:00,6.1,157,Completed,
T1692,D151,R3865,Delhi,Dwarka,Connaught Place,2023-10-03 06:33:00,2023-10-03 06:46:00,2023-10-03 07:19:00,11.9,347,Completed,
T1693,D126,R2760,Bangalore,HSR Layout,Jayanagar,2023-10-17 14:11:00,2023-10-17 14:18:00,2023-10-17 15:08:00,15.3,358,Completed,
T1694,D312,R1758,Mumbai,Bandra,Powai,2023-10-26 18:15:00,2023-10-26 18:21:00,2023-10-26 19:30:00,21.8,431,Completed,
T1695,D114,R4063,Delhi,Saket,Vasant Kunj,2023-10-25 18:12:00,,,0.0,0.0,Cancelled,Rider Cancelled
T1696,D135,R4228,Delhi,Saket,Dwarka,2023-10-02 12:54:00,2023-10-02 13:05:00,2023-10-02 13:57:00,18.3,456,Completed,
T1697,D293,R4485,Mumbai,Powai,Juhu,2023-10-12 07:17:00,2023-10-12 07:27:00,2023-10-12 07:44:00,4.8,139,Completed,
T1698,D237,R3704,Mumbai,Andheri,Juhu,2023-10-18 03:44:00,2023-10-18 03:47:00,2023-10-18 04:37:00,15.3,355,Completed,
T1699,D279,R3083,Mumbai,Juhu,Colaba,2023-10-16 21:01:00,2023-10-16 21:10:00,2023-10-16 22:05:00,17.1,344,Completed,
T1700,D167,R1963,Delhi,Connaught Place,Vasant Kunj,2023-10-24 14:11:00,,,0.0,0.0,Cancelled,Rider Cancelled
T1701,D108,R2809,Delhi,Saket,Connaught Place,2023-10-22 13:43:00,2023-10-22 13:56:00,2023-10-22 15:21:00,23.4,635,Completed,
T1702,D124,R3888,Delhi,Dwarka,Vasant Kunj,2023-10-09 16:46:00,,,0.0,0.0,Cancelled,Driver Not Found
T1703,D186,R3901,Bangalore,HSR Layout,Jayanagar,2023-10-28 15:35:00,,,0.0,0.0,Cancelled,Payment Issue
T1704,D327,R3220,Bangalore,Indiranagar,HSR Layout,2023-10-07 23:56:00,2023-10-08 00:03:00,2023-10-08 01:19:00,19.6,364,Completed,
T1705,D277,R2650,Delhi,Dwarka,Vasant Kunj,2023-10-19 15:25:00,2023-10-19 15:32:00,2023-10-19 16:01:00,9.2,200,Completed,
T1706,D331,R1652,Delhi,Dwarka,Connaught Place,2023-10-18 21:22:00,2023-10-18 21:30:00,2023-10-18 22:01:00,10.9,303,Completed,
T1707,D305,R2880,Mumbai,Juhu,Colaba,2023-10-14 01:41:00,2023-10-14 01:50:00,2023-10-14 02:08:00,6.9,211,Completed,
T1708,D171,R4344,Bangalore,Whitefield,Koramangala,2023-10-11 09:34:00,2023-10-11 09:43:00,2023-10-11 09:59:00,5.1,134,Completed,
T1709,D340,R2640,Mumbai,Colaba,Andheri,2023-10-20 23:01:00,2023-10-20 23:09:00,2023-10-21 00:15:00,19.3,368,Completed,
T1710,D195,R1878,Delhi,Saket,Vasant Kunj,2023-10-07 11:22:00,2023-10-07 11:36:00,2023-10-07 11:42:00,2.0,89,Completed,
T1711,D155,R1372,Bangalore,HSR Layout,Indiranagar,2023-10-10 15:28:00,2023-10-10 15:30:00,2023-10-10 16:12:00,12.5,277,Completed,
T1712,D241,R3055,Delhi,Dwarka,Connaught Place,2023-10-12 02:44:00,2023-10-12 02:47:00,2023-10-12 03:38:00,15.8,425,Completed,
T1713,D104,R1318,Mumbai,Bandra,Andheri,2023-10-13 11:37:00,2023-10-13 11:52:00,2023-10-13 13:05:00,20.6,559,Completed,
T1714,D186,R1086,Bangalore,Jayanagar,Koramangala,2023-10-30 05:44:00,,,0.0,0.0,Cancelled,Driver Not Found
T1715,D294,R3354,Bangalore,HSR Layout,Jayanagar,2023-10-12 20:28:00,2023-10-12 20:34:00,2023-10-12 21:27:00,13.9,289,Completed,
T1716,D251,R1742,Delhi,Connaught Place,Saket,2023-10-23 18:39:00,2023-10-23 18:49:00,2023-10-23 19:41:00,17.4,437,Completed,
T1717,D301,R4919,Mumbai,Powai,Juhu,2023-10-04 02:08:00,2023-10-04 02:17:00,2023-10-04 02:30:00,4.5,122,Completed,
T1718,D226,R1482,Bangalore,Koramangala,Jayanagar,2023-10-04 21:55:00,2023-10-04 22:08:00,2023-10-04 22:41:00,9.7,235,Completed,
T1719,D279,R3420,Mumbai,Juhu,Colaba,2023-10-03 13:10:00,2023-10-03 13:12:00,2023-10-03 13:59:00,15.3,339,Completed,
T1720,D104,R3089,Mumbai,Andheri,Juhu,2023-10-27 17:35:00,2023-10-27 17:48:00,2023-10-27 17:59:00,3.5,137,Completed,
T1721,D192,R1110,Delhi,Saket,Vasant Kunj,2023-10-06 03:20:00,2023-10-06 03:26:00,2023-10-06 04:12:00,13.4,315,Completed,
T1722,D329,R2974,Bangalore,Jayanagar,HSR Layout,2023-10-17 21:40:00,,,0.0,0.0,Cancelled,Driver Cancelled
T1723,D225,R4381,Mumbai,Powai,Bandra,2023-10-17 10:24:00,,,0.0,0.0,Cancelled,Driver Cancelled
T1724,D246,R2582,Delhi,Connaught Place,Rohini,2023-10-27 00:46:00,,,0.0,0.0,Cancelled,Rider Cancelled
T1725,D214,R2102,Mumbai,Powai,Colaba,2023-10-22 12:06:00,2023-10-22 12:12:00,2023-10-22 13:13:00,18.2,345,Completed,
T1726,D179,R4989,Delhi,Dwarka,Vasant Kunj,2023-10-04 03:24:00,2023-10-04 03:37:00,2023-10-04 04:04:00,7.1,169,Completed,
T1727,D257,R1077,Mumbai,Colaba,Bandra,2023-10-21 02:25:00,2023-10-21 02:34:00,2023-10-21 03:23:00,13.7,263,Completed,
T1728,D272,R3582,Bangalore,Whitefield,Jayanagar,2023-10-10 19:14:00,2023-10-10 19:24:00,2023-10-10 20:29:00,21.5,404,Completed,
T1729,D148,R1031,Mumbai,Juhu,Colaba,2023-10-06 07:56:00,,,0.0,0.0,Cancelled,Other
T1730,D174,R2445,Bangalore,Indiranagar,HSR Layout,2023-10-24 02:18:00,2023-10-24 02:26:00,2023-10-24 03:10:00,13.8,347,Completed,
T1731,D108,R1649,Delhi,Vasant Kunj,Saket,2023-10-06 17:25:00,2023-10-06 17:31:00,2023-10-06 18:36:00,24.1,549,Completed,
T1732,D157,R3261,Mumbai,Bandra,Colaba,2023-10-28 07:31:00,2023-10-28 07:45:00,2023-10-28 08:07:00,8.5,232,Completed,
T1733,D142,R4530,Delhi,Vasant Kunj,Saket,2023-10-27 00:02:00,2023-10-27 00:07:00,2023-10-27 00:40:00,10.0,204,Completed,
T1734,D148,R3119,Mumbai,Andheri,Powai,2023-10-30 14:28:00,2023-10-30 14:40:00,2023-10-30 15:03:00,8.7,236,Completed,
T1735,D150,R3551,Mumbai,Bandra,Colaba,2023-10-22 19:02:00,2023-10-22 19:07:00,2023-10-22 20:15:00,22.3,468,Completed,
T1736,D133,R3388,Mumbai,Bandra,Powai,2023-10-19 22:43:00,2023-10-19 22:46:00,2023-10-19 22:57:00,4.2,114,Completed,
T1737,D269,R2885,Delhi,Rohini,Connaught Place,2023-10-05 11:17:00,2023-10-05 11:31:00,2023-10-05 12:04:00,11.1,317,Completed,
T1738,D184,R3138,Delhi,Vasant Kunj,Rohini,2023-10-02 11:51:00,2023-10-02 12:04:00,2023-10-02 12:56:00,16.8,418,Completed,
T1739,D333,R3994,Mumbai,Andheri,Colaba,2023-10-13 18:40:00,2023-10-13 18:47:00,2023-10-13 18:55:00,3.4,117,Completed,
T1740,D252,R2982,Mumbai,Colaba,Powai,2023-10-22 19:05:00,2023-10-22 19:16:00,2023-10-22 19:49:00,8.5,236,Completed,
T1741,D225,R1169,Mumbai,Juhu,Powai,2023-10-26 18:26:00,2023-10-26 18:33:00,2023-10-26 19:56:00,23.7,589,Completed,
T1742,D133,R1158,Mumbai,Bandra,Juhu,2023-10-22 08:01:00,2023-10-22 08:16:00,2023-10-22 08:52:00,11.5,276,Completed,
T1743,D139,R4578,Delhi,Vasant Kunj,Connaught Place,2023-10-25 18:52:00,2023-10-25 18:55:00,2023-10-25 19:09:00,4.2,116,Completed,
T1744,D263,R2397,Delhi,Vasant Kunj,Dwarka,2023-10-18 06:53:00,2023-10-18 06:55:00,2023-10-18 07:38:00,12.5,292,Completed,
T1745,D169,R1363,Delhi,Vasant Kunj,Dwarka,2023-10-17 01:04:00,2023-10-17 01:10:00,2023-10-17 01:33:00,7.7,177,Completed,
T1746,D339,R4141,Bangalore,Indiranagar,Koramangala,2023-10-29 06:22:00,2023-10-29 06:32:00,2023-10-29 07:38:00,22.3,562,Completed,
T1747,D350,R4933,Bangalore,Koramangala,Whitefield,2023-10-30 17:28:00,2023-10-30 17:30:00,2023-10-30 17:59:00,10.4,225,Completed,
T1748,D296,R4141,Mumbai,Powai,Bandra,2023-10-25 21:47:00,2023-10-25 21:50:00,2023-10-25 22:38:00,14.8,348,Completed,
T1749,D220,R3964,Bangalore,Whitefield,HSR Layout,2023-10-03 05:47:00,2023-10-03 05:52:00,2023-10-03 07:10:00,22.7,577,Completed,
T1750,D215,R1534,Bangalore,Koramangala,HSR Layout,2023-10-15 02:13:00,,2023-10-15 03:22:00,15.8,354,Completed,
T1751,D265,R2316,Mumbai,Colaba,Powai,2023-10-18 14:34:00,,,0.0,0.0,Cancelled,Rider Cancelled
T1752,D326,R4248,Bangalore,Indiranagar,Whitefield,2023-10-30 20:29:00,2023-10-30 20:36:00,2023-10-30 21:43:00,22.2,506,Completed,
T1753,D347,R3614,Bangalore,HSR Layout,Jayanagar,2023-10-30 18:32:00,2023-10-30 18:39:00,2023-10-30 20:04:00,23.6,586,Completed,
T1754,D225,R1114,Mumbai,Bandra,Juhu,2023-10-03 17:27:00,2023-10-03 17:41:00,2023-10-03 18:25:00,16.1,412,Completed,
T1755,D114,R2427,Delhi,Connaught Place,Rohini,2023-10-28 12:29:00,,,0.0,0.0,Cancelled,Driver Cancelled
T1756,D136,R3545,Bangalore,Indiranagar,Koramangala,2023-10-05 07:59:00,2023-10-05 08:09:00,2023-10-05 08:17:00,2.9,114,Completed,
T1757,D328,R2971,Delhi,Vasant Kunj,Connaught Place,2023-10-25 23:06:00,,,0.0,0.0,Cancelled,Other
T1758,D311,R3496,Delhi,Vasant Kunj,Rohini,2023-10-27 00:28:00,2023-10-27 00:32:00,2023-10-27 00:56:00,8.4,223,Completed,
T1759,D337,R1278,Mumbai,Bandra,Andheri,2023-10-11 23:41:00,2023-10-11 23:44:00,2023-10-11 23:49:00,2.1,101,Completed,
T1760,D216,R4424,Mumbai,Juhu,Andheri,2023-10-11 19:50:00,,,0.0,0.0,Cancelled,Driver Cancelled
T1761,D146,R2088,Delhi,Vasant Kunj,Connaught Place,2023-10-06 14:16:00,2023-10-06 14:27:00,2023-10-06 15:54:00,22.9,605,Completed,
T1762,D293,R4480,Mumbai,Powai,Colaba,2023-10-21 06:41:00,2023-10-21 06:43:00,2023-10-21 07:46:00,23.4,423,Completed,
T1763,D292,R3047,Delhi,Connaught Place,Saket,2023-10-22 05:52:00,2023-10-22 06:04:00,2023-10-22 06:17:00,3.5,108,Completed,
T1764,D344,R2700,Bangalore,Jayanagar,Whitefield,2023-10-28 04:30:00,,,0.0,0.0,Cancelled,Driver Cancelled
T1765,D180,R3182,Delhi,Rohini,Connaught Place,2023-10-22 15:00:00,2023-10-22 15:13:00,2023-10-22 15:55:00,16.8,303,Completed,
T1766,D172,R4140,Bangalore,Jayanagar,HSR Layout,2023-10-09 23:05:00,2023-10-09 23:11:00,2023-10-10 00:11:00,23.0,604,Completed,
T1767,D324,R1829,Bangalore,Indiranagar,Whitefield,2023-10-17 14:32:00,2023-10-17 14:34:00,2023-10-17 14:44:00,2.8,112,Completed,
T1768,D341,R2783,Delhi,Saket,Rohini,2023-10-07 00:07:00,2023-10-07 00:22:00,2023-10-07 00:48:00,8.5,237,Completed,
T1769,D306,R2734,Bangalore,Jayanagar,Koramangala,2023-10-26 20:27:00,2023-10-26 20:32:00,2023-10-26 21:07:00,13.5,259,Completed,
T1770,D132,R4476,Bangalore,Indiranagar,Whitefield,2023-10-03 00:35:00,2023-10-03 00:41:00,2023-10-03 01:38:00,22.3,405,Completed,
T1771,D178,R2406,Bangalore,Koramangala,HSR Layout,2023-10-05 14:51:00,2023-10-05 15:06:00,2023-10-05 15:27:00,8.3,224,Completed,
T1772,D128,R1246,Bangalore,HSR Layout,Indiranagar,2023-10-08 16:03:00,2023-10-08 16:06:00,2023-10-08 16:16:00,3.2,103,Completed,
T1773,D118,R1191,Delhi,Vasant Kunj,Rohini,2023-10-02 22:57:00,,,0.0,0.0,Cancelled,Rider Cancelled
T1774,D119,R1108,Mumbai,Bandra,Andheri,2023-10-08 19:40:00,2023-10-08 19:54:00,2023-10-08 20:43:00,19.6,497,Completed,
T1775,D265,R2417,Mumbai,Bandra,Juhu,2023-10-27 16:23:00,2023-10-27 16:25:00,2023-10-27 17:32:00,24.0,594,Completed,
T1776,D191,R2090,Mumbai,Juhu,Bandra,2023-10-04 15:24:00,2023-10-04 15:30:00,2023-10-04 15:41:00,3.0,96,Completed,
T1777,D204,R2165,Bangalore,Jayanagar,HSR Layout,2023-10-07 17:25:00,,,0.0,0.0,Cancelled,Driver Cancelled
T1778,D259,R1013,Delhi,Vasant Kunj,Rohini,2023-10-23 05:00:00,2023-10-23 05:03:00,2023-10-23 06:06:00,16.2,349,Completed,
T1779,D169,R1930,Delhi,Vasant Kunj,Rohini,2023-10-19 18:33:00,2023-10-19 18:47:00,2023-10-19 19:20:00,12.7,365,Completed,
T1780,D127,R1510,Bangalore,Koramangala,HSR Layout,2023-10-29 14:55:00,2023-10-29 15:05:00,2023-10-29 15:46:00,15.1,383,Completed,
T1781,D317,R3839,Bangalore,Jayanagar,HSR Layout,2023-10-26 19:38:00,,,0.0,0.0,Cancelled,Rider Cancelled
T1782,D190,R2442,Delhi,Rohini,Vasant Kunj,2023-10-12 18:20:00,2023-10-12 18:31:00,2023-10-12 19:05:00,9.6,200,Completed,
T1783,D159,R4987,Mumbai,Andheri,Bandra,2023-10-08 04:53:00,2023-10-08 05:07:00,2023-10-08 06:18:00,20.8,454,Completed,
T1784,D178,R2856,Bangalore,Koramangala,Whitefield,2023-10-19 21:55:00,2023-10-19 21:58:00,2023-10-19 22:49:00,15.2,428,Completed,
T1785,D311,R4845,Delhi,Vasant Kunj,Rohini,2023-10-29 18:25:00,2023-10-29 18:36:00,2023-10-29 19:53:00,24.2,579,Completed,
T1786,D144,R2678,Mumbai,Colaba,Bandra,2023-10-28 20:26:00,2023-10-28 20:32:00,2023-10-28 20:58:00,6.7,204,Completed,
T1787,D335,R4895,Bangalore,Whitefield,Koramangala,2023-10-21 18:21:00,,,0.0,0.0,Cancelled,Rider Cancelled
T1788,D189,R2320,Delhi,Connaught Place,Dwarka,2023-10-09 05:31:00,2023-10-09 05:40:00,2023-10-09 07:09:00,22.9,603,Completed,
T1789,D322,R2753,Delhi,Dwarka,Vasant Kunj,2023-10-01 10:20:00,2023-10-01 10:30:00,2023-10-01 10:47:00,4.7,131,Completed,
T1790,D306,R1838,Bangalore,Koramangala,Jayanagar,2023-10-21 18:38:00,2023-10-21 18:49:00,2023-10-21 18:57:00,2.4,105,Completed,
T1791,D294,R2223,Bangalore,Koramangala,HSR Layout,2023-10-02 21:59:00,2023-10-02 22:09:00,2023-10-02 23:21:00,24.1,491,Completed,
T1792,D144,R3511,Mumbai,Colaba,Bandra,2023-10-01 06:52:00,2023-10-01 07:01:00,2023-10-01 07:11:00,2.7,103,Completed,
T1793,D199,R4453,Delhi,Dwarka,Connaught Place,2023-10-09 19:59:00,2023-10-09 20:08:00,2023-10-09 21:35:00,24.9,639,Completed,
T1794,D182,R3568,Mumbai,Juhu,Colaba,2023-10-23 21:08:00,2023-10-23 21:16:00,2023-10-23 22:04:00,16.3,337,Completed,
T1795,D279,R1662,Mumbai,Juhu,Colaba,2023-10-21 00:24:00,2023-10-21 00:30:00,2023-10-21 00:49:00,5.8,174,Completed,
T1796,D231,R3465,Mumbai,Juhu,Powai,2023-10-19 18:28:00,2023-10-19 18:37:00,2023-10-19 19:26:00,12.7,360,Completed,
T1797,D167,R2323,Delhi,Connaught Place,Dwarka,2023-10-25 04:57:00,,,0.0,0.0,Cancelled,Rider Cancelled
T1798,D181,R2733,Mumbai,Powai,Colaba,2023-10-06 13:15:00,2023-10-06 13:17:00,2023-10-06 14:24:00,19.8,361,Completed,
T1799,D101,R4605,Mumbai,Juhu,Colaba,2023-10-27 20:24:00,2023-10-27 20:30:00,2023-10-27 21:49:00,19.8,400,Completed,
T1800,D202,R1146,Delhi,Rohini,Dwarka,2023-10-08 03:27:00,2023-10-08 03:29:00,2023-10-08 03:19:00,24.8,557,Completed,
T1801,D274,R4906,Bangalore,Indiranagar,Whitefield,2023-10-14 13:07:00,2023-10-14 13:14:00,2023-10-14 13:26:00,4.4,157,Completed,
T1802,D285,R2062,Bangalore,Jayanagar,Whitefield,2023-10-27 00:03:00,2023-10-27 00:16:00,2023-10-27 01:35:00,24.8,467,Completed,
T1803,D304,R3847,Mumbai,Bandra,Juhu,2023-10-19 09:50:00,2023-10-19 09:55:00,2023-10-19 11:09:00,21.2,530,Completed,
T1804,D128,R4157,Bangalore,Jayanagar,HSR Layout,2023-10-02 16:54:00,2023-10-02 16:56:00,2023-10-02 18:10:00,20.5,465,Completed,
T1805,D301,R1485,Mumbai,Bandra,Juhu,2023-10-30 14:05:00,,,0.0,0.0,Cancelled,Driver Cancelled
T1806,D313,R1104,Bangalore,Indiranagar,Whitefield,2023-10-10 21:22:00,2023-10-10 21:37:00,2023-10-10 23:00:00,21.1,423,Completed,
T1807,D282,R4633,Delhi,Dwarka,Rohini,2023-10-22 02:16:00,2023-10-22 02:29:00,2023-10-22 02:49:00,5.4,161,Completed,
T1808,D145,R4720,Delhi,Dwarka,Rohini,2023-10-29 05:09:00,2023-10-29 05:14:00,2023-10-29 06:14:00,16.4,441,Completed,
T1809,D190,R3106,Delhi,Dwarka,Rohini,2023-10-13 22:12:00,2023-10-13 22:18:00,2023-10-13 22:42:00,8.4,179,Completed,
T1810,D347,R4439,Bangalore,Whitefield,HSR Layout,2023-10-10 18:13:00,2023-10-10 18:23:00,2023-10-10 18:51:00,11.4,297,Completed,
T1811,D177,R3199,Mumbai,Andheri,Powai,2023-10-08 18:40:00,,,0.0,0.0,Cancelled,Driver Cancelled
T1812,D228,R1443,Delhi,Dwarka,Rohini,2023-10-05 08:26:00,2023-10-05 08:35:00,2023-10-05 09:39:00,20.4,414,Completed,
T1813,D236,R2439,Bangalore,Whitefield,Indiranagar,2023-10-11 06:08:00,2023-10-11 06:23:00,2023-10-11 07:48:00,23.1,552,Completed,
T1814,D286,R2506,Mumbai,Powai,Juhu,2023-10-23 04:58:00,2023-10-23 05:02:00,2023-10-23 05:17:00,4.0,148,Completed,
T1815,D221,R1115,Delhi,Rohini,Vasant Kunj,2023-10-09 18:09:00,2023-10-09 18:14:00,2023-10-09 18:43:00,8.7,181,Completed,
T1816,D250,R4992,Mumbai,Powai,Bandra,2023-10-19 10:44:00,2023-10-19 10:56:00,2023-10-19 11:30:00,9.4,261,Completed,
T1817,D350,R1711,Bangalore,Indiranagar,Whitefield,2023-10-28 23:34:00,2023-10-28 23:48:00,2023-10-29 00:10:00,8.1,184,Completed,
T1818,D210,R3949,Delhi,Dwarka,Connaught Place,2023-10-26 05:39:00,2023-10-26 05:51:00,2023-10-26 06:01:00,3.7,130,Completed,
T1819,D234,R3451,Delhi,Dwarka,Saket,2023-10-21 18:34:00,2023-10-21 18:36:00,2023-10-21 19:10:00,11.6,238,Completed,
T1820,D226,R2548,Bangalore,HSR Layout,Koramangala,2023-10-01 13:33:00,,,0.0,0.0,Cancelled,Rider Cancelled
T1821,D291,R3630,Bangalore,Jayanagar,Whitefield,2023-10-29 05:51:00,2023-10-29 05:53:00,2023-10-29 06:34:00,11.4,302,Completed,
T1822,D114,R4820,Delhi,Saket,Rohini,2023-10-12 16:04:00,2023-10-12 16:07:00,2023-10-12 16:27:00,6.1,166,Completed,
T1823,D119,R1826,Mumbai,Colaba,Powai,2023-10-22 07:14:00,2023-10-22 07:21:00,2023-10-22 07:53:00,11.4,327,Completed,
T1824,D190,R1949,Delhi,Rohini,Connaught Place,2023-10-28 11:05:00,2023-10-28 11:20:00,2023-10-28 11:27:00,2.9,122,Completed,
T1825,D331,R2487,Delhi,Vasant Kunj,Connaught Place,2023-10-02 21:24:00,2023-10-02 21:35:00,2023-10-02 22:35:00,18.0,448,Completed,
T1826,D297,R2711,Mumbai,Juhu,Powai,2023-10-22 15:50:00,2023-10-22 15:56:00,2023-10-22 17:30:00,24.3,489,Completed,
T1827,D333,R2595,Mumbai,Colaba,Andheri,2023-10-25 13:35:00,2023-10-25 13:40:00,2023-10-25 13:57:00,4.5,128,Completed,
T1828,D196,R2685,Delhi,Vasant Kunj,Saket,2023-10-29 11:44:00,2023-10-29 11:58:00,2023-10-29 13:10:00,20.5,374,Completed,
T1829,D328,R2651,Delhi,Connaught Place,Vasant Kunj,2023-10-06 23:15:00,2023-10-06 23:26:00,2023-10-07 00:26:00,17.8,432,Completed,
T1830,D176,R1925,Mumbai,Juhu,Colaba,2023-10-14 04:03:00,2023-10-14 04:18:00,2023-10-14 05:13:00,16.0,326,Completed,
T1831,D182,R2566,Mumbai,Juhu,Colaba,2023-10-02 06:02:00,2023-10-02 06:05:00,2023-10-02 06:30:00,7.8,243,Completed,
T1832,D262,R2768,Mumbai,Andheri,Powai,2023-10-18 06:32:00,2023-10-18 06:34:00,2023-10-18 07:26:00,14.2,271,Completed,
T1833,D298,R1470,Bangalore,Whitefield,HSR Layout,2023-10-08 02:56:00,2023-10-08 03:10:00,2023-10-08 04:10:00,18.4,452,Completed,
T1834,D277,R1554,Delhi,Connaught Place,Dwarka,2023-10-12 00:07:00,2023-10-12 00:12:00,2023-10-12 01:18:00,18.4,347,Completed,
T1835,D156,R2707,Bangalore,Indiranagar,Jayanagar,2023-10-11 02:49:00,2023-10-11 02:56:00,2023-10-11 03:49:00,17.7,357,Completed,
T1836,D123,R2339,Mumbai,Colaba,Powai,2023-10-12 13:22:00,2023-10-12 13:26:00,2023-10-12 14:43:00,23.4,532,Completed,
T1837,D133,R3632,Mumbai,Juhu,Powai,2023-10-11 11:16:00,2023-10-11 11:23:00,2023-10-11 11:37:00,3.9,126,Completed,
T1838,D115,R1552,Bangalore,Indiranagar,Jayanagar,2023-10-22 06:00:00,2023-10-22 06:15:00,2023-10-22 07:18:00,24.5,582,Completed,
T1839,D106,R4606,Delhi,Saket,Rohini,2023-10-22 12:34:00,2023-10-22 12:43:00,2023-10-22 13:45:00,23.6,638,Completed,
T1840,D118,R1901,Delhi,Saket,Dwarka,2023-10-14 08:26:00,2023-10-14 08:35:00,2023-10-14 09:39:00,25.0,657,Completed,
T1841,D137,R4007,Bangalore,HSR Layout,Indiranagar,2023-10-11 23:12:00,2023-10-11 23:26:00,2023-10-12 00:31:00,20.6,479,Completed,
T1842,D273,R2325,Delhi,Vasant Kunj,Connaught Place,2023-10-29 18:19:00,2023-10-29 18:22:00,2023-10-29 19:14:00,20.0,504,Completed,
T1843,D310,R1253,Delhi,Saket,Rohini,2023-10-10 10:52:00,2023-10-10 10:54:00,2023-10-10 11:39:00,17.9,432,Completed,
T1844,D134,R3128,Delhi,Connaught Place,Saket,2023-10-21 07:42:00,2023-10-21 07:52:00,2023-10-21 08:12:00,7.2,218,Completed,
T1845,D285,R4974,Bangalore,Whitefield,HSR Layout,2023-10-23 01:53:00,2023-10-23 02:01:00,2023-10-23 02:11:00,3.8,136,Completed,
T1846,D338,R1199,Mumbai,Bandra,Powai,2023-10-24 22:15:00,2023-10-24 22:21:00,2023-10-24 22:49:00,7.7,194,Completed,
T1847,D300,R3145,Delhi,Dwarka,Connaught Place,2023-10-02 22:43:00,2023-10-02 22:47:00,2023-10-02 23:17:00,12.0,278,Completed,
T1848,D234,R4251,Delhi,Rohini,Dwarka,2023-10-03 14:50:00,2023-10-03 15:05:00,2023-10-03 15:28:00,7.3,226,Completed,
T1849,D306,R1835,Bangalore,Jayanagar,Koramangala,2023-10-15 00:16:00,2023-10-15 00:24:00,2023-10-15 01:07:00,15.7,403,Completed,
T1850,D181,R2713,Mumbai,Colaba,Juhu,2023-10-02 12:27:00,2023-10-02 12:37:00,2023-10-02 13:27:00,17.7,480,Completed,
T1851,D132,R1115,Bangalore,Jayanagar,Indiranagar,2023-10-07 14:32:00,2023-10-07 14:47:00,2023-10-07 14:58:00,3.0,105,Completed,
T1852,D349,R4070,Mumbai,Andheri,Powai,2023-10-30 18:52:00,2023-10-30 19:01:00,2023-10-30 19:30:00,8.4,210,Completed,
T1853,D349,R1014,Mumbai,Andheri,Powai,2023-10-14 03:55:00,2023-10-14 03:58:00,2023-10-14 05:22:00,21.5,469,Completed,
T1854,D145,R3846,Delhi,Vasant Kunj,Saket,2023-10-26 07:32:00,2023-10-26 07:35:00,2023-10-26 07:49:00,5.3,146,Completed,
T1855,D233,R3413,Bangalore,Koramangala,Jayanagar,2023-10-23 22:21:00,2023-10-23 22:31:00,2023-10-24 00:03:00,24.4,658,Completed,
T1856,D129,R3345,Mumbai,Andheri,Bandra,2023-10-23 06:52:00,2023-10-23 07:06:00,2023-10-23 08:00:00,21.5,417,Completed,
T1857,D106,R3165,Delhi,Vasant Kunj,Saket,2023-10-09 15:17:00,2023-10-09 15:30:00,2023-10-09 16:42:00,23.6,635,Completed,
T1858,D276,R1387,Mumbai,Colaba,Andheri,2023-10-07 16:19:00,,,0.0,0.0,Cancelled,Driver Not Found
T1859,D146,R3336,Delhi,Vasant Kunj,Connaught Place,2023-10-18 14:12:00,2023-10-18 14:25:00,2023-10-18 15:46:00,23.6,417,Completed,
T1860,D163,R2379,Bangalore,HSR Layout,Koramangala,2023-10-09 22:10:00,2023-10-09 22:20:00,2023-10-09 22:32:00,3.8,132,Completed,
T1861,D215,R4040,Bangalore,Jayanagar,Indiranagar,2023-10-06 14:41:00,2023-10-06 14:47:00,2023-10-06 15:41:00,15.9,366,Completed,
T1862,D348,R3572,Bangalore,Jayanagar,Koramangala,2023-10-13 20:21:00,2023-10-13 20:36:00,2023-10-13 21:01:00,6.5,157,Completed,
T1863,D312,R4511,Mumbai,Powai,Bandra,2023-10-22 10:17:00,2023-10-22 10:19:00,2023-10-22 11:00:00,12.4,315,Completed,
T1864,D277,R4350,Delhi,Vasant Kunj,Dwarka,2023-10-16 17:57:00,2023-10-16 18:03:00,2023-10-16 18:19:00,4.6,119,Completed,
T1865,D140,R1745,Delhi,Connaught Place,Rohini,2023-10-03 01:56:00,2023-10-03 02:02:00,2023-10-03 03:24:00,24.9,666,Completed,
T1866,D149,R2440,Delhi,Connaught Place,Dwarka,2023-10-30 16:35:00,2023-10-30 16:49:00,2023-10-30 17:47:00,17.0,318,Completed,
T1867,D297,R2405,Mumbai,Colaba,Powai,2023-10-23 04:39:00,2023-10-23 04:47:00,2023-10-23 05:12:00,9.4,194,Completed,
T1868,D271,R1233,Delhi,Rohini,Saket,2023-10-03 20:24:00,2023-10-03 20:28:00,2023-10-03 21:41:00,19.7,515,Completed,
T1869,D209,R1189,Delhi,Connaught Place,Saket,2023-10-07 21:27:00,2023-10-07 21:30:00,2023-10-07 22:37:00,17.9,455,Completed,
T1870,D150,R2669,Mumbai,Colaba,Andheri,2023-10-30 14:51:00,2023-10-30 15:06:00,2023-10-30 15:25:00,5.7,167,Completed,
T1871,D267,R3902,Delhi,Saket,Vasant Kunj,2023-10-14 12:46:00,2023-10-14 12:48:00,2023-10-14 13:16:00,9.7,203,Completed,
T1872,D217,R3128,Delhi,Rohini,Dwarka,2023-10-01 04:56:00,2023-10-01 05:11:00,2023-10-01 06:22:00,24.5,500,Completed,
T1873,D144,R4326,Mumbai,Andheri,Powai,2023-10-03 00:51:00,2023-10-03 01:01:00,2023-10-03 01:43:00,11.8,236,Completed,
T1874,D265,R1436,Mumbai,Bandra,Andheri,2023-10-10 03:05:00,2023-10-10 03:13:00,2023-10-10 03:37:00,7.0,158,Completed,
T1875,D279,R3122,Mumbai,Juhu,Colaba,2023-10-13 10:41:00,2023-10-13 10:53:00,2023-10-13 12:01:00,18.6,426,Completed,
T1876,D167,R1023,Delhi,Saket,Connaught Place,2023-10-02 21:10:00,2023-10-02 21:13:00,2023-10-02 21:56:00,13.2,292,Completed,
T1877,D335,R1158,Bangalore,HSR Layout,Koramangala,2023-10-15 19:33:00,2023-10-15 19:46:00,2023-10-15 20:15:00,10.4,289,Completed,
T1878,D104,R3462,Mumbai,Andheri,Juhu,2023-10-01 23:01:00,2023-10-01 23:09:00,2023-10-02 00:05:00,15.7,317,Completed,
T1879,D272,R3091,Bangalore,Indiranagar,Jayanagar,2023-10-12 11:18:00,2023-10-12 11:33:00,2023-10-12 11:46:00,4.1,123,Completed,
T1880,D218,R1918,Bangalore,Whitefield,Jayanagar,2023-10-13 10:43:00,2023-10-13 10:47:00,2023-10-13 10:53:00,2.5,98,Completed,
T1881,D189,R1037,Delhi,Rohini,Connaught Place,2023-10-28 16:20:00,2023-10-28 16:22:00,2023-10-28 17:16:00,18.8,361,Completed,
T1882,D301,R2655,Mumbai,Juhu,Andheri,2023-10-21 04:43:00,2023-10-21 04:51:00,2023-10-21 05:08:00,5.0,169,Completed,
T1883,D335,R3725,Bangalore,Koramangala,Indiranagar,2023-10-30 05:11:00,2023-10-30 05:20:00,2023-10-30 05:41:00,8.4,232,Completed,
T1884,D284,R4108,Bangalore,Jayanagar,HSR Layout,2023-10-25 11:18:00,,,0.0,0.0,Cancelled,Driver Cancelled
T1885,D112,R1507,Bangalore,Whitefield,Indiranagar,2023-10-08 09:46:00,2023-10-08 09:52:00,2023-10-08 09:59:00,2.0,95,Completed,
T1886,D345,R1055,Mumbai,Powai,Colaba,2023-10-02 06:45:00,2023-10-02 06:48:00,2023-10-02 07:20:00,10.3,276,Completed,
T1887,D339,R3404,Bangalore,HSR Layout,Koramangala,2023-10-08 18:01:00,2023-10-08 18:08:00,2023-10-08 18:36:00,10.9,296,Completed,
T1888,D156,R2237,Bangalore,HSR Layout,Jayanagar,2023-10-27 14:25:00,,,0.0,0.0,Cancelled,Driver Cancelled
T1889,D295,R2673,Delhi,Rohini,Connaught Place,2023-10-09 14:41:00,2023-10-09 14:56:00,2023-10-09 15:08:00,3.2,114,Completed,
T1890,D150,R2200,Mumbai,Bandra,Juhu,2023-10-03 04:27:00,2023-10-03 04:33:00,2023-10-03 05:32:00,16.8,433,Completed,
T1891,D280,R2931,Mumbai,Colaba,Andheri,2023-10-30 18:33:00,2023-10-30 18:39:00,2023-10-30 19:08:00,11.3,225,Completed,
T1892,D168,R2609,Mumbai,Andheri,Powai,2023-10-27 19:54:00,,,0.0,0.0,Cancelled,Driver Cancelled
T1893,D306,R2343,Bangalore,HSR Layout,Whitefield,2023-10-04 12:51:00,2023-10-04 13:03:00,2023-10-04 13:53:00,15.7,390,Completed,
T1894,D340,R1590,Mumbai,Juhu,Powai,2023-10-22 19:17:00,2023-10-22 19:32:00,2023-10-22 20:25:00,15.4,373,Completed,
T1895,D337,R4440,Mumbai,Andheri,Juhu,2023-10-16 19:57:00,2023-10-16 20:08:00,2023-10-16 21:05:00,20.6,507,Completed,
T1896,D303,R2648,Bangalore,Koramangala,Jayanagar,2023-10-14 03:39:00,2023-10-14 03:53:00,2023-10-14 04:00:00,2.1,89,Completed,
T1897,D318,R2416,Bangalore,Jayanagar,Indiranagar,2023-10-21 16:54:00,2023-10-21 16:58:00,2023-10-21 18:03:00,22.2,605,Completed,
T1898,D225,R4746,Mumbai,Bandra,Powai,2023-10-18 20:25:00,2023-10-18 20:36:00,2023-10-18 20:59:00,6.2,152,Completed,
T1899,D122,R1676,Bangalore,Jayanagar,HSR Layout,2023-10-02 05:32:00,,,0.0,0.0,Cancelled,Rider Cancelled
T1900,D9999,R2591,Bangalore,Jayanagar,Whitefield,2023-10-11 03:08:00,2023-10-11 03:10:00,2023-10-11 04:26:00,20.1,467,Completed,
T1901,D167,R2388,Delhi,Saket,Rohini,2023-10-15 04:48:00,2023-10-15 05:02:00,2023-10-15 05:27:00,10.0,202,Completed,
T1902,D273,R4474,Delhi,Dwarka,Vasant Kunj,2023-10-25 16:42:00,2023-10-25 16:45:00,2023-10-25 17:25:00,13.7,294,Completed,
T1903,D176,R4928,Mumbai,Juhu,Andheri,2023-10-21 20:55:00,2023-10-21 21:05:00,2023-10-21 21:36:00,10.9,315,Completed,
T1904,D149,R3086,Delhi,Vasant Kunj,Connaught Place,2023-10-09 10:42:00,2023-10-09 10:53:00,2023-10-09 11:13:00,5.1,176,Completed,
T1905,D196,R1094,Delhi,Connaught Place,Vasant Kunj,2023-10-18 06:47:00,2023-10-18 06:53:00,2023-10-18 07:53:00,21.8,493,Completed,
T1906,D213,R1861,Mumbai,Juhu,Bandra,2023-10-18 21:26:00,2023-10-18 21:41:00,2023-10-18 22:13:00,10.1,221,Completed,
T1907,D299,R3753,Delhi,Saket,Rohini,2023-10-03 13:30:00,2023-10-03 13:43:00,2023-10-03 14:56:00,21.1,369,Completed,
T1908,D198,R2834,Bangalore,HSR Layout,Koramangala,2023-10-20 23:02:00,2023-10-20 23:11:00,2023-10-21 00:23:00,22.6,455,Completed,
T1909,D274,R4949,Bangalore,Koramangala,Indiranagar,2023-10-11 16:58:00,2023-10-11 17:05:00,2023-10-11 17:49:00,16.2,426,Completed,
T1910,D239,R2451,Delhi,Dwarka,Connaught Place,2023-10-24 03:36:00,,,0.0,0.0,Cancelled,Other
T1911,D168,R2142,Mumbai,Bandra,Juhu,2023-10-19 03:50:00,2023-10-19 03:54:00,2023-10-19 04:45:00,17.0,377,Completed,
T1912,D314,R4479,Delhi,Saket,Rohini,2023-10-11 21:00:00,,,0.0,0.0,Cancelled,Other
T1913,D121,R1307,Delhi,Vasant Kunj,Saket,2023-10-26 04:03:00,2023-10-26 04:10:00,2023-10-26 04:59:00,18.9,503,Completed,
T1914,D233,R2017,Bangalore,Koramangala,Indiranagar,2023-10-20 16:48:00,,,0.0,0.0,Cancelled,Rider Cancelled
T1915,D194,R3098,Delhi,Saket,Dwarka,2023-10-24 11:53:00,2023-10-24 11:59:00,2023-10-24 12:22:00,7.9,188,Completed,
T1916,D306,R2451,Bangalore,Koramangala,Indiranagar,2023-10-06 18:24:00,2023-10-06 18:34:00,2023-10-06 19:43:00,17.7,446,Completed,
T1917,D157,R2138,Mumbai,Colaba,Powai,2023-10-16 00:03:00,2023-10-16 00:08:00,2023-10-16 00:32:00,6.5,212,Completed,
T1918,D250,R4844,Mumbai,Juhu,Bandra,2023-10-11 09:51:00,2023-10-11 09:55:00,2023-10-11 10:51:00,14.3,266,Completed,
T1919,D145,R1685,Delhi,Rohini,Connaught Place,2023-10-01 19:21:00,2023-10-01 19:23:00,2023-10-01 19:45:00,5.9,185,Completed,
T1920,D116,R4951,Delhi,Vasant Kunj,Dwarka,2023-10-17 03:47:00,2023-10-17 03:51:00,2023-10-17 04:55:00,22.8,545,Completed,
T1921,D139,R1050,Delhi,Saket,Rohini,2023-10-29 08:14:00,,,0.0,0.0,Cancelled,Driver Cancelled
T1922,D285,R3216,Bangalore,Koramangala,Jayanagar,2023-10-26 02:00:00,,,0.0,0.0,Cancelled,Driver Cancelled
T1923,D276,R1558,Mumbai,Bandra,Colaba,2023-10-07 13:15:00,2023-10-07 13:21:00,2023-10-07 14:05:00,11.9,231,Completed,
T1924,D211,R1104,Delhi,Saket,Rohini,2023-10-23 13:50:00,2023-10-23 13:53:00,2023-10-23 14:48:00,21.6,406,Completed,
T1925,D268,R3704,Mumbai,Powai,Juhu,2023-10-21 13:14:00,2023-10-21 13:18:00,2023-10-21 14:24:00,18.2,367,Completed,
T1926,D299,R4156,Delhi,Connaught Place,Rohini,2023-10-09 11:55:00,2023-10-09 12:09:00,2023-10-09 12:46:00,11.0,221,Completed,
T1927,D151,R1314,Delhi,Vasant Kunj,Rohini,2023-10-11 00:15:00,,,0.0,0.0,Cancelled,Driver Not Found
T1928,D278,R3105,Delhi,Rohini,Saket,2023-10-01 04:21:00,2023-10-01 04:25:00,2023-10-01 05:11:00,14.0,358,Completed,
T1929,D284,R2864,Bangalore,Indiranagar,HSR Layout,2023-10-30 07:06:00,2023-10-30 07:18:00,2023-10-30 07:23:00,2.1,85,Completed,
T1930,D141,R4225,Mumbai,Powai,Colaba,2023-10-22 21:09:00,2023-10-22 21:16:00,2023-10-22 22:07:00,15.4,306,Completed,
T1931,D139,R2618,Delhi,Rohini,Vasant Kunj,2023-10-28 10:13:00,2023-10-28 10:27:00,2023-10-28 10:38:00,3.0,104,Completed,
T1932,D122,R1326,Bangalore,Koramangala,Jayanagar,2023-10-18 02:24:00,2023-10-18 02:31:00,2023-10-18 03:37:00,17.5,442,Completed,
T1933,D320,R3414,Mumbai,Powai,Bandra,2023-10-15 04:16:00,2023-10-15 04:18:00,2023-10-15 05:20:00,21.4,476,Completed,
T1934,D284,R4504,Bangalore,Koramangala,HSR Layout,2023-10-27 15:09:00,2023-10-27 15:11:00,2023-10-27 16:17:00,21.1,426,Completed,
T1935,D322,R2576,Delhi,Saket,Vasant Kunj,2023-10-27 01:56:00,2023-10-27 02:10:00,2023-10-27 02:28:00,4.9,171,Completed,
T1936,D276,R1980,Mumbai,Bandra,Powai,2023-10-21 09:21:00,2023-10-21 09:26:00,2023-10-21 10:29:00,16.5,435,Completed,
T1937,D279,R1541,Mumbai,Bandra,Colaba,2023-10-07 23:21:00,2023-10-07 23:27:00,2023-10-08 00:15:00,18.6,340,Completed,
T1938,D348,R2320,Bangalore,Koramangala,HSR Layout,2023-10-14 14:32:00,2023-10-14 14:44:00,2023-10-14 15:51:00,19.8,541,Completed,
T1939,D250,R1525,Mumbai,Juhu,Bandra,2023-10-04 01:15:00,2023-10-04 01:21:00,2023-10-04 01:57:00,14.1,382,Completed,
T1940,D171,R4701,Bangalore,Jayanagar,Koramangala,2023-10-09 01:05:00,2023-10-09 01:11:00,2023-10-09 01:41:00,11.6,339,Completed,
T1941,D343,R1935,Mumbai,Colaba,Juhu,2023-10-21 05:25:00,2023-10-21 05:32:00,2023-10-21 06:03:00,12.4,299,Completed,
T1942,D350,R2646,Bangalore,Whitefield,HSR Layout,2023-10-22 11:09:00,2023-10-22 11:20:00,2023-10-22 12:21:00,15.4,283,Completed,
T1943,D197,R3988,Mumbai,Bandra,Andheri,2023-10-07 10:34:00,2023-10-07 10:36:00,2023-10-07 11:39:00,22.4,551,Completed,
T1944,D347,R4633,Bangalore,HSR Layout,Whitefield,2023-10-29 03:17:00,2023-10-29 03:21:00,2023-10-29 04:34:00,24.1,435,Completed,
T1945,D340,R2028,Mumbai,Juhu,Andheri,2023-10-06 01:04:00,2023-10-06 01:13:00,2023-10-06 02:32:00,20.7,420,Completed,
T1946,D272,R4051,Bangalore,Whitefield,Koramangala,2023-10-03 20:50:00,2023-10-03 21:01:00,2023-10-03 22:25:00,22.3,432,Completed,
T1947,D327,R2287,Bangalore,Indiranagar,Koramangala,2023-10-22 23:18:00,2023-10-22 23:26:00,2023-10-22 23:48:00,8.0,233,Completed,
T1948,D245,R3150,Mumbai,Andheri,Powai,2023-10-12 13:08:00,2023-10-12 13:15:00,2023-10-12 14:41:00,22.8,471,Completed,
T1949,D169,R4962,Delhi,Dwarka,Vasant Kunj,2023-10-18 12:50:00,2023-10-18 12:57:00,2023-10-18 13:44:00,19.0,388,Completed,
T1950,D216,R1214,Mumbai,Bandra,Colaba,2023-10-27 22:53:00,,,0.0,0.0,Cancelled,Payment Issue
T1951,D210,R3599,Delhi,Saket,Dwarka,2023-10-08 00:46:00,2023-10-08 00:59:00,2023-10-08 02:09:00,19.0,415,Completed,
T1952,D180,R2276,Delhi,Vasant Kunj,Connaught Place,2023-10-27 23:54:00,,,0.0,0.0,Cancelled,Driver Not Found
T1953,D257,R1108,Mumbai,Juhu,Powai,2023-10-07 01:37:00,2023-10-07 01:43:00,2023-10-07 03:02:00,24.0,434,Completed,
T1954,D176,R1544,Mumbai,Powai,Bandra,2023-10-21 06:06:00,2023-10-21 06:14:00,2023-10-21 06:41:00,10.0,226,Completed,
T1955,D335,R3694,Bangalore,Jayanagar,Indiranagar,2023-10-22 22:27:00,2023-10-22 22:30:00,2023-10-22 23:36:00,19.0,353,Completed,
T1956,D288,R1669,Mumbai,Andheri,Bandra,2023-10-11 23:28:00,2023-10-11 23:43:00,2023-10-12 00:53:00,21.2,374,Completed,
T1957,D347,R1403,Bangalore,Whitefield,Jayanagar,2023-10-30 17:01:00,2023-10-30 17:10:00,2023-10-30 17:27:00,4.7,142,Completed,
T1958,D102,R3448,Delhi,Dwarka,Rohini,2023-10-19 11:06:00,2023-10-19 11:10:00,2023-10-19 11:59:00,16.0,361,Completed,
T1959,D277,R3592,Delhi,Saket,Rohini,2023-10-25 07:02:00,2023-10-25 07:06:00,2023-10-25 07:34:00,7.1,182,Completed,
T1960,D155,R2142,Bangalore,Indiranagar,HSR Layout,2023-10-19 15:53:00,2023-10-19 15:55:00,2023-10-19 16:51:00,19.4,501,Completed,
T1961,D162,R2914,Mumbai,Powai,Colaba,2023-10-02 05:30:00,2023-10-02 05:42:00,2023-10-02 06:15:00,12.3,289,Completed,
T1962,D218,R4575,Bangalore,Indiranagar,Whitefield,2023-10-25 17:41:00,2023-10-25 17:49:00,2023-10-25 18:53:00,22.7,560,Completed,
T1963,D122,R3689,Bangalore,Whitefield,Indiranagar,2023-10-20 01:06:00,2023-10-20 01:14:00,2023-10-20 01:31:00,5.1,147,Completed,
T1964,D170,R3978,Mumbai,Juhu,Bandra,2023-10-08 22:44:00,,,0.0,0.0,Cancelled,Payment Issue
T1965,D134,R1460,Delhi,Connaught Place,Saket,2023-10-17 13:54:00,2023-10-17 14:04:00,2023-10-17 14:44:00,13.6,313,Completed,
T1966,D116,R4378,Delhi,Saket,Vasant Kunj,2023-10-08 20:18:00,2023-10-08 20:27:00,2023-10-08 21:33:00,23.9,617,Completed,
T1967,D340,R2220,Mumbai,Colaba,Bandra,2023-10-29 21:44:00,2023-10-29 21:51:00,2023-10-29 22:41:00,15.0,375,Completed,
T1968,D159,R2292,Mumbai,Bandra,Powai,2023-10-15 06:15:00,2023-10-15 06:30:00,2023-10-15 06:54:00,9.4,244,Completed,
T1969,D164,R2007,Mumbai,Colaba,Juhu,2023-10-22 05:29:00,2023-10-22 05:42:00,2023-10-22 06:42:00,17.7,389,Completed,
T1970,D283,R4532,Bangalore,Koramangala,Whitefield,2023-10-08 05:11:00,,,0.0,0.0,Cancelled,Driver Not Found
T1971,D142,R4014,Delhi,Vasant Kunj,Connaught Place,2023-10-25 08:20:00,2023-10-25 08:27:00,2023-10-25 09:43:00,21.8,412,Completed,
T1972,D125,R1227,Bangalore,Indiranagar,Koramangala,2023-10-03 19:10:00,2023-10-03 19:19:00,2023-10-03 19:32:00,3.5,107,Completed,
T1973,D301,R3505,Mumbai,Juhu,Powai,2023-10-24 17:51:00,2023-10-24 18:01:00,2023-10-24 18:30:00,10.4,290,Completed,
T1974,D259,R1687,Delhi,Connaught Place,Rohini,2023-10-12 22:23:00,2023-10-12 22:33:00,2023-10-12 22:53:00,6.1,157,Completed,
T1975,D297,R4984,Mumbai,Juhu,Bandra,2023-10-10 06:49:00,2023-10-10 06:52:00,2023-10-10 07:10:00,6.5,167,Completed,
T1976,D312,R2758,Mumbai,Powai,Bandra,2023-10-05 17:41:00,2023-10-05 17:44:00,2023-10-05 17:59:00,4.6,156,Completed,
T1977,D139,R2483,Delhi,Vasant Kunj,Saket,2023-10-27 22:26:00,2023-10-27 22:39:00,2023-10-27 23:25:00,16.0,336,Completed,
T1978,D185,R4838,Mumbai,Colaba,Powai,2023-10-15 16:43:00,2023-10-15 16:52:00,2023-10-15 17:33:00,12.2,263,Completed,
T1979,D306,R4763,Bangalore,HSR Layout,Jayanagar,2023-10-05 02:31:00,2023-10-05 02:43:00,2023-10-05 03:26:00,16.8,409,Completed,
T1980,D115,R1047,Bangalore,Indiranagar,Koramangala,2023-10-03 07:45:00,2023-10-03 07:57:00,2023-10-03 08:56:00,18.8,448,Completed,
T1981,D187,R3432,Mumbai,Colaba,Andheri,2023-10-06 03:52:00,2023-10-06 04:02:00,2023-10-06 04:26:00,6.8,215,Completed,
T1982,D336,R2103,Delhi,Rohini,Dwarka,2023-10-30 21:58:00,2023-10-30 22:11:00,2023-10-30 22:53:00,16.0,297,Completed,
T1983,D342,R3371,Delhi,Saket,Connaught Place,2023-10-29 13:48:00,2023-10-29 13:50:00,2023-10-29 15:04:00,24.6,465,Completed,
T1984,D147,R1797,Mumbai,Bandra,Andheri,2023-10-01 03:46:00,2023-10-01 04:01:00,2023-10-01 04:45:00,15.5,373,Completed,
T1985,D200,R4496,Mumbai,Andheri,Bandra,2023-10-08 16:24:00,2023-10-08 16:29:00,2023-10-08 16:50:00,8.4,240,Completed,
T1986,D312,R2329,Mumbai,Juhu,Andheri,2023-10-24 21:34:00,2023-10-24 21:49:00,2023-10-24 22:03:00,4.8,136,Completed,
T1987,D334,R1232,Mumbai,Bandra,Colaba,2023-10-23 07:36:00,2023-10-23 07:44:00,2023-10-23 09:00:00,23.6,528,Completed,
T1988,D168,R1752,Mumbai,Juhu,Colaba,2023-10-29 19:29:00,,,0.0,0.0,Cancelled,Driver Cancelled
T1989,D329,R1333,Bangalore,Indiranagar,Whitefield,2023-10-03 14:46:00,2023-10-03 14:49:00,2023-10-03 15:39:00,16.4,333,Completed,
T1990,D215,R4901,Bangalore,Indiranagar,Jayanagar,2023-10-20 05:18:00,2023-10-20 05:20:00,2023-10-20 05:35:00,4.0,128,Completed,
T1991,D258,R3769,Bangalore,Whitefield,Jayanagar,2023-10-27 06:45:00,2023-10-27 06:49:00,2023-10-27 07:38:00,14.5,376,Completed,
T1992,D151,R2091,Delhi,Saket,Rohini,2023-10-15 21:49:00,2023-10-15 22:03:00,2023-10-15 22:26:00,6.4,198,Completed,
T1993,D101,R1111,Mumbai,Juhu,Powai,2023-10-01 11:05:00,2023-10-01 11:18:00,2023-10-01 12:13:00,17.3,335,Completed,
T1994,D248,R4069,Bangalore,HSR Layout,Indiranagar,2023-10-25 18:47:00,2023-10-25 18:51:00,2023-10-25 19:51:00,17.9,427,Completed,
T1995,D172,R4695,Bangalore,Koramangala,Jayanagar,2023-10-22 01:36:00,2023-10-22 01:44:00,2023-10-22 02:51:00,23.4,519,Completed,
T1996,D171,R2692,Bangalore,Jayanagar,Whitefield,2023-10-11 17:16:00,2023-10-11 17:28:00,2023-10-11 18:13:00,18.2,380,Completed,
T1997,D150,R2091,Mumbai,Colaba,Juhu,2023-10-02 23:14:00,2023-10-02 23:19:00,2023-10-02 23:33:00,4.1,136,Completed,
T1998,D156,R3655,Bangalore,Whitefield,Indiranagar,2023-10-10 20:20:00,2023-10-10 20:26:00,2023-10-10 20:45:00,5.7,188,Completed,
T1999,D265,R2556,Mumbai,Juhu,Andheri,2023-10-08 08:51:00,2023-10-08 09:01:00,2023-10-08 09:42:00,13.7,257,Completed,
T2000,D180,R1558,Delhi,Dwarka,Rohini,2023-10-01 12:39:00,,2023-10-01 13:54:00,22.2,5000.0,Completed,
T2001,D248,R3183,Bangalore,Whitefield,Jayanagar,2023-10-18 08:12:00,2023-10-18 08:22:00,2023-10-18 09:29:00,18.7,338,Completed,
T2002,D125,R1983,Bangalore,Indiranagar,Whitefield,2023-10-22 02:30:00,,,0.0,0.0,Cancelled,Driver Cancelled
T2003,D306,R1935,Bangalore,HSR Layout,Koramangala,2023-10-13 22:13:00,2023-10-13 22:16:00,2023-10-13 22:36:00,8.0,188,Completed,
T2004,D111,R3059,Bangalore,Jayanagar,Indiranagar,2023-10-30 20:28:00,2023-10-30 20:36:00,2023-10-30 21:26:00,18.7,397,Completed,
T2005,D333,R3559,Mumbai,Andheri,Colaba,2023-10-20 05:46:00,2023-10-20 06:01:00,2023-10-20 06:30:00,7.6,175,Completed,
T2006,D231,R1903,Mumbai,Juhu,Powai,2023-10-08 13:13:00,2023-10-08 13:25:00,2023-10-08 14:21:00,16.9,381,Completed,
T2007,D190,R3965,Delhi,Rohini,Connaught Place,2023-10-01 03:45:00,2023-10-01 04:00:00,2023-10-01 04:53:00,15.1,295,Completed,
T2008,D150,R4797,Mumbai,Colaba,Juhu,2023-10-22 02:30:00,2023-10-22 02:42:00,2023-10-22 02:50:00,3.3,115,Completed,
T2009,D304,R1196,Mumbai,Bandra,Juhu,2023-10-26 10:03:00,2023-10-26 10:17:00,2023-10-26 11:01:00,13.5,280,Completed,
T2010,D232,R2104,Bangalore,Koramangala,Jayanagar,2023-10-06 18:12:00,2023-10-06 18:15:00,2023-10-06 18:54:00,10.9,321,Completed,
T2011,D226,R4806,Bangalore,Whitefield,Koramangala,2023-10-06 12:26:00,2023-10-06 12:37:00,2023-10-06 13:14:00,12.6,338,Completed,
T2012,D211,R2990,Delhi,Connaught Place,Vasant Kunj,2023-10-10 08:36:00,2023-10-10 08:49:00,2023-10-10 09:50:00,15.8,398,Completed,
T2013,D281,R4133,Mumbai,Colaba,Juhu,2023-10-22 09:31:00,2023-10-22 09:39:00,2023-10-22 10:51:00,18.5,438,Completed,
T2014,D279,R1279,Mumbai,Colaba,Bandra,2023-10-15 23:01:00,2023-10-15 23:03:00,2023-10-15 23:34:00,10.6,258,Completed,
T2015,D347,R4248,Bangalore,Indiranagar,Whitefield,2023-10-07 05:21:00,2023-10-07 05:35:00,2023-10-07 06:53:00,23.8,520,Completed,
T2016,D147,R1622,Mumbai,Powai,Colaba,2023-10-09 17:47:00,2023-10-09 17:57:00,2023-10-09 18:27:00,9.5,260,Completed,
T2017,D309,R2243,Delhi,Rohini,Saket,2023-10-30 20:35:00,2023-10-30 20:48:00,2023-10-30 21:14:00,7.3,188,Completed,
T2018,D131,R3072,Bangalore,Koramangala,Whitefield,2023-10-12 18:28:00,,,0.0,0.0,Cancelled,Driver Not Found
T2019,D194,R3283,Delhi,Rohini,Saket,2023-10-02 14:05:00,2023-10-02 14:12:00,2023-10-02 15:24:00,23.9,571,Completed,
T2020,D153,R4205,Bangalore,Jayanagar,Indiranagar,2023-10-24 07:55:00,2023-10-24 08:06:00,2023-10-24 08:49:00,12.7,268,Completed,
T2021,D258,R3189,Bangalore,Koramangala,HSR Layout,2023-10-04 15:54:00,2023-10-04 16:01:00,2023-10-04 17:31:00,23.7,640,Completed,
T2022,D225,R1350,Mumbai,Andheri,Bandra,2023-10-20 02:28:00,2023-10-20 02:40:00,2023-10-20 02:50:00,3.3,114,Completed,
T2023,D135,R4694,Delhi,Saket,Rohini,2023-10-22 13:44:00,,,0.0,0.0,Cancelled,Driver Cancelled
T2024,D201,R2010,Mumbai,Colaba,Juhu,2023-10-28 09:50:00,2023-10-28 10:03:00,2023-10-28 11:08:00,21.8,590,Completed,
T2025,D231,R2810,Mumbai,Juhu,Bandra,2023-10-19 00:27:00,2023-10-19 00:39:00,2023-10-19 01:05:00,10.3,266,Completed,
T2026,D309,R1337,Delhi,Saket,Vasant Kunj,2023-10-26 10:50:00,2023-10-26 11:05:00,2023-10-26 12:23:00,22.0,533,Completed,
T2027,D311,R4957,Delhi,Vasant Kunj,Dwarka,2023-10-03 06:19:00,2023-10-03 06:28:00,2023-10-03 06:40:00,3.3,132,Completed,
T2028,D200,R3921,Mumbai,Andheri,Juhu,2023-10-25 11:04:00,2023-10-25 11:15:00,2023-10-25 11:50:00,13.6,361,Completed,
T2029,D276,R1403,Mumbai,Bandra,Andheri,2023-10-13 11:52:00,2023-10-13 11:55:00,2023-10-13 12:05:00,4.2,137,Completed,
T2030,D292,R4169,Delhi,Rohini,Dwarka,2023-10-09 15:58:00,2023-10-09 16:05:00,2023-10-09 17:05:00,22.9,571,Completed,
T2031,D182,R4890,Mumbai,Juhu,Powai,2023-10-20 04:17:00,2023-10-20 04:27:00,2023-10-20 04:48:00,6.7,159,Completed,
T2032,D130,R4162,Bangalore,Koramangala,Indiranagar,2023-10-23 01:05:00,2023-10-23 01:19:00,2023-10-23 02:20:00,19.3,452,Completed,
T2033,D249,R4135,Bangalore,HSR Layout,Indiranagar,2023-10-13 08:11:00,2023-10-13 08:21:00,2023-10-13 08:52:00,10.2,280,Completed,
T2034,D159,R4129,Mumbai,Colaba,Andheri,2023-10-05 01:31:00,2023-10-05 01:44:00,2023-10-05 02:56:00,23.1,557,Completed,
T2035,D127,R3761,Bangalore,Indiranagar,HSR Layout,2023-10-04 02:24:00,2023-10-04 02:27:00,2023-10-04 02:59:00,12.4,239,Completed,
T2036,D221,R2386,Delhi,Vasant Kunj,Rohini,2023-10-28 13:11:00,2023-10-28 13:25:00,2023-10-28 13:50:00,7.3,221,Completed,
T2037,D210,R4400,Delhi,Connaught Place,Dwarka,2023-10-08 15:39:00,2023-10-08 15:46:00,2023-10-08 15:56:00,2.7,113,Completed,
T2038,D233,R3336,Bangalore,Koramangala,Indiranagar,2023-10-09 23:00:00,,,0.0,0.0,Cancelled,Rider Cancelled
T2039,D286,R2078,Mumbai,Andheri,Juhu,2023-10-12 02:26:00,2023-10-12 02:29:00,2023-10-12 02:53:00,6.6,211,Completed,
T2040,D242,R4978,Mumbai,Juhu,Andheri,2023-10-25 13:25:00,2023-10-25 13:39:00,2023-10-25 14:32:00,15.6,427,Completed,
T2041,D212,R4817,Mumbai,Andheri,Juhu,2023-10-21 22:10:00,2023-10-21 22:16:00,2023-10-21 22:27:00,3.2,119,Completed,
T2042,D225,R2890,Mumbai,Colaba,Andheri,2023-10-06 01:06:00,2023-10-06 01:11:00,2023-10-06 01:29:00,7.1,224,Completed,
T2043,D125,R2860,Bangalore,HSR Layout,Jayanagar,2023-10-30 14:25:00,2023-10-30 14:39:00,2023-10-30 15:09:00,10.2,232,Completed,
T2044,D181,R3710,Mumbai,Bandra,Andheri,2023-10-07 04:28:00,2023-10-07 04:43:00,2023-10-07 05:19:00,11.9,255,Completed,
T2045,D104,R2531,Mumbai,Bandra,Colaba,2023-10-15 05:24:00,2023-10-15 05:33:00,2023-10-15 05:45:00,3.7,109,Completed,
T2046,D325,R2929,Delhi,Saket,Dwarka,2023-10-05 06:59:00,2023-10-05 07:01:00,2023-10-05 07:09:00,2.2,102,Completed,
T2047,D316,R1915,Delhi,Rohini,Saket,2023-10-03 21:21:00,2023-10-03 21:35:00,2023-10-03 21:53:00,6.6,212,Completed,
T2048,D170,R1366,Mumbai,Colaba,Andheri,2023-10-03 16:43:00,2023-10-03 16:46:00,2023-10-03 17:06:00,6.3,200,Completed,
T2049,D219,R1624,Delhi,Dwarka,Rohini,2023-10-25 16:51:00,2023-10-25 16:58:00,2023-10-25 17:31:00,11.8,245,Completed,
T2050,D139,R4298,Delhi,Saket,Dwarka,2023-10-10 06:19:00,2023-10-10 06:23:00,2023-10-10 06:44:00,6.5,166,Completed,
T2051,D331,R4246,Delhi,Connaught Place,Dwarka,2023-10-24 22:52:00,2023-10-24 22:59:00,2023-10-24 23:41:00,14.0,363,Completed,
T2052,D119,R1001,Mumbai,Juhu,Bandra,2023-10-14 18:50:00,2023-10-14 18:59:00,2023-10-14 19:58:00,18.8,506,Completed,
T2053,D343,R4250,Mumbai,Andheri,Bandra,2023-10-13 14:57:00,2023-10-13 14:59:00,2023-10-13 15:25:00,7.4,215,Completed,
T2054,D230,R2351,Delhi,Connaught Place,Rohini,2023-10-03 03:06:00,2023-10-03 03:15:00,2023-10-03 03:56:00,12.2,298,Completed,
T2055,D180,R2617,Delhi,Saket,Rohini,2023-10-10 09:10:00,2023-10-10 09:19:00,2023-10-10 09:43:00,6.8,195,Completed,
T2056,D339,R4754,Bangalore,Indiranagar,Jayanagar,2023-10-06 12:00:00,2023-10-06 12:10:00,2023-10-06 12:52:00,11.8,285,Completed,
T2057,D280,R1386,Mumbai,Andheri,Powai,2023-10-19 13:13:00,2023-10-19 13:22:00,2023-10-19 14:25:00,17.0,459,Completed,
T2058,D112,R4051,Bangalore,Jayanagar,HSR Layout,2023-10-07 03:25:00,2023-10-07 03:37:00,2023-10-07 04:24:00,12.1,251,Completed,
T2059,D134,R2685,Delhi,Saket,Vasant Kunj,2023-10-25 04:33:00,2023-10-25 04:36:00,2023-10-25 05:27:00,15.2,429,Completed,
T2060,D338,R4147,Mumbai,Juhu,Andheri,2023-10-03 03:35:00,2023-10-03 03:41:00,2023-10-03 04:07:00,7.6,190,Completed,
T2061,D217,R2718,Delhi,Connaught Place,Saket,2023-10-21 02:08:00,2023-10-21 02:11:00,2023-10-21 02:19:00,2.8,105,Completed,
T2062,D111,R4540,Bangalore,HSR Layout,Whitefield,2023-10-01 09:50:00,2023-10-01 10:05:00,2023-10-01 11:01:00,21.9,389,Completed,
T2063,D166,R1096,Mumbai,Bandra,Juhu,2023-10-19 16:16:00,2023-10-19 16:30:00,2023-10-19 17:29:00,22.1,539,Completed,
T2064,D151,R2508,Delhi,Dwarka,Connaught Place,2023-10-25 20:17:00,2023-10-25 20:23:00,2023-10-25 20:46:00,9.2,263,Completed,
T2065,D232,R2848,Bangalore,Koramangala,Whitefield,2023-10-18 14:07:00,2023-10-18 14:14:00,2023-10-18 14:51:00,10.1,296,Completed,
T2066,D131,R3967,Bangalore,Whitefield,Koramangala,2023-10-12 08:26:00,2023-10-12 08:30:00,2023-10-12 09:05:00,10.8,266,Completed,
T2067,D333,R4814,Mumbai,Bandra,Powai,2023-10-23 06:06:00,2023-10-23 06:12:00,2023-10-23 06:36:00,7.2,214,Completed,
T2068,D139,R1973,Delhi,Vasant Kunj,Dwarka,2023-10-05 12:21:00,2023-10-05 12:25:00,2023-10-05 12:53:00,8.0,242,Completed,
T2069,D321,R1215,Mumbai,Juhu,Colaba,2023-10-07 04:58:00,2023-10-07 05:08:00,2023-10-07 05:29:00,7.9,231,Completed,
T2070,D220,R4677,Bangalore,Indiranagar,Whitefield,2023-10-28 22:27:00,2023-10-28 22:31:00,2023-10-28 23:05:00,11.5,275,Completed,
T2071,D343,R4201,Mumbai,Andheri,Juhu,2023-10-01 00:01:00,2023-10-01 00:16:00,2023-10-01 01:13:00,19.6,366,Completed,
T2072,D150,R4510,Mumbai,Powai,Colaba,2023-10-01 01:23:00,2023-10-01 01:29:00,2023-10-01 02:24:00,15.0,290,Completed,
T2073,D105,R4040,Delhi,Rohini,Vasant Kunj,2023-10-22 08:31:00,,,0.0,0.0,Cancelled,Driver Cancelled
T2074,D204,R3060,Bangalore,HSR Layout,Whitefield,2023-10-29 02:11:00,2023-10-29 02:19:00,2023-10-29 03:07:00,19.0,359,Completed,
T2075,D200,R3299,Mumbai,Colaba,Andheri,2023-10-26 17:39:00,,,0.0,0.0,Cancelled,Driver Cancelled
T2076,D249,R3711,Bangalore,Whitefield,HSR Layout,2023-10-26 23:52:00,2023-10-27 00:00:00,2023-10-27 00:33:00,9.8,214,Completed,
T2077,D125,R1215,Bangalore,Jayanagar,HSR Layout,2023-10-13 18:50:00,2023-10-13 19:03:00,2023-10-13 19:12:00,3.2,130,Completed,
T2078,D310,R4681,Delhi,Saket,Dwarka,2023-10-11 05:01:00,2023-10-11 05:16:00,2023-10-11 06:04:00,18.6,361,Completed,
T2079,D279,R4556,Mumbai,Juhu,Colaba,2023-10-19 20:14:00,2023-10-19 20:25:00,2023-10-19 21:06:00,15.4,305,Completed,
T2080,D210,R2549,Delhi,Saket,Dwarka,2023-10-07 06:31:00,2023-10-07 06:39:00,2023-10-07 07:18:00,14.0,325,Completed,
T2081,D309,R1157,Delhi,Vasant Kunj,Saket,2023-10-22 06:45:00,2023-10-22 06:57:00,2023-10-22 07:37:00,14.4,361,Completed,
T2082,D134,R2754,Delhi,Saket,Connaught Place,2023-10-25 06:59:00,2023-10-25 07:01:00,2023-10-25 07:32:00,8.1,214,Completed,
T2083,D241,R2850,Delhi,Connaught Place,Vasant Kunj,2023-10-13 12:46:00,2023-10-13 12:55:00,2023-10-13 14:21:00,24.5,566,Completed,
T2084,D223,R4584,Delhi,Dwarka,Vasant Kunj,2023-10-01 11:06:00,2023-10-01 11:18:00,2023-10-01 12:18:00,18.4,418,Completed,
T2085,D238,R4368,Bangalore,Koramangala,Indiranagar,2023-10-07 13:35:00,2023-10-07 13:46:00,2023-10-07 14:54:00,23.8,465,Completed,
T2086,D177,R2615,Mumbai,Powai,Juhu,2023-10-19 09:00:00,2023-10-19 09:11:00,2023-10-19 09:44:00,10.1,262,Completed,
T2087,D232,R4738,Bangalore,Indiranagar,Whitefield,2023-10-08 09:43:00,2023-10-08 09:53:00,2023-10-08 10:10:00,5.7,171,Completed,
T2088,D316,R4747,Delhi,Vasant Kunj,Saket,2023-10-16 18:54:00,2023-10-16 19:05:00,2023-10-16 19:27:00,6.8,215,Completed,
T2089,D174,R4040,Bangalore,HSR Layout,Whitefield,2023-10-28 02:17:00,,,0.0,0.0,Cancelled,Driver Cancelled
T2090,D195,R1289,Delhi,Dwarka,Vasant Kunj,2023-10-18 14:32:00,2023-10-18 14:42:00,2023-10-18 15:29:00,12.0,314,Completed,
T2091,D245,R1085,Mumbai,Andheri,Powai,2023-10-25 03:22:00,,,0.0,0.0,Cancelled,Driver Cancelled
T2092,D119,R1943,Mumbai,Juhu,Andheri,2023-10-06 08:25:00,2023-10-06 08:34:00,2023-10-06 09:59:00,22.2,433,Completed,
T2093,D339,R1609,Bangalore,HSR Layout,Jayanagar,2023-10-01 13:50:00,,,0.0,0.0,Cancelled,Driver Cancelled
T2094,D151,R3560,Delhi,Connaught Place,Rohini,2023-10-20 01:34:00,2023-10-20 01:37:00,2023-10-20 03:01:00,23.8,573,Completed,
T2095,D106,R3800,Delhi,Rohini,Connaught Place,2023-10-14 13:13:00,2023-10-14 13:27:00,2023-10-14 14:55:00,23.0,559,Completed,
T2096,D272,R3423,Bangalore,Whitefield,Indiranagar,2023-10-06 20:27:00,2023-10-06 20:39:00,2023-10-06 21:22:00,15.0,357,Completed,
T2097,D322,R3196,Delhi,Connaught Place,Dwarka,2023-10-10 22:12:00,2023-10-10 22:21:00,2023-10-10 23:26:00,21.7,480,Completed,
T2098,D242,R1900,Mumbai,Bandra,Colaba,2023-10-09 03:45:00,2023-10-09 03:56:00,2023-10-09 05:00:00,17.7,387,Completed,
T2099,D158,R2538,Bangalore,Koramangala,Indiranagar,2023-10-26 10:50:00,2023-10-26 10:54:00,2023-10-26 11:31:00,10.3,280,Completed,
T2100,D193,R4073,Bangalore,Whitefield,Jayanagar,2023-10-30 01:03:00,2023-10-30 01:12:00,2023-10-30 02:18:00,19.4,463,Completed,
T2101,D155,R1065,Bangalore,Jayanagar,Koramangala,2023-10-18 08:09:00,,,0.0,0.0,Cancelled,Driver Not Found
T2102,D173,R2830,Bangalore,Jayanagar,Whitefield,2023-10-22 07:03:00,2023-10-22 07:06:00,2023-10-22 07:20:00,5.1,137,Completed,
T2103,D332,R1807,Bangalore,Jayanagar,Koramangala,2023-10-27 13:38:00,2023-10-27 13:51:00,2023-10-27 14:19:00,7.3,184,Completed,
T2104,D128,R1726,Bangalore,Koramangala,Indiranagar,2023-10-18 09:02:00,2023-10-18 09:13:00,2023-10-18 09:48:00,13.4,268,Completed,
T2105,D289,R4463,Mumbai,Bandra,Andheri,2023-10-18 09:02:00,2023-10-18 09:06:00,2023-10-18 10:21:00,21.7,555,Completed,
T2106,D317,R2931,Bangalore,Koramangala,Indiranagar,2023-10-21 07:17:00,2023-10-21 07:24:00,2023-10-21 07:59:00,10.1,246,Completed,
T2107,D304,R4739,Mumbai,Colaba,Juhu,2023-10-10 18:22:00,2023-10-10 18:32:00,2023-10-10 18:43:00,3.1,120,Completed,
T2108,D185,R1789,Mumbai,Colaba,Powai,2023-10-15 16:39:00,2023-10-15 16:51:00,2023-10-15 17:25:00,13.1,251,Completed,
T2109,D178,R1240,Bangalore,Jayanagar,Whitefield,2023-10-05 05:30:00,2023-10-05 05:37:00,2023-10-05 06:34:00,21.7,580,Completed,
T2110,D272,R1585,Bangalore,Indiranagar,Jayanagar,2023-10-16 11:36:00,2023-10-16 11:51:00,2023-10-16 11:58:00,2.2,98,Completed,
T2111,D106,R4969,Delhi,Connaught Place,Vasant Kunj,2023-10-01 10:06:00,2023-10-01 10:18:00,2023-10-01 10:58:00,14.2,354,Completed,
T2112,D102,R2857,Delhi,Rohini,Saket,2023-10-23 10:42:00,2023-10-23 10:48:00,2023-10-23 11:58:00,24.4,611,Completed,
T2113,D175,R3194,Bangalore,Jayanagar,Whitefield,2023-10-25 06:28:00,2023-10-25 06:32:00,2023-10-25 07:17:00,11.9,321,Completed,
T2114,D148,R4185,Mumbai,Andheri,Juhu,2023-10-12 18:01:00,,,0.0,0.0,Cancelled,Driver Cancelled
T2115,D348,R4238,Bangalore,Indiranagar,HSR Layout,2023-10-12 13:39:00,,,0.0,0.0,Cancelled,Other
T2116,D107,R1931,Delhi,Rohini,Dwarka,2023-10-10 19:29:00,2023-10-10 19:44:00,2023-10-10 19:57:00,4.2,152,Completed,
T2117,D330,R1805,Mumbai,Powai,Colaba,2023-10-07 05:32:00,2023-10-07 05:37:00,2023-10-07 06:20:00,12.4,271,Completed,
T2118,D214,R3957,Mumbai,Colaba,Andheri,2023-10-18 21:01:00,,,0.0,0.0,Cancelled,Driver Cancelled
T2119,D105,R4170,Delhi,Connaught Place,Rohini,2023-10-29 12:40:00,,,0.0,0.0,Cancelled,Rider Cancelled
T2120,D141,R1896,Mumbai,Colaba,Andheri,2023-10-23 01:04:00,2023-10-23 01:11:00,2023-10-23 02:12:00,19.3,363,Completed,
T2121,D275,R1595,Delhi,Dwarka,Rohini,2023-10-06 20:11:00,2023-10-06 20:16:00,2023-10-06 21:18:00,18.5,429,Completed,
T2122,D156,R2099,Bangalore,Whitefield,Indiranagar,2023-10-04 19:24:00,2023-10-04 19:29:00,2023-10-04 19:58:00,8.4,243,Completed,
T2123,D262,R4022,Mumbai,Bandra,Powai,2023-10-30 23:53:00,2023-10-31 00:04:00,2023-10-31 00:35:00,11.0,256,Completed,
T2124,D136,R2717,Bangalore,Jayanagar,Whitefield,2023-10-29 16:07:00,2023-10-29 16:09:00,2023-10-29 17:04:00,20.4,387,Completed,
T2125,D268,R2805,Mumbai,Powai,Andheri,2023-10-20 07:13:00,2023-10-20 07:17:00,2023-10-20 07:42:00,6.6,168,Completed,
T2126,D222,R4577,Mumbai,Colaba,Andheri,2023-10-14 10:42:00,2023-10-14 10:45:00,2023-10-14 10:59:00,4.8,163,Completed,
T2127,D148,R3449,Mumbai,Powai,Andheri,2023-10-30 00:34:00,2023-10-30 00:38:00,2023-10-30 01:04:00,8.7,267,Completed,
T2128,D170,R2622,Mumbai,Bandra,Juhu,2023-10-02 20:05:00,2023-10-02 20:15:00,2023-10-02 20:51:00,14.7,396,Completed,
T2129,D149,R2383,Delhi,Vasant Kunj,Connaught Place,2023-10-05 12:51:00,2023-10-05 12:58:00,2023-10-05 13:44:00,15.8,303,Completed,
T2130,D135,R4069,Delhi,Vasant Kunj,Dwarka,2023-10-03 10:02:00,,,0.0,0.0,Cancelled,Rider Cancelled
T2131,D277,R3459,Delhi,Connaught Place,Dwarka,2023-10-03 01:53:00,2023-10-03 02:06:00,2023-10-03 02:41:00,11.9,329,Completed,
T2132,D203,R2580,Delhi,Connaught Place,Saket,2023-10-19 00:03:00,,,0.0,0.0,Cancelled,Payment Issue
T2133,D245,R2085,Mumbai,Colaba,Andheri,2023-10-10 01:37:00,2023-10-10 01:52:00,2023-10-10 02:46:00,14.1,278,Completed,
T2134,D120,R1603,Delhi,Connaught Place,Vasant Kunj,2023-10-10 00:01:00,2023-10-10 00:14:00,2023-10-10 01:16:00,16.6,435,Completed,
T2135,D156,R2030,Bangalore,HSR Layout,Whitefield,2023-10-14 19:55:00,2023-10-14 20:09:00,2023-10-14 20:33:00,6.6,149,Completed,
T2136,D287,R2839,Delhi,Dwarka,Rohini,2023-10-20 13:34:00,2023-10-20 13:40:00,2023-10-20 13:54:00,5.2,140,Completed,
T2137,D236,R2643,Bangalore,Koramangala,Indiranagar,2023-10-21 23:37:00,2023-10-21 23:46:00,2023-10-22 00:20:00,11.9,324,Completed,
T2138,D309,R2112,Delhi,Dwarka,Vasant Kunj,2023-10-19 05:02:00,,,0.0,0.0,Cancelled,Driver Cancelled
T2139,D331,R4183,Delhi,Rohini,Saket,2023-10-24 09:04:00,2023-10-24 09:15:00,2023-10-24 10:33:00,23.4,573,Completed,
T2140,D243,R3647,Delhi,Vasant Kunj,Saket,2023-10-16 06:47:00,2023-10-16 07:00:00,2023-10-16 07:09:00,2.8,110,Completed,
T2141,D104,R1337,Mumbai,Juhu,Powai,2023-10-24 12:29:00,2023-10-24 12:42:00,2023-10-24 13:49:00,18.6,370,Completed,
T2142,D272,R2852,Bangalore,Whitefield,Jayanagar,2023-10-24 11:43:00,,,0.0,0.0,Cancelled,Driver Cancelled
T2143,D307,R4362,Bangalore,Jayanagar,Koramangala,2023-10-20 06:05:00,2023-10-20 06:12:00,2023-10-20 06:46:00,13.5,328,Completed,
T2144,D301,R3108,Mumbai,Juhu,Colaba,2023-10-19 22:28:00,2023-10-19 22:36:00,2023-10-19 22:53:00,5.0,158,Completed,
T2145,D181,R1020,Mumbai,Bandra,Andheri,2023-10-23 22:11:00,2023-10-23 22:18:00,2023-10-23 23:17:00,18.0,448,Completed,
T2146,D290,R4804,Bangalore,Whitefield,HSR Layout,2023-10-01 02:28:00,2023-10-01 02:32:00,2023-10-01 03:24:00,17.5,377,Completed,
T2147,D126,R3520,Bangalore,Indiranagar,Whitefield,2023-10-27 16:00:00,,,0.0,0.0,Cancelled,Driver Cancelled
T2148,D261,R3811,Delhi,Vasant Kunj,Connaught Place,2023-10-25 23:05:00,2023-10-25 23:10:00,2023-10-25 23:17:00,2.4,110,Completed,
T2149,D253,R4858,Delhi,Saket,Rohini,2023-10-24 07:02:00,2023-10-24 07:14:00,2023-10-24 07:42:00,8.4,196,Completed,
T2150,D109,R1059,Mumbai,Andheri,Juhu,2023-10-23 04:12:00,2023-10-23 04:19:00,2023-10-23 04:57:00,10.8,304,Completed,
T2151,D298,R3021,Bangalore,Indiranagar,Jayanagar,2023-10-04 23:26:00,2023-10-04 23:40:00,2023-10-05 01:04:00,22.3,551,Completed,
T2152,D328,R2998,Delhi,Dwarka,Vasant Kunj,2023-10-15 15:31:00,2023-10-15 15:38:00,2023-10-15 16:36:00,23.0,546,Completed,
T2153,D143,R1729,Delhi,Saket,Connaught Place,2023-10-16 06:14:00,2023-10-16 06:27:00,2023-10-16 06:46:00,6.2,166,Completed,
T2154,D158,R1687,Bangalore,Indiranagar,Koramangala,2023-10-04 05:26:00,,,0.0,0.0,Cancelled,Driver Cancelled
T2155,D145,R3476,Delhi,Saket,Vasant Kunj,2023-10-06 03:31:00,,,0.0,0.0,Cancelled,Driver Cancelled
T2156,D151,R2115,Delhi,Vasant Kunj,Rohini,2023-10-23 21:44:00,2023-10-23 21:52:00,2023-10-23 22:58:00,22.0,506,Completed,
T2157,D292,R3110,Delhi,Dwarka,Vasant Kunj,2023-10-06 03:33:00,2023-10-06 03:45:00,2023-10-06 03:53:00,2.4,88,Completed,
T2158,D308,R1507,Delhi,Vasant Kunj,Connaught Place,2023-10-08 01:47:00,2023-10-08 01:56:00,2023-10-08 03:02:00,17.3,417,Completed,
T2159,D182,R4484,Mumbai,Bandra,Powai,2023-10-01 21:37:00,2023-10-01 21:51:00,2023-10-01 23:02:00,19.2,397,Completed,
T2160,D208,R3684,Mumbai,Colaba,Juhu,2023-10-01 18:46:00,2023-10-01 18:54:00,2023-10-01 19:33:00,12.0,283,Completed,
T2161,D274,R2468,Bangalore,Koramangala,Indiranagar,2023-10-28 23:04:00,2023-10-28 23:17:00,2023-10-29 00:28:00,18.5,437,Completed,
T2162,D121,R1886,Delhi,Dwarka,Vasant Kunj,2023-10-14 01:40:00,2023-10-14 01:53:00,2023-10-14 02:31:00,11.9,297,Completed,
T2163,D246,R4178,Delhi,Rohini,Vasant Kunj,2023-10-24 12:02:00,2023-10-24 12:04:00,2023-10-24 12:29:00,7.2,189,Completed,
T2164,D244,R1313,Delhi,Vasant Kunj,Connaught Place,2023-10-25 02:55:00,2023-10-25 03:03:00,2023-10-25 03:15:00,4.9,144,Completed,
T2165,D195,R2315,Delhi,Dwarka,Saket,2023-10-03 12:49:00,,,0.0,0.0,Cancelled,Driver Not Found
T2166,D218,R1408,Bangalore,Indiranagar,Jayanagar,2023-10-20 07:57:00,2023-10-20 08:00:00,2023-10-20 08:25:00,9.9,206,Completed,
T2167,D239,R4123,Delhi,Vasant Kunj,Rohini,2023-10-29 22:36:00,2023-10-29 22:47:00,2023-10-29 23:01:00,5.3,156,Completed,
T2168,D341,R4424,Delhi,Dwarka,Saket,2023-10-05 11:12:00,2023-10-05 11:19:00,2023-10-05 11:45:00,6.9,188,Completed,
T2169,D218,R4589,Bangalore,Koramangala,Indiranagar,2023-10-30 09:38:00,2023-10-30 09:50:00,2023-10-30 10:50:00,18.0,498,Completed,
T2170,D105,R2288,Delhi,Rohini,Saket,2023-10-20 01:42:00,2023-10-20 01:45:00,2023-10-20 02:14:00,9.3,207,Completed,
T2171,D301,R4794,Mumbai,Powai,Andheri,2023-10-10 05:54:00,2023-10-10 05:58:00,2023-10-10 07:00:00,18.4,345,Completed,
T2172,D210,R1173,Delhi,Vasant Kunj,Saket,2023-10-19 12:39:00,2023-10-19 12:52:00,2023-10-19 13:01:00,2.7,104,Completed,
T2173,D325,R1935,Delhi,Dwarka,Connaught Place,2023-10-19 14:22:00,2023-10-19 14:36:00,2023-10-19 15:35:00,17.9,345,Completed,
T2174,D238,R1202,Bangalore,Indiranagar,Koramangala,2023-10-21 18:31:00,,,0.0,0.0,Cancelled,Payment Issue
T2175,D247,R1657,Mumbai,Andheri,Colaba,2023-10-08 23:40:00,2023-10-08 23:51:00,2023-10-09 00:19:00,8.5,209,Completed,
T2176,D323,R2900,Bangalore,Indiranagar,Jayanagar,2023-10-30 18:43:00,2023-10-30 18:49:00,2023-10-30 19:41:00,17.1,331,Completed,
T2177,D225,R3401,Mumbai,Powai,Bandra,2023-10-20 15:07:00,2023-10-20 15:14:00,2023-10-20 15:39:00,8.7,259,Completed,
T2178,D176,R1765,Mumbai,Bandra,Andheri,2023-10-19 14:38:00,2023-10-19 14:40:00,2023-10-19 15:37:00,14.8,371,Completed,
T2179,D332,R2122,Bangalore,HSR Layout,Koramangala,2023-10-29 18:21:00,,,0.0,0.0,Cancelled,Driver Not Found
T2180,D232,R4764,Bangalore,Whitefield,HSR Layout,2023-10-04 19:56:00,2023-10-04 20:11:00,2023-10-04 21:07:00,16.0,296,Completed,
T2181,D142,R1746,Delhi,Saket,Vasant Kunj,2023-10-18 22:18:00,2023-10-18 22:20:00,2023-10-18 23:46:00,22.7,556,Completed,
T2182,D221,R1398,Delhi,Vasant Kunj,Dwarka,2023-10-21 00:45:00,2023-10-21 00:55:00,2023-10-21 01:50:00,14.1,275,Completed,
T2183,D321,R2379,Mumbai,Andheri,Powai,2023-10-17 20:32:00,2023-10-17 20:40:00,2023-10-17 21:51:00,23.3,402,Completed,
T2184,D113,R2867,Bangalore,Koramangala,Jayanagar,2023-10-24 20:01:00,2023-10-24 20:15:00,2023-10-24 21:37:00,21.2,441,Completed,
T2185,D347,R3280,Bangalore,Whitefield,Jayanagar,2023-10-23 17:21:00,2023-10-23 17:27:00,2023-10-23 17:34:00,2.2,94,Completed,
T2186,D168,R1285,Mumbai,Bandra,Juhu,2023-10-24 01:45:00,2023-10-24 01:49:00,2023-10-24 02:55:00,21.9,554,Completed,
T2187,D140,R1430,Delhi,Saket,Rohini,2023-10-10 14:25:00,2023-10-10 14:38:00,2023-10-10 15:56:00,20.6,375,Completed,
T2188,D329,R2124,Bangalore,Jayanagar,Whitefield,2023-10-06 23:34:00,2023-10-06 23:46:00,2023-10-07 00:45:00,16.6,419,Completed,
T2189,D203,R4897,Delhi,Rohini,Saket,2023-10-17 09:52:00,2023-10-17 10:00:00,2023-10-17 10:36:00,9.9,207,Completed,
T2190,D151,R1274,Delhi,Vasant Kunj,Rohini,2023-10-25 11:02:00,2023-10-25 11:15:00,2023-10-25 12:00:00,11.8,297,Completed,
T2191,D112,R4689,Bangalore,Koramangala,Jayanagar,2023-10-11 23:20:00,,,0.0,0.0,Cancelled,Driver Cancelled
T2192,D349,R2929,Mumbai,Powai,Juhu,2023-10-01 02:41:00,2023-10-01 02:51:00,2023-10-01 03:14:00,7.1,226,Completed,
T2193,D122,R4850,Bangalore,Whitefield,Indiranagar,2023-10-06 04:15:00,2023-10-06 04:20:00,2023-10-06 04:46:00,8.3,186,Completed,
T2194,D226,R2586,Bangalore,Indiranagar,Whitefield,2023-10-21 22:31:00,2023-10-21 22:33:00,2023-10-21 23:25:00,17.1,371,Completed,
T2195,D201,R3153,Mumbai,Andheri,Colaba,2023-10-17 18:55:00,2023-10-17 19:02:00,2023-10-17 20:06:00,19.4,520,Completed,
T2196,D258,R4488,Bangalore,Koramangala,Indiranagar,2023-10-18 07:12:00,2023-10-18 07:19:00,2023-10-18 07:56:00,13.1,370,Completed,
T2197,D204,R1615,Bangalore,Koramangala,HSR Layout,2023-10-09 06:58:00,2023-10-09 07:10:00,2023-10-09 08:12:00,23.5,600,Completed,
T2198,D105,R4583,Delhi,Connaught Place,Dwarka,2023-10-04 12:33:00,2023-10-04 12:39:00,2023-10-04 13:43:00,20.7,405,Completed,
T2199,D290,R3105,Bangalore,Koramangala,HSR Layout,2023-10-07 18:50:00,2023-10-07 18:59:00,2023-10-07 19:48:00,13.5,297,Completed,
T2200,D290,R2978,Bangalore,HSR Layout,Jayanagar,2023-10-17 01:15:00,,,0.0,0.0,Cancelled,Driver Cancelled
T2201,D258,R2500,Bangalore,Indiranagar,Jayanagar,2023-10-25 01:28:00,2023-10-25 01:38:00,2023-10-25 02:07:00,10.1,273,Completed,
T2202,D138,R3590,Delhi,Vasant Kunj,Dwarka,2023-10-05 02:12:00,2023-10-05 02:26:00,2023-10-05 02:48:00,7.5,175,Completed,
T2203,D210,R3426,Delhi,Vasant Kunj,Connaught Place,2023-10-04 09:20:00,2023-10-04 09:27:00,2023-10-04 10:36:00,24.7,579,Completed,
T2204,D295,R4764,Delhi,Connaught Place,Vasant Kunj,2023-10-10 03:49:00,2023-10-10 03:59:00,2023-10-10 04:15:00,4.2,132,Completed,
T2205,D189,R4399,Delhi,Rohini,Vasant Kunj,2023-10-17 15:59:00,2023-10-17 16:14:00,2023-10-17 17:00:00,15.4,316,Completed,
T2206,D224,R1700,Bangalore,Whitefield,HSR Layout,2023-10-20 02:17:00,2023-10-20 02:30:00,2023-10-20 02:57:00,8.2,221,Completed,
T2207,D235,R4502,Bangalore,Whitefield,Indiranagar,2023-10-30 22:37:00,2023-10-30 22:40:00,2023-10-30 23:26:00,18.0,342,Completed,
T2208,D228,R4856,Delhi,Vasant Kunj,Dwarka,2023-10-28 06:13:00,2023-10-28 06:28:00,2023-10-28 07:41:00,23.4,473,Completed,
T2209,D116,R4485,Delhi,Rohini,Connaught Place,2023-10-27 16:22:00,2023-10-27 16:28:00,2023-10-27 17:11:00,11.5,287,Completed,
T2210,D142,R2939,Delhi,Connaught Place,Rohini,2023-10-21 17:34:00,2023-10-21 17:48:00,2023-10-21 18:53:00,16.4,442,Completed,
T2211,D288,R4394,Mumbai,Colaba,Juhu,2023-10-17 02:07:00,,,0.0,0.0,Cancelled,Driver Cancelled
T2212,D144,R4505,Mumbai,Powai,Andheri,2023-10-09 17:37:00,2023-10-09 17:41:00,2023-10-09 18:11:00,11.4,246,Completed,
T2213,D175,R4748,Bangalore,Koramangala,Jayanagar,2023-10-27 03:24:00,2023-10-27 03:31:00,2023-10-27 03:47:00,5.7,137,Completed,
T2214,D263,R4996,Delhi,Rohini,Vasant Kunj,2023-10-15 21:15:00,2023-10-15 21:19:00,2023-10-15 22:03:00,12.3,356,Completed,
T2215,D250,R1872,Mumbai,Bandra,Juhu,2023-10-16 07:24:00,2023-10-16 07:28:00,2023-10-16 08:05:00,10.1,224,Completed,
T2216,D169,R1640,Delhi,Saket,Connaught Place,2023-10-10 01:04:00,2023-10-10 01:16:00,2023-10-10 01:43:00,9.4,229,Completed,
T2217,D318,R4264,Bangalore,Whitefield,Indiranagar,2023-10-03 22:59:00,2023-10-03 23:09:00,2023-10-03 23:34:00,10.0,280,Completed,
T2218,D155,R3295,Bangalore,Jayanagar,Koramangala,2023-10-25 23:53:00,2023-10-26 00:04:00,2023-10-26 01:26:00,21.9,547,Completed,
T2219,D334,R3469,Mumbai,Bandra,Powai,2023-10-03 09:26:00,2023-10-03 09:36:00,2023-10-03 09:51:00,5.2,148,Completed,
T2220,D347,R2623,Bangalore,Koramangala,Jayanagar,2023-10-30 11:02:00,2023-10-30 11:09:00,2023-10-30 12:00:00,18.8,493,Completed,
T2221,D203,R1112,Delhi,Rohini,Connaught Place,2023-10-04 02:40:00,2023-10-04 02:45:00,2023-10-04 03:28:00,12.7,256,Completed,
T2222,D210,R4834,Delhi,Dwarka,Rohini,2023-10-08 07:11:00,2023-10-08 07:20:00,2023-10-08 07:48:00,9.8,287,Completed,
T2223,D349,R4348,Mumbai,Powai,Andheri,2023-10-23 11:21:00,2023-10-23 11:30:00,2023-10-23 11:38:00,2.2,92,Completed,
T2224,D187,R1250,Mumbai,Andheri,Powai,2023-10-25 16:20:00,2023-10-25 16:29:00,2023-10-25 17:48:00,21.4,550,Completed,
T2225,D195,R2488,Delhi,Saket,Rohini,2023-10-03 07:41:00,2023-10-03 07:53:00,2023-10-03 08:17:00,7.8,215,Completed,
T2226,D166,R2902,Mumbai,Colaba,Bandra,2023-10-15 08:11:00,2023-10-15 08:25:00,2023-10-15 09:22:00,21.2,563,Completed,
T2227,D178,R2946,Bangalore,Jayanagar,Whitefield,2023-10-13 19:46:00,2023-10-13 19:52:00,2023-10-13 20:29:00,14.7,346,Completed,
T2228,D150,R4908,Mumbai,Colaba,Juhu,2023-10-11 00:01:00,2023-10-11 00:03:00,2023-10-11 00:37:00,11.8,258,Completed,
T2229,D297,R2911,Mumbai,Colaba,Andheri,2023-10-14 22:22:00,,,0.0,0.0,Cancelled,Rider Cancelled
T2230,D103,R1597,Delhi,Rohini,Dwarka,2023-10-05 18:11:00,2023-10-05 18:18:00,2023-10-05 19:18:00,19.0,349,Completed,
T2231,D211,R2798,Delhi,Saket,Vasant Kunj,2023-10-23 05:00:00,2023-10-23 05:03:00,2023-10-23 05:24:00,7.2,173,Completed,
T2232,D251,R4548,Delhi,Saket,Rohini,2023-10-08 18:17:00,2023-10-08 18:29:00,2023-10-08 19:28:00,15.6,323,Completed,
T2233,D242,R2434,Mumbai,Andheri,Juhu,2023-10-19 17:06:00,2023-10-19 17:17:00,2023-10-19 17:59:00,11.0,277,Completed,
T2234,D278,R2176,Delhi,Connaught Place,Rohini,2023-10-01 02:37:00,2023-10-01 02:40:00,2023-10-01 03:39:00,23.6,432,Completed,
T2235,D238,R2797,Bangalore,Whitefield,Jayanagar,2023-10-19 13:21:00,2023-10-19 13:27:00,2023-10-19 13:57:00,10.2,237,Completed,
T2236,D176,R1980,Mumbai,Colaba,Juhu,2023-10-05 04:34:00,2023-10-05 04:46:00,2023-10-05 04:52:00,2.1,100,Completed,
T2237,D204,R1635,Bangalore,Whitefield,Koramangala,2023-10-05 16:29:00,2023-10-05 16:40:00,2023-10-05 17:44:00,24.8,469,Completed,
T2238,D138,R2765,Delhi,Rohini,Dwarka,2023-10-03 14:28:00,2023-10-03 14:30:00,2023-10-03 15:31:00,16.2,388,Completed,
T2239,D264,R1742,Mumbai,Juhu,Colaba,2023-10-02 03:20:00,,,0.0,0.0,Cancelled,Payment Issue
T2240,D262,R2895,Mumbai,Powai,Colaba,2023-10-20 11:23:00,2023-10-20 11:34:00,2023-10-20 11:47:00,4.8,159,Completed,
T2241,D219,R1891,Delhi,Dwarka,Connaught Place,2023-10-22 16:56:00,2023-10-22 17:04:00,2023-10-22 17:47:00,14.7,367,Completed,
T2242,D152,R4908,Bangalore,Jayanagar,HSR Layout,2023-10-30 07:36:00,2023-10-30 07:42:00,2023-10-30 08:13:00,10.1,202,Completed,
T2243,D323,R2791,Bangalore,Jayanagar,Indiranagar,2023-10-17 09:49:00,2023-10-17 09:51:00,2023-10-17 10:29:00,10.5,231,Completed,
T2244,D285,R4523,Bangalore,Jayanagar,Whitefield,2023-10-20 23:51:00,2023-10-21 00:04:00,2023-10-21 00:16:00,3.9,136,Completed,
T2245,D237,R4932,Mumbai,Powai,Bandra,2023-10-17 21:50:00,2023-10-17 22:05:00,2023-10-17 22:52:00,13.7,386,Completed,
T2246,D106,R4750,Delhi,Dwarka,Saket,2023-10-18 14:35:00,,,0.0,0.0,Cancelled,Driver Not Found
T2247,D208,R3175,Mumbai,Bandra,Colaba,2023-10-21 09:48:00,2023-10-21 09:55:00,2023-10-21 10:35:00,15.4,356,Completed,
T2248,D234,R4432,Delhi,Dwarka,Connaught Place,2023-10-09 23:46:00,2023-10-09 23:48:00,2023-10-10 00:43:00,13.8,326,Completed,
T2249,D267,R2065,Delhi,Dwarka,Connaught Place,2023-10-11 00:54:00,2023-10-11 00:57:00,2023-10-11 01:13:00,5.8,146,Completed,
T2250,D169,R4738,Delhi,Saket,Connaught Place,2023-10-04 12:03:00,,2023-10-04 12:54:00,13.0,311,Completed,
T2251,D204,R3236,Bangalore,HSR Layout,Koramangala,2023-10-03 05:57:00,2023-10-03 06:07:00,2023-10-03 06:42:00,11.3,312,Completed,
T2252,D232,R2340,Bangalore,Jayanagar,HSR Layout,2023-10-12 16:50:00,2023-10-12 17:00:00,2023-10-12 18:23:00,22.6,423,Completed,
T2253,D343,R2940,Mumbai,Colaba,Juhu,2023-10-17 08:47:00,2023-10-17 08:51:00,2023-10-17 10:04:00,19.9,353,Completed,
T2254,D318,R4884,Bangalore,HSR Layout,Jayanagar,2023-10-18 04:51:00,2023-10-18 05:01:00,2023-10-18 05:10:00,2.8,119,Completed,
T2255,D137,R3229,Bangalore,Koramangala,Jayanagar,2023-10-09 01:02:00,,,0.0,0.0,Cancelled,Driver Cancelled
T2256,D255,R3601,Bangalore,Whitefield,Koramangala,2023-10-08 03:29:00,2023-10-08 03:42:00,2023-10-08 04:30:00,17.4,338,Completed,
T2257,D218,R3663,Bangalore,Whitefield,HSR Layout,2023-10-23 22:09:00,2023-10-23 22:19:00,2023-10-23 22:56:00,11.0,218,Completed,
T2258,D131,R4435,Bangalore,HSR Layout,Koramangala,2023-10-01 14:05:00,2023-10-01 14:14:00,2023-10-01 14:54:00,14.2,383,Completed,
T2259,D180,R3943,Delhi,Connaught Place,Rohini,2023-10-03 11:38:00,2023-10-03 11:43:00,2023-10-03 12:35:00,16.7,387,Completed,
T2260,D146,R3919,Delhi,Vasant Kunj,Dwarka,2023-10-04 03:25:00,2023-10-04 03:29:00,2023-10-04 04:07:00,14.0,309,Completed,
T2261,D336,R2887,Delhi,Rohini,Vasant Kunj,2023-10-01 09:25:00,,,0.0,0.0,Cancelled,Rider Cancelled
T2262,D102,R3839,Delhi,Vasant Kunj,Rohini,2023-10-21 23:43:00,2023-10-21 23:48:00,2023-10-22 00:15:00,8.3,197,Completed,
T2263,D343,R1105,Mumbai,Juhu,Bandra,2023-10-17 05:49:00,2023-10-17 05:54:00,2023-10-17 07:08:00,23.7,412,Completed,
T2264,D192,R4415,Delhi,Saket,Connaught Place,2023-10-16 23:50:00,2023-10-17 00:00:00,2023-10-17 01:18:00,20.3,366,Completed,
T2265,D288,R1436,Mumbai,Powai,Juhu,2023-10-16 19:16:00,2023-10-16 19:29:00,2023-10-16 19:39:00,3.8,136,Completed,
T2266,D249,R4302,Bangalore,Koramangala,Indiranagar,2023-10-24 23:39:00,,,0.0,0.0,Cancelled,Rider Cancelled
T2267,D102,R2777,Delhi,Saket,Rohini,2023-10-08 02:04:00,2023-10-08 02:11:00,2023-10-08 02:33:00,8.8,195,Completed,
T2268,D281,R1312,Mumbai,Andheri,Juhu,2023-10-10 09:21:00,2023-10-10 09:30:00,2023-10-10 10:38:00,17.8,465,Completed,
T2269,D201,R3236,Mumbai,Juhu,Bandra,2023-10-09 14:34:00,,,0.0,0.0,Cancelled,Driver Not Found
T2270,D327,R1189,Bangalore,Koramangala,HSR Layout,2023-10-17 00:33:00,2023-10-17 00:45:00,2023-10-17 01:27:00,12.8,250,Completed,
T2271,D195,R2466,Delhi,Dwarka,Connaught Place,2023-10-15 17:53:00,,,0.0,0.0,Cancelled,Rider Cancelled
T2272,D348,R3165,Bangalore,Whitefield,Indiranagar,2023-10-29 13:37:00,2023-10-29 13:40:00,2023-10-29 14:32:00,14.9,294,Completed,
T2273,D169,R4665,Delhi,Vasant Kunj,Dwarka,2023-10-01 19:28:00,,,0.0,0.0,Cancelled,Driver Cancelled
T2274,D235,R2350,Bangalore,Indiranagar,Whitefield,2023-10-14 19:24:00,2023-10-14 19:27:00,2023-10-14 20:12:00,17.4,335,Completed,
T2275,D184,R2480,Delhi,Connaught Place,Rohini,2023-10-30 06:02:00,2023-10-30 06:16:00,2023-10-30 06:36:00,7.6,174,Completed,
T2276,D298,R3166,Bangalore,HSR Layout,Jayanagar,2023-10-16 08:39:00,,,0.0,0.0,Cancelled,Driver Cancelled
T2277,D249,R2289,Bangalore,Whitefield,Koramangala,2023-10-26 15:05:00,2023-10-26 15:10:00,2023-10-26 15:43:00,11.3,227,Completed,
T2278,D313,R3895,Bangalore,Whitefield,Jayanagar,2023-10-24 03:42:00,2023-10-24 03:49:00,2023-10-24 04:47:00,20.3,448,Completed,
T2279,D207,R4798,Delhi,Dwarka,Connaught Place,2023-10-12 13:40:00,2023-10-12 13:54:00,2023-10-12 14:29:00,12.2,326,Completed,
T2280,D320,R1199,Mumbai,Colaba,Powai,2023-10-23 04:29:00,2023-10-23 04:44:00,2023-10-23 05:13:00,7.9,219,Completed,
T2281,D216,R4459,Mumbai,Andheri,Colaba,2023-10-05 19:36:00,2023-10-05 19:42:00,2023-10-05 20:11:00,7.9,202,Completed,
T2282,D251,R1857,Delhi,Connaught Place,Dwarka,2023-10-12 09:19:00,2023-10-12 09:21:00,2023-10-12 09:38:00,5.0,135,Completed,
T2283,D193,R1568,Bangalore,HSR Layout,Koramangala,2023-10-30 08:23:00,2023-10-30 08:31:00,2023-10-30 08:41:00,3.1,114,Completed,
T2284,D204,R4149,Bangalore,Jayanagar,Koramangala,2023-10-04 10:28:00,2023-10-04 10:30:00,2023-10-04 11:35:00,23.8,435,Completed,
T2285,D111,R4445,Bangalore,Whitefield,HSR Layout,2023-10-15 19:00:00,,,0.0,0.0,Cancelled,Driver Cancelled
T2286,D312,R1372,Mumbai,Juhu,Andheri,2023-10-30 16:19:00,2023-10-30 16:26:00,2023-10-30 17:17:00,15.9,445,Completed,
T2287,D250,R3171,Mumbai,Juhu,Powai,2023-10-02 09:09:00,2023-10-02 09:11:00,2023-10-02 09:57:00,14.2,311,Completed,
T2288,D269,R1543,Delhi,Vasant Kunj,Dwarka,2023-10-27 14:44:00,2023-10-27 14:55:00,2023-10-27 15:30:00,10.6,271,Completed,
T2289,D275,R1829,Delhi,Vasant Kunj,Dwarka,2023-10-19 09:38:00,2023-10-19 09:40:00,2023-10-19 10:45:00,16.7,352,Completed,
T2290,D265,R2130,Mumbai,Andheri,Bandra,2023-10-08 20:59:00,2023-10-08 21:04:00,2023-10-08 21:51:00,15.0,345,Completed,
T2291,D273,R3917,Delhi,Connaught Place,Rohini,2023-10-11 08:19:00,2023-10-11 08:34:00,2023-10-11 08:57:00,6.2,191,Completed,
T2292,D118,R1915,Delhi,Rohini,Saket,2023-10-12 22:19:00,2023-10-12 22:24:00,2023-10-12 23:31:00,20.1,502,Completed,
T2293,D191,R4786,Mumbai,Powai,Colaba,2023-10-30 20:22:00,2023-10-30 20:36:00,2023-10-30 20:56:00,5.3,153,Completed,
T2294,D174,R2553,Bangalore,Whitefield,Indiranagar,2023-10-24 05:24:00,2023-10-24 05:32:00,2023-10-24 06:45:00,20.0,423,Completed,
T2295,D321,R1995,Mumbai,Bandra,Juhu,2023-10-14 08:30:00,2023-10-14 08:32:00,2023-10-14 09:03:00,7.9,173,Completed,
T2296,D341,R1284,Delhi,Connaught Place,Dwarka,2023-10-16 11:31:00,2023-10-16 11:43:00,2023-10-16 12:39:00,17.2,351,Completed,
T2297,D274,R4839,Bangalore,Indiranagar,Koramangala,2023-10-21 05:50:00,2023-10-21 05:59:00,2023-10-21 06:28:00,10.5,230,Completed,
T2298,D292,R4340,Delhi,Dwarka,Saket,2023-10-23 21:33:00,,,0.0,0.0,Cancelled,Rider Cancelled
T2299,D314,R4619,Delhi,Vasant Kunj,Connaught Place,2023-10-02 05:43:00,2023-10-02 05:57:00,2023-10-02 06:35:00,13.5,264,Completed,
T2300,D294,R4797,Bangalore,HSR Layout,Koramangala,2023-10-29 09:31:00,,,0.0,0.0,Cancelled,Other
T2301,D342,R4273,Delhi,Connaught Place,Rohini,2023-10-07 17:39:00,2023-10-07 17:52:00,2023-10-07 18:46:00,14.5,273,Completed,
T2302,D270,R3179,Bangalore,Indiranagar,Jayanagar,2023-10-15 10:44:00,2023-10-15 10:50:00,2023-10-15 11:01:00,3.1,107,Completed,
T2303,D292,R4883,Delhi,Connaught Place,Saket,2023-10-10 02:26:00,2023-10-10 02:37:00,2023-10-10 03:00:00,6.7,184,Completed,
T2304,D235,R1771,Bangalore,Koramangala,Jayanagar,2023-10-12 15:39:00,2023-10-12 15:43:00,2023-10-12 16:57:00,22.1,425,Completed,
T2305,D232,R2589,Bangalore,Jayanagar,Indiranagar,2023-10-16 13:51:00,2023-10-16 14:00:00,2023-10-16 14:19:00,4.9,137,Completed,
T2306,D236,R4093,Bangalore,Indiranagar,HSR Layout,2023-10-29 03:21:00,2023-10-29 03:31:00,2023-10-29 03:55:00,9.1,238,Completed,
T2307,D236,R1995,Bangalore,Koramangala,HSR Layout,2023-10-18 18:39:00,2023-10-18 18:43:00,2023-10-18 19:41:00,15.7,290,Completed,
T2308,D349,R2671,Mumbai,Andheri,Bandra,2023-10-18 17:22:00,2023-10-18 17:34:00,2023-10-18 17:55:00,7.1,227,Completed,
T2309,D144,R4120,Mumbai,Bandra,Juhu,2023-10-03 15:55:00,2023-10-03 16:08:00,2023-10-03 16:21:00,3.3,125,Completed,
T2310,D187,R3445,Mumbai,Powai,Juhu,2023-10-24 12:57:00,2023-10-24 13:02:00,2023-10-24 13:58:00,18.0,469,Completed,
T2311,D133,R4350,Mumbai,Andheri,Powai,2023-10-02 08:02:00,2023-10-02 08:15:00,2023-10-02 08:25:00,3.9,109,Completed,
T2312,D119,R3576,Mumbai,Colaba,Powai,2023-10-04 08:21:00,2023-10-04 08:24:00,2023-10-04 08:40:00,5.6,180,Completed,
T2313,D160,R4376,Bangalore,HSR Layout,Jayanagar,2023-10-25 22:39:00,2023-10-25 22:54:00,2023-10-25 23:17:00,7.0,194,Completed,
T2314,D240,R3417,Mumbai,Juhu,Powai,2023-10-28 08:35:00,2023-10-28 08:45:00,2023-10-28 08:58:00,4.9,168,Completed,
T2315,D155,R1120,Bangalore,Koramangala,Whitefield,2023-10-16 18:38:00,2023-10-16 18:53:00,2023-10-16 19:03:00,3.9,117,Completed,
T2316,D302,R3591,Bangalore,Whitefield,HSR Layout,2023-10-06 06:03:00,2023-10-06 06:16:00,2023-10-06 06:46:00,9.6,284,Completed,
T2317,D131,R4283,Bangalore,HSR Layout,Koramangala,2023-10-25 17:47:00,2023-10-25 17:56:00,2023-10-25 18:37:00,14.5,375,Completed,
T2318,D329,R2062,Bangalore,Indiranagar,Koramangala,2023-10-25 22:49:00,2023-10-25 22:53:00,2023-10-25 23:44:00,17.3,426,Completed,
T2319,D222,R3745,Mumbai,Powai,Andheri,2023-10-18 21:10:00,2023-10-18 21:17:00,2023-10-18 22:34:00,24.6,618,Completed,
T2320,D126,R2152,Bangalore,HSR Layout,Jayanagar,2023-10-05 09:46:00,,,0.0,0.0,Cancelled,Driver Cancelled
T2321,D106,R1372,Delhi,Connaught Place,Saket,2023-10-17 08:30:00,2023-10-17 08:34:00,2023-10-17 09:09:00,9.8,244,Completed,
T2322,D275,R4753,Delhi,Saket,Vasant Kunj,2023-10-24 21:07:00,2023-10-24 21:10:00,2023-10-24 21:45:00,10.2,302,Completed,
T2323,D169,R1080,Delhi,Connaught Place,Saket,2023-10-29 09:40:00,2023-10-29 09:54:00,2023-10-29 10:00:00,2.0,98,Completed,
T2324,D323,R4863,Bangalore,Koramangala,Whitefield,2023-10-30 04:47:00,,,0.0,0.0,Cancelled,Driver Not Found
T2325,D135,R3826,Delhi,Vasant Kunj,Saket,2023-10-24 10:47:00,,,0.0,0.0,Cancelled,Driver Not Found
T2326,D211,R1029,Delhi,Dwarka,Rohini,2023-10-26 06:02:00,2023-10-26 06:12:00,2023-10-26 07:28:00,22.6,593,Completed,
T2327,D278,R4234,Delhi,Connaught Place,Rohini,2023-10-28 09:01:00,2023-10-28 09:08:00,2023-10-28 09:36:00,9.5,263,Completed,
T2328,D171,R3715,Bangalore,Indiranagar,HSR Layout,2023-10-19 15:01:00,2023-10-19 15:04:00,2023-10-19 15:53:00,18.1,452,Completed,
T2329,D262,R2614,Mumbai,Bandra,Colaba,2023-10-06 12:53:00,2023-10-06 13:05:00,2023-10-06 13:54:00,15.0,283,Completed,
T2330,D239,R3440,Delhi,Saket,Vasant Kunj,2023-10-23 17:38:00,2023-10-23 17:42:00,2023-10-23 18:19:00,11.8,284,Completed,
T2331,D336,R4585,Delhi,Vasant Kunj,Dwarka,2023-10-01 09:25:00,2023-10-01 09:32:00,2023-10-01 09:51:00,5.4,135,Completed,
T2332,D248,R2035,Bangalore,HSR Layout,Jayanagar,2023-10-04 11:27:00,2023-10-04 11:39:00,2023-10-04 11:59:00,6.4,204,Completed,
T2333,D140,R3110,Delhi,Dwarka,Rohini,2023-10-26 15:39:00,2023-10-26 15:54:00,2023-10-26 16:19:00,9.2,201,Completed,
T2334,D331,R3401,Delhi,Connaught Place,Saket,2023-10-29 23:29:00,,,0.0,0.0,Cancelled,Payment Issue
T2335,D274,R4895,Bangalore,HSR Layout,Koramangala,2023-10-11 06:04:00,2023-10-11 06:10:00,2023-10-11 06:47:00,9.4,211,Completed,
T2336,D253,R4067,Delhi,Dwarka,Vasant Kunj,2023-10-03 02:46:00,,,0.0,0.0,Cancelled,Rider Cancelled
T2337,D151,R2543,Delhi,Dwarka,Connaught Place,2023-10-05 13:08:00,2023-10-05 13:13:00,2023-10-05 14:26:00,19.5,411,Completed,
T2338,D144,R3653,Mumbai,Andheri,Colaba,2023-10-17 16:18:00,2023-10-17 16:32:00,2023-10-17 17:24:00,16.7,376,Completed,
T2339,D119,R1334,Mumbai,Juhu,Bandra,2023-10-23 15:21:00,2023-10-23 15:27:00,2023-10-23 16:15:00,14.5,358,Completed,
T2340,D124,R1117,Delhi,Connaught Place,Rohini,2023-10-06 06:08:00,2023-10-06 06:10:00,2023-10-06 06:54:00,13.0,313,Completed,
T2341,D295,R3433,Delhi,Vasant Kunj,Connaught Place,2023-10-23 13:30:00,2023-10-23 13:34:00,2023-10-23 13:45:00,3.5,104,Completed,
T2342,D301,R3642,Mumbai,Colaba,Powai,2023-10-12 22:18:00,2023-10-12 22:30:00,2023-10-12 23:39:00,24.9,475,Completed,
T2343,D171,R2906,Bangalore,HSR Layout,Indiranagar,2023-10-05 21:55:00,2023-10-05 22:08:00,2023-10-05 22:31:00,8.1,200,Completed,
T2344,D152,R1780,Bangalore,HSR Layout,Indiranagar,2023-10-08 04:25:00,2023-10-08 04:35:00,2023-10-08 04:51:00,6.2,146,Completed,
T2345,D217,R1205,Delhi,Rohini,Saket,2023-10-01 02:37:00,2023-10-01 02:46:00,2023-10-01 04:04:00,20.1,550,Completed,
T2346,D282,R4718,Delhi,Dwarka,Saket,2023-10-11 11:29:00,2023-10-11 11:34:00,2023-10-11 12:45:00,21.4,583,Completed,
T2347,D113,R4052,Bangalore,Indiranagar,Koramangala,2023-10-16 09:16:00,2023-10-16 09:31:00,2023-10-16 10:21:00,16.8,305,Completed,
T2348,D183,R3734,Bangalore,HSR Layout,Koramangala,2023-10-10 09:26:00,2023-10-10 09:33:00,2023-10-10 10:00:00,10.5,209,Completed,
T2349,D297,R4988,Mumbai,Colaba,Powai,2023-10-01 20:12:00,,,0.0,0.0,Cancelled,Rider Cancelled
T2350,D273,R1244,Delhi,Connaught Place,Rohini,2023-10-29 07:49:00,2023-10-29 07:58:00,2023-10-29 08:20:00,8.1,194,Completed,
T2351,D156,R1141,Bangalore,Whitefield,Koramangala,2023-10-07 07:47:00,2023-10-07 08:02:00,2023-10-07 08:35:00,9.1,195,Completed,
T2352,D152,R1207,Bangalore,HSR Layout,Whitefield,2023-10-07 04:44:00,2023-10-07 04:57:00,2023-10-07 05:31:00,9.7,214,Completed,
T2353,D330,R1974,Mumbai,Bandra,Colaba,2023-10-17 08:04:00,2023-10-17 08:08:00,2023-10-17 09:23:00,24.2,471,Completed,
T2354,D233,R3500,Bangalore,Indiranagar,Koramangala,2023-10-24 17:55:00,,,0.0,0.0,Cancelled,Driver Cancelled
T2355,D127,R2478,Bangalore,Jayanagar,Whitefield,2023-10-21 03:27:00,2023-10-21 03:39:00,2023-10-21 04:15:00,10.1,275,Completed,
T2356,D290,R1503,Bangalore,Indiranagar,Whitefield,2023-10-07 00:23:00,2023-10-07 00:33:00,2023-10-07 01:14:00,13.2,261,Completed,
T2357,D339,R4718,Bangalore,Whitefield,HSR Layout,2023-10-20 17:01:00,2023-10-20 17:16:00,2023-10-20 18:00:00,12.4,330,Completed,
T2358,D269,R1656,Delhi,Saket,Vasant Kunj,2023-10-06 13:16:00,2023-10-06 13:29:00,2023-10-06 14:01:00,11.7,313,Completed,
T2359,D176,R1043,Mumbai,Juhu,Andheri,2023-10-08 20:44:00,2023-10-08 20:49:00,2023-10-08 21:13:00,8.3,180,Completed,
T2360,D300,R1851,Delhi,Rohini,Connaught Place,2023-10-27 03:24:00,2023-10-27 03:32:00,2023-10-27 04:06:00,10.0,271,Completed,
T2361,D304,R1022,Mumbai,Powai,Colaba,2023-10-26 14:34:00,2023-10-26 14:36:00,2023-10-26 15:09:00,8.3,177,Completed,
T2362,D341,R1690,Delhi,Dwarka,Saket,2023-10-26 21:32:00,,,0.0,0.0,Cancelled,Driver Cancelled
T2363,D302,R1824,Bangalore,Indiranagar,Whitefield,2023-10-29 02:44:00,2023-10-29 02:57:00,2023-10-29 04:16:00,23.5,494,Completed,
T2364,D110,R1130,Mumbai,Colaba,Bandra,2023-10-14 10:06:00,,,0.0,0.0,Cancelled,Rider Cancelled
T2365,D240,R1918,Mumbai,Powai,Colaba,2023-10-25 07:57:00,,,0.0,0.0,Cancelled,Other
T2366,D349,R1125,Mumbai,Bandra,Juhu,2023-10-05 04:51:00,2023-10-05 05:06:00,2023-10-05 05:13:00,2.8,102,Completed,
T2367,D241,R4667,Delhi,Vasant Kunj,Connaught Place,2023-10-09 16:13:00,2023-10-09 16:20:00,2023-10-09 16:36:00,6.3,174,Completed,
T2368,D124,R1782,Delhi,Vasant Kunj,Connaught Place,2023-10-09 04:10:00,,,0.0,0.0,Cancelled,Driver Cancelled
T2369,D244,R4636,Delhi,Vasant Kunj,Rohini,2023-10-17 09:59:00,2023-10-17 10:09:00,2023-10-17 10:52:00,13.3,254,Completed,
T2370,D315,R4460,Mumbai,Colaba,Powai,2023-10-29 23:06:00,2023-10-29 23:12:00,2023-10-29 23:23:00,4.6,121,Completed,
T2371,D140,R3523,Delhi,Connaught Place,Saket,2023-10-28 07:39:00,2023-10-28 07:42:00,2023-10-28 08:01:00,5.2,146,Completed,
T2372,D161,R4676,Delhi,Rohini,Vasant Kunj,2023-10-07 23:49:00,,,0.0,0.0,Cancelled,Payment Issue
T2373,D101,R3970,Mumbai,Andheri,Colaba,2023-10-22 14:19:00,2023-10-22 14:23:00,2023-10-22 15:13:00,17.8,318,Completed,
T2374,D336,R4302,Delhi,Rohini,Connaught Place,2023-10-12 15:48:00,2023-10-12 15:59:00,2023-10-12 16:32:00,11.8,243,Completed,
T2375,D109,R4906,Mumbai,Juhu,Andheri,2023-10-07 15:00:00,2023-10-07 15:09:00,2023-10-07 15:34:00,8.1,218,Completed,
T2376,D208,R3378,Mumbai,Bandra,Powai,2023-10-27 11:27:00,2023-10-27 11:42:00,2023-10-27 12:10:00,7.4,212,Completed,
T2377,D291,R3597,Bangalore,Indiranagar,HSR Layout,2023-10-12 03:06:00,2023-10-12 03:08:00,2023-10-12 04:10:00,25.0,479,Completed,
T2378,D144,R1895,Mumbai,Andheri,Powai,2023-10-22 11:29:00,2023-10-22 11:37:00,2023-10-22 12:03:00,10.4,280,Completed,
T2379,D311,R3764,Delhi,Saket,Vasant Kunj,2023-10-09 16:58:00,2023-10-09 17:04:00,2023-10-09 17:37:00,9.1,211,Completed,
T2380,D178,R3332,Bangalore,Whitefield,HSR Layout,2023-10-07 14:09:00,2023-10-07 14:16:00,2023-10-07 14:42:00,8.4,180,Completed,
T2381,D276,R1974,Mumbai,Colaba,Powai,2023-10-30 14:20:00,2023-10-30 14:35:00,2023-10-30 16:03:00,24.8,517,Completed,
T2382,D252,R1496,Mumbai,Powai,Colaba,2023-10-08 20:24:00,2023-10-08 20:27:00,2023-10-08 20:39:00,3.8,143,Completed,
T2383,D106,R1116,Delhi,Vasant Kunj,Dwarka,2023-10-08 09:39:00,2023-10-08 09:54:00,2023-10-08 10:59:00,16.6,379,Completed,
T2384,D254,R2348,Delhi,Rohini,Saket,2023-10-20 14:43:00,2023-10-20 14:54:00,2023-10-20 16:14:00,21.7,476,Completed,
T2385,D211,R4310,Delhi,Rohini,Connaught Place,2023-10-04 02:44:00,2023-10-04 02:46:00,2023-10-04 02:58:00,5.0,160,Completed,
T2386,D331,R2842,Delhi,Saket,Connaught Place,2023-10-27 09:03:00,2023-10-27 09:06:00,2023-10-27 09:32:00,9.9,267,Completed,
T2387,D177,R1877,Mumbai,Juhu,Andheri,2023-10-01 11:58:00,2023-10-01 12:00:00,2023-10-01 12:45:00,13.0,297,Completed,
T2388,D240,R4567,Mumbai,Colaba,Bandra,2023-10-07 18:45:00,,,0.0,0.0,Cancelled,Driver Cancelled
T2389,D231,R3676,Mumbai,Andheri,Powai,2023-10-22 03:17:00,2023-10-22 03:30:00,2023-10-22 04:09:00,11.1,224,Completed,
T2390,D289,R4352,Mumbai,Powai,Juhu,2023-10-07 18:26:00,2023-10-07 18:38:00,2023-10-07 19:33:00,17.2,413,Completed,
T2391,D166,R4797,Mumbai,Juhu,Colaba,2023-10-10 01:19:00,2023-10-10 01:22:00,2023-10-10 02:14:00,20.1,462,Completed,
T2392,D248,R3415,Bangalore,Jayanagar,Koramangala,2023-10-02 10:17:00,2023-10-02 10:19:00,2023-10-02 11:23:00,17.0,348,Completed,
T2393,D261,R4954,Delhi,Connaught Place,Rohini,2023-10-01 02:44:00,2023-10-01 02:48:00,2023-10-01 03:18:00,10.5,303,Completed,
T2394,D201,R3980,Mumbai,Powai,Andheri,2023-10-22 06:31:00,2023-10-22 06:36:00,2023-10-22 07:07:00,11.3,299,Completed,
T2395,D183,R4412,Bangalore,Whitefield,HSR Layout,2023-10-22 22:41:00,2023-10-22 22:46:00,2023-10-22 22:53:00,2.4,100,Completed,
T2396,D219,R3050,Delhi,Dwarka,Saket,2023-10-14 09:08:00,2023-10-14 09:12:00,2023-10-14 09:35:00,5.8,148,Completed,
T2397,D280,R4683,Mumbai,Bandra,Andheri,2023-10-22 20:15:00,2023-10-22 20:29:00,2023-10-22 22:03:00,23.9,598,Completed,
T2398,D243,R2477,Delhi,Vasant Kunj,Saket,2023-10-30 22:39:00,2023-10-30 22:53:00,2023-10-31 00:26:00,24.3,484,Completed,
T2399,D330,R2333,Mumbai,Powai,Andheri,2023-10-04 22:00:00,2023-10-04 22:13:00,2023-10-04 22:42:00,8.5,200,Completed,
T2400,D245,R3017,Mumbai,Colaba,Bandra,2023-10-04 13:21:00,2023-10-04 13:35:00,2023-10-04 13:45:00,4.0,125,Completed,
T2401,D316,R2769,Delhi,Vasant Kunj,Saket,2023-10-10 04:48:00,2023-10-10 04:59:00,2023-10-10 05:42:00,12.5,247,Completed,
T2402,D270,R3336,Bangalore,Indiranagar,HSR Layout,2023-10-14 08:34:00,2023-10-14 08:45:00,2023-10-14 09:05:00,6.2,182,Completed,
T2403,D184,R3404,Delhi,Vasant Kunj,Rohini,2023-10-07 01:19:00,2023-10-07 01:27:00,2023-10-07 02:47:00,21.2,459,Completed,
T2404,D338,R3543,Mumbai,Bandra,Powai,2023-10-20 09:14:00,2023-10-20 09:18:00,2023-10-20 10:18:00,19.4,475,Completed,
T2405,D239,R1608,Delhi,Rohini,Connaught Place,2023-10-07 22:19:00,2023-10-07 22:28:00,2023-10-07 23:20:00,18.9,503,Completed,
T2406,D237,R1135,Mumbai,Bandra,Juhu,2023-10-03 19:06:00,2023-10-03 19:10:00,2023-10-03 20:24:00,19.1,389,Completed,
T2407,D200,R1961,Mumbai,Colaba,Andheri,2023-10-19 23:13:00,2023-10-19 23:20:00,2023-10-19 23:29:00,2.5,108,Completed,
T2408,D196,R1484,Delhi,Rohini,Dwarka,2023-10-21 13:33:00,2023-10-21 13:48:00,2023-10-21 14:58:00,24.8,528,Completed,
T2409,D102,R3973,Delhi,Connaught Place,Rohini,2023-10-16 23:43:00,2023-10-16 23:56:00,2023-10-17 00:04:00,2.6,91,Completed,
T2410,D345,R1544,Mumbai,Colaba,Bandra,2023-10-27 16:05:00,,,0.0,0.0,Cancelled,Rider Cancelled
T2411,D317,R4037,Bangalore,Jayanagar,HSR Layout,2023-10-28 00:10:00,2023-10-28 00:25:00,2023-10-28 00:47:00,5.8,186,Completed,
T2412,D163,R3073,Bangalore,Whitefield,Indiranagar,2023-10-29 09:40:00,2023-10-29 09:55:00,2023-10-29 10:30:00,10.9,271,Completed,
T2413,D108,R1175,Delhi,Rohini,Vasant Kunj,2023-10-28 04:40:00,,,0.0,0.0,Cancelled,Driver Cancelled
T2414,D209,R3603,Delhi,Connaught Place,Dwarka,2023-10-10 18:31:00,2023-10-10 18:41:00,2023-10-10 19:51:00,24.1,587,Completed,
T2415,D138,R3855,Delhi,Rohini,Saket,2023-10-02 10:11:00,2023-10-02 10:20:00,2023-10-02 10:39:00,6.5,198,Completed,
T2416,D122,R4104,Bangalore,Jayanagar,Koramangala,2023-10-07 01:36:00,2023-10-07 01:42:00,2023-10-07 02:15:00,11.9,302,Completed,
T2417,D242,R2678,Mumbai,Andheri,Juhu,2023-10-14 20:25:00,2023-10-14 20:27:00,2023-10-14 20:43:00,5.9,185,Completed,
T2418,D175,R4481,Bangalore,Whitefield,Indiranagar,2023-10-25 17:23:00,2023-10-25 17:25:00,2023-10-25 18:04:00,10.1,206,Completed,
T2419,D323,R2593,Bangalore,HSR Layout,Koramangala,2023-10-07 20:01:00,2023-10-07 20:07:00,2023-10-07 21:02:00,15.6,363,Completed,
T2420,D312,R3130,Mumbai,Juhu,Bandra,2023-10-11 09:54:00,2023-10-11 10:09:00,2023-10-11 11:19:00,23.4,449,Completed,
T2421,D117,R3383,Mumbai,Powai,Colaba,2023-10-03 04:59:00,2023-10-03 05:10:00,2023-10-03 06:45:00,24.2,623,Completed,
T2422,D124,R2024,Delhi,Saket,Rohini,2023-10-01 17:25:00,2023-10-01 17:35:00,2023-10-01 18:11:00,12.8,341,Completed,
T2423,D162,R2070,Mumbai,Powai,Colaba,2023-10-10 19:25:00,2023-10-10 19:37:00,2023-10-10 20:03:00,7.4,163,Completed,
T2424,D121,R3912,Delhi,Connaught Place,Dwarka,2023-10-28 02:37:00,2023-10-28 02:48:00,2023-10-28 03:06:00,4.9,152,Completed,
T2425,D191,R2446,Mumbai,Bandra,Juhu,2023-10-02 10:39:00,2023-10-02 10:44:00,2023-10-02 11:52:00,21.4,540,Completed,
T2426,D286,R1667,Mumbai,Andheri,Powai,2023-10-16 22:19:00,2023-10-16 22:29:00,2023-10-16 22:59:00,11.7,306,Completed,
T2427,D233,R2293,Bangalore,Indiranagar,Whitefield,2023-10-16 01:34:00,2023-10-16 01:47:00,2023-10-16 02:13:00,7.6,166,Completed,
T2428,D338,R4900,Mumbai,Andheri,Juhu,2023-10-09 03:54:00,2023-10-09 04:01:00,2023-10-09 05:27:00,24.2,515,Completed,
T2429,D118,R4877,Delhi,Rohini,Connaught Place,2023-10-17 03:48:00,,,0.0,0.0,Cancelled,Rider Cancelled
T2430,D234,R4432,Delhi,Dwarka,Rohini,2023-10-22 08:11:00,2023-10-22 08:14:00,2023-10-22 08:48:00,8.9,259,Completed,
T2431,D238,R1171,Bangalore,Koramangala,Indiranagar,2023-10-15 01:01:00,2023-10-15 01:10:00,2023-10-15 02:05:00,22.2,597,Completed,
T2432,D170,R2991,Mumbai,Bandra,Andheri,2023-10-02 17:20:00,,,0.0,0.0,Cancelled,Driver Cancelled
T2433,D239,R4229,Delhi,Connaught Place,Rohini,2023-10-10 16:49:00,2023-10-10 16:55:00,2023-10-10 17:46:00,13.9,266,Completed,
T2434,D139,R1903,Delhi,Saket,Vasant Kunj,2023-10-19 03:20:00,2023-10-19 03:27:00,2023-10-19 03:54:00,11.0,320,Completed,
T2435,D209,R4505,Delhi,Connaught Place,Rohini,2023-10-10 08:07:00,2023-10-10 08:20:00,2023-10-10 09:10:00,16.1,329,Completed,
T2436,D241,R4268,Delhi,Dwarka,Vasant Kunj,2023-10-06 19:53:00,2023-10-06 19:56:00,2023-10-06 21:03:00,21.6,378,Completed,
T2437,D181,R1984,Mumbai,Powai,Bandra,2023-10-24 02:10:00,2023-10-24 02:12:00,2023-10-24 03:31:00,21.0,429,Completed,
T2438,D303,R1130,Bangalore,Indiranagar,Whitefield,2023-10-03 05:04:00,2023-10-03 05:15:00,2023-10-03 06:17:00,16.9,456,Completed,
T2439,D240,R3204,Mumbai,Bandra,Colaba,2023-10-27 08:22:00,2023-10-27 08:25:00,2023-10-27 08:54:00,11.0,309,Completed,
T2440,D230,R3512,Delhi,Dwarka,Connaught Place,2023-10-16 07:30:00,,,0.0,0.0,Cancelled,Driver Not Found
T2441,D265,R4204,Mumbai,Juhu,Andheri,2023-10-17 09:10:00,2023-10-17 09:19:00,2023-10-17 09:41:00,8.9,211,Completed,
T2442,D221,R1716,Delhi,Saket,Rohini,2023-10-05 02:32:00,2023-10-05 02:34:00,2023-10-05 03:04:00,11.0,291,Completed,
T2443,D105,R2806,Delhi,Dwarka,Vasant Kunj,2023-10-03 00:56:00,2023-10-03 01:02:00,2023-10-03 01:39:00,9.5,287,Completed,
T2444,D212,R3160,Mumbai,Colaba,Powai,2023-10-16 06:00:00,2023-10-16 06:14:00,2023-10-16 07:34:00,22.2,389,Completed,
T2445,D176,R1279,Mumbai,Colaba,Juhu,2023-10-30 00:15:00,2023-10-30 00:24:00,2023-10-30 01:08:00,11.9,275,Completed,
T2446,D226,R3980,Bangalore,Indiranagar,Whitefield,2023-10-07 17:47:00,2023-10-07 17:54:00,2023-10-07 18:56:00,24.3,531,Completed,
T2447,D199,R3949,Delhi,Connaught Place,Saket,2023-10-24 04:11:00,2023-10-24 04:21:00,2023-10-24 05:11:00,12.8,314,Completed,
T2448,D245,R3638,Mumbai,Colaba,Andheri,2023-10-30 09:33:00,2023-10-30 09:39:00,2023-10-30 10:55:00,23.2,470,Completed,
T2449,D144,R3707,Mumbai,Colaba,Powai,2023-10-15 12:49:00,2023-10-15 12:51:00,2023-10-15 12:57:00,2.3,91,Completed,
T2450,D301,R4856,Mumbai,Powai,Juhu,2023-10-12 01:44:00,2023-10-12 01:53:00,2023-10-12 02:07:00,4.3,135,Completed,
T2451,D133,R4619,Mumbai,Colaba,Bandra,2023-10-18 04:30:00,2023-10-18 04:38:00,2023-10-18 04:55:00,5.3,140,Completed,
T2452,D111,R2109,Bangalore,HSR Layout,Jayanagar,2023-10-24 19:32:00,2023-10-24 19:41:00,2023-10-24 20:15:00,9.7,223,Completed,
T2453,D260,R3771,Bangalore,Indiranagar,Whitefield,2023-10-22 21:37:00,2023-10-22 21:44:00,2023-10-22 22:43:00,18.4,382,Completed,
T2454,D258,R1274,Bangalore,Indiranagar,Koramangala,2023-10-06 08:43:00,2023-10-06 08:45:00,2023-10-06 09:36:00,19.0,488,Completed,
T2455,D256,R2208,Delhi,Dwarka,Connaught Place,2023-10-15 16:34:00,2023-10-15 16:37:00,2023-10-15 17:00:00,6.0,149,Completed,
T2456,D124,R1260,Delhi,Rohini,Saket,2023-10-12 04:33:00,2023-10-12 04:43:00,2023-10-12 05:10:00,7.4,224,Completed,
T2457,D333,R4942,Mumbai,Powai,Bandra,2023-10-15 20:17:00,2023-10-15 20:23:00,2023-10-15 21:07:00,17.9,434,Completed,
T2458,D322,R3426,Delhi,Connaught Place,Vasant Kunj,2023-10-03 08:49:00,2023-10-03 09:04:00,2023-10-03 10:07:00,20.4,385,Completed,
T2459,D227,R3464,Bangalore,Indiranagar,Koramangala,2023-10-14 00:39:00,2023-10-14 00:41:00,2023-10-14 01:50:00,24.8,596,Completed,
T2460,D112,R2098,Bangalore,Koramangala,Jayanagar,2023-10-19 14:01:00,2023-10-19 14:11:00,2023-10-19 14:32:00,8.5,223,Completed,
T2461,D285,R3526,Bangalore,Jayanagar,Koramangala,2023-10-19 08:23:00,2023-10-19 08:25:00,2023-10-19 09:18:00,15.3,324,Completed,
T2462,D235,R1754,Bangalore,Jayanagar,Koramangala,2023-10-26 04:37:00,2023-10-26 04:51:00,2023-10-26 05:54:00,17.7,479,Completed,
T2463,D240,R2270,Mumbai,Andheri,Juhu,2023-10-07 13:52:00,,,0.0,0.0,Cancelled,Payment Issue
T2464,D166,R3586,Mumbai,Powai,Andheri,2023-10-22 13:03:00,2023-10-22 13:14:00,2023-10-22 13:49:00,11.1,279,Completed,
T2465,D149,R2335,Delhi,Saket,Dwarka,2023-10-30 02:47:00,2023-10-30 02:50:00,2023-10-30 03:32:00,13.8,275,Completed,
T2466,D294,R2030,Bangalore,HSR Layout,Whitefield,2023-10-13 07:24:00,2023-10-13 07:38:00,2023-10-13 07:45:00,2.8,95,Completed,
T2467,D312,R3686,Mumbai,Powai,Colaba,2023-10-26 02:24:00,2023-10-26 02:33:00,2023-10-26 03:10:00,10.6,220,Completed,
T2468,D318,R1945,Bangalore,Indiranagar,Whitefield,2023-10-03 23:12:00,2023-10-03 23:18:00,2023-10-04 00:42:00,23.5,420,Completed,
T2469,D146,R1863,Delhi,Connaught Place,Dwarka,2023-10-16 16:45:00,2023-10-16 16:52:00,2023-10-16 18:04:00,18.5,415,Completed,
T2470,D152,R4160,Bangalore,Indiranagar,Jayanagar,2023-10-05 00:13:00,2023-10-05 00:15:00,2023-10-05 00:27:00,5.1,160,Completed,
T2471,D263,R1878,Delhi,Saket,Connaught Place,2023-10-17 10:13:00,2023-10-17 10:22:00,2023-10-17 10:48:00,8.7,259,Completed,
T2472,D173,R1087,Bangalore,Jayanagar,Indiranagar,2023-10-29 06:56:00,2023-10-29 07:06:00,2023-10-29 07:14:00,3.5,112,Completed,
T2473,D250,R2222,Mumbai,Andheri,Colaba,2023-10-26 19:27:00,,,0.0,0.0,Cancelled,Driver Cancelled
T2474,D265,R4074,Mumbai,Andheri,Bandra,2023-10-15 21:36:00,2023-10-15 21:48:00,2023-10-15 23:03:00,23.0,583,Completed,
T2475,D348,R1459,Bangalore,Koramangala,Indiranagar,2023-10-30 06:54:00,2023-10-30 07:03:00,2023-10-30 07:52:00,15.2,388,Completed,
T2476,D227,R3247,Bangalore,Whitefield,Jayanagar,2023-10-28 20:20:00,2023-10-28 20:23:00,2023-10-28 20:46:00,6.0,158,Completed,
T2477,D210,R3170,Delhi,Vasant Kunj,Dwarka,2023-10-28 01:30:00,2023-10-28 01:43:00,2023-10-28 02:46:00,18.7,500,Completed,
T2478,D311,R4830,Delhi,Saket,Vasant Kunj,2023-10-11 08:37:00,2023-10-11 08:51:00,2023-10-11 09:50:00,16.5,336,Completed,
T2479,D316,R1044,Delhi,Saket,Rohini,2023-10-09 19:39:00,,,0.0,0.0,Cancelled,Driver Cancelled
T2480,D136,R3800,Bangalore,Indiranagar,Jayanagar,2023-10-01 23:14:00,2023-10-01 23:28:00,2023-10-02 00:17:00,17.9,454,Completed,
T2481,D332,R4213,Bangalore,Koramangala,Jayanagar,2023-10-09 16:58:00,2023-10-09 17:11:00,2023-10-09 17:58:00,12.4,274,Completed,
T2482,D134,R3922,Delhi,Dwarka,Saket,2023-10-18 06:58:00,2023-10-18 07:12:00,2023-10-18 07:53:00,13.0,345,Completed,
T2483,D344,R2152,Bangalore,HSR Layout,Koramangala,2023-10-21 09:02:00,2023-10-21 09:05:00,2023-10-21 09:18:00,5.2,166,Completed,
T2484,D146,R4227,Delhi,Rohini,Vasant Kunj,2023-10-19 12:05:00,2023-10-19 12:18:00,2023-10-19 13:27:00,23.0,413,Completed,
T2485,D243,R4795,Delhi,Connaught Place,Rohini,2023-10-02 08:42:00,2023-10-02 08:44:00,2023-10-02 08:51:00,2.1,99,Completed,
T2486,D244,R4667,Delhi,Vasant Kunj,Dwarka,2023-10-09 08:38:00,2023-10-09 08:47:00,2023-10-09 09:15:00,9.8,258,Completed,
T2487,D346,R3272,Delhi,Rohini,Saket,2023-10-03 10:26:00,2023-10-03 10:33:00,2023-10-03 11:00:00,7.4,164,Completed,
T2488,D177,R1462,Mumbai,Colaba,Bandra,2023-10-23 14:16:00,2023-10-23 14:20:00,2023-10-23 15:03:00,11.3,223,Completed,
T2489,D189,R1897,Delhi,Connaught Place,Vasant Kunj,2023-10-14 12:50:00,,,0.0,0.0,Cancelled,Driver Cancelled
T2490,D305,R4636,Mumbai,Andheri,Bandra,2023-10-27 00:40:00,,,0.0,0.0,Cancelled,Driver Cancelled
T2491,D102,R4403,Delhi,Rohini,Dwarka,2023-10-21 03:08:00,2023-10-21 03:12:00,2023-10-21 03:25:00,4.6,127,Completed,
T2492,D313,R3507,Bangalore,Indiranagar,Jayanagar,2023-10-21 09:28:00,2023-10-21 09:38:00,2023-10-21 10:16:00,10.3,217,Completed,
T2493,D188,R1680,Bangalore,Whitefield,HSR Layout,2023-10-13 17:47:00,2023-10-13 18:02:00,2023-10-13 19:06:00,21.7,392,Completed,
T2494,D283,R2544,Bangalore,HSR Layout,Indiranagar,2023-10-07 09:14:00,2023-10-07 09:19:00,2023-10-07 09:57:00,12.2,260,Completed,
T2495,D101,R1998,Mumbai,Bandra,Andheri,2023-10-04 12:14:00,2023-10-04 12:28:00,2023-10-04 12:45:00,6.5,187,Completed,
T2496,D209,R3794,Delhi,Dwarka,Connaught Place,2023-10-28 14:07:00,2023-10-28 14:11:00,2023-10-28 14:23:00,4.5,148,Completed,
T2497,D236,R3563,Bangalore,HSR Layout,Whitefield,2023-10-18 23:21:00,2023-10-18 23:35:00,2023-10-19 00:02:00,9.5,239,Completed,
T2498,D253,R2391,Delhi,Dwarka,Rohini,2023-10-30 21:38:00,2023-10-30 21:44:00,2023-10-30 22:56:00,22.6,422,Completed,
T2499,D343,R2707,Mumbai,Powai,Andheri,2023-10-09 00:54:00,2023-10-09 01:03:00,2023-10-09 01:44:00,13.1,363,Completed,
T2500,D147,R3855,Mumbai,Colaba,Andheri,2023-10-09 23:38:00,,2023-10-10 00:19:00,9.0,243,Completed,
T2501,D319,R2338,Delhi,Saket,Rohini,2023-10-08 22:23:00,2023-10-08 22:33:00,2023-10-08 23:02:00,8.0,191,Completed,
T2502,D223,R2199,Delhi,Vasant Kunj,Saket,2023-10-26 22:28:00,2023-10-26 22:34:00,2023-10-26 22:59:00,8.4,251,Completed,
T2503,D305,R2450,Mumbai,Bandra,Colaba,2023-10-01 07:16:00,2023-10-01 07:19:00,2023-10-01 08:43:00,21.5,522,Completed,
T2504,D176,R2473,Mumbai,Andheri,Bandra,2023-10-30 06:54:00,2023-10-30 07:05:00,2023-10-30 07:39:00,8.8,187,Completed,
T2505,D189,R3888,Delhi,Rohini,Saket,2023-10-16 09:14:00,2023-10-16 09:20:00,2023-10-16 09:28:00,2.5,96,Completed,
T2506,D201,R3022,Mumbai,Andheri,Bandra,2023-10-13 19:28:00,,,0.0,0.0,Cancelled,Payment Issue
T2507,D164,R4417,Mumbai,Andheri,Juhu,2023-10-09 05:28:00,,,0.0,0.0,Cancelled,Other
T2508,D218,R1923,Bangalore,Koramangala,Jayanagar,2023-10-23 18:59:00,2023-10-23 19:12:00,2023-10-23 19:18:00,2.3,98,Completed,
T2509,D286,R3374,Mumbai,Colaba,Andheri,2023-10-09 03:17:00,2023-10-09 03:29:00,2023-10-09 03:57:00,8.0,233,Completed,
T2510,D133,R3419,Mumbai,Andheri,Colaba,2023-10-24 23:25:00,,,0.0,0.0,Cancelled,Driver Cancelled
T2511,D158,R2309,Bangalore,HSR Layout,Koramangala,2023-10-10 09:46:00,,,0.0,0.0,Cancelled,Payment Issue
T2512,D195,R1507,Delhi,Connaught Place,Dwarka,2023-10-02 09:36:00,2023-10-02 09:43:00,2023-10-02 10:17:00,13.2,331,Completed,
T2513,D305,R3795,Mumbai,Andheri,Bandra,2023-10-18 10:28:00,2023-10-18 10:35:00,2023-10-18 11:22:00,13.8,387,Completed,
T2514,D316,R1467,Delhi,Vasant Kunj,Connaught Place,2023-10-28 03:46:00,,,0.0,0.0,Cancelled,Payment Issue
T2515,D310,R4327,Delhi,Dwarka,Connaught Place,2023-10-30 09:01:00,2023-10-30 09:16:00,2023-10-30 10:36:00,24.4,487,Completed,
T2516,D149,R2743,Delhi,Vasant Kunj,Rohini,2023-10-22 08:17:00,2023-10-22 08:31:00,2023-10-22 09:42:00,18.3,500,Completed,
T2517,D202,R3554,Delhi,Connaught Place,Saket,2023-10-27 09:27:00,,,0.0,0.0,Cancelled,Rider Cancelled
T2518,D348,R2315,Bangalore,Indiranagar,Koramangala,2023-10-12 23:13:00,2023-10-12 23:22:00,2023-10-12 23:29:00,2.7,106,Completed,
T2519,D173,R3536,Bangalore,Indiranagar,Jayanagar,2023-10-19 11:10:00,2023-10-19 11:25:00,2023-10-19 12:38:00,22.6,532,Completed,
T2520,D248,R3105,Bangalore,Whitefield,Indiranagar,2023-10-05 03:43:00,2023-10-05 03:47:00,2023-10-05 04:05:00,6.2,178,Completed,
T2521,D112,R1902,Bangalore,HSR Layout,Koramangala,2023-10-30 11:09:00,2023-10-30 11:22:00,2023-10-30 12:16:00,16.5,415,Completed,
T2522,D340,R3196,Mumbai,Andheri,Bandra,2023-10-23 22:50:00,2023-10-23 23:05:00,2023-10-23 23:55:00,18.9,515,Completed,
T2523,D174,R4187,Bangalore,Whitefield,Indiranagar,2023-10-16 23:54:00,2023-10-16 23:58:00,2023-10-17 00:06:00,3.1,127,Completed,
T2524,D331,R2554,Delhi,Connaught Place,Rohini,2023-10-19 10:33:00,2023-10-19 10:43:00,2023-10-19 11:11:00,7.6,204,Completed,
T2525,D312,R3752,Mumbai,Bandra,Powai,2023-10-21 18:35:00,2023-10-21 18:50:00,2023-10-21 19:11:00,6.5,188,Completed,
T2526,D167,R3673,Delhi,Vasant Kunj,Connaught Place,2023-10-09 07:00:00,2023-10-09 07:07:00,2023-10-09 08:13:00,19.2,513,Completed,
T2527,D255,R4932,Bangalore,Indiranagar,Koramangala,2023-10-19 15:08:00,2023-10-19 15:21:00,2023-10-19 16:27:00,17.0,310,Completed,
T2528,D340,R3703,Mumbai,Andheri,Juhu,2023-10-29 17:49:00,2023-10-29 17:52:00,2023-10-29 18:14:00,7.0,172,Completed,
T2529,D302,R3761,Bangalore,Whitefield,Jayanagar,2023-10-19 08:40:00,,,0.0,0.0,Cancelled,Driver Not Found
T2530,D235,R2793,Bangalore,HSR Layout,Jayanagar,2023-10-14 09:02:00,2023-10-14 09:04:00,2023-10-14 09:15:00,4.5,121,Completed,
T2531,D169,R1709,Delhi,Connaught Place,Dwarka,2023-10-15 02:16:00,2023-10-15 02:27:00,2023-10-15 02:33:00,2.3,97,Completed,
T2532,D346,R1688,Delhi,Connaught Place,Vasant Kunj,2023-10-08 12:26:00,2023-10-08 12:35:00,2023-10-08 12:45:00,2.9,112,Completed,
T2533,D224,R3795,Bangalore,HSR Layout,Koramangala,2023-10-17 14:26:00,2023-10-17 14:30:00,2023-10-17 15:11:00,13.6,352,Completed,
T2534,D253,R2811,Delhi,Saket,Dwarka,2023-10-27 23:08:00,2023-10-27 23:12:00,2023-10-27 23:37:00,9.0,235,Completed,
T2535,D104,R1925,Mumbai,Andheri,Juhu,2023-10-08 16:23:00,,,0.0,0.0,Cancelled,Payment Issue
T2536,D303,R2015,Bangalore,HSR Layout,Whitefield,2023-10-26 05:55:00,2023-10-26 06:01:00,2023-10-26 07:11:00,24.2,429,Completed,
T2537,D339,R4147,Bangalore,Jayanagar,HSR Layout,2023-10-22 08:16:00,2023-10-22 08:25:00,2023-10-22 09:47:00,22.2,530,Completed,
T2538,D169,R2075,Delhi,Vasant Kunj,Connaught Place,2023-10-04 15:26:00,2023-10-04 15:32:00,2023-10-04 16:49:00,22.1,415,Completed,
T2539,D194,R3478,Delhi,Vasant Kunj,Connaught Place,2023-10-09 06:03:00,2023-10-09 06:09:00,2023-10-09 07:12:00,18.2,404,Completed,
T2540,D205,R4444,Bangalore,Koramangala,Whitefield,2023-10-18 09:10:00,2023-10-18 09:23:00,2023-10-18 10:34:00,21.6,470,Completed,
T2541,D224,R1630,Bangalore,HSR Layout,Jayanagar,2023-10-13 06:42:00,2023-10-13 06:48:00,2023-10-13 07:20:00,12.6,328,Completed,
T2542,D137,R1556,Bangalore,HSR Layout,Indiranagar,2023-10-14 20:27:00,2023-10-14 20:35:00,2023-10-14 21:33:00,21.2,450,Completed,
T2543,D196,R4380,Delhi,Vasant Kunj,Dwarka,2023-10-21 09:12:00,2023-10-21 09:22:00,2023-10-21 09:44:00,7.8,224,Completed,
T2544,D254,R2884,Delhi,Vasant Kunj,Dwarka,2023-10-07 08:45:00,2023-10-07 08:48:00,2023-10-07 09:06:00,7.3,199,Completed,
T2545,D317,R3782,Bangalore,Koramangala,Whitefield,2023-10-10 03:06:00,2023-10-10 03:13:00,2023-10-10 04:25:00,20.2,548,Completed,
T2546,D112,R1552,Bangalore,Indiranagar,Whitefield,2023-10-11 14:15:00,2023-10-11 14:18:00,2023-10-11 14:53:00,9.0,251,Completed,
T2547,D207,R4185,Delhi,Vasant Kunj,Saket,2023-10-25 05:00:00,2023-10-25 05:11:00,2023-10-25 05:56:00,13.2,343,Completed,
T2548,D340,R4714,Mumbai,Powai,Colaba,2023-10-25 05:56:00,,,0.0,0.0,Cancelled,Driver Not Found
T2549,D174,R1446,Bangalore,Indiranagar,Jayanagar,2023-10-18 13:38:00,2023-10-18 13:50:00,2023-10-18 14:59:00,19.7,357,Completed,
T2550,D182,R4217,Mumbai,Colaba,Powai,2023-10-07 19:06:00,2023-10-07 19:17:00,2023-10-07 19:41:00,8.1,175,Completed,
T2551,D284,R4961,Bangalore,Whitefield,HSR Layout,2023-10-14 00:27:00,2023-10-14 00:32:00,2023-10-14 00:47:00,4.5,124,Completed,
T2552,D101,R2936,Mumbai,Bandra,Colaba,2023-10-25 15:39:00,2023-10-25 15:46:00,2023-10-25 16:26:00,13.3,295,Completed,
T2553,D307,R3780,Bangalore,Jayanagar,Indiranagar,2023-10-07 12:32:00,2023-10-07 12:36:00,2023-10-07 13:31:00,20.4,362,Completed,
T2554,D307,R1386,Bangalore,Jayanagar,HSR Layout,2023-10-06 18:00:00,2023-10-06 18:10:00,2023-10-06 19:13:00,24.4,503,Completed,
T2555,D159,R3972,Mumbai,Colaba,Powai,2023-10-16 12:49:00,2023-10-16 13:04:00,2023-10-16 14:16:00,24.1,642,Completed,
T2556,D258,R1674,Bangalore,Koramangala,Whitefield,2023-10-02 20:56:00,2023-10-02 21:09:00,2023-10-02 22:19:00,19.4,420,Completed,
T2557,D193,R4245,Bangalore,HSR Layout,Whitefield,2023-10-17 05:09:00,2023-10-17 05:19:00,2023-10-17 05:58:00,10.9,262,Completed,
T2558,D270,R2222,Bangalore,Indiranagar,Koramangala,2023-10-17 23:13:00,2023-10-17 23:26:00,2023-10-17 23:49:00,7.1,165,Completed,
T2559,D160,R3118,Bangalore,HSR Layout,Whitefield,2023-10-24 14:45:00,2023-10-24 14:47:00,2023-10-24 15:54:00,23.8,549,Completed,
T2560,D340,R3312,Mumbai,Powai,Juhu,2023-10-13 13:26:00,2023-10-13 13:38:00,2023-10-13 15:03:00,22.9,422,Completed,
T2561,D158,R4401,Bangalore,Jayanagar,Indiranagar,2023-10-12 18:57:00,2023-10-12 19:01:00,2023-10-12 19:09:00,3.1,126,Completed,
T2562,D282,R2611,Delhi,Connaught Place,Rohini,2023-10-23 10:20:00,2023-10-23 10:30:00,2023-10-23 11:49:00,21.3,496,Completed,
T2563,D324,R4519,Bangalore,Indiranagar,Koramangala,2023-10-04 08:14:00,2023-10-04 08:18:00,2023-10-04 09:05:00,13.6,260,Completed,
T2564,D292,R2930,Delhi,Saket,Vasant Kunj,2023-10-22 15:30:00,2023-10-22 15:36:00,2023-10-22 15:48:00,4.8,148,Completed,
T2565,D313,R3640,Bangalore,Whitefield,HSR Layout,2023-10-26 09:28:00,2023-10-26 09:43:00,2023-10-26 10:40:00,15.2,416,Completed,
T2566,D206,R2931,Bangalore,HSR Layout,Koramangala,2023-10-12 20:03:00,2023-10-12 20:09:00,2023-10-12 20:23:00,3.8,134,Completed,
T2567,D326,R3017,Bangalore,Jayanagar,HSR Layout,2023-10-23 14:29:00,2023-10-23 14:39:00,2023-10-23 15:11:00,9.1,190,Completed,
T2568,D179,R1207,Delhi,Saket,Vasant Kunj,2023-10-07 19:48:00,2023-10-07 19:52:00,2023-10-07 20:25:00,11.5,228,Completed,
T2569,D184,R2754,Delhi,Saket,Vasant Kunj,2023-10-13 08:52:00,2023-10-13 09:03:00,2023-10-13 09:45:00,14.3,379,Completed,
T2570,D109,R2603,Mumbai,Andheri,Juhu,2023-10-24 23:54:00,2023-10-25 00:05:00,2023-10-25 01:23:00,20.7,507,Completed,
T2571,D296,R4639,Mumbai,Juhu,Colaba,2023-10-27 06:49:00,2023-10-27 06:55:00,2023-10-27 07:07:00,5.0,134,Completed,
T2572,D184,R3074,Delhi,Saket,Dwarka,2023-10-30 08:24:00,2023-10-30 08:31:00,2023-10-30 09:39:00,20.4,367,Completed,
T2573,D122,R2035,Bangalore,Indiranagar,HSR Layout,2023-10-10 22:20:00,2023-10-10 22:27:00,2023-10-10 23:08:00,12.1,328,Completed,
T2574,D306,R2051,Bangalore,HSR Layout,Indiranagar,2023-10-22 06:13:00,2023-10-22 06:24:00,2023-10-22 06:44:00,6.3,203,Completed,
T2575,D313,R1244,Bangalore,Koramangala,Whitefield,2023-10-07 19:43:00,2023-10-07 19:47:00,2023-10-07 20:10:00,6.1,164,Completed,
T2576,D166,R1422,Mumbai,Andheri,Bandra,2023-10-07 23:29:00,2023-10-07 23:38:00,2023-10-08 00:26:00,15.7,400,Completed,
T2577,D224,R3000,Bangalore,Koramangala,Jayanagar,2023-10-22 12:40:00,2023-10-22 12:50:00,2023-10-22 14:10:00,22.7,576,Completed,
T2578,D121,R2034,Delhi,Rohini,Vasant Kunj,2023-10-10 02:53:00,2023-10-10 02:59:00,2023-10-10 03:27:00,7.4,217,Completed,
T2579,D303,R1620,Bangalore,Indiranagar,HSR Layout,2023-10-06 19:20:00,2023-10-06 19:29:00,2023-10-06 20:23:00,18.9,391,Completed,
T2580,D103,R2923,Delhi,Dwarka,Connaught Place,2023-10-28 04:18:00,2023-10-28 04:21:00,2023-10-28 04:45:00,8.6,246,Completed,
T2581,D278,R2396,Delhi,Vasant Kunj,Rohini,2023-10-30 11:44:00,2023-10-30 11:57:00,2023-10-30 12:16:00,4.9,129,Completed,
T2582,D345,R3847,Mumbai,Andheri,Juhu,2023-10-10 19:30:00,2023-10-10 19:36:00,2023-10-10 20:31:00,18.6,487,Completed,
T2583,D321,R1971,Mumbai,Juhu,Colaba,2023-10-23 15:18:00,2023-10-23 15:31:00,2023-10-23 16:37:00,19.5,380,Completed,
T2584,D199,R1023,Delhi,Saket,Rohini,2023-10-23 03:21:00,2023-10-23 03:34:00,2023-10-23 04:07:00,11.6,337,Completed,
T2585,D253,R4159,Delhi,Connaught Place,Dwarka,2023-10-30 15:36:00,2023-10-30 15:41:00,2023-10-30 16:15:00,13.4,310,Completed,
T2586,D146,R4294,Delhi,Saket,Dwarka,2023-10-17 04:16:00,,,0.0,0.0,Cancelled,Rider Cancelled
T2587,D271,R4242,Delhi,Vasant Kunj,Dwarka,2023-10-22 14:03:00,2023-10-22 14:11:00,2023-10-22 14:58:00,12.4,278,Completed,
T2588,D292,R1324,Delhi,Rohini,Vasant Kunj,2023-10-05 11:44:00,2023-10-05 11:53:00,2023-10-05 13:12:00,24.6,611,Completed,
T2589,D333,R2706,Mumbai,Bandra,Colaba,2023-10-25 09:22:00,2023-10-25 09:36:00,2023-10-25 10:52:00,23.2,628,Completed,
T2590,D247,R4173,Mumbai,Powai,Bandra,2023-10-20 14:05:00,2023-10-20 14:14:00,2023-10-20 15:08:00,19.7,361,Completed,
T2591,D347,R4036,Bangalore,Koramangala,Whitefield,2023-10-08 08:20:00,2023-10-08 08:33:00,2023-10-08 08:41:00,2.6,106,Completed,
T2592,D336,R3843,Delhi,Dwarka,Rohini,2023-10-06 08:06:00,2023-10-06 08:19:00,2023-10-06 08:55:00,9.4,270,Completed,
T2593,D344,R3257,Bangalore,Whitefield,Koramangala,2023-10-08 07:22:00,2023-10-08 07:37:00,2023-10-08 08:16:00,10.6,268,Completed,
T2594,D256,R3515,Delhi,Connaught Place,Rohini,2023-10-16 13:12:00,,,0.0,0.0,Cancelled,Payment Issue
T2595,D135,R3984,Delhi,Saket,Connaught Place,2023-10-11 17:51:00,2023-10-11 17:55:00,2023-10-11 18:19:00,9.0,207,Completed,
T2596,D180,R4067,Delhi,Dwarka,Rohini,2023-10-09 11:39:00,2023-10-09 11:51:00,2023-10-09 12:49:00,20.7,528,Completed,
T2597,D147,R2825,Mumbai,Andheri,Powai,2023-10-05 04:33:00,2023-10-05 04:46:00,2023-10-05 05:21:00,12.8,369,Completed,
T2598,D226,R2467,Bangalore,Indiranagar,Koramangala,2023-10-13 12:47:00,2023-10-13 12:49:00,2023-10-13 13:55:00,17.3,326,Completed,
T2599,D342,R4117,Delhi,Dwarka,Connaught Place,2023-10-10 04:58:00,2023-10-10 05:13:00,2023-10-10 05:46:00,10.3,277,Completed,
T2600,D247,R1658,Mumbai,Powai,Juhu,2023-10-16 01:32:00,2023-10-16 01:41:00,2023-10-16 02:23:00,15.8,409,Completed,
T2601,D281,R4448,Mumbai,Juhu,Colaba,2023-10-07 17:35:00,2023-10-07 17:39:00,2023-10-07 18:05:00,7.1,202,Completed,
T2602,D153,R4658,Bangalore,Indiranagar,Koramangala,2023-10-04 16:24:00,2023-10-04 16:34:00,2023-10-04 16:53:00,5.7,166,Completed,
T2603,D213,R4969,Mumbai,Andheri,Juhu,2023-10-15 09:04:00,2023-10-15 09:12:00,2023-10-15 09:39:00,7.3,209,Completed,
T2604,D188,R4369,Bangalore,HSR Layout,Jayanagar,2023-10-18 12:17:00,2023-10-18 12:22:00,2023-10-18 12:31:00,2.6,111,Completed,
T2605,D333,R3833,Mumbai,Andheri,Bandra,2023-10-17 10:21:00,2023-10-17 10:25:00,2023-10-17 10:34:00,3.8,117,Completed,
T2606,D148,R2442,Mumbai,Bandra,Powai,2023-10-15 11:53:00,,,0.0,0.0,Cancelled,Driver Cancelled
T2607,D170,R3065,Mumbai,Powai,Bandra,2023-10-22 22:32:00,2023-10-22 22:42:00,2023-10-22 23:23:00,16.5,420,Completed,
T2608,D285,R2771,Bangalore,Koramangala,HSR Layout,2023-10-01 16:57:00,2023-10-01 17:12:00,2023-10-01 18:05:00,13.8,370,Completed,
T2609,D258,R3678,Bangalore,HSR Layout,Jayanagar,2023-10-02 14:46:00,2023-10-02 14:48:00,2023-10-02 15:21:00,9.4,249,Completed,
T2610,D292,R3321,Delhi,Connaught Place,Saket,2023-10-26 20:22:00,2023-10-26 20:33:00,2023-10-26 21:40:00,18.5,334,Completed,
T2611,D245,R3370,Mumbai,Powai,Colaba,2023-10-21 00:42:00,2023-10-21 00:47:00,2023-10-21 01:40:00,13.7,290,Completed,
T2612,D183,R1367,Bangalore,Indiranagar,Koramangala,2023-10-14 03:25:00,2023-10-14 03:31:00,2023-10-14 04:26:00,18.1,458,Completed,
T2613,D331,R3873,Delhi,Rohini,Connaught Place,2023-10-22 16:28:00,,,0.0,0.0,Cancelled,Driver Cancelled
T2614,D303,R3044,Bangalore,HSR Layout,Whitefield,2023-10-03 16:49:00,2023-10-03 17:03:00,2023-10-03 17:11:00,2.9,116,Completed,
T2615,D337,R2573,Mumbai,Powai,Juhu,2023-10-20 05:39:00,2023-10-20 05:51:00,2023-10-20 06:01:00,3.7,114,Completed,
T2616,D175,R4057,Bangalore,Indiranagar,Jayanagar,2023-10-13 22:31:00,2023-10-13 22:38:00,2023-10-13 23:52:00,19.8,392,Completed,
T2617,D160,R2994,Bangalore,HSR Layout,Jayanagar,2023-10-01 06:33:00,2023-10-01 06:39:00,2023-10-01 07:32:00,18.5,344,Completed,
T2618,D195,R1606,Delhi,Rohini,Dwarka,2023-10-17 08:00:00,2023-10-17 08:10:00,2023-10-17 09:11:00,23.3,629,Completed,
T2619,D159,R2478,Mumbai,Juhu,Powai,2023-10-07 10:52:00,2023-10-07 11:00:00,2023-10-07 11:18:00,6.0,174,Completed,
T2620,D209,R3756,Delhi,Saket,Rohini,2023-10-13 05:13:00,2023-10-13 05:27:00,2023-10-13 06:39:00,22.7,461,Completed,
T2621,D234,R3269,Delhi,Rohini,Saket,2023-10-08 15:30:00,2023-10-08 15:44:00,2023-10-08 16:14:00,9.6,224,Completed,
T2622,D302,R2280,Bangalore,Whitefield,HSR Layout,2023-10-02 08:00:00,2023-10-02 08:03:00,2023-10-02 08:55:00,13.6,273,Completed,
T2623,D214,R4699,Mumbai,Juhu,Andheri,2023-10-24 07:47:00,2023-10-24 07:59:00,2023-10-24 09:06:00,18.0,392,Completed,
T2624,D335,R2420,Bangalore,Koramangala,Jayanagar,2023-10-18 12:23:00,,,0.0,0.0,Cancelled,Rider Cancelled
T2625,D254,R1063,Delhi,Dwarka,Vasant Kunj,2023-10-10 18:49:00,2023-10-10 18:53:00,2023-10-10 19:36:00,11.0,307,Completed,
T2626,D167,R2315,Delhi,Rohini,Saket,2023-10-27 03:12:00,2023-10-27 03:20:00,2023-10-27 04:17:00,22.9,584,Completed,
T2627,D304,R4550,Mumbai,Bandra,Juhu,2023-10-16 07:44:00,2023-10-16 07:58:00,2023-10-16 09:09:00,18.9,417,Completed,
T2628,D291,R3666,Bangalore,HSR Layout,Koramangala,2023-10-29 18:03:00,2023-10-29 18:14:00,2023-10-29 19:45:00,23.0,471,Completed,
T2629,D228,R3118,Delhi,Rohini,Vasant Kunj,2023-10-15 11:36:00,2023-10-15 11:46:00,2023-10-15 12:40:00,16.7,335,Completed,
T2630,D336,R2402,Delhi,Saket,Rohini,2023-10-20 00:27:00,2023-10-20 00:30:00,2023-10-20 00:52:00,7.9,205,Completed,
T2631,D301,R4317,Mumbai,Powai,Andheri,2023-10-19 20:47:00,2023-10-19 21:00:00,2023-10-19 21:35:00,9.3,272,Completed,
T2632,D242,R2889,Mumbai,Juhu,Colaba,2023-10-07 16:54:00,2023-10-07 17:01:00,2023-10-07 17:44:00,13.0,268,Completed,
T2633,D332,R3706,Bangalore,Whitefield,Indiranagar,2023-10-26 22:50:00,2023-10-26 23:04:00,2023-10-26 23:32:00,7.2,217,Completed,
T2634,D256,R4151,Delhi,Rohini,Connaught Place,2023-10-12 20:04:00,2023-10-12 20:14:00,2023-10-12 20:52:00,13.9,321,Completed,
T2635,D167,R2476,Delhi,Vasant Kunj,Rohini,2023-10-15 16:32:00,2023-10-15 16:47:00,2023-10-15 17:35:00,12.7,317,Completed,
T2636,D271,R3419,Delhi,Dwarka,Rohini,2023-10-10 01:28:00,2023-10-10 01:43:00,2023-10-10 01:53:00,3.3,124,Completed,
T2637,D275,R1043,Delhi,Connaught Place,Rohini,2023-10-09 06:01:00,2023-10-09 06:08:00,2023-10-09 07:09:00,22.0,556,Completed,
T2638,D274,R4606,Bangalore,Indiranagar,Whitefield,2023-10-26 14:52:00,2023-10-26 14:58:00,2023-10-26 15:44:00,16.2,433,Completed,
T2639,D209,R3704,Delhi,Rohini,Vasant Kunj,2023-10-04 05:42:00,,,0.0,0.0,Cancelled,Driver Cancelled
T2640,D122,R1890,Bangalore,Whitefield,Indiranagar,2023-10-18 09:40:00,2023-10-18 09:53:00,2023-10-18 10:52:00,19.1,454,Completed,
T2641,D255,R2777,Bangalore,HSR Layout,Whitefield,2023-10-21 06:31:00,2023-10-21 06:40:00,2023-10-21 07:49:00,19.9,520,Completed,
T2642,D135,R4418,Delhi,Rohini,Connaught Place,2023-10-29 20:35:00,2023-10-29 20:39:00,2023-10-29 21:25:00,18.0,364,Completed,
T2643,D255,R2547,Bangalore,HSR Layout,Koramangala,2023-10-29 16:23:00,,,0.0,0.0,Cancelled,Payment Issue
T2644,D322,R1992,Delhi,Dwarka,Connaught Place,2023-10-30 12:10:00,2023-10-30 12:14:00,2023-10-30 13:27:00,22.8,558,Completed,
T2645,D343,R3583,Mumbai,Andheri,Colaba,2023-10-20 09:43:00,2023-10-20 09:47:00,2023-10-20 10:53:00,22.1,459,Completed,
T2646,D332,R4374,Bangalore,Indiranagar,Koramangala,2023-10-11 10:48:00,2023-10-11 10:50:00,2023-10-11 11:27:00,11.0,263,Completed,
T2647,D135,R3953,Delhi,Connaught Place,Rohini,2023-10-29 12:49:00,2023-10-29 12:57:00,2023-10-29 13:04:00,3.0,97,Completed,
T2648,D253,R4787,Delhi,Saket,Vasant Kunj,2023-10-09 14:25:00,2023-10-09 14:28:00,2023-10-09 14:58:00,9.9,257,Completed,
T2649,D158,R2662,Bangalore,Indiranagar,Whitefield,2023-10-16 06:18:00,2023-10-16 06:26:00,2023-10-16 07:10:00,16.0,291,Completed,
T2650,D246,R4817,Delhi,Vasant Kunj,Saket,2023-10-28 11:34:00,2023-10-28 11:45:00,2023-10-28 12:31:00,18.2,434,Completed,
T2651,D207,R3142,Delhi,Vasant Kunj,Saket,2023-10-29 05:48:00,2023-10-29 05:57:00,2023-10-29 06:26:00,10.8,226,Completed,
T2652,D313,R2340,Bangalore,Koramangala,Jayanagar,2023-10-25 14:41:00,2023-10-25 14:52:00,2023-10-25 15:10:00,5.8,187,Completed,
T2653,D107,R4607,Delhi,Connaught Place,Dwarka,2023-10-05 20:06:00,2023-10-05 20:16:00,2023-10-05 21:28:00,19.8,498,Completed,
T2654,D336,R3163,Delhi,Saket,Dwarka,2023-10-08 12:06:00,2023-10-08 12:19:00,2023-10-08 12:25:00,2.5,111,Completed,
T2655,D176,R1833,Mumbai,Powai,Bandra,2023-10-28 23:32:00,2023-10-28 23:37:00,2023-10-29 00:41:00,17.4,316,Completed,
T2656,D341,R1909,Delhi,Rohini,Saket,2023-10-14 21:27:00,2023-10-14 21:29:00,2023-10-14 23:01:00,24.7,467,Completed,
T2657,D149,R3811,Delhi,Rohini,Saket,2023-10-26 18:22:00,2023-10-26 18:28:00,2023-10-26 19:04:00,11.5,230,Completed,
T2658,D304,R2182,Mumbai,Andheri,Powai,2023-10-18 19:08:00,2023-10-18 19:22:00,2023-10-18 19:50:00,8.1,248,Completed,
T2659,D155,R4532,Bangalore,Whitefield,HSR Layout,2023-10-20 03:08:00,2023-10-20 03:12:00,2023-10-20 03:38:00,10.4,224,Completed,
T2660,D232,R3268,Bangalore,Whitefield,Indiranagar,2023-10-01 12:03:00,2023-10-01 12:16:00,2023-10-01 13:09:00,17.0,340,Completed,
T2661,D158,R4400,Bangalore,Koramangala,Whitefield,2023-10-11 03:08:00,2023-10-11 03:11:00,2023-10-11 04:14:00,19.5,482,Completed,
T2662,D293,R4903,Mumbai,Colaba,Powai,2023-10-03 02:52:00,2023-10-03 03:00:00,2023-10-03 03:44:00,12.8,273,Completed,
T2663,D235,R2889,Bangalore,HSR Layout,Koramangala,2023-10-08 20:20:00,2023-10-08 20:23:00,2023-10-08 21:00:00,14.8,347,Completed,
T2664,D345,R3166,Mumbai,Bandra,Colaba,2023-10-16 04:36:00,2023-10-16 04:41:00,2023-10-16 05:47:00,24.4,444,Completed,
T2665,D149,R1604,Delhi,Vasant Kunj,Dwarka,2023-10-13 00:18:00,2023-10-13 00:22:00,2023-10-13 01:41:00,24.8,594,Completed,
T2666,D316,R2124,Delhi,Rohini,Vasant Kunj,2023-10-09 11:40:00,2023-10-09 11:42:00,2023-10-09 13:04:00,23.1,526,Completed,
T2667,D140,R3428,Delhi,Dwarka,Saket,2023-10-24 21:37:00,2023-10-24 21:39:00,2023-10-24 21:52:00,4.0,145,Completed,
T2668,D177,R3972,Mumbai,Powai,Bandra,2023-10-14 21:22:00,2023-10-14 21:28:00,2023-10-14 21:59:00,7.8,224,Completed,
T2669,D340,R3958,Mumbai,Andheri,Colaba,2023-10-10 01:21:00,2023-10-10 01:26:00,2023-10-10 02:27:00,21.4,469,Completed,
T2670,D304,R4346,Mumbai,Bandra,Andheri,2023-10-29 07:40:00,2023-10-29 07:51:00,2023-10-29 08:28:00,14.8,312,Completed,
T2671,D245,R3121,Mumbai,Colaba,Juhu,2023-10-01 15:54:00,2023-10-01 15:56:00,2023-10-01 16:38:00,15.9,432,Completed,
T2672,D126,R4444,Bangalore,Jayanagar,Koramangala,2023-10-27 21:23:00,2023-10-27 21:27:00,2023-10-27 22:01:00,13.6,267,Completed,
T2673,D109,R3534,Mumbai,Powai,Andheri,2023-10-19 09:24:00,2023-10-19 09:31:00,2023-10-19 10:43:00,21.4,545,Completed,
T2674,D145,R3429,Delhi,Connaught Place,Rohini,2023-10-06 15:09:00,2023-10-06 15:16:00,2023-10-06 15:29:00,3.7,108,Completed,
T2675,D285,R1987,Bangalore,Indiranagar,HSR Layout,2023-10-21 08:17:00,2023-10-21 08:24:00,2023-10-21 09:31:00,18.3,383,Completed,
T2676,D324,R3197,Bangalore,Indiranagar,Koramangala,2023-10-28 06:19:00,,,0.0,0.0,Cancelled,Driver Cancelled
T2677,D331,R1372,Delhi,Saket,Rohini,2023-10-29 11:27:00,2023-10-29 11:32:00,2023-10-29 11:46:00,3.9,130,Completed,
T2678,D122,R3704,Bangalore,Whitefield,Indiranagar,2023-10-21 05:42:00,,,0.0,0.0,Cancelled,Driver Cancelled
T2679,D215,R3161,Bangalore,Koramangala,Indiranagar,2023-10-30 21:31:00,2023-10-30 21:33:00,2023-10-30 22:01:00,9.0,187,Completed,
T2680,D128,R2589,Bangalore,HSR Layout,Indiranagar,2023-10-17 07:47:00,2023-10-17 07:59:00,2023-10-17 08:44:00,14.8,387,Completed,
T2681,D120,R3027,Delhi,Dwarka,Saket,2023-10-09 14:52:00,2023-10-09 15:01:00,2023-10-09 16:03:00,19.3,509,Completed,
T2682,D245,R3767,Mumbai,Juhu,Bandra,2023-10-11 01:54:00,2023-10-11 01:59:00,2023-10-11 02:55:00,15.1,411,Completed,
T2683,D202,R3542,Delhi,Connaught Place,Dwarka,2023-10-10 03:09:00,2023-10-10 03:13:00,2023-10-10 04:08:00,20.8,384,Completed,
T2684,D329,R3835,Bangalore,Whitefield,HSR Layout,2023-10-12 06:52:00,2023-10-12 06:54:00,2023-10-12 08:30:00,24.9,454,Completed,
T2685,D217,R1803,Delhi,Connaught Place,Vasant Kunj,2023-10-27 21:17:00,,,0.0,0.0,Cancelled,Driver Cancelled
T2686,D260,R3347,Bangalore,Jayanagar,HSR Layout,2023-10-16 05:04:00,2023-10-16 05:14:00,2023-10-16 05:38:00,6.9,180,Completed,
T2687,D124,R2034,Delhi,Rohini,Saket,2023-10-27 05:24:00,2023-10-27 05:30:00,2023-10-27 06:34:00,20.0,506,Completed,
T2688,D288,R3600,Mumbai,Colaba,Powai,2023-10-18 03:27:00,2023-10-18 03:41:00,2023-10-18 04:56:00,20.0,514,Completed,
T2689,D128,R1403,Bangalore,Koramangala,Jayanagar,2023-10-01 10:54:00,2023-10-01 10:56:00,2023-10-01 12:02:00,23.2,461,Completed,
T2690,D212,R1985,Mumbai,Andheri,Colaba,2023-10-21 04:38:00,2023-10-21 04:45:00,2023-10-21 05:22:00,14.3,299,Completed,
T2691,D138,R4466,Delhi,Saket,Rohini,2023-10-19 13:34:00,2023-10-19 13:36:00,2023-10-19 14:23:00,14.6,323,Completed,
T2692,D271,R3104,Delhi,Connaught Place,Vasant Kunj,2023-10-22 18:06:00,2023-10-22 18:20:00,2023-10-22 18:26:00,2.3,95,Completed,
T2693,D128,R2197,Bangalore,HSR Layout,Whitefield,2023-10-20 04:07:00,2023-10-20 04:16:00,2023-10-20 05:11:00,16.5,434,Completed,
T2694,D165,R1680,Mumbai,Andheri,Powai,2023-10-09 12:57:00,2023-10-09 13:07:00,2023-10-09 13:20:00,5.5,181,Completed,
T2695,D120,R4786,Delhi,Vasant Kunj,Saket,2023-10-22 06:29:00,2023-10-22 06:37:00,2023-10-22 07:43:00,24.5,611,Completed,
T2696,D156,R3827,Bangalore,Jayanagar,Koramangala,2023-10-14 03:30:00,2023-10-14 03:39:00,2023-10-14 04:44:00,23.9,544,Completed,
T2697,D312,R3083,Mumbai,Andheri,Powai,2023-10-26 04:51:00,2023-10-26 05:06:00,2023-10-26 06:37:00,24.0,650,Completed,
T2698,D306,R4527,Bangalore,Koramangala,Indiranagar,2023-10-11 20:28:00,2023-10-11 20:34:00,2023-10-11 20:53:00,5.8,138,Completed,
T2699,D288,R1153,Mumbai,Juhu,Bandra,2023-10-08 10:21:00,2023-10-08 10:31:00,2023-10-08 11:06:00,11.5,250,Completed,
T2700,D317,R1303,Bangalore,HSR Layout,Whitefield,2023-10-21 10:42:00,2023-10-21 10:47:00,2023-10-21 11:31:00,16.5,336,Completed,
T2701,D305,R2473,Mumbai,Bandra,Juhu,2023-10-30 19:10:00,2023-10-30 19:18:00,2023-10-30 20:13:00,14.1,358,Completed,
T2702,D187,R1985,Mumbai,Colaba,Andheri,2023-10-05 16:00:00,2023-10-05 16:06:00,2023-10-05 16:55:00,14.9,317,Completed,
T2703,D105,R3931,Delhi,Vasant Kunj,Rohini,2023-10-26 01:00:00,2023-10-26 01:04:00,2023-10-26 02:02:00,18.0,328,Completed,
T2704,D130,R3526,Bangalore,Koramangala,Jayanagar,2023-10-16 03:06:00,2023-10-16 03:13:00,2023-10-16 04:09:00,21.2,541,Completed,
T2705,D118,R1859,Delhi,Rohini,Vasant Kunj,2023-10-16 21:38:00,2023-10-16 21:53:00,2023-10-16 22:07:00,5.1,143,Completed,
T2706,D102,R3121,Delhi,Connaught Place,Rohini,2023-10-04 00:36:00,2023-10-04 00:48:00,2023-10-04 01:43:00,21.0,554,Completed,
T2707,D252,R4300,Mumbai,Colaba,Powai,2023-10-11 18:10:00,2023-10-11 18:16:00,2023-10-11 19:00:00,11.1,241,Completed,
T2708,D285,R4837,Bangalore,Jayanagar,Indiranagar,2023-10-23 20:02:00,2023-10-23 20:08:00,2023-10-23 21:04:00,19.9,457,Completed,
T2709,D212,R3849,Mumbai,Powai,Juhu,2023-10-05 22:55:00,2023-10-05 23:00:00,2023-10-05 23:18:00,6.0,175,Completed,
T2710,D260,R2324,Bangalore,Whitefield,Indiranagar,2023-10-26 20:41:00,2023-10-26 20:48:00,2023-10-26 21:12:00,7.4,231,Completed,
T2711,D106,R4578,Delhi,Dwarka,Connaught Place,2023-10-15 06:56:00,2023-10-15 07:03:00,2023-10-15 07:22:00,5.0,129,Completed,
T2712,D194,R1676,Delhi,Saket,Rohini,2023-10-23 16:53:00,2023-10-23 16:56:00,2023-10-23 17:50:00,18.0,320,Completed,
T2713,D144,R3114,Mumbai,Colaba,Bandra,2023-10-23 14:27:00,2023-10-23 14:32:00,2023-10-23 14:50:00,4.8,155,Completed,
T2714,D123,R1320,Mumbai,Bandra,Juhu,2023-10-05 10:01:00,,,0.0,0.0,Cancelled,Driver Cancelled
T2715,D287,R3640,Delhi,Connaught Place,Dwarka,2023-10-12 09:37:00,2023-10-12 09:44:00,2023-10-12 09:53:00,2.9,105,Completed,
T2716,D192,R1496,Delhi,Saket,Dwarka,2023-10-22 06:11:00,2023-10-22 06:22:00,2023-10-22 07:33:00,24.1,419,Completed,
T2717,D320,R3351,Mumbai,Powai,Bandra,2023-10-13 00:25:00,2023-10-13 00:37:00,2023-10-13 01:12:00,10.3,272,Completed,
T2718,D294,R1023,Bangalore,Whitefield,Indiranagar,2023-10-04 15:13:00,2023-10-04 15:20:00,2023-10-04 15:51:00,9.3,252,Completed,
T2719,D325,R3003,Delhi,Rohini,Connaught Place,2023-10-30 19:42:00,2023-10-30 19:53:00,2023-10-30 20:32:00,13.6,304,Completed,
T2720,D300,R1923,Delhi,Saket,Connaught Place,2023-10-13 07:19:00,2023-10-13 07:27:00,2023-10-13 08:46:00,23.7,590,Completed,
T2721,D203,R3530,Delhi,Connaught Place,Dwarka,2023-10-10 14:28:00,2023-10-10 14:39:00,2023-10-10 15:50:00,24.0,458,Completed,
T2722,D245,R3543,Mumbai,Juhu,Andheri,2023-10-02 03:14:00,2023-10-02 03:28:00,2023-10-02 03:51:00,8.2,240,Completed,
T2723,D336,R1164,Delhi,Connaught Place,Dwarka,2023-10-01 12:25:00,2023-10-01 12:27:00,2023-10-01 12:41:00,4.3,133,Completed,
T2724,D180,R4746,Delhi,Dwarka,Saket,2023-10-02 13:42:00,2023-10-02 13:50:00,2023-10-02 14:07:00,6.9,198,Completed,
T2725,D101,R3071,Mumbai,Powai,Juhu,2023-10-14 16:13:00,2023-10-14 16:25:00,2023-10-14 16:59:00,9.6,265,Completed,
T2726,D173,R3186,Bangalore,HSR Layout,Whitefield,2023-10-03 05:38:00,2023-10-03 05:43:00,2023-10-03 06:00:00,5.6,144,Completed,
T2727,D202,R4325,Delhi,Saket,Connaught Place,2023-10-22 14:49:00,2023-10-22 14:58:00,2023-10-22 15:53:00,21.5,574,Completed,
T2728,D241,R2585,Delhi,Vasant Kunj,Dwarka,2023-10-18 21:53:00,2023-10-18 22:06:00,2023-10-18 22:57:00,17.4,337,Completed,
T2729,D246,R4299,Delhi,Dwarka,Rohini,2023-10-08 22:56:00,2023-10-08 23:04:00,2023-10-08 23:37:00,11.9,307,Completed,
T2730,D127,R4634,Bangalore,Whitefield,HSR Layout,2023-10-15 17:12:00,2023-10-15 17:21:00,2023-10-15 17:29:00,2.6,108,Completed,
T2731,D334,R3049,Mumbai,Powai,Juhu,2023-10-11 07:19:00,2023-10-11 07:26:00,2023-10-11 08:03:00,13.1,369,Completed,
T2732,D332,R3063,Bangalore,HSR Layout,Jayanagar,2023-10-24 13:12:00,2023-10-24 13:23:00,2023-10-24 13:32:00,3.4,133,Completed,
T2733,D222,R1467,Mumbai,Colaba,Juhu,2023-10-13 04:42:00,2023-10-13 04:45:00,2023-10-13 04:56:00,3.5,105,Completed,
T2734,D195,R4808,Delhi,Dwarka,Rohini,2023-10-25 21:19:00,,,0.0,0.0,Cancelled,Payment Issue
T2735,D246,R1042,Delhi,Rohini,Connaught Place,2023-10-19 06:38:00,2023-10-19 06:47:00,2023-10-19 06:53:00,2.2,95,Completed,
T2736,D134,R4488,Delhi,Saket,Connaught Place,2023-10-07 12:43:00,2023-10-07 12:52:00,2023-10-07 13:53:00,22.3,518,Completed,
T2737,D130,R1777,Bangalore,Koramangala,HSR Layout,2023-10-19 15:38:00,,,0.0,0.0,Cancelled,Driver Not Found
T2738,D164,R4199,Mumbai,Bandra,Andheri,2023-10-12 08:57:00,2023-10-12 09:11:00,2023-10-12 09:42:00,8.9,251,Completed,
T2739,D346,R4304,Delhi,Vasant Kunj,Saket,2023-10-30 13:56:00,2023-10-30 13:58:00,2023-10-30 14:24:00,8.6,242,Completed,
T2740,D307,R3584,Bangalore,Koramangala,Indiranagar,2023-10-03 02:57:00,2023-10-03 03:01:00,2023-10-03 03:44:00,11.0,288,Completed,
T2741,D204,R3499,Bangalore,Whitefield,Indiranagar,2023-10-12 05:37:00,2023-10-12 05:50:00,2023-10-12 06:41:00,20.4,449,Completed,
T2742,D188,R4503,Bangalore,Whitefield,Koramangala,2023-10-10 01:17:00,2023-10-10 01:21:00,2023-10-10 02:23:00,23.9,458,Completed,
T2743,D301,R4214,Mumbai,Powai,Juhu,2023-10-06 16:22:00,2023-10-06 16:28:00,2023-10-06 17:07:00,12.3,349,Completed,
T2744,D168,R4549,Mumbai,Juhu,Andheri,2023-10-03 16:21:00,,,0.0,0.0,Cancelled,Driver Cancelled
T2745,D259,R4040,Delhi,Saket,Vasant Kunj,2023-10-11 19:18:00,,,0.0,0.0,Cancelled,Payment Issue
T2746,D238,R1570,Bangalore,Koramangala,Jayanagar,2023-10-22 04:10:00,2023-10-22 04:25:00,2023-10-22 05:10:00,16.3,439,Completed,
T2747,D125,R2374,Bangalore,Jayanagar,Whitefield,2023-10-17 22:40:00,2023-10-17 22:48:00,2023-10-17 23:28:00,12.5,346,Completed,
T2748,D137,R4002,Bangalore,Indiranagar,HSR Layout,2023-10-30 18:47:00,2023-10-30 18:56:00,2023-10-30 19:19:00,9.0,252,Completed,
T2749,D202,R2103,Delhi,Rohini,Saket,2023-10-17 13:27:00,2023-10-17 13:31:00,2023-10-17 13:57:00,6.8,216,Completed,
T2750,D341,R3753,Delhi,Saket,Dwarka,2023-10-01 14:25:00,,2023-10-01 14:48:00,4.1,112,Completed,
T2751,D196,R1616,Delhi,Vasant Kunj,Dwarka,2023-10-13 12:06:00,2023-10-13 12:16:00,2023-10-13 13:13:00,17.6,398,Completed,
T2752,D277,R3722,Delhi,Dwarka,Rohini,2023-10-20 10:07:00,2023-10-20 10:14:00,2023-10-20 10:22:00,2.5,104,Completed,
T2753,D245,R4240,Mumbai,Powai,Colaba,2023-10-08 20:50:00,2023-10-08 21:03:00,2023-10-08 21:44:00,12.7,281,Completed,
T2754,D302,R2652,Bangalore,Indiranagar,Jayanagar,2023-10-14 05:53:00,2023-10-14 06:02:00,2023-10-14 06:30:00,8.3,209,Completed,
T2755,D328,R1780,Delhi,Vasant Kunj,Dwarka,2023-10-01 01:24:00,2023-10-01 01:27:00,2023-10-01 02:23:00,15.7,402,Completed,
T2756,D276,R4563,Mumbai,Juhu,Andheri,2023-10-22 17:01:00,2023-10-22 17:15:00,2023-10-22 18:31:00,23.3,596,Completed,
T2757,D147,R4488,Mumbai,Andheri,Bandra,2023-10-24 21:22:00,2023-10-24 21:31:00,2023-10-24 22:09:00,10.5,295,Completed,
T2758,D203,R4241,Delhi,Connaught Place,Vasant Kunj,2023-10-23 11:28:00,,,0.0,0.0,Cancelled,Driver Not Found
T2759,D117,R3733,Mumbai,Bandra,Andheri,2023-10-19 05:34:00,2023-10-19 05:37:00,2023-10-19 06:27:00,19.7,405,Completed,
T2760,D159,R3759,Mumbai,Juhu,Bandra,2023-10-04 22:31:00,2023-10-04 22:45:00,2023-10-04 23:09:00,6.8,190,Completed,
T2761,D156,R1350,Bangalore,Indiranagar,Jayanagar,2023-10-09 19:54:00,2023-10-09 20:08:00,2023-10-09 20:34:00,10.0,247,Completed,
T2762,D214,R4143,Mumbai,Colaba,Bandra,2023-10-10 05:32:00,2023-10-10 05:40:00,2023-10-10 06:52:00,18.2,392,Completed,
T2763,D164,R3344,Mumbai,Colaba,Andheri,2023-10-05 03:53:00,2023-10-05 04:03:00,2023-10-05 04:25:00,8.0,219,Completed,
T2764,D218,R1414,Bangalore,Whitefield,Koramangala,2023-10-24 04:34:00,2023-10-24 04:37:00,2023-10-24 05:28:00,15.0,337,Completed,
T2765,D260,R2671,Bangalore,HSR Layout,Koramangala,2023-10-10 05:19:00,2023-10-10 05:25:00,2023-10-10 06:39:00,23.2,403,Completed,
T2766,D132,R1341,Bangalore,Koramangala,Whitefield,2023-10-15 13:34:00,2023-10-15 13:44:00,2023-10-15 14:40:00,18.0,428,Completed,
T2767,D159,R1169,Mumbai,Andheri,Powai,2023-10-21 06:10:00,2023-10-21 06:22:00,2023-10-21 06:32:00,2.6,104,Completed,
T2768,D180,R3201,Delhi,Saket,Dwarka,2023-10-02 15:41:00,2023-10-02 15:46:00,2023-10-02 16:00:00,4.6,149,Completed,
T2769,D290,R4397,Bangalore,Koramangala,Jayanagar,2023-10-12 14:54:00,,,0.0,0.0,Cancelled,Rider Cancelled
T2770,D219,R3722,Delhi,Connaught Place,Saket,2023-10-18 10:05:00,2023-10-18 10:17:00,2023-10-18 10:57:00,10.8,250,Completed,
T2771,D281,R2169,Mumbai,Colaba,Andheri,2023-10-02 01:17:00,2023-10-02 01:25:00,2023-10-02 01:44:00,5.4,163,Completed,
T2772,D343,R3868,Mumbai,Juhu,Andheri,2023-10-02 01:02:00,2023-10-02 01:11:00,2023-10-02 01:54:00,11.8,278,Completed,
T2773,D138,R4451,Delhi,Rohini,Vasant Kunj,2023-10-11 12:57:00,2023-10-11 13:11:00,2023-10-11 13:27:00,4.4,126,Completed,
T2774,D188,R1240,Bangalore,Jayanagar,Koramangala,2023-10-19 21:16:00,,,0.0,0.0,Cancelled,Driver Cancelled
T2775,D223,R4055,Delhi,Rohini,Saket,2023-10-10 19:12:00,,,0.0,0.0,Cancelled,Other
T2776,D319,R3119,Delhi,Vasant Kunj,Dwarka,2023-10-19 21:52:00,2023-10-19 22:00:00,2023-10-19 22:31:00,8.0,231,Completed,
T2777,D187,R1577,Mumbai,Powai,Bandra,2023-10-26 01:43:00,2023-10-26 01:48:00,2023-10-26 02:16:00,10.4,230,Completed,
T2778,D165,R3320,Mumbai,Andheri,Juhu,2023-10-30 05:06:00,2023-10-30 05:09:00,2023-10-30 05:36:00,10.4,227,Completed,
T2779,D182,R1858,Mumbai,Juhu,Powai,2023-10-22 12:36:00,2023-10-22 12:41:00,2023-10-22 14:01:00,20.9,508,Completed,
T2780,D159,R2643,Mumbai,Andheri,Bandra,2023-10-08 01:51:00,2023-10-08 01:57:00,2023-10-08 02:27:00,10.9,233,Completed,
T2781,D143,R2298,Delhi,Rohini,Connaught Place,2023-10-27 10:48:00,,,0.0,0.0,Cancelled,Driver Cancelled
T2782,D251,R4748,Delhi,Saket,Vasant Kunj,2023-10-26 17:57:00,,,0.0,0.0,Cancelled,Driver Not Found
T2783,D228,R1857,Delhi,Saket,Connaught Place,2023-10-19 19:56:00,2023-10-19 20:06:00,2023-10-19 20:56:00,15.7,385,Completed,
T2784,D113,R1855,Bangalore,HSR Layout,Jayanagar,2023-10-07 14:01:00,,,0.0,0.0,Cancelled,Driver Cancelled
T2785,D234,R3952,Delhi,Vasant Kunj,Saket,2023-10-05 03:12:00,2023-10-05 03:18:00,2023-10-05 03:40:00,6.7,197,Completed,
T2786,D288,R2214,Mumbai,Powai,Bandra,2023-10-09 19:50:00,2023-10-09 20:04:00,2023-10-09 20:23:00,5.4,156,Completed,
T2787,D229,R3323,Mumbai,Powai,Andheri,2023-10-06 12:38:00,2023-10-06 12:53:00,2023-10-06 13:32:00,12.8,350,Completed,
T2788,D280,R1735,Mumbai,Andheri,Colaba,2023-10-15 07:08:00,2023-10-15 07:19:00,2023-10-15 08:13:00,18.8,383,Completed,
T2789,D110,R2541,Mumbai,Juhu,Bandra,2023-10-10 18:33:00,2023-10-10 18:47:00,2023-10-10 19:27:00,10.9,226,Completed,
T2790,D292,R1953,Delhi,Connaught Place,Vasant Kunj,2023-10-19 12:15:00,2023-10-19 12:20:00,2023-10-19 13:20:00,18.0,422,Completed,
T2791,D293,R1808,Mumbai,Colaba,Juhu,2023-10-12 04:49:00,2023-10-12 05:04:00,2023-10-12 05:50:00,15.9,350,Completed,
T2792,D300,R4707,Delhi,Dwarka,Connaught Place,2023-10-25 19:21:00,2023-10-25 19:27:00,2023-10-25 20:42:00,21.1,405,Completed,
T2793,D322,R2208,Delhi,Vasant Kunj,Rohini,2023-10-16 04:01:00,2023-10-16 04:09:00,2023-10-16 04:30:00,6.0,177,Completed,
T2794,D204,R4135,Bangalore,HSR Layout,Jayanagar,2023-10-15 16:21:00,2023-10-15 16:25:00,2023-10-15 16:43:00,6.0,143,Completed,
T2795,D190,R4731,Delhi,Rohini,Connaught Place,2023-10-29 22:04:00,2023-10-29 22:18:00,2023-10-29 22:42:00,8.4,198,Completed,
T2796,D219,R2324,Delhi,Saket,Rohini,2023-10-19 00:03:00,2023-10-19 00:15:00,2023-10-19 00:58:00,12.0,279,Completed,
T2797,D275,R3160,Delhi,Vasant Kunj,Saket,2023-10-14 19:45:00,2023-10-14 19:50:00,2023-10-14 20:11:00,8.4,223,Completed,
T2798,D167,R1592,Delhi,Dwarka,Saket,2023-10-15 20:22:00,2023-10-15 20:33:00,2023-10-15 20:56:00,7.6,197,Completed,
T2799,D311,R4293,Delhi,Saket,Rohini,2023-10-25 19:35:00,2023-10-25 19:46:00,2023-10-25 20:18:00,10.4,287,Completed,
T2800,D312,R3857,Mumbai,Colaba,Powai,2023-10-03 15:27:00,2023-10-03 15:42:00,2023-10-03 17:13:00,24.6,420,Completed,
T2801,D196,R2874,Delhi,Saket,Rohini,2023-10-26 18:16:00,2023-10-26 18:21:00,2023-10-26 19:38:00,22.1,553,Completed,
T2802,D214,R3548,Mumbai,Colaba,Bandra,2023-10-26 13:08:00,,,0.0,0.0,Cancelled,Driver Not Found
T2803,D142,R1962,Delhi,Vasant Kunj,Saket,2023-10-05 09:27:00,2023-10-05 09:37:00,2023-10-05 10:44:00,17.2,352,Completed,
T2804,D215,R1716,Bangalore,Jayanagar,Indiranagar,2023-10-09 05:24:00,2023-10-09 05:38:00,2023-10-09 06:01:00,6.3,205,Completed,
T2805,D350,R1949,Bangalore,Whitefield,Koramangala,2023-10-04 16:50:00,2023-10-04 17:01:00,2023-10-04 17:45:00,11.4,283,Completed,
T2806,D191,R1191,Mumbai,Colaba,Juhu,2023-10-04 15:29:00,2023-10-04 15:35:00,2023-10-04 16:21:00,17.9,410,Completed,
T2807,D307,R1721,Bangalore,Jayanagar,Indiranagar,2023-10-23 00:27:00,,,0.0,0.0,Cancelled,Rider Cancelled
T2808,D315,R2976,Mumbai,Bandra,Andheri,2023-10-21 09:09:00,2023-10-21 09:11:00,2023-10-21 10:25:00,19.8,357,Completed,
T2809,D264,R2362,Mumbai,Bandra,Powai,2023-10-04 16:05:00,2023-10-04 16:13:00,2023-10-04 16:31:00,4.7,155,Completed,
T2810,D330,R3623,Mumbai,Colaba,Juhu,2023-10-21 00:28:00,2023-10-21 00:33:00,2023-10-21 01:10:00,12.1,279,Completed,
T2811,D269,R1286,Delhi,Saket,Vasant Kunj,2023-10-13 21:36:00,,,0.0,0.0,Cancelled,Payment Issue
T2812,D320,R1183,Mumbai,Andheri,Colaba,2023-10-17 09:50:00,2023-10-17 09:55:00,2023-10-17 10:18:00,6.7,185,Completed,
T2813,D220,R4389,Bangalore,Koramangala,HSR Layout,2023-10-20 14:02:00,2023-10-20 14:05:00,2023-10-20 14:16:00,4.1,114,Completed,
T2814,D222,R2930,Mumbai,Powai,Bandra,2023-10-01 03:10:00,2023-10-01 03:24:00,2023-10-01 03:42:00,5.6,189,Completed,
T2815,D328,R2560,Delhi,Saket,Dwarka,2023-10-01 23:31:00,2023-10-01 23:43:00,2023-10-02 00:39:00,19.8,376,Completed,
T2816,D346,R3092,Delhi,Vasant Kunj,Rohini,2023-10-18 20:51:00,2023-10-18 20:59:00,2023-10-18 21:14:00,5.1,136,Completed,
T2817,D147,R3240,Mumbai,Andheri,Bandra,2023-10-13 23:22:00,2023-10-13 23:29:00,2023-10-14 00:42:00,23.8,523,Completed,
T2818,D215,R2505,Bangalore,HSR Layout,Koramangala,2023-10-01 07:38:00,2023-10-01 07:50:00,2023-10-01 08:44:00,17.7,365,Completed,
T2819,D285,R1111,Bangalore,Whitefield,Koramangala,2023-10-24 11:44:00,2023-10-24 11:54:00,2023-10-24 12:51:00,22.3,407,Completed,
T2820,D223,R2153,Delhi,Vasant Kunj,Connaught Place,2023-10-26 02:15:00,2023-10-26 02:19:00,2023-10-26 02:38:00,5.4,152,Completed,
T2821,D295,R2705,Delhi,Dwarka,Connaught Place,2023-10-12 01:35:00,2023-10-12 01:45:00,2023-10-12 01:53:00,2.8,105,Completed,
T2822,D274,R4788,Bangalore,Whitefield,HSR Layout,2023-10-21 18:05:00,,,0.0,0.0,Cancelled,Driver Cancelled
T2823,D122,R4361,Bangalore,Koramangala,HSR Layout,2023-10-15 08:20:00,2023-10-15 08:24:00,2023-10-15 09:23:00,20.7,496,Completed,
T2824,D332,R3310,Bangalore,Koramangala,Indiranagar,2023-10-23 19:08:00,2023-10-23 19:23:00,2023-10-23 20:48:00,22.1,415,Completed,
T2825,D299,R1117,Delhi,Connaught Place,Saket,2023-10-19 02:01:00,2023-10-19 02:07:00,2023-10-19 02:56:00,18.1,445,Completed,
T2826,D107,R2054,Delhi,Vasant Kunj,Dwarka,2023-10-10 02:38:00,2023-10-10 02:48:00,2023-10-10 03:25:00,12.9,348,Completed,
T2827,D252,R3729,Mumbai,Powai,Juhu,2023-10-15 01:51:00,2023-10-15 01:59:00,2023-10-15 02:30:00,8.1,242,Completed,
T2828,D143,R1533,Delhi,Saket,Rohini,2023-10-11 11:40:00,2023-10-11 11:47:00,2023-10-11 12:41:00,16.9,390,Completed,
T2829,D298,R2344,Bangalore,Jayanagar,Koramangala,2023-10-22 03:16:00,2023-10-22 03:18:00,2023-10-22 03:34:00,4.5,138,Completed,
T2830,D251,R3161,Delhi,Rohini,Vasant Kunj,2023-10-01 18:46:00,2023-10-01 18:53:00,2023-10-01 19:45:00,18.5,430,Completed,
T2831,D340,R3529,Mumbai,Bandra,Colaba,2023-10-11 21:26:00,,,0.0,0.0,Cancelled,Driver Not Found
T2832,D219,R3745,Delhi,Connaught Place,Saket,2023-10-04 19:27:00,2023-10-04 19:38:00,2023-10-04 20:16:00,11.9,303,Completed,
T2833,D195,R4980,Delhi,Saket,Dwarka,2023-10-08 03:28:00,2023-10-08 03:37:00,2023-10-08 04:11:00,12.2,245,Completed,
T2834,D266,R2383,Delhi,Saket,Dwarka,2023-10-03 22:10:00,2023-10-03 22:17:00,2023-10-03 22:42:00,7.7,171,Completed,
T2835,D234,R4826,Delhi,Connaught Place,Saket,2023-10-06 02:58:00,2023-10-06 03:07:00,2023-10-06 04:36:00,24.8,637,Completed,
T2836,D273,R2489,Delhi,Dwarka,Saket,2023-10-29 08:15:00,2023-10-29 08:29:00,2023-10-29 09:14:00,12.8,271,Completed,
T2837,D330,R3743,Mumbai,Andheri,Powai,2023-10-18 14:55:00,2023-10-18 15:07:00,2023-10-18 15:44:00,11.5,231,Completed,
T2838,D260,R4055,Bangalore,Jayanagar,HSR Layout,2023-10-26 22:06:00,2023-10-26 22:14:00,2023-10-26 23:20:00,23.0,489,Completed,
T2839,D311,R2811,Delhi,Connaught Place,Vasant Kunj,2023-10-10 02:33:00,,,0.0,0.0,Cancelled,Driver Cancelled
T2840,D176,R4615,Mumbai,Colaba,Juhu,2023-10-06 03:49:00,2023-10-06 03:52:00,2023-10-06 04:43:00,15.9,437,Completed,
T2841,D261,R3924,Delhi,Vasant Kunj,Rohini,2023-10-06 09:10:00,2023-10-06 09:13:00,2023-10-06 09:30:00,4.7,128,Completed,
T2842,D144,R3748,Mumbai,Bandra,Powai,2023-10-10 05:34:00,2023-10-10 05:49:00,2023-10-10 05:56:00,2.8,113,Completed,
T2843,D297,R2649,Mumbai,Andheri,Powai,2023-10-23 19:34:00,2023-10-23 19:46:00,2023-10-23 20:32:00,12.0,316,Completed,
T2844,D276,R1756,Mumbai,Juhu,Andheri,2023-10-19 22:37:00,2023-10-19 22:41:00,2023-10-19 23:16:00,9.3,222,Completed,
T2845,D309,R1322,Delhi,Rohini,Dwarka,2023-10-29 09:41:00,2023-10-29 09:44:00,2023-10-29 10:30:00,16.0,428,Completed,
T2846,D171,R4132,Bangalore,HSR Layout,Whitefield,2023-10-28 06:21:00,2023-10-28 06:35:00,2023-10-28 07:02:00,9.6,287,Completed,
T2847,D173,R3517,Bangalore,Whitefield,Koramangala,2023-10-11 08:02:00,2023-10-11 08:12:00,2023-10-11 08:52:00,15.9,308,Completed,
T2848,D181,R1636,Mumbai,Colaba,Juhu,2023-10-04 14:16:00,2023-10-04 14:25:00,2023-10-04 14:34:00,2.7,92,Completed,
T2849,D143,R2665,Delhi,Connaught Place,Rohini,2023-10-16 15:15:00,,,0.0,0.0,Cancelled,Driver Cancelled
T2850,D339,R1193,Bangalore,Jayanagar,Indiranagar,2023-10-30 09:37:00,,,0.0,0.0,Cancelled,Driver Not Found
T2851,D107,R4353,Delhi,Saket,Connaught Place,2023-10-01 04:39:00,2023-10-01 04:43:00,2023-10-01 05:33:00,12.8,262,Completed,
T2852,D254,R4887,Delhi,Dwarka,Saket,2023-10-20 15:37:00,2023-10-20 15:42:00,2023-10-20 16:30:00,15.9,422,Completed,
T2853,D149,R1110,Delhi,Vasant Kunj,Saket,2023-10-26 17:45:00,2023-10-26 17:58:00,2023-10-26 18:28:00,9.6,225,Completed,
T2854,D109,R2964,Mumbai,Colaba,Andheri,2023-10-23 20:50:00,2023-10-23 20:53:00,2023-10-23 21:32:00,10.3,280,Completed,
T2855,D191,R3339,Mumbai,Powai,Juhu,2023-10-03 10:37:00,2023-10-03 10:52:00,2023-10-03 11:35:00,12.8,369,Completed,
T2856,D166,R4716,Mumbai,Powai,Juhu,2023-10-17 02:19:00,2023-10-17 02:33:00,2023-10-17 03:27:00,16.7,398,Completed,
T2857,D299,R1862,Delhi,Connaught Place,Saket,2023-10-21 15:37:00,,,0.0,0.0,Cancelled,Payment Issue
T2858,D115,R2209,Bangalore,Whitefield,Koramangala,2023-10-03 16:18:00,2023-10-03 16:31:00,2023-10-03 17:48:00,24.1,439,Completed,
T2859,D171,R1071,Bangalore,Indiranagar,Jayanagar,2023-10-05 11:35:00,2023-10-05 11:37:00,2023-10-05 12:10:00,8.5,261,Completed,
T2860,D133,R4827,Mumbai,Andheri,Colaba,2023-10-29 11:39:00,2023-10-29 11:42:00,2023-10-29 12:09:00,10.7,292,Completed,
T2861,D350,R1117,Bangalore,Indiranagar,Koramangala,2023-10-01 09:44:00,2023-10-01 09:54:00,2023-10-01 10:33:00,11.7,252,Completed,
T2862,D261,R4432,Delhi,Connaught Place,Dwarka,2023-10-24 07:49:00,2023-10-24 07:59:00,2023-10-24 08:57:00,15.1,277,Completed,
T2863,D156,R3691,Bangalore,HSR Layout,Indiranagar,2023-10-01 21:59:00,2023-10-01 22:14:00,2023-10-01 22:41:00,7.0,166,Completed,
T2864,D347,R1737,Bangalore,Indiranagar,Jayanagar,2023-10-12 04:17:00,2023-10-12 04:25:00,2023-10-12 04:54:00,10.1,252,Completed,
T2865,D300,R4929,Delhi,Dwarka,Saket,2023-10-15 17:01:00,2023-10-15 17:03:00,2023-10-15 18:39:00,24.9,445,Completed,
T2866,D282,R3612,Delhi,Rohini,Vasant Kunj,2023-10-20 18:48:00,2023-10-20 19:01:00,2023-10-20 19:09:00,2.6,101,Completed,
T2867,D185,R3013,Mumbai,Juhu,Powai,2023-10-26 02:44:00,2023-10-26 02:52:00,2023-10-26 02:59:00,2.8,99,Completed,
T2868,D247,R1398,Mumbai,Colaba,Powai,2023-10-03 17:52:00,2023-10-03 17:59:00,2023-10-03 18:50:00,14.6,410,Completed,
T2869,D179,R4397,Delhi,Saket,Rohini,2023-10-13 21:25:00,2023-10-13 21:33:00,2023-10-13 21:53:00,6.5,158,Completed,
T2870,D207,R4260,Delhi,Rohini,Dwarka,2023-10-26 01:18:00,,,0.0,0.0,Cancelled,Driver Cancelled
T2871,D343,R4310,Mumbai,Juhu,Bandra,2023-10-09 04:00:00,,,0.0,0.0,Cancelled,Other
T2872,D332,R4392,Bangalore,HSR Layout,Koramangala,2023-10-21 17:15:00,2023-10-21 17:19:00,2023-10-21 17:43:00,7.9,169,Completed,
T2873,D146,R1874,Delhi,Dwarka,Saket,2023-10-24 04:18:00,2023-10-24 04:32:00,2023-10-24 04:53:00,7.8,169,Completed,
T2874,D217,R4031,Delhi,Connaught Place,Dwarka,2023-10-22 08:46:00,2023-10-22 08:51:00,2023-10-22 09:08:00,7.1,190,Completed,
T2875,D336,R1329,Delhi,Connaught Place,Vasant Kunj,2023-10-30 22:38:00,,,0.0,0.0,Cancelled,Other
T2876,D147,R1283,Mumbai,Colaba,Juhu,2023-10-07 22:34:00,2023-10-07 22:43:00,2023-10-07 23:03:00,6.3,173,Completed,
T2877,D136,R3777,Bangalore,Whitefield,Jayanagar,2023-10-12 23:38:00,2023-10-12 23:49:00,2023-10-13 00:50:00,16.7,305,Completed,
T2878,D208,R3602,Mumbai,Juhu,Colaba,2023-10-03 05:41:00,2023-10-03 05:46:00,2023-10-03 06:28:00,15.1,415,Completed,
T2879,D319,R4620,Delhi,Rohini,Connaught Place,2023-10-29 04:00:00,2023-10-29 04:11:00,2023-10-29 04:26:00,4.8,150,Completed,
T2880,D182,R3013,Mumbai,Andheri,Bandra,2023-10-21 13:54:00,2023-10-21 14:03:00,2023-10-21 15:21:00,23.5,633,Completed,
T2881,D103,R1566,Delhi,Connaught Place,Vasant Kunj,2023-10-26 23:19:00,2023-10-26 23:28:00,2023-10-27 00:40:00,18.3,446,Completed,
T2882,D111,R1663,Bangalore,Jayanagar,Whitefield,2023-10-18 22:32:00,2023-10-18 22:37:00,2023-10-18 23:38:00,19.6,452,Completed,
T2883,D273,R1154,Delhi,Saket,Dwarka,2023-10-19 18:39:00,2023-10-19 18:52:00,2023-10-19 19:13:00,8.4,252,Completed,
T2884,D168,R4593,Mumbai,Colaba,Powai,2023-10-27 14:15:00,,,0.0,0.0,Cancelled,Other
T2885,D213,R3594,Mumbai,Juhu,Andheri,2023-10-29 04:26:00,,,0.0,0.0,Cancelled,Rider Cancelled
T2886,D130,R4354,Bangalore,HSR Layout,Indiranagar,2023-10-25 16:01:00,2023-10-25 16:15:00,2023-10-25 17:12:00,20.2,448,Completed,
T2887,D134,R3081,Delhi,Connaught Place,Dwarka,2023-10-24 20:11:00,2023-10-24 20:18:00,2023-10-24 21:38:00,21.9,564,Completed,
T2888,D262,R1634,Mumbai,Andheri,Bandra,2023-10-28 17:36:00,2023-10-28 17:42:00,2023-10-28 18:04:00,8.9,269,Completed,
T2889,D207,R1173,Delhi,Connaught Place,Vasant Kunj,2023-10-28 17:06:00,2023-10-28 17:08:00,2023-10-28 17:24:00,4.4,123,Completed,
T2890,D337,R4842,Mumbai,Juhu,Bandra,2023-10-30 04:32:00,2023-10-30 04:44:00,2023-10-30 05:01:00,4.5,145,Completed,
T2891,D300,R2978,Delhi,Vasant Kunj,Dwarka,2023-10-16 05:19:00,2023-10-16 05:34:00,2023-10-16 05:54:00,5.7,169,Completed,
T2892,D165,R4192,Mumbai,Juhu,Bandra,2023-10-04 03:19:00,2023-10-04 03:25:00,2023-10-04 03:43:00,5.7,137,Completed,
T2893,D183,R3974,Bangalore,HSR Layout,Whitefield,2023-10-07 09:18:00,2023-10-07 09:33:00,2023-10-07 10:00:00,7.5,176,Completed,
T2894,D316,R2146,Delhi,Dwarka,Rohini,2023-10-19 05:47:00,2023-10-19 05:56:00,2023-10-19 06:44:00,18.6,454,Completed,
T2895,D232,R4296,Bangalore,Whitefield,Indiranagar,2023-10-13 16:12:00,2023-10-13 16:21:00,2023-10-13 16:50:00,7.7,182,Completed,
T2896,D303,R1170,Bangalore,HSR Layout,Whitefield,2023-10-14 12:58:00,2023-10-14 13:02:00,2023-10-14 13:24:00,8.7,181,Completed,
T2897,D151,R1549,Delhi,Dwarka,Saket,2023-10-28 08:20:00,2023-10-28 08:24:00,2023-10-28 09:43:00,21.8,540,Completed,
T2898,D303,R1469,Bangalore,Whitefield,Jayanagar,2023-10-09 23:50:00,2023-10-10 00:02:00,2023-10-10 00:39:00,13.6,284,Completed,
T2899,D199,R4863,Delhi,Saket,Dwarka,2023-10-15 14:35:00,2023-10-15 14:44:00,2023-10-15 15:52:00,21.4,397,Completed,
T2900,D237,R3710,Mumbai,Juhu,Colaba,2023-10-18 04:09:00,2023-10-18 04:16:00,2023-10-18 04:43:00,10.6,247,Completed,
T2901,D146,R4705,Delhi,Dwarka,Saket,2023-10-05 04:19:00,2023-10-05 04:28:00,2023-10-05 05:35:00,20.9,559,Completed,
T2902,D222,R3026,Mumbai,Juhu,Bandra,2023-10-21 21:02:00,2023-10-21 21:10:00,2023-10-21 22:06:00,21.8,438,Completed,
T2903,D237,R3863,Mumbai,Andheri,Juhu,2023-10-01 23:19:00,2023-10-01 23:34:00,2023-10-01 23:58:00,8.0,203,Completed,
T2904,D303,R3234,Bangalore,Whitefield,Indiranagar,2023-10-03 05:26:00,2023-10-03 05:31:00,2023-10-03 06:25:00,13.7,289,Completed,
T2905,D286,R2947,Mumbai,Powai,Bandra,2023-10-03 09:13:00,2023-10-03 09:24:00,2023-10-03 09:44:00,6.0,148,Completed,
T2906,D272,R4204,Bangalore,Koramangala,Indiranagar,2023-10-28 14:04:00,2023-10-28 14:13:00,2023-10-28 14:50:00,14.2,387,Completed,
T2907,D189,R3005,Delhi,Dwarka,Saket,2023-10-05 17:45:00,2023-10-05 17:51:00,2023-10-05 18:37:00,12.9,327,Completed,
T2908,D210,R1931,Delhi,Rohini,Dwarka,2023-10-20 09:13:00,2023-10-20 09:26:00,2023-10-20 09:52:00,8.4,243,Completed,
T2909,D275,R2524,Delhi,Dwarka,Connaught Place,2023-10-14 21:45:00,2023-10-14 21:47:00,2023-10-14 23:18:00,23.4,558,Completed,
T2910,D112,R1036,Bangalore,HSR Layout,Koramangala,2023-10-21 09:21:00,,,0.0,0.0,Cancelled,Rider Cancelled
T2911,D291,R1633,Bangalore,Koramangala,Indiranagar,2023-10-04 12:33:00,2023-10-04 12:42:00,2023-10-04 14:00:00,19.9,460,Completed,
T2912,D266,R1647,Delhi,Rohini,Saket,2023-10-01 07:24:00,,,0.0,0.0,Cancelled,Driver Cancelled
T2913,D183,R2793,Bangalore,HSR Layout,Koramangala,2023-10-26 07:38:00,2023-10-26 07:48:00,2023-10-26 08:19:00,9.7,266,Completed,
T2914,D184,R4622,Delhi,Vasant Kunj,Connaught Place,2023-10-06 20:39:00,2023-10-06 20:54:00,2023-10-06 21:48:00,14.7,372,Completed,
T2915,D129,R4666,Mumbai,Bandra,Colaba,2023-10-22 23:23:00,2023-10-22 23:25:00,2023-10-23 00:30:00,24.2,505,Completed,
T2916,D164,R3928,Mumbai,Andheri,Juhu,2023-10-27 05:57:00,2023-10-27 06:05:00,2023-10-27 06:24:00,5.3,175,Completed,
T2917,D105,R4072,Delhi,Rohini,Dwarka,2023-10-14 22:26:00,2023-10-14 22:33:00,2023-10-14 23:05:00,12.7,266,Completed,
T2918,D179,R2653,Delhi,Dwarka,Vasant Kunj,2023-10-20 18:31:00,2023-10-20 18:41:00,2023-10-20 18:55:00,5.0,161,Completed,
T2919,D301,R4613,Mumbai,Bandra,Colaba,2023-10-03 12:46:00,2023-10-03 12:53:00,2023-10-03 14:00:00,18.4,441,Completed,
T2920,D306,R4779,Bangalore,Koramangala,Whitefield,2023-10-06 01:23:00,2023-10-06 01:30:00,2023-10-06 02:03:00,9.9,224,Completed,
T2921,D112,R4267,Bangalore,Koramangala,Jayanagar,2023-10-10 21:58:00,2023-10-10 22:06:00,2023-10-10 22:44:00,11.2,248,Completed,
T2922,D285,R4129,Bangalore,Indiranagar,Whitefield,2023-10-30 18:32:00,2023-10-30 18:41:00,2023-10-30 19:43:00,20.6,555,Completed,
T2923,D309,R1630,Delhi,Dwarka,Connaught Place,2023-10-30 17:29:00,2023-10-30 17:33:00,2023-10-30 18:34:00,16.0,315,Completed,
T2924,D205,R2768,Bangalore,Whitefield,Koramangala,2023-10-11 23:00:00,,,0.0,0.0,Cancelled,Driver Cancelled
T2925,D307,R1963,Bangalore,HSR Layout,Indiranagar,2023-10-10 04:40:00,2023-10-10 04:52:00,2023-10-10 06:17:00,24.5,658,Completed,
T2926,D335,R4029,Bangalore,Indiranagar,HSR Layout,2023-10-04 07:04:00,2023-10-04 07:06:00,2023-10-04 08:19:00,23.9,602,Completed,
T2927,D220,R2261,Bangalore,Indiranagar,HSR Layout,2023-10-14 03:15:00,2023-10-14 03:21:00,2023-10-14 04:02:00,14.2,304,Completed,
T2928,D210,R4669,Delhi,Dwarka,Rohini,2023-10-28 15:05:00,2023-10-28 15:09:00,2023-10-28 15:25:00,6.3,204,Completed,
T2929,D324,R1289,Bangalore,HSR Layout,Indiranagar,2023-10-16 14:40:00,2023-10-16 14:49:00,2023-10-16 15:02:00,3.9,137,Completed,
T2930,D254,R3831,Delhi,Saket,Dwarka,2023-10-12 00:31:00,2023-10-12 00:43:00,2023-10-12 01:23:00,12.2,252,Completed,
T2931,D198,R2277,Bangalore,Koramangala,Whitefield,2023-10-01 22:53:00,2023-10-01 22:56:00,2023-10-01 23:32:00,11.5,228,Completed,
T2932,D275,R2187,Delhi,Saket,Dwarka,2023-10-09 22:24:00,2023-10-09 22:38:00,2023-10-09 23:03:00,9.5,256,Completed,
T2933,D222,R3638,Mumbai,Bandra,Juhu,2023-10-06 01:11:00,2023-10-06 01:25:00,2023-10-06 01:57:00,8.8,196,Completed,
T2934,D137,R3389,Bangalore,Whitefield,Jayanagar,2023-10-29 00:06:00,2023-10-29 00:10:00,2023-10-29 00:29:00,6.7,195,Completed,
T2935,D293,R4539,Mumbai,Bandra,Colaba,2023-10-26 02:41:00,2023-10-26 02:45:00,2023-10-26 03:28:00,11.0,280,Completed,
T2936,D219,R2621,Delhi,Saket,Connaught Place,2023-10-14 00:28:00,2023-10-14 00:42:00,2023-10-14 00:50:00,2.7,117,Completed,
T2937,D162,R2588,Mumbai,Colaba,Bandra,2023-10-24 12:57:00,2023-10-24 13:12:00,2023-10-24 14:24:00,22.0,503,Completed,
T2938,D278,R4378,Delhi,Saket,Connaught Place,2023-10-19 09:48:00,2023-10-19 09:55:00,2023-10-19 10:57:00,19.0,453,Completed,
T2939,D348,R4666,Bangalore,Indiranagar,Whitefield,2023-10-28 02:43:00,2023-10-28 02:52:00,2023-10-28 03:12:00,5.7,182,Completed,
T2940,D188,R4407,Bangalore,Koramangala,Jayanagar,2023-10-23 06:05:00,2023-10-23 06:19:00,2023-10-23 06:26:00,2.5,90,Completed,
T2941,D199,R1594,Delhi,Connaught Place,Rohini,2023-10-24 15:38:00,2023-10-24 15:40:00,2023-10-24 17:11:00,24.9,481,Completed,
T2942,D323,R4314,Bangalore,Jayanagar,Indiranagar,2023-10-19 13:22:00,2023-10-19 13:32:00,2023-10-19 13:57:00,6.7,202,Completed,
T2943,D260,R3408,Bangalore,HSR Layout,Whitefield,2023-10-29 11:31:00,2023-10-29 11:41:00,2023-10-29 12:41:00,22.1,429,Completed,
T2944,D350,R2140,Bangalore,HSR Layout,Whitefield,2023-10-26 06:33:00,,,0.0,0.0,Cancelled,Other
T2945,D296,R2202,Mumbai,Colaba,Bandra,2023-10-26 21:47:00,2023-10-26 22:02:00,2023-10-26 23:13:00,24.2,557,Completed,
T2946,D175,R1686,Bangalore,HSR Layout,Jayanagar,2023-10-16 13:24:00,2023-10-16 13:37:00,2023-10-16 14:30:00,13.8,382,Completed,
T2947,D274,R3607,Bangalore,Whitefield,HSR Layout,2023-10-02 08:54:00,2023-10-02 08:59:00,2023-10-02 09:28:00,9.9,277,Completed,
T2948,D249,R3029,Bangalore,Jayanagar,Koramangala,2023-10-01 05:19:00,2023-10-01 05:29:00,2023-10-01 05:51:00,7.2,211,Completed,
T2949,D102,R3969,Delhi,Saket,Rohini,2023-10-01 11:03:00,2023-10-01 11:06:00,2023-10-01 11:13:00,2.4,103,Completed,
T2950,D276,R2990,Mumbai,Andheri,Colaba,2023-10-26 14:23:00,2023-10-26 14:34:00,2023-10-26 14:46:00,5.0,162,Completed,
T2951,D153,R1578,Bangalore,HSR Layout,Indiranagar,2023-10-25 18:31:00,2023-10-25 18:37:00,2023-10-25 19:17:00,11.0,320,Completed,
T2952,D196,R3238,Delhi,Vasant Kunj,Saket,2023-10-22 10:49:00,2023-10-22 10:52:00,2023-10-22 11:04:00,5.1,171,Completed,
T2953,D263,R2601,Delhi,Saket,Dwarka,2023-10-07 04:52:00,2023-10-07 04:59:00,2023-10-07 05:09:00,2.8,102,Completed,
T2954,D182,R2990,Mumbai,Powai,Colaba,2023-10-14 17:55:00,2023-10-14 18:03:00,2023-10-14 18:17:00,5.5,172,Completed,
T2955,D325,R1428,Delhi,Vasant Kunj,Saket,2023-10-25 16:40:00,2023-10-25 16:44:00,2023-10-25 17:33:00,15.9,365,Completed,
T2956,D123,R3348,Mumbai,Andheri,Bandra,2023-10-21 02:16:00,2023-10-21 02:27:00,2023-10-21 03:02:00,13.2,264,Completed,
T2957,D148,R2784,Mumbai,Powai,Bandra,2023-10-26 17:30:00,2023-10-26 17:44:00,2023-10-26 18:53:00,21.3,460,Completed,
T2958,D315,R4815,Mumbai,Juhu,Colaba,2023-10-27 00:07:00,,,0.0,0.0,Cancelled,Driver Cancelled
T2959,D285,R2458,Bangalore,Whitefield,Koramangala,2023-10-22 02:28:00,2023-10-22 02:35:00,2023-10-22 03:04:00,8.2,175,Completed,
T2960,D289,R3888,Mumbai,Powai,Andheri,2023-10-26 07:38:00,,,0.0,0.0,Cancelled,Driver Not Found
T2961,D258,R1778,Bangalore,HSR Layout,Whitefield,2023-10-26 04:46:00,2023-10-26 05:00:00,2023-10-26 05:28:00,11.5,228,Completed,
T2962,D339,R2999,Bangalore,Whitefield,Indiranagar,2023-10-24 11:56:00,2023-10-24 12:05:00,2023-10-24 12:58:00,16.2,452,Completed,
T2963,D120,R4487,Delhi,Rohini,Saket,2023-10-28 07:25:00,2023-10-28 07:38:00,2023-10-28 08:05:00,7.4,196,Completed,
T2964,D161,R4294,Delhi,Dwarka,Saket,2023-10-05 23:19:00,2023-10-05 23:28:00,2023-10-05 23:55:00,8.5,233,Completed,
T2965,D191,R3215,Mumbai,Bandra,Andheri,2023-10-08 04:54:00,2023-10-08 05:08:00,2023-10-08 05:28:00,6.5,151,Completed,
T2966,D195,R1502,Delhi,Connaught Place,Vasant Kunj,2023-10-29 11:31:00,2023-10-29 11:33:00,2023-10-29 12:11:00,11.8,323,Completed,
T2967,D185,R1105,Mumbai,Andheri,Bandra,2023-10-28 08:53:00,2023-10-28 08:59:00,2023-10-28 10:09:00,24.2,424,Completed,
T2968,D229,R2338,Mumbai,Juhu,Colaba,2023-10-22 17:58:00,2023-10-22 18:07:00,2023-10-22 18:29:00,8.3,238,Completed,
T2969,D108,R2812,Delhi,Dwarka,Saket,2023-10-27 12:43:00,2023-10-27 12:56:00,2023-10-27 13:15:00,5.4,169,Completed,
T2970,D296,R3812,Mumbai,Juhu,Bandra,2023-10-03 10:50:00,2023-10-03 11:02:00,2023-10-03 11:18:00,5.4,176,Completed,
T2971,D192,R4609,Delhi,Rohini,Saket,2023-10-08 18:09:00,2023-10-08 18:23:00,2023-10-08 19:06:00,12.5,352,Completed,
T2972,D191,R3906,Mumbai,Colaba,Andheri,2023-10-26 16:02:00,2023-10-26 16:07:00,2023-10-26 16:41:00,8.9,250,Completed,
T2973,D132,R3293,Bangalore,Whitefield,Koramangala,2023-10-16 12:55:00,2023-10-16 13:06:00,2023-10-16 14:24:00,21.4,410,Completed,
T2974,D148,R4350,Mumbai,Colaba,Andheri,2023-10-23 05:04:00,2023-10-23 05:16:00,2023-10-23 06:03:00,15.3,414,Completed,
T2975,D113,R1402,Bangalore,Indiranagar,Jayanagar,2023-10-10 04:49:00,2023-10-10 04:59:00,2023-10-10 06:10:00,21.9,543,Completed,
T2976,D336,R4732,Delhi,Rohini,Saket,2023-10-29 18:50:00,2023-10-29 19:03:00,2023-10-29 19:18:00,5.0,163,Completed,
T2977,D112,R1288,Bangalore,Indiranagar,HSR Layout,2023-10-22 17:02:00,2023-10-22 17:06:00,2023-10-22 17:35:00,9.2,232,Completed,
T2978,D156,R3722,Bangalore,HSR Layout,Jayanagar,2023-10-02 21:53:00,2023-10-02 22:05:00,2023-10-02 23:32:00,22.6,506,Completed,
T2979,D140,R1160,Delhi,Connaught Place,Dwarka,2023-10-01 05:55:00,2023-10-01 06:06:00,2023-10-01 07:08:00,18.6,456,Completed,
T2980,D223,R2303,Delhi,Connaught Place,Dwarka,2023-10-15 18:22:00,2023-10-15 18:34:00,2023-10-15 19:58:00,21.4,482,Completed,
T2981,D314,R1381,Delhi,Dwarka,Vasant Kunj,2023-10-28 14:28:00,2023-10-28 14:39:00,2023-10-28 15:44:00,24.2,546,Completed,
T2982,D123,R3404,Mumbai,Powai,Andheri,2023-10-22 17:30:00,2023-10-22 17:33:00,2023-10-22 18:50:00,22.2,414,Completed,
T2983,D127,R2436,Bangalore,Indiranagar,Koramangala,2023-10-12 00:52:00,2023-10-12 00:59:00,2023-10-12 01:07:00,2.8,114,Completed,
T2984,D333,R4902,Mumbai,Powai,Juhu,2023-10-17 17:29:00,2023-10-17 17:41:00,2023-10-17 18:52:00,23.8,605,Completed,
T2985,D173,R1385,Bangalore,Koramangala,Indiranagar,2023-10-04 14:55:00,,,0.0,0.0,Cancelled,Driver Cancelled
T2986,D223,R4120,Delhi,Connaught Place,Dwarka,2023-10-20 05:01:00,2023-10-20 05:11:00,2023-10-20 05:48:00,11.4,274,Completed,
T2987,D140,R4680,Delhi,Saket,Vasant Kunj,2023-10-18 15:43:00,2023-10-18 15:45:00,2023-10-18 16:34:00,13.7,260,Completed,
T2988,D248,R1394,Bangalore,Jayanagar,Indiranagar,2023-10-04 00:14:00,2023-10-04 00:28:00,2023-10-04 01:24:00,15.1,359,Completed,
T2989,D198,R3339,Bangalore,Whitefield,Koramangala,2023-10-18 16:36:00,2023-10-18 16:44:00,2023-10-18 17:26:00,12.7,242,Completed,
T2990,D228,R3176,Delhi,Connaught Place,Rohini,2023-10-06 00:21:00,2023-10-06 00:26:00,2023-10-06 00:57:00,10.0,256,Completed,
T2991,D208,R2250,Mumbai,Andheri,Bandra,2023-10-29 03:01:00,2023-10-29 03:07:00,2023-10-29 03:57:00,18.5,430,Completed,
T2992,D346,R2326,Delhi,Dwarka,Rohini,2023-10-28 19:47:00,,,0.0,0.0,Cancelled,Rider Cancelled
T2993,D257,R2463,Mumbai,Powai,Juhu,2023-10-23 07:46:00,2023-10-23 07:51:00,2023-10-23 08:27:00,12.5,273,Completed,
T2994,D159,R3576,Mumbai,Colaba,Bandra,2023-10-21 22:19:00,2023-10-21 22:28:00,2023-10-21 23:08:00,11.0,245,Completed,
T2995,D217,R4151,Delhi,Saket,Dwarka,2023-10-14 01:15:00,2023-10-14 01:17:00,2023-10-14 01:50:00,10.8,262,Completed,
T2996,D267,R1868,Delhi,Rohini,Connaught Place,2023-10-12 18:15:00,2023-10-12 18:28:00,2023-10-12 19:02:00,11.6,299,Completed,
T2997,D236,R2737,Bangalore,Koramangala,Whitefield,2023-10-07 21:06:00,2023-10-07 21:21:00,2023-10-07 21:42:00,6.6,184,Completed,
T2998,D145,R4505,Delhi,Dwarka,Connaught Place,2023-10-11 13:00:00,2023-10-11 13:14:00,2023-10-11 14:12:00,18.8,499,Completed,
T2999,D117,R2577,Mumbai,Bandra,Powai,2023-10-28 15:54:00,2023-10-28 16:02:00,2023-10-28 16:59:00,22.0,527,Completed,
T3000,D141,R4557,Mumbai,Juhu,Powai,2023-10-15 20:34:00,,2023-10-15 21:17:00,14.6,5000.0,Completed,
T3001,D271,R2811,Delhi,Dwarka,Rohini,2023-10-19 06:16:00,2023-10-19 06:31:00,2023-10-19 07:09:00,14.6,366,Completed,
T3002,D303,R1579,Bangalore,Jayanagar,Koramangala,2023-10-19 07:24:00,2023-10-19 07:31:00,2023-10-19 08:26:00,15.5,433,Completed,
T3003,D203,R1329,Delhi,Vasant Kunj,Saket,2023-10-25 11:05:00,2023-10-25 11:20:00,2023-10-25 11:51:00,8.9,204,Completed,
T3004,D148,R2555,Mumbai,Powai,Bandra,2023-10-10 08:39:00,2023-10-10 08:48:00,2023-10-10 09:36:00,14.8,396,Completed,
T3005,D201,R2898,Mumbai,Powai,Juhu,2023-10-20 17:49:00,2023-10-20 17:57:00,2023-10-20 18:06:00,2.8,116,Completed,
T3006,D239,R2451,Delhi,Rohini,Connaught Place,2023-10-07 10:15:00,2023-10-07 10:21:00,2023-10-07 11:18:00,14.6,300,Completed,
T3007,D137,R3288,Bangalore,HSR Layout,Whitefield,2023-10-27 20:27:00,2023-10-27 20:33:00,2023-10-27 21:53:00,23.2,566,Completed,
T3008,D336,R3191,Delhi,Connaught Place,Saket,2023-10-22 22:49:00,2023-10-22 22:52:00,2023-10-22 23:18:00,7.2,226,Completed,
T3009,D236,R3299,Bangalore,Jayanagar,Koramangala,2023-10-04 08:19:00,2023-10-04 08:22:00,2023-10-04 08:32:00,3.6,108,Completed,
T3010,D164,R2887,Mumbai,Colaba,Bandra,2023-10-01 03:32:00,2023-10-01 03:36:00,2023-10-01 04:14:00,10.2,214,Completed,
T3011,D181,R3485,Mumbai,Andheri,Bandra,2023-10-23 11:04:00,2023-10-23 11:17:00,2023-10-23 12:07:00,17.0,353,Completed,
T3012,D310,R2258,Delhi,Rohini,Vasant Kunj,2023-10-28 14:22:00,2023-10-28 14:30:00,2023-10-28 14:57:00,9.4,203,Completed,
T3013,D299,R2203,Delhi,Dwarka,Saket,2023-10-08 07:13:00,2023-10-08 07:16:00,2023-10-08 07:40:00,7.9,221,Completed,
T3014,D310,R4182,Delhi,Vasant Kunj,Connaught Place,2023-10-03 16:28:00,,,0.0,0.0,Cancelled,Driver Not Found
T3015,D146,R3493,Delhi,Dwarka,Vasant Kunj,2023-10-10 14:32:00,2023-10-10 14:40:00,2023-10-10 14:58:00,6.5,161,Completed,
T3016,D171,R3773,Bangalore,HSR Layout,Jayanagar,2023-10-17 02:58:00,2023-10-17 03:11:00,2023-10-17 03:54:00,14.0,266,Completed,
T3017,D123,R3346,Mumbai,Colaba,Juhu,2023-10-19 06:26:00,,,0.0,0.0,Cancelled,Payment Issue
T3018,D305,R3213,Mumbai,Powai,Colaba,2023-10-22 12:39:00,2023-10-22 12:48:00,2023-10-22 13:00:00,3.3,122,Completed,
T3019,D231,R2770,Mumbai,Juhu,Bandra,2023-10-13 23:20:00,2023-10-13 23:24:00,2023-10-14 00:03:00,10.0,286,Completed,
T3020,D281,R4451,Mumbai,Bandra,Andheri,2023-10-02 13:56:00,2023-10-02 14:00:00,2023-10-02 14:19:00,7.0,201,Completed,
T3021,D204,R1174,Bangalore,HSR Layout,Whitefield,2023-10-22 10:32:00,2023-10-22 10:35:00,2023-10-22 10:56:00,8.5,259,Completed,
T3022,D108,R2474,Delhi,Connaught Place,Saket,2023-10-26 05:53:00,2023-10-26 05:58:00,2023-10-26 06:59:00,20.5,554,Completed,
T3023,D153,R4089,Bangalore,Whitefield,HSR Layout,2023-10-29 21:24:00,2023-10-29 21:36:00,2023-10-29 22:38:00,20.3,522,Completed,
T3024,D252,R2312,Mumbai,Bandra,Colaba,2023-10-11 23:42:00,2023-10-11 23:55:00,2023-10-12 01:08:00,25.0,550,Completed,
T3025,D113,R1501,Bangalore,Jayanagar,Indiranagar,2023-10-08 15:41:00,,,0.0,0.0,Cancelled,Driver Cancelled
T3026,D340,R2208,Mumbai,Juhu,Colaba,2023-10-07 20:13:00,2023-10-07 20:23:00,2023-10-07 21:29:00,21.7,581,Completed,
T3027,D216,R1805,Mumbai,Colaba,Powai,2023-10-15 09:31:00,2023-10-15 09:41:00,2023-10-15 09:59:00,6.7,182,Completed,
T3028,D130,R2703,Bangalore,Whitefield,Indiranagar,2023-10-03 09:33:00,2023-10-03 09:37:00,2023-10-03 10:20:00,16.5,387,Completed,
T3029,D178,R1832,Bangalore,Koramangala,Whitefield,2023-10-07 02:12:00,2023-10-07 02:17:00,2023-10-07 03:44:00,25.0,601,Completed,
T3030,D249,R4171,Bangalore,Whitefield,Koramangala,2023-10-07 19:35:00,2023-10-07 19:45:00,2023-10-07 20:08:00,8.7,197,Completed,
T3031,D146,R2798,Delhi,Dwarka,Saket,2023-10-15 02:21:00,2023-10-15 02:25:00,2023-10-15 03:30:00,17.7,354,Completed,
T3032,D158,R3096,Bangalore,HSR Layout,Whitefield,2023-10-12 04:24:00,2023-10-12 04:34:00,2023-10-12 05:44:00,17.8,321,Completed,
T3033,D265,R4624,Mumbai,Juhu,Andheri,2023-10-23 10:07:00,2023-10-23 10:14:00,2023-10-23 11:21:00,20.9,396,Completed,
T3034,D136,R2382,Bangalore,HSR Layout,Indiranagar,2023-10-21 20:41:00,2023-10-21 20:45:00,2023-10-21 21:49:00,18.5,509,Completed,
T3035,D270,R4256,Bangalore,HSR Layout,Jayanagar,2023-10-27 20:46:00,2023-10-27 20:58:00,2023-10-27 22:01:00,21.7,407,Completed,
T3036,D147,R4182,Mumbai,Powai,Juhu,2023-10-09 04:04:00,,,0.0,0.0,Cancelled,Other
T3037,D230,R2729,Delhi,Vasant Kunj,Dwarka,2023-10-30 07:19:00,2023-10-30 07:34:00,2023-10-30 08:42:00,24.2,516,Completed,
T3038,D315,R1499,Mumbai,Bandra,Powai,2023-10-21 00:56:00,2023-10-21 01:07:00,2023-10-21 01:27:00,6.5,148,Completed,
T3039,D288,R3924,Mumbai,Colaba,Juhu,2023-10-29 04:34:00,2023-10-29 04:49:00,2023-10-29 06:20:00,24.6,519,Completed,
T3040,D320,R3467,Mumbai,Bandra,Colaba,2023-10-26 16:38:00,2023-10-26 16:41:00,2023-10-26 17:21:00,15.3,395,Completed,
T3041,D128,R4408,Bangalore,Koramangala,HSR Layout,2023-10-05 00:01:00,2023-10-05 00:14:00,2023-10-05 01:07:00,18.9,401,Completed,
T3042,D348,R3422,Bangalore,Koramangala,Jayanagar,2023-10-21 18:23:00,2023-10-21 18:33:00,2023-10-21 18:56:00,7.2,174,Completed,
T3043,D293,R3950,Mumbai,Juhu,Powai,2023-10-21 20:23:00,2023-10-21 20:30:00,2023-10-21 21:50:00,21.6,504,Completed,
T3044,D307,R3840,Bangalore,Koramangala,Indiranagar,2023-10-19 16:47:00,2023-10-19 16:52:00,2023-10-19 17:27:00,12.0,280,Completed,
T3045,D316,R3306,Delhi,Vasant Kunj,Saket,2023-10-03 00:03:00,,,0.0,0.0,Cancelled,Driver Not Found
T3046,D277,R4101,Delhi,Saket,Connaught Place,2023-10-16 07:13:00,2023-10-16 07:27:00,2023-10-16 07:41:00,4.6,132,Completed,
T3047,D102,R1568,Delhi,Vasant Kunj,Rohini,2023-10-05 18:49:00,2023-10-05 18:57:00,2023-10-05 20:06:00,17.4,370,Completed,
T3048,D168,R2775,Mumbai,Colaba,Bandra,2023-10-04 09:50:00,2023-10-04 09:55:00,2023-10-04 11:08:00,24.8,571,Completed,
T3049,D317,R2694,Bangalore,Jayanagar,Whitefield,2023-10-22 09:56:00,,,0.0,0.0,Cancelled,Driver Not Found
T3050,D294,R3843,Bangalore,HSR Layout,Whitefield,2023-10-17 22:22:00,2023-10-17 22:26:00,2023-10-17 22:48:00,6.7,153,Completed,
T3051,D115,R2693,Bangalore,Koramangala,Whitefield,2023-10-25 19:45:00,2023-10-25 19:51:00,2023-10-25 20:55:00,24.8,625,Completed,
T3052,D282,R3951,Delhi,Vasant Kunj,Saket,2023-10-02 13:31:00,2023-10-02 13:35:00,2023-10-02 14:27:00,14.9,338,Completed,
T3053,D167,R4816,Delhi,Vasant Kunj,Rohini,2023-10-12 22:06:00,2023-10-12 22:16:00,2023-10-12 23:01:00,13.5,343,Completed,
T3054,D231,R3396,Mumbai,Bandra,Colaba,2023-10-25 12:01:00,2023-10-25 12:03:00,2023-10-25 12:10:00,2.5,96,Completed,
T3055,D292,R3793,Delhi,Vasant Kunj,Saket,2023-10-09 19:11:00,2023-10-09 19:26:00,2023-10-09 20:16:00,14.0,336,Completed,
T3056,D315,R3158,Mumbai,Andheri,Powai,2023-10-24 20:43:00,2023-10-24 20:50:00,2023-10-24 21:00:00,2.6,113,Completed,
T3057,D156,R2495,Bangalore,Jayanagar,HSR Layout,2023-10-17 05:12:00,2023-10-17 05:23:00,2023-10-17 06:41:00,20.5,477,Completed,
T3058,D146,R4011,Delhi,Saket,Vasant Kunj,2023-10-05 09:20:00,2023-10-05 09:28:00,2023-10-05 10:09:00,14.1,273,Completed,
T3059,D248,R1264,Bangalore,HSR Layout,Koramangala,2023-10-30 08:04:00,2023-10-30 08:13:00,2023-10-30 08:57:00,13.8,261,Completed,
T3060,D157,R1406,Mumbai,Colaba,Andheri,2023-10-07 08:02:00,,,0.0,0.0,Cancelled,Driver Cancelled
T3061,D316,R4248,Delhi,Connaught Place,Rohini,2023-10-29 23:49:00,2023-10-29 23:57:00,2023-10-30 01:04:00,17.8,478,Completed,
T3062,D235,R4809,Bangalore,Jayanagar,Indiranagar,2023-10-30 23:34:00,,,0.0,0.0,Cancelled,Driver Cancelled
T3063,D214,R2810,Mumbai,Juhu,Bandra,2023-10-26 10:57:00,2023-10-26 11:07:00,2023-10-26 12:29:00,22.8,589,Completed,
T3064,D152,R2189,Bangalore,Whitefield,HSR Layout,2023-10-11 10:02:00,2023-10-11 10:05:00,2023-10-11 10:55:00,15.6,402,Completed,
T3065,D103,R2067,Delhi,Rohini,Saket,2023-10-25 14:46:00,2023-10-25 14:54:00,2023-10-25 15:43:00,16.9,366,Completed,
T3066,D231,R2731,Mumbai,Andheri,Bandra,2023-10-12 14:24:00,2023-10-12 14:38:00,2023-10-12 15:01:00,9.5,257,Completed,
T3067,D312,R3779,Mumbai,Bandra,Juhu,2023-10-21 23:42:00,2023-10-21 23:56:00,2023-10-22 00:42:00,13.5,282,Completed,
T3068,D331,R2412,Delhi,Connaught Place,Rohini,2023-10-02 16:50:00,2023-10-02 17:02:00,2023-10-02 17:42:00,10.3,239,Completed,
T3069,D182,R3787,Mumbai,Bandra,Colaba,2023-10-27 07:57:00,2023-10-27 08:01:00,2023-10-27 08:13:00,4.9,172,Completed,
T3070,D243,R4510,Delhi,Connaught Place,Dwarka,2023-10-25 07:57:00,2023-10-25 08:01:00,2023-10-25 09:05:00,20.4,367,Completed,
T3071,D111,R3816,Bangalore,Koramangala,Jayanagar,2023-10-11 01:59:00,2023-10-11 02:07:00,2023-10-11 02:40:00,10.5,283,Completed,
T3072,D135,R2428,Delhi,Saket,Vasant Kunj,2023-10-18 21:30:00,2023-10-18 21:40:00,2023-10-18 21:59:00,5.0,141,Completed,
T3073,D294,R3580,Bangalore,Jayanagar,Indiranagar,2023-10-09 20:06:00,2023-10-09 20:13:00,2023-10-09 20:49:00,12.8,258,Completed,
T3074,D155,R1627,Bangalore,HSR Layout,Indiranagar,2023-10-29 00:51:00,2023-10-29 01:04:00,2023-10-29 02:01:00,15.3,378,Completed,
T3075,D319,R1235,Delhi,Saket,Dwarka,2023-10-19 00:11:00,,,0.0,0.0,Cancelled,Driver Cancelled
T3076,D256,R1632,Delhi,Connaught Place,Saket,2023-10-28 07:31:00,,,0.0,0.0,Cancelled,Driver Cancelled
T3077,D199,R4557,Delhi,Vasant Kunj,Rohini,2023-10-10 08:46:00,2023-10-10 09:00:00,2023-10-10 09:10:00,3.9,146,Completed,
T3078,D335,R4407,Bangalore,Koramangala,Indiranagar,2023-10-19 16:17:00,2023-10-19 16:21:00,2023-10-19 16:56:00,9.7,248,Completed,
T3079,D300,R2446,Delhi,Rohini,Vasant Kunj,2023-10-06 06:12:00,2023-10-06 06:15:00,2023-10-06 06:41:00,7.4,164,Completed,
T3080,D154,R2737,Delhi,Rohini,Vasant Kunj,2023-10-09 19:23:00,2023-10-09 19:34:00,2023-10-09 20:42:00,20.1,403,Completed,
T3081,D287,R1061,Delhi,Connaught Place,Vasant Kunj,2023-10-24 18:53:00,,,0.0,0.0,Cancelled,Driver Cancelled
T3082,D252,R2755,Mumbai,Colaba,Juhu,2023-10-19 14:31:00,2023-10-19 14:40:00,2023-10-19 15:27:00,12.0,298,Completed,
T3083,D232,R1759,Bangalore,Jayanagar,Indiranagar,2023-10-22 11:54:00,2023-10-22 11:57:00,2023-10-22 12:12:00,6.0,171,Completed,
T3084,D207,R4749,Delhi,Dwarka,Vasant Kunj,2023-10-11 08:33:00,2023-10-11 08:35:00,2023-10-11 08:56:00,5.8,142,Completed,
T3085,D154,R2769,Delhi,Dwarka,Rohini,2023-10-08 11:47:00,2023-10-08 12:00:00,2023-10-08 12:36:00,11.8,272,Completed,
T3086,D157,R4169,Mumbai,Powai,Bandra,2023-10-15 05:21:00,2023-10-15 05:24:00,2023-10-15 06:42:00,20.2,515,Completed,
T3087,D341,R3776,Delhi,Dwarka,Vasant Kunj,2023-10-19 03:52:00,2023-10-19 03:57:00,2023-10-19 05:18:00,22.5,507,Completed,
T3088,D128,R3076,Bangalore,Indiranagar,Whitefield,2023-10-30 16:01:00,2023-10-30 16:15:00,2023-10-30 17:04:00,13.5,303,Completed,
T3089,D232,R4931,Bangalore,Whitefield,Jayanagar,2023-10-14 02:36:00,2023-10-14 02:43:00,2023-10-14 02:58:00,4.2,142,Completed,
T3090,D160,R4070,Bangalore,Jayanagar,Whitefield,2023-10-27 00:00:00,2023-10-27 00:07:00,2023-10-27 01:06:00,16.2,430,Completed,
T3091,D135,R4326,Delhi,Dwarka,Vasant Kunj,2023-10-13 23:05:00,2023-10-13 23:17:00,2023-10-13 23:45:00,8.1,228,Completed,
T3092,D269,R1889,Delhi,Saket,Connaught Place,2023-10-05 20:38:00,2023-10-05 20:50:00,2023-10-05 21:52:00,21.2,476,Completed,
T3093,D183,R1978,Bangalore,Whitefield,Jayanagar,2023-10-30 12:33:00,2023-10-30 12:38:00,2023-10-30 13:33:00,18.1,400,Completed,
T3094,D194,R1820,Delhi,Vasant Kunj,Connaught Place,2023-10-03 11:46:00,,,0.0,0.0,Cancelled,Other
T3095,D239,R1921,Delhi,Dwarka,Saket,2023-10-18 19:23:00,2023-10-18 19:32:00,2023-10-18 20:47:00,24.2,419,Completed,
T3096,D106,R3735,Delhi,Connaught Place,Rohini,2023-10-07 23:29:00,2023-10-07 23:37:00,2023-10-08 00:46:00,20.8,464,Completed,
T3097,D135,R2380,Delhi,Vasant Kunj,Rohini,2023-10-19 10:29:00,2023-10-19 10:32:00,2023-10-19 11:09:00,10.5,244,Completed,
T3098,D157,R3680,Mumbai,Colaba,Juhu,2023-10-29 19:57:00,2023-10-29 20:06:00,2023-10-29 20:21:00,5.1,143,Completed,
T3099,D313,R1923,Bangalore,Whitefield,Indiranagar,2023-10-02 21:37:00,2023-10-02 21:48:00,2023-10-02 22:45:00,21.0,560,Completed,
T3100,D150,R2032,Mumbai,Colaba,Andheri,2023-10-25 21:52:00,,,0.0,0.0,Cancelled,Payment Issue
T3101,D255,R1709,Bangalore,Whitefield,HSR Layout,2023-10-25 08:13:00,2023-10-25 08:25:00,2023-10-25 09:07:00,15.6,379,Completed,
T3102,D150,R2470,Mumbai,Powai,Juhu,2023-10-25 13:59:00,2023-10-25 14:13:00,2023-10-25 15:36:00,23.5,462,Completed,
T3103,D168,R1952,Mumbai,Andheri,Bandra,2023-10-22 05:29:00,2023-10-22 05:38:00,2023-10-22 06:47:00,23.1,548,Completed,
T3104,D255,R4329,Bangalore,Jayanagar,Indiranagar,2023-10-29 09:04:00,2023-10-29 09:11:00,2023-10-29 10:05:00,17.3,426,Completed,
T3105,D229,R4124,Mumbai,Colaba,Bandra,2023-10-25 09:11:00,2023-10-25 09:16:00,2023-10-25 10:40:00,21.3,504,Completed,
T3106,D343,R2452,Mumbai,Juhu,Bandra,2023-10-03 21:01:00,,,0.0,0.0,Cancelled,Driver Not Found
T3107,D186,R4569,Bangalore,HSR Layout,Jayanagar,2023-10-09 14:00:00,2023-10-09 14:04:00,2023-10-09 14:27:00,9.5,255,Completed,
T3108,D167,R2402,Delhi,Saket,Dwarka,2023-10-30 09:58:00,,,0.0,0.0,Cancelled,Driver Cancelled
T3109,D252,R2968,Mumbai,Powai,Andheri,2023-10-18 04:36:00,2023-10-18 04:47:00,2023-10-18 05:55:00,24.1,634,Completed,
T3110,D255,R4093,Bangalore,Indiranagar,Whitefield,2023-10-24 00:51:00,,,0.0,0.0,Cancelled,Driver Cancelled
T3111,D265,R1517,Mumbai,Powai,Bandra,2023-10-09 17:36:00,,,0.0,0.0,Cancelled,Rider Cancelled
T3112,D314,R4873,Delhi,Vasant Kunj,Saket,2023-10-26 18:37:00,,,0.0,0.0,Cancelled,Payment Issue
T3113,D201,R1318,Mumbai,Juhu,Colaba,2023-10-23 00:26:00,2023-10-23 00:41:00,2023-10-23 01:08:00,7.0,170,Completed,
T3114,D125,R3977,Bangalore,Whitefield,Jayanagar,2023-10-15 17:28:00,2023-10-15 17:30:00,2023-10-15 17:55:00,7.6,203,Completed,
T3115,D211,R4101,Delhi,Vasant Kunj,Dwarka,2023-10-13 19:46:00,2023-10-13 19:50:00,2023-10-13 20:48:00,16.9,342,Completed,
T3116,D229,R2248,Mumbai,Andheri,Colaba,2023-10-07 10:48:00,2023-10-07 10:54:00,2023-10-07 11:11:00,6.2,199,Completed,
T3117,D226,R1584,Bangalore,Whitefield,Indiranagar,2023-10-03 15:32:00,2023-10-03 15:45:00,2023-10-03 16:40:00,18.2,468,Completed,
T3118,D208,R1562,Mumbai,Colaba,Bandra,2023-10-11 18:38:00,2023-10-11 18:44:00,2023-10-11 20:07:00,22.6,481,Completed,
T3119,D259,R4020,Delhi,Connaught Place,Vasant Kunj,2023-10-21 15:57:00,2023-10-21 16:06:00,2023-10-21 16:57:00,19.6,465,Completed,
T3120,D278,R4160,Delhi,Vasant Kunj,Rohini,2023-10-09 20:10:00,2023-10-09 20:14:00,2023-10-09 20:47:00,10.8,265,Completed,
T3121,D322,R2370,Delhi,Dwarka,Saket,2023-10-13 13:17:00,2023-10-13 13:19:00,2023-10-13 14:05:00,11.7,322,Completed,
T3122,D181,R4458,Mumbai,Andheri,Bandra,2023-10-10 17:19:00,2023-10-10 17:34:00,2023-10-10 18:30:00,14.5,408,Completed,
T3123,D322,R2367,Delhi,Dwarka,Saket,2023-10-05 01:59:00,2023-10-05 02:08:00,2023-10-05 03:14:00,17.7,487,Completed,
T3124,D197,R3648,Mumbai,Powai,Bandra,2023-10-09 21:13:00,2023-10-09 21:27:00,2023-10-09 22:03:00,9.3,191,Completed,
T3125,D122,R3890,Bangalore,Whitefield,Koramangala,2023-10-04 21:34:00,2023-10-04 21:40:00,2023-10-04 22:37:00,19.9,498,Completed,
T3126,D191,R3741,Mumbai,Juhu,Powai,2023-10-05 23:01:00,2023-10-05 23:11:00,2023-10-05 23:27:00,6.3,179,Completed,
T3127,D275,R3660,Delhi,Connaught Place,Saket,2023-10-17 11:17:00,2023-10-17 11:21:00,2023-10-17 12:12:00,17.0,419,Completed,
T3128,D239,R4976,Delhi,Dwarka,Rohini,2023-10-22 07:57:00,2023-10-22 08:10:00,2023-10-22 08:43:00,12.6,287,Completed,
T3129,D237,R3296,Mumbai,Andheri,Juhu,2023-10-05 06:05:00,2023-10-05 06:16:00,2023-10-05 07:43:00,22.8,581,Completed,
T3130,D167,R2911,Delhi,Saket,Dwarka,2023-10-23 17:33:00,2023-10-23 17:41:00,2023-10-23 19:00:00,21.8,592,Completed,
T3131,D283,R4616,Bangalore,Whitefield,Indiranagar,2023-10-25 02:39:00,2023-10-25 02:53:00,2023-10-25 03:52:00,17.7,396,Completed,
T3132,D186,R1406,Bangalore,Whitefield,HSR Layout,2023-10-20 18:20:00,2023-10-20 18:22:00,2023-10-20 18:52:00,10.1,284,Completed,
T3133,D283,R1284,Bangalore,Koramangala,HSR Layout,2023-10-30 10:27:00,2023-10-30 10:30:00,2023-10-30 10:58:00,9.2,209,Completed,
T3134,D228,R1276,Delhi,Connaught Place,Vasant Kunj,2023-10-16 04:49:00,2023-10-16 04:59:00,2023-10-16 05:07:00,2.1,95,Completed,
T3135,D234,R1068,Delhi,Saket,Connaught Place,2023-10-24 14:51:00,2023-10-24 14:57:00,2023-10-24 15:34:00,11.2,283,Completed,
T3136,D318,R2780,Bangalore,HSR Layout,Whitefield,2023-10-03 13:53:00,2023-10-03 13:57:00,2023-10-03 14:24:00,7.8,229,Completed,
T3137,D196,R1085,Delhi,Dwarka,Connaught Place,2023-10-03 18:28:00,2023-10-03 18:35:00,2023-10-03 18:42:00,2.2,87,Completed,
T3138,D251,R3328,Delhi,Vasant Kunj,Rohini,2023-10-10 05:03:00,2023-10-10 05:14:00,2023-10-10 05:53:00,10.4,267,Completed,
T3139,D285,R3649,Bangalore,Jayanagar,Koramangala,2023-10-17 06:47:00,2023-10-17 06:52:00,2023-10-17 07:07:00,4.2,153,Completed,
T3140,D126,R2501,Bangalore,HSR Layout,Jayanagar,2023-10-29 23:59:00,2023-10-30 00:03:00,2023-10-30 01:11:00,17.8,425,Completed,
T3141,D137,R1271,Bangalore,Indiranagar,Whitefield,2023-10-07 05:30:00,,,0.0,0.0,Cancelled,Other
T3142,D248,R3595,Bangalore,HSR Layout,Koramangala,2023-10-06 07:50:00,2023-10-06 07:59:00,2023-10-06 08:09:00,4.1,114,Completed,
T3143,D191,R2939,Mumbai,Juhu,Bandra,2023-10-08 03:20:00,2023-10-08 03:28:00,2023-10-08 04:33:00,21.8,521,Completed,
T3144,D242,R1871,Mumbai,Andheri,Juhu,2023-10-10 14:52:00,2023-10-10 15:01:00,2023-10-10 16:24:00,24.6,474,Completed,
T3145,D252,R3543,Mumbai,Juhu,Colaba,2023-10-29 09:59:00,2023-10-29 10:02:00,2023-10-29 11:18:00,21.5,386,Completed,
T3146,D128,R4473,Bangalore,Indiranagar,Koramangala,2023-10-30 00:24:00,2023-10-30 00:35:00,2023-10-30 00:51:00,5.6,181,Completed,
T3147,D347,R1084,Bangalore,Indiranagar,Jayanagar,2023-10-04 18:44:00,2023-10-04 18:48:00,2023-10-04 19:25:00,14.0,373,Completed,
T3148,D230,R1578,Delhi,Vasant Kunj,Connaught Place,2023-10-11 03:10:00,2023-10-11 03:21:00,2023-10-11 03:59:00,14.0,303,Completed,
T3149,D119,R4754,Mumbai,Andheri,Colaba,2023-10-26 23:13:00,2023-10-26 23:24:00,2023-10-27 00:19:00,15.2,366,Completed,
T3150,D257,R3646,Mumbai,Bandra,Andheri,2023-10-11 22:18:00,2023-10-11 22:23:00,2023-10-11 22:46:00,6.2,176,Completed,
T3151,D203,R3374,Delhi,Saket,Rohini,2023-10-25 12:24:00,2023-10-25 12:26:00,2023-10-25 13:27:00,17.2,406,Completed,
T3152,D253,R3610,Delhi,Dwarka,Rohini,2023-10-22 15:34:00,2023-10-22 15:48:00,2023-10-22 16:40:00,13.4,286,Completed,
T3153,D300,R2703,Delhi,Rohini,Saket,2023-10-18 03:17:00,2023-10-18 03:30:00,2023-10-18 04:12:00,15.5,336,Completed,
T3154,D227,R3453,Bangalore,Whitefield,Indiranagar,2023-10-21 05:38:00,,,0.0,0.0,Cancelled,Rider Cancelled
T3155,D273,R1939,Delhi,Saket,Rohini,2023-10-24 10:55:00,,,0.0,0.0,Cancelled,Payment Issue
T3156,D175,R3630,Bangalore,Whitefield,Jayanagar,2023-10-01 07:12:00,2023-10-01 07:24:00,2023-10-01 07:41:00,5.4,136,Completed,
T3157,D135,R1910,Delhi,Vasant Kunj,Rohini,2023-10-15 07:26:00,,,0.0,0.0,Cancelled,Rider Cancelled
T3158,D178,R3238,Bangalore,Indiranagar,HSR Layout,2023-10-18 08:37:00,,,0.0,0.0,Cancelled,Driver Cancelled
T3159,D129,R3589,Mumbai,Bandra,Colaba,2023-10-27 12:00:00,,,0.0,0.0,Cancelled,Driver Cancelled
T3160,D209,R4974,Delhi,Connaught Place,Dwarka,2023-10-09 08:09:00,,,0.0,0.0,Cancelled,Rider Cancelled
T3161,D172,R4118,Bangalore,Indiranagar,HSR Layout,2023-10-06 06:17:00,2023-10-06 06:30:00,2023-10-06 07:32:00,23.5,450,Completed,
T3162,D271,R3284,Delhi,Saket,Dwarka,2023-10-11 16:53:00,,,0.0,0.0,Cancelled,Rider Cancelled
T3163,D253,R4722,Delhi,Dwarka,Rohini,2023-10-15 09:27:00,2023-10-15 09:29:00,2023-10-15 10:33:00,23.2,554,Completed,
T3164,D271,R4525,Delhi,Connaught Place,Rohini,2023-10-04 13:35:00,2023-10-04 13:41:00,2023-10-04 14:35:00,17.2,431,Completed,
T3165,D236,R1308,Bangalore,Jayanagar,Koramangala,2023-10-26 15:54:00,2023-10-26 16:08:00,2023-10-26 16:14:00,2.7,100,Completed,
T3166,D129,R4364,Mumbai,Colaba,Bandra,2023-10-21 23:48:00,2023-10-21 23:58:00,2023-10-22 01:19:00,24.7,553,Completed,
T3167,D136,R2134,Bangalore,Indiranagar,Jayanagar,2023-10-29 19:14:00,2023-10-29 19:21:00,2023-10-29 20:23:00,21.9,426,Completed,
T3168,D288,R1585,Mumbai,Juhu,Powai,2023-10-24 07:55:00,2023-10-24 08:03:00,2023-10-24 08:49:00,12.5,305,Completed,
T3169,D191,R4993,Mumbai,Bandra,Colaba,2023-10-04 18:57:00,2023-10-04 19:08:00,2023-10-04 19:56:00,12.8,306,Completed,
T3170,D294,R1991,Bangalore,HSR Layout,Whitefield,2023-10-03 14:13:00,2023-10-03 14:24:00,2023-10-03 15:05:00,16.2,369,Completed,
T3171,D334,R2398,Mumbai,Bandra,Juhu,2023-10-24 15:38:00,2023-10-24 15:50:00,2023-10-24 17:08:00,21.4,573,Completed,
T3172,D172,R3217,Bangalore,Jayanagar,Whitefield,2023-10-15 09:58:00,,,0.0,0.0,Cancelled,Driver Cancelled
T3173,D102,R2836,Delhi,Vasant Kunj,Saket,2023-10-23 16:09:00,2023-10-23 16:13:00,2023-10-23 16:48:00,11.2,320,Completed,
T3174,D326,R2629,Bangalore,Jayanagar,Whitefield,2023-10-08 21:14:00,2023-10-08 21:19:00,2023-10-08 21:32:00,4.6,124,Completed,
T3175,D199,R2478,Delhi,Connaught Place,Vasant Kunj,2023-10-25 15:14:00,2023-10-25 15:21:00,2023-10-25 15:34:00,5.0,148,Completed,
T3176,D171,R4244,Bangalore,Koramangala,Indiranagar,2023-10-11 11:13:00,2023-10-11 11:19:00,2023-10-11 12:32:00,19.1,406,Completed,
T3177,D311,R3340,Delhi,Rohini,Dwarka,2023-10-16 01:14:00,2023-10-16 01:23:00,2023-10-16 02:54:00,24.2,644,Completed,
T3178,D346,R4792,Delhi,Dwarka,Rohini,2023-10-13 20:00:00,2023-10-13 20:03:00,2023-10-13 20:38:00,12.4,279,Completed,
T3179,D246,R4823,Delhi,Rohini,Saket,2023-10-07 19:44:00,2023-10-07 19:53:00,2023-10-07 20:00:00,2.7,109,Completed,
T3180,D210,R4387,Delhi,Saket,Rohini,2023-10-09 10:10:00,2023-10-09 10:22:00,2023-10-09 11:06:00,11.9,329,Completed,
T3181,D231,R3976,Mumbai,Colaba,Powai,2023-10-26 08:41:00,2023-10-26 08:45:00,2023-10-26 09:48:00,17.9,330,Completed,
T3182,D334,R1525,Mumbai,Bandra,Juhu,2023-10-10 00:17:00,2023-10-10 00:31:00,2023-10-10 01:18:00,12.3,321,Completed,
T3183,D247,R1454,Mumbai,Powai,Juhu,2023-10-22 21:10:00,2023-10-22 21:12:00,2023-10-22 21:18:00,2.1,102,Completed,
T3184,D327,R4355,Bangalore,Indiranagar,Koramangala,2023-10-03 01:56:00,2023-10-03 02:09:00,2023-10-03 03:12:00,19.7,476,Completed,
T3185,D310,R2998,Delhi,Rohini,Dwarka,2023-10-24 21:14:00,,,0.0,0.0,Cancelled,Driver Not Found
T3186,D161,R3454,Delhi,Connaught Place,Saket,2023-10-24 07:25:00,,,0.0,0.0,Cancelled,Driver Not Found
T3187,D299,R4328,Delhi,Vasant Kunj,Rohini,2023-10-11 13:26:00,2023-10-11 13:41:00,2023-10-11 14:34:00,14.5,276,Completed,
T3188,D297,R3501,Mumbai,Colaba,Powai,2023-10-16 16:00:00,2023-10-16 16:02:00,2023-10-16 16:45:00,12.5,284,Completed,
T3189,D139,R4656,Delhi,Dwarka,Saket,2023-10-02 15:09:00,,,0.0,0.0,Cancelled,Driver Cancelled
T3190,D270,R1960,Bangalore,Koramangala,Indiranagar,2023-10-06 00:45:00,2023-10-06 00:59:00,2023-10-06 02:09:00,21.2,533,Completed,
T3191,D238,R2953,Bangalore,Jayanagar,Indiranagar,2023-10-11 03:09:00,2023-10-11 03:17:00,2023-10-11 04:09:00,14.3,275,Completed,
T3192,D289,R2394,Mumbai,Andheri,Juhu,2023-10-03 01:47:00,2023-10-03 01:50:00,2023-10-03 02:57:00,20.0,401,Completed,
T3193,D341,R3181,Delhi,Dwarka,Vasant Kunj,2023-10-12 13:15:00,2023-10-12 13:22:00,2023-10-12 14:54:00,24.4,565,Completed,
T3194,D128,R1115,Bangalore,HSR Layout,Koramangala,2023-10-18 08:45:00,2023-10-18 08:54:00,2023-10-18 09:10:00,6.2,170,Completed,
T3195,D252,R4711,Mumbai,Bandra,Juhu,2023-10-26 20:31:00,2023-10-26 20:33:00,2023-10-26 20:48:00,4.5,130,Completed,
T3196,D278,R1235,Delhi,Vasant Kunj,Connaught Place,2023-10-14 00:07:00,,,0.0,0.0,Cancelled,Driver Cancelled
T3197,D114,R2896,Delhi,Connaught Place,Vasant Kunj,2023-10-17 21:02:00,2023-10-17 21:14:00,2023-10-17 21:49:00,10.7,285,Completed,
T3198,D315,R1961,Mumbai,Powai,Juhu,2023-10-13 18:34:00,2023-10-13 18:44:00,2023-10-13 19:48:00,17.3,469,Completed,
T3199,D101,R3880,Mumbai,Powai,Juhu,2023-10-30 01:55:00,2023-10-30 02:10:00,2023-10-30 02:43:00,13.2,330,Completed,
T3200,D159,R4551,Mumbai,Bandra,Colaba,2023-10-08 07:59:00,2023-10-08 08:04:00,2023-10-08 08:47:00,11.3,263,Completed,
T3201,D146,R3561,Delhi,Rohini,Vasant Kunj,2023-10-24 13:13:00,2023-10-24 13:18:00,2023-10-24 13:52:00,13.1,294,Completed,
T3202,D166,R3113,Mumbai,Juhu,Bandra,2023-10-11 08:45:00,2023-10-11 08:48:00,2023-10-11 09:33:00,13.6,345,Completed,
T3203,D111,R1966,Bangalore,Koramangala,Indiranagar,2023-10-23 15:46:00,2023-10-23 15:54:00,2023-10-23 16:39:00,15.3,351,Completed,
T3204,D181,R2577,Mumbai,Powai,Juhu,2023-10-13 22:43:00,2023-10-13 22:50:00,2023-10-13 22:56:00,2.0,83,Completed,
T3205,D168,R1842,Mumbai,Colaba,Juhu,2023-10-16 07:35:00,2023-10-16 07:47:00,2023-10-16 08:50:00,22.8,465,Completed,
T3206,D254,R2540,Delhi,Rohini,Saket,2023-10-12 04:18:00,2023-10-12 04:21:00,2023-10-12 04:31:00,3.7,132,Completed,
T3207,D204,R3561,Bangalore,Jayanagar,Whitefield,2023-10-07 15:25:00,,,0.0,0.0,Cancelled,Other
T3208,D199,R1234,Delhi,Connaught Place,Rohini,2023-10-17 01:20:00,2023-10-17 01:25:00,2023-10-17 02:03:00,11.1,294,Completed,
T3209,D317,R3018,Bangalore,Indiranagar,Koramangala,2023-10-12 11:50:00,2023-10-12 11:54:00,2023-10-12 12:58:00,19.2,515,Completed,
T3210,D132,R3934,Bangalore,HSR Layout,Whitefield,2023-10-07 03:48:00,2023-10-07 04:00:00,2023-10-07 04:44:00,15.8,336,Completed,
T3211,D313,R1234,Bangalore,Whitefield,Indiranagar,2023-10-07 20:36:00,2023-10-07 20:42:00,2023-10-07 21:20:00,14.6,354,Completed,
T3212,D173,R4467,Bangalore,Koramangala,Indiranagar,2023-10-17 15:38:00,2023-10-17 15:41:00,2023-10-17 16:52:00,20.6,379,Completed,
T3213,D181,R2184,Mumbai,Juhu,Andheri,2023-10-25 20:30:00,2023-10-25 20:41:00,2023-10-25 21:53:00,23.5,453,Completed,
T3214,D318,R2035,Bangalore,HSR Layout,Koramangala,2023-10-09 01:27:00,,,0.0,0.0,Cancelled,Driver Cancelled
T3215,D105,R3113,Delhi,Rohini,Vasant Kunj,2023-10-21 03:22:00,2023-10-21 03:24:00,2023-10-21 04:11:00,14.7,368,Completed,
T3216,D105,R1009,Delhi,Dwarka,Saket,2023-10-18 12:16:00,,,0.0,0.0,Cancelled,Driver Not Found
T3217,D274,R1568,Bangalore,Indiranagar,Jayanagar,2023-10-24 01:16:00,2023-10-24 01:22:00,2023-10-24 02:38:00,20.8,493,Completed,
T3218,D278,R1815,Delhi,Rohini,Vasant Kunj,2023-10-04 12:48:00,2023-10-04 12:51:00,2023-10-04 13:58:00,22.5,593,Completed,
T3219,D176,R3686,Mumbai,Juhu,Powai,2023-10-04 00:42:00,2023-10-04 00:44:00,2023-10-04 01:49:00,18.1,499,Completed,
T3220,D155,R4960,Bangalore,Koramangala,Whitefield,2023-10-05 01:34:00,2023-10-05 01:43:00,2023-10-05 02:27:00,17.6,488,Completed,
T3221,D310,R4151,Delhi,Vasant Kunj,Dwarka,2023-10-08 10:24:00,2023-10-08 10:31:00,2023-10-08 10:57:00,8.9,229,Completed,
T3222,D105,R4556,Delhi,Vasant Kunj,Saket,2023-10-06 19:30:00,2023-10-06 19:38:00,2023-10-06 20:45:00,19.9,417,Completed,
T3223,D345,R3056,Mumbai,Colaba,Bandra,2023-10-23 19:53:00,2023-10-23 20:06:00,2023-10-23 20:42:00,12.6,289,Completed,
T3224,D103,R1690,Delhi,Rohini,Saket,2023-10-11 01:27:00,2023-10-11 01:29:00,2023-10-11 02:33:00,17.4,388,Completed,
T3225,D153,R3768,Bangalore,Indiranagar,Jayanagar,2023-10-22 12:18:00,2023-10-22 12:33:00,2023-10-22 12:57:00,9.6,280,Completed,
T3226,D165,R1433,Mumbai,Colaba,Juhu,2023-10-12 10:47:00,2023-10-12 10:51:00,2023-10-12 10:57:00,2.0,89,Completed,
T3227,D163,R3985,Bangalore,HSR Layout,Indiranagar,2023-10-19 06:28:00,,,0.0,0.0,Cancelled,Other
T3228,D185,R1359,Mumbai,Colaba,Bandra,2023-10-06 11:30:00,2023-10-06 11:40:00,2023-10-06 12:50:00,23.8,630,Completed,
T3229,D168,R2609,Mumbai,Colaba,Andheri,2023-10-16 07:55:00,,,0.0,0.0,Cancelled,Rider Cancelled
T3230,D290,R3058,Bangalore,Whitefield,Indiranagar,2023-10-11 01:33:00,2023-10-11 01:43:00,2023-10-11 03:06:00,24.5,645,Completed,
T3231,D116,R1607,Delhi,Rohini,Connaught Place,2023-10-13 18:09:00,2023-10-13 18:12:00,2023-10-13 18:39:00,10.9,270,Completed,
T3232,D157,R3525,Mumbai,Juhu,Bandra,2023-10-02 20:33:00,2023-10-02 20:40:00,2023-10-02 21:04:00,8.6,216,Completed,
T3233,D116,R3024,Delhi,Rohini,Connaught Place,2023-10-06 06:06:00,,,0.0,0.0,Cancelled,Rider Cancelled
T3234,D218,R4909,Bangalore,Koramangala,HSR Layout,2023-10-01 21:32:00,2023-10-01 21:46:00,2023-10-01 21:55:00,2.8,109,Completed,
T3235,D201,R3610,Mumbai,Andheri,Juhu,2023-10-18 14:26:00,2023-10-18 14:39:00,2023-10-18 15:49:00,18.9,391,Completed,
T3236,D187,R4494,Mumbai,Powai,Andheri,2023-10-16 01:48:00,2023-10-16 02:03:00,2023-10-16 02:25:00,8.2,191,Completed,
T3237,D207,R1039,Delhi,Dwarka,Connaught Place,2023-10-26 14:35:00,2023-10-26 14:40:00,2023-10-26 15:56:00,23.0,491,Completed,
T3238,D266,R4789,Delhi,Vasant Kunj,Rohini,2023-10-05 03:14:00,2023-10-05 03:26:00,2023-10-05 04:53:00,24.4,567,Completed,
T3239,D323,R4933,Bangalore,HSR Layout,Koramangala,2023-10-26 19:10:00,,,0.0,0.0,Cancelled,Driver Not Found
T3240,D201,R4314,Mumbai,Bandra,Juhu,2023-10-23 20:09:00,,,0.0,0.0,Cancelled,Driver Cancelled
T3241,D102,R4673,Delhi,Dwarka,Saket,2023-10-02 12:40:00,2023-10-02 12:52:00,2023-10-02 14:16:00,24.9,490,Completed,
T3242,D259,R4938,Delhi,Saket,Vasant Kunj,2023-10-16 11:26:00,2023-10-16 11:38:00,2023-10-16 12:45:00,19.2,473,Completed,
T3243,D240,R4126,Mumbai,Powai,Colaba,2023-10-17 19:16:00,,,0.0,0.0,Cancelled,Driver Not Found
T3244,D269,R4974,Delhi,Vasant Kunj,Connaught Place,2023-10-23 16:50:00,2023-10-23 16:55:00,2023-10-23 17:22:00,10.7,257,Completed,
T3245,D143,R3773,Delhi,Rohini,Vasant Kunj,2023-10-22 09:16:00,2023-10-22 09:25:00,2023-10-22 09:54:00,11.0,319,Completed,
T3246,D199,R2681,Delhi,Rohini,Vasant Kunj,2023-10-05 01:46:00,2023-10-05 01:55:00,2023-10-05 02:28:00,8.7,229,Completed,
T3247,D279,R4577,Mumbai,Andheri,Powai,2023-10-26 11:08:00,2023-10-26 11:12:00,2023-10-26 11:27:00,6.1,152,Completed,
T3248,D215,R1555,Bangalore,Indiranagar,Jayanagar,2023-10-14 17:39:00,2023-10-14 17:47:00,2023-10-14 18:39:00,17.1,419,Completed,
T3249,D265,R4064,Mumbai,Powai,Juhu,2023-10-12 03:10:00,2023-10-12 03:16:00,2023-10-12 04:01:00,15.3,385,Completed,
T3250,D272,R1801,Bangalore,Koramangala,Indiranagar,2023-10-02 13:16:00,,2023-10-02 14:07:00,9.6,205,Completed,
T3251,D157,R2321,Mumbai,Juhu,Colaba,2023-10-14 18:39:00,2023-10-14 18:52:00,2023-10-14 19:44:00,16.3,295,Completed,
T3252,D172,R2076,Bangalore,Indiranagar,Koramangala,2023-10-07 22:56:00,2023-10-07 23:08:00,2023-10-08 00:25:00,22.2,571,Completed,
T3253,D263,R3312,Delhi,Vasant Kunj,Saket,2023-10-15 15:27:00,2023-10-15 15:31:00,2023-10-15 15:38:00,2.8,98,Completed,
T3254,D152,R3444,Bangalore,Whitefield,Jayanagar,2023-10-14 08:06:00,2023-10-14 08:11:00,2023-10-14 09:28:00,20.1,372,Completed,
T3255,D163,R2447,Bangalore,Whitefield,Indiranagar,2023-10-11 18:07:00,,,0.0,0.0,Cancelled,Rider Cancelled
T3256,D329,R4347,Bangalore,Whitefield,Koramangala,2023-10-18 00:13:00,2023-10-18 00:28:00,2023-10-18 01:16:00,18.5,355,Completed,
T3257,D137,R1943,Bangalore,Whitefield,Jayanagar,2023-10-30 02:27:00,2023-10-30 02:34:00,2023-10-30 03:05:00,11.6,285,Completed,
T3258,D139,R4234,Delhi,Saket,Vasant Kunj,2023-10-11 10:26:00,2023-10-11 10:36:00,2023-10-11 11:16:00,14.5,397,Completed,
T3259,D190,R1001,Delhi,Dwarka,Vasant Kunj,2023-10-22 19:07:00,2023-10-22 19:13:00,2023-10-22 19:53:00,14.3,348,Completed,
T3260,D157,R3715,Mumbai,Bandra,Juhu,2023-10-14 15:15:00,2023-10-14 15:18:00,2023-10-14 16:04:00,14.4,377,Completed,
T3261,D339,R3583,Bangalore,Koramangala,Indiranagar,2023-10-22 05:49:00,2023-10-22 05:59:00,2023-10-22 06:31:00,9.6,234,Completed,
T3262,D346,R1046,Delhi,Connaught Place,Rohini,2023-10-15 22:52:00,2023-10-15 22:54:00,2023-10-15 23:00:00,2.6,103,Completed,
T3263,D294,R1038,Bangalore,HSR Layout,Jayanagar,2023-10-26 08:04:00,2023-10-26 08:08:00,2023-10-26 08:54:00,17.7,463,Completed,
T3264,D283,R1668,Bangalore,Indiranagar,HSR Layout,2023-10-21 07:05:00,2023-10-21 07:16:00,2023-10-21 08:31:00,23.5,487,Completed,
T3265,D122,R3186,Bangalore,Jayanagar,Indiranagar,2023-10-25 08:26:00,2023-10-25 08:36:00,2023-10-25 09:40:00,20.4,470,Completed,
T3266,D216,R3783,Mumbai,Powai,Bandra,2023-10-17 01:49:00,2023-10-17 01:59:00,2023-10-17 02:07:00,2.3,98,Completed,
T3267,D321,R2810,Mumbai,Bandra,Juhu,2023-10-18 15:30:00,2023-10-18 15:44:00,2023-10-18 15:58:00,4.0,125,Completed,
T3268,D120,R4349,Delhi,Rohini,Saket,2023-10-15 15:19:00,2023-10-15 15:31:00,2023-10-15 16:59:00,22.3,400,Completed,
T3269,D287,R2817,Delhi,Connaught Place,Vasant Kunj,2023-10-27 20:07:00,,,0.0,0.0,Cancelled,Rider Cancelled
T3270,D142,R1347,Delhi,Rohini,Vasant Kunj,2023-10-28 09:03:00,2023-10-28 09:06:00,2023-10-28 09:45:00,15.2,337,Completed,
T3271,D213,R3835,Mumbai,Colaba,Powai,2023-10-21 14:45:00,2023-10-21 14:58:00,2023-10-21 15:13:00,5.6,162,Completed,
T3272,D188,R4934,Bangalore,Whitefield,Indiranagar,2023-10-07 04:27:00,2023-10-07 04:38:00,2023-10-07 05:28:00,15.3,356,Completed,
T3273,D111,R2969,Bangalore,Koramangala,Indiranagar,2023-10-18 01:47:00,2023-10-18 01:55:00,2023-10-18 02:52:00,19.0,340,Completed,
T3274,D237,R3129,Mumbai,Juhu,Bandra,2023-10-13 04:04:00,2023-10-13 04:19:00,2023-10-13 04:39:00,6.2,169,Completed,
T3275,D163,R3550,Bangalore,Koramangala,HSR Layout,2023-10-18 16:01:00,2023-10-18 16:07:00,2023-10-18 16:41:00,10.8,241,Completed,
T3276,D278,R2739,Delhi,Connaught Place,Rohini,2023-10-03 11:02:00,2023-10-03 11:14:00,2023-10-03 11:55:00,12.9,347,Completed,
T3277,D298,R2311,Bangalore,HSR Layout,Koramangala,2023-10-11 10:41:00,2023-10-11 10:53:00,2023-10-11 12:09:00,23.1,406,Completed,
T3278,D260,R2253,Bangalore,Indiranagar,Whitefield,2023-10-05 23:05:00,2023-10-05 23:12:00,2023-10-05 23:37:00,7.5,197,Completed,
T3279,D342,R1414,Delhi,Connaught Place,Saket,2023-10-24 08:55:00,2023-10-24 09:05:00,2023-10-24 10:33:00,24.8,447,Completed,
T3280,D235,R1308,Bangalore,HSR Layout,Koramangala,2023-10-20 19:08:00,2023-10-20 19:14:00,2023-10-20 19:22:00,3.1,124,Completed,
T3281,D285,R2189,Bangalore,HSR Layout,Koramangala,2023-10-22 22:57:00,2023-10-22 23:03:00,2023-10-22 23:49:00,17.9,403,Completed,
T3282,D331,R2909,Delhi,Dwarka,Vasant Kunj,2023-10-26 19:51:00,2023-10-26 19:58:00,2023-10-26 20:24:00,9.3,214,Completed,
T3283,D229,R3629,Mumbai,Andheri,Juhu,2023-10-14 18:16:00,2023-10-14 18:22:00,2023-10-14 19:45:00,20.8,549,Completed,
T3284,D242,R2984,Mumbai,Powai,Colaba,2023-10-18 01:38:00,2023-10-18 01:50:00,2023-10-18 02:35:00,11.7,330,Completed,
T3285,D191,R3039,Mumbai,Andheri,Colaba,2023-10-21 06:41:00,2023-10-21 06:44:00,2023-10-21 07:45:00,15.6,416,Completed,
T3286,D192,R4381,Delhi,Saket,Connaught Place,2023-10-03 14:56:00,2023-10-03 15:05:00,2023-10-03 15:32:00,7.8,198,Completed,
T3287,D182,R3254,Mumbai,Bandra,Powai,2023-10-08 09:04:00,2023-10-08 09:11:00,2023-10-08 10:21:00,20.9,475,Completed,
T3288,D307,R2810,Bangalore,Koramangala,Whitefield,2023-10-28 20:32:00,2023-10-28 20:37:00,2023-10-28 20:51:00,5.0,173,Completed,
T3289,D102,R2014,Delhi,Rohini,Connaught Place,2023-10-02 04:40:00,2023-10-02 04:45:00,2023-10-02 05:43:00,18.1,459,Completed,
T3290,D217,R2765,Delhi,Vasant Kunj,Connaught Place,2023-10-08 23:56:00,2023-10-09 00:11:00,2023-10-09 00:36:00,6.6,213,Completed,
T3291,D212,R4404,Mumbai,Powai,Bandra,2023-10-16 15:45:00,2023-10-16 16:00:00,2023-10-16 17:11:00,24.3,488,Completed,
T3292,D150,R1139,Mumbai,Bandra,Powai,2023-10-15 22:35:00,2023-10-15 22:47:00,2023-10-16 00:25:00,24.9,433,Completed,
T3293,D237,R3945,Mumbai,Juhu,Andheri,2023-10-16 18:59:00,2023-10-16 19:01:00,2023-10-16 19:52:00,18.9,463,Completed,
T3294,D333,R2424,Mumbai,Powai,Juhu,2023-10-09 06:00:00,2023-10-09 06:03:00,2023-10-09 06:37:00,12.2,294,Completed,
T3295,D290,R4866,Bangalore,Indiranagar,Koramangala,2023-10-08 00:54:00,,,0.0,0.0,Cancelled,Driver Not Found
T3296,D171,R3790,Bangalore,HSR Layout,Koramangala,2023-10-04 14:25:00,2023-10-04 14:31:00,2023-10-04 15:11:00,13.9,261,Completed,
T3297,D210,R2131,Delhi,Rohini,Connaught Place,2023-10-28 00:53:00,2023-10-28 00:59:00,2023-10-28 01:26:00,9.9,204,Completed,
T3298,D119,R2388,Mumbai,Juhu,Andheri,2023-10-20 20:38:00,2023-10-20 20:51:00,2023-10-20 21:07:00,6.6,195,Completed,
T3299,D144,R3725,Mumbai,Colaba,Bandra,2023-10-11 06:31:00,2023-10-11 06:37:00,2023-10-11 07:37:00,21.2,379,Completed,
T3300,D270,R4354,Bangalore,Whitefield,Koramangala,2023-10-23 00:35:00,2023-10-23 00:47:00,2023-10-23 01:29:00,16.2,318,Completed,
T3301,D134,R1512,Delhi,Dwarka,Rohini,2023-10-16 04:00:00,2023-10-16 04:05:00,2023-10-16 04:19:00,5.4,179,Completed,
T3302,D181,R2867,Mumbai,Powai,Juhu,2023-10-22 21:30:00,2023-10-22 21:39:00,2023-10-22 22:40:00,16.0,394,Completed,
T3303,D182,R1319,Mumbai,Bandra,Colaba,2023-10-09 14:20:00,2023-10-09 14:33:00,2023-10-09 15:12:00,11.5,284,Completed,
T3304,D275,R2763,Delhi,Vasant Kunj,Dwarka,2023-10-15 19:04:00,2023-10-15 19:16:00,2023-10-15 19:30:00,4.7,154,Completed,
T3305,D342,R4811,Delhi,Vasant Kunj,Dwarka,2023-10-04 00:11:00,2023-10-04 00:19:00,2023-10-04 01:05:00,17.6,472,Completed,
T3306,D240,R3639,Mumbai,Andheri,Bandra,2023-10-08 16:12:00,2023-10-08 16:26:00,2023-10-08 16:36:00,3.6,110,Completed,
T3307,D180,R1827,Delhi,Saket,Connaught Place,2023-10-06 06:23:00,2023-10-06 06:31:00,2023-10-06 07:48:00,23.7,441,Completed,
T3308,D221,R4579,Delhi,Rohini,Dwarka,2023-10-09 13:42:00,2023-10-09 13:51:00,2023-10-09 15:00:00,18.0,378,Completed,
T3309,D119,R1525,Mumbai,Colaba,Juhu,2023-10-30 14:19:00,2023-10-30 14:33:00,2023-10-30 15:28:00,20.6,421,Completed,
T3310,D236,R4374,Bangalore,HSR Layout,Indiranagar,2023-10-22 11:48:00,2023-10-22 12:02:00,2023-10-22 13:05:00,16.2,420,Completed,
T3311,D335,R2863,Bangalore,Indiranagar,Whitefield,2023-10-18 07:58:00,2023-10-18 08:10:00,2023-10-18 08:42:00,9.0,259,Completed,
T3312,D150,R2220,Mumbai,Andheri,Bandra,2023-10-25 19:27:00,2023-10-25 19:33:00,2023-10-25 19:46:00,3.9,143,Completed,
T3313,D271,R1129,Delhi,Vasant Kunj,Rohini,2023-10-23 02:03:00,2023-10-23 02:11:00,2023-10-23 02:31:00,8.1,181,Completed,
T3314,D264,R3924,Mumbai,Juhu,Andheri,2023-10-09 23:40:00,2023-10-09 23:48:00,2023-10-10 00:46:00,15.7,290,Completed,
T3315,D229,R3931,Mumbai,Juhu,Bandra,2023-10-14 16:43:00,2023-10-14 16:48:00,2023-10-14 17:58:00,19.9,472,Completed,
T3316,D216,R3275,Mumbai,Andheri,Colaba,2023-10-09 06:02:00,2023-10-09 06:06:00,2023-10-09 06:39:00,10.4,273,Completed,
T3317,D227,R1926,Bangalore,Indiranagar,Whitefield,2023-10-19 23:02:00,2023-10-19 23:15:00,2023-10-20 00:04:00,18.8,483,Completed,
T3318,D342,R3396,Delhi,Connaught Place,Saket,2023-10-25 19:56:00,2023-10-25 20:08:00,2023-10-25 20:33:00,9.2,219,Completed,
T3319,D224,R3870,Bangalore,Indiranagar,Jayanagar,2023-10-22 16:58:00,2023-10-22 17:07:00,2023-10-22 17:44:00,10.0,224,Completed,
T3320,D265,R1048,Mumbai,Powai,Bandra,2023-10-25 17:01:00,2023-10-25 17:07:00,2023-10-25 17:42:00,11.3,281,Completed,
T3321,D293,R1913,Mumbai,Juhu,Bandra,2023-10-17 02:05:00,2023-10-17 02:13:00,2023-10-17 03:37:00,24.2,420,Completed,
T3322,D305,R2966,Mumbai,Juhu,Bandra,2023-10-23 23:28:00,2023-10-23 23:31:00,2023-10-24 00:18:00,13.9,363,Completed,
T3323,D121,R2971,Delhi,Connaught Place,Dwarka,2023-10-03 20:36:00,2023-10-03 20:39:00,2023-10-03 20:55:00,5.6,155,Completed,
T3324,D198,R3259,Bangalore,HSR Layout,Koramangala,2023-10-21 06:19:00,,,0.0,0.0,Cancelled,Rider Cancelled
T3325,D321,R1569,Mumbai,Powai,Andheri,2023-10-01 03:47:00,2023-10-01 03:55:00,2023-10-01 04:46:00,15.7,420,Completed,
T3326,D334,R4621,Mumbai,Bandra,Colaba,2023-10-02 05:25:00,2023-10-02 05:27:00,2023-10-02 05:38:00,2.9,108,Completed,
T3327,D251,R2963,Delhi,Connaught Place,Vasant Kunj,2023-10-06 20:49:00,2023-10-06 20:56:00,2023-10-06 22:00:00,24.5,572,Completed,
T3328,D288,R4260,Mumbai,Powai,Andheri,2023-10-03 08:03:00,2023-10-03 08:06:00,2023-10-03 08:33:00,7.3,229,Completed,
T3329,D102,R1150,Delhi,Vasant Kunj,Saket,2023-10-24 02:59:00,2023-10-24 03:07:00,2023-10-24 03:49:00,11.3,250,Completed,
T3330,D272,R3673,Bangalore,Whitefield,Jayanagar,2023-10-15 17:59:00,2023-10-15 18:08:00,2023-10-15 19:15:00,21.1,464,Completed,
T3331,D159,R4732,Mumbai,Powai,Juhu,2023-10-12 18:06:00,,,0.0,0.0,Cancelled,Driver Cancelled
T3332,D180,R4705,Delhi,Dwarka,Connaught Place,2023-10-09 23:56:00,2023-10-10 00:07:00,2023-10-10 01:11:00,20.0,427,Completed,
T3333,D197,R1697,Mumbai,Bandra,Andheri,2023-10-11 13:37:00,2023-10-11 13:48:00,2023-10-11 14:30:00,11.2,289,Completed,
T3334,D268,R2447,Mumbai,Andheri,Colaba,2023-10-22 17:24:00,2023-10-22 17:38:00,2023-10-22 18:31:00,15.1,302,Completed,
T3335,D111,R2539,Bangalore,Whitefield,Koramangala,2023-10-30 05:45:00,2023-10-30 05:55:00,2023-10-30 06:49:00,14.1,327,Completed,
T3336,D138,R4947,Delhi,Saket,Connaught Place,2023-10-06 14:39:00,2023-10-06 14:42:00,2023-10-06 14:47:00,2.1,91,Completed,
T3337,D286,R2199,Mumbai,Juhu,Colaba,2023-10-07 13:12:00,2023-10-07 13:17:00,2023-10-07 14:20:00,21.3,575,Completed,
T3338,D327,R3226,Bangalore,Jayanagar,Indiranagar,2023-10-20 04:11:00,2023-10-20 04:21:00,2023-10-20 05:11:00,18.4,370,Completed,
T3339,D159,R4775,Mumbai,Andheri,Colaba,2023-10-10 23:44:00,2023-10-10 23:54:00,2023-10-11 01:00:00,23.1,534,Completed,
T3340,D234,R3836,Delhi,Saket,Rohini,2023-10-10 04:23:00,,,0.0,0.0,Cancelled,Driver Cancelled
T3341,D186,R2920,Bangalore,HSR Layout,Koramangala,2023-10-16 08:09:00,2023-10-16 08:20:00,2023-10-16 09:47:00,24.4,632,Completed,
T3342,D174,R3852,Bangalore,Koramangala,Whitefield,2023-10-18 22:36:00,2023-10-18 22:48:00,2023-10-18 22:55:00,2.8,110,Completed,
T3343,D229,R2246,Mumbai,Colaba,Andheri,2023-10-16 02:00:00,2023-10-16 02:14:00,2023-10-16 02:37:00,6.9,178,Completed,
T3344,D345,R3483,Mumbai,Colaba,Bandra,2023-10-12 14:33:00,2023-10-12 14:41:00,2023-10-12 15:23:00,12.3,315,Completed,
T3345,D252,R2655,Mumbai,Bandra,Andheri,2023-10-01 21:12:00,2023-10-01 21:23:00,2023-10-01 21:41:00,5.0,166,Completed,
T3346,D321,R1994,Mumbai,Andheri,Juhu,2023-10-30 04:21:00,2023-10-30 04:34:00,2023-10-30 04:55:00,7.3,180,Completed,
T3347,D311,R3399,Delhi,Vasant Kunj,Rohini,2023-10-20 15:51:00,2023-10-20 16:06:00,2023-10-20 17:02:00,20.7,455,Completed,
T3348,D165,R4234,Mumbai,Colaba,Powai,2023-10-18 09:47:00,2023-10-18 09:50:00,2023-10-18 11:07:00,24.4,491,Completed,
T3349,D284,R3253,Bangalore,HSR Layout,Jayanagar,2023-10-12 07:34:00,2023-10-12 07:42:00,2023-10-12 08:13:00,8.1,229,Completed,
T3350,D299,R1456,Delhi,Dwarka,Connaught Place,2023-10-24 23:43:00,2023-10-24 23:51:00,2023-10-25 00:43:00,15.5,283,Completed,
T3351,D293,R3016,Mumbai,Bandra,Juhu,2023-10-07 21:14:00,2023-10-07 21:27:00,2023-10-07 22:25:00,17.0,369,Completed,
T3352,D328,R1394,Delhi,Saket,Rohini,2023-10-14 01:36:00,2023-10-14 01:44:00,2023-10-14 02:19:00,10.2,299,Completed,
T3353,D144,R3548,Mumbai,Powai,Colaba,2023-10-07 03:11:00,2023-10-07 03:18:00,2023-10-07 03:59:00,13.9,384,Completed,
T3354,D283,R1764,Bangalore,Whitefield,Indiranagar,2023-10-28 00:08:00,2023-10-28 00:17:00,2023-10-28 00:35:00,4.7,142,Completed,
T3355,D268,R4596,Mumbai,Bandra,Powai,2023-10-14 21:54:00,2023-10-14 22:01:00,2023-10-14 23:11:00,21.7,588,Completed,
T3356,D281,R3071,Mumbai,Bandra,Colaba,2023-10-09 06:19:00,2023-10-09 06:27:00,2023-10-09 07:01:00,13.4,377,Completed,
T3357,D105,R3732,Delhi,Rohini,Connaught Place,2023-10-04 03:24:00,2023-10-04 03:27:00,2023-10-04 04:30:00,18.2,452,Completed,
T3358,D222,R3345,Mumbai,Colaba,Powai,2023-10-29 13:16:00,2023-10-29 13:26:00,2023-10-29 14:12:00,15.6,436,Completed,
T3359,D135,R1410,Delhi,Dwarka,Connaught Place,2023-10-16 01:20:00,,,0.0,0.0,Cancelled,Driver Cancelled
T3360,D173,R3320,Bangalore,Whitefield,Jayanagar,2023-10-06 11:19:00,2023-10-06 11:23:00,2023-10-06 11:41:00,5.3,151,Completed,
T3361,D290,R3064,Bangalore,Whitefield,Jayanagar,2023-10-19 14:37:00,2023-10-19 14:51:00,2023-10-19 15:18:00,6.9,221,Completed,
T3362,D190,R3972,Delhi,Vasant Kunj,Connaught Place,2023-10-09 21:52:00,2023-10-09 22:01:00,2023-10-09 22:45:00,12.3,347,Completed,
T3363,D230,R4897,Delhi,Connaught Place,Rohini,2023-10-02 07:48:00,2023-10-02 07:52:00,2023-10-02 09:00:00,21.7,458,Completed,
T3364,D154,R4118,Delhi,Rohini,Connaught Place,2023-10-03 23:26:00,2023-10-03 23:38:00,2023-10-04 00:19:00,14.3,286,Completed,
T3365,D329,R4111,Bangalore,Whitefield,Jayanagar,2023-10-07 16:47:00,2023-10-07 16:57:00,2023-10-07 17:44:00,15.3,378,Completed,
T3366,D226,R1940,Bangalore,Koramangala,Indiranagar,2023-10-18 10:58:00,2023-10-18 11:13:00,2023-10-18 11:54:00,10.6,304,Completed,
T3367,D226,R2859,Bangalore,Indiranagar,HSR Layout,2023-10-15 18:40:00,2023-10-15 18:54:00,2023-10-15 19:55:00,18.6,469,Completed,
T3368,D127,R2728,Bangalore,Indiranagar,Koramangala,2023-10-20 15:24:00,2023-10-20 15:38:00,2023-10-20 16:37:00,21.7,562,Completed,
T3369,D156,R4063,Bangalore,Jayanagar,Whitefield,2023-10-10 09:48:00,2023-10-10 10:00:00,2023-10-10 10:29:00,10.6,233,Completed,
T3370,D139,R4141,Delhi,Saket,Vasant Kunj,2023-10-24 09:07:00,2023-10-24 09:22:00,2023-10-24 10:14:00,14.9,342,Completed,
T3371,D265,R4377,Mumbai,Juhu,Bandra,2023-10-09 20:05:00,2023-10-09 20:14:00,2023-10-09 21:08:00,15.4,358,Completed,
T3372,D127,R2421,Bangalore,Koramangala,Indiranagar,2023-10-23 10:02:00,2023-10-23 10:05:00,2023-10-23 10:16:00,4.3,135,Completed,
T3373,D205,R3216,Bangalore,HSR Layout,Whitefield,2023-10-02 17:00:00,2023-10-02 17:04:00,2023-10-02 17:47:00,15.4,401,Completed,
T3374,D213,R1331,Mumbai,Juhu,Andheri,2023-10-11 05:13:00,2023-10-11 05:17:00,2023-10-11 05:30:00,3.7,138,Completed,
T3375,D208,R1316,Mumbai,Juhu,Powai,2023-10-24 03:43:00,2023-10-24 03:51:00,2023-10-24 04:28:00,11.6,321,Completed,
T3376,D314,R1472,Delhi,Rohini,Saket,2023-10-22 21:23:00,,,0.0,0.0,Cancelled,Driver Cancelled
T3377,D204,R3194,Bangalore,Indiranagar,Jayanagar,2023-10-16 17:15:00,2023-10-16 17:19:00,2023-10-16 18:05:00,15.2,410,Completed,
T3378,D233,R1429,Bangalore,HSR Layout,Jayanagar,2023-10-26 13:13:00,2023-10-26 13:24:00,2023-10-26 14:46:00,21.6,553,Completed,
T3379,D225,R4258,Mumbai,Powai,Juhu,2023-10-25 16:19:00,2023-10-25 16:31:00,2023-10-25 18:06:00,24.2,605,Completed,
T3380,D339,R4833,Bangalore,Jayanagar,Koramangala,2023-10-27 11:25:00,2023-10-27 11:32:00,2023-10-27 11:44:00,4.4,151,Completed,
T3381,D163,R3026,Bangalore,HSR Layout,Koramangala,2023-10-21 23:45:00,,,0.0,0.0,Cancelled,Driver Cancelled
T3382,D256,R1286,Delhi,Vasant Kunj,Dwarka,2023-10-25 01:30:00,2023-10-25 01:34:00,2023-10-25 02:29:00,18.3,401,Completed,
T3383,D201,R4040,Mumbai,Bandra,Andheri,2023-10-13 18:34:00,2023-10-13 18:39:00,2023-10-13 19:19:00,10.9,240,Completed,
T3384,D247,R2756,Mumbai,Juhu,Powai,2023-10-18 15:21:00,2023-10-18 15:23:00,2023-10-18 16:34:00,21.0,422,Completed,
T3385,D260,R1518,Bangalore,HSR Layout,Whitefield,2023-10-30 05:10:00,2023-10-30 05:24:00,2023-10-30 05:53:00,7.3,185,Completed,
T3386,D127,R2500,Bangalore,Koramangala,Jayanagar,2023-10-17 22:25:00,2023-10-17 22:34:00,2023-10-17 23:14:00,11.6,336,Completed,
T3387,D261,R2718,Delhi,Vasant Kunj,Connaught Place,2023-10-15 06:18:00,2023-10-15 06:28:00,2023-10-15 07:48:00,21.9,560,Completed,
T3388,D286,R2096,Mumbai,Andheri,Powai,2023-10-13 17:42:00,2023-10-13 17:47:00,2023-10-13 18:52:00,20.6,521,Completed,
T3389,D189,R1062,Delhi,Dwarka,Saket,2023-10-13 20:54:00,2023-10-13 21:00:00,2023-10-13 22:27:00,24.9,568,Completed,
T3390,D177,R4544,Mumbai,Colaba,Andheri,2023-10-21 02:10:00,2023-10-21 02:18:00,2023-10-21 03:41:00,24.3,432,Completed,
T3391,D220,R2651,Bangalore,Koramangala,Indiranagar,2023-10-02 09:08:00,2023-10-02 09:23:00,2023-10-02 10:24:00,22.7,476,Completed,
T3392,D333,R2413,Mumbai,Juhu,Colaba,2023-10-18 03:17:00,2023-10-18 03:26:00,2023-10-18 03:56:00,7.7,168,Completed,
T3393,D230,R1967,Delhi,Rohini,Dwarka,2023-10-23 11:16:00,2023-10-23 11:24:00,2023-10-23 12:10:00,16.8,411,Completed,
T3394,D245,R3608,Mumbai,Powai,Andheri,2023-10-07 10:11:00,2023-10-07 10:15:00,2023-10-07 10:35:00,6.4,170,Completed,
T3395,D335,R3640,Bangalore,Jayanagar,Indiranagar,2023-10-07 12:13:00,,,0.0,0.0,Cancelled,Driver Not Found
T3396,D332,R1866,Bangalore,Indiranagar,Koramangala,2023-10-23 08:54:00,2023-10-23 08:59:00,2023-10-23 10:19:00,23.8,589,Completed,
T3397,D187,R2498,Mumbai,Colaba,Powai,2023-10-08 09:14:00,,,0.0,0.0,Cancelled,Driver Not Found
T3398,D268,R2163,Mumbai,Bandra,Juhu,2023-10-02 11:20:00,,,0.0,0.0,Cancelled,Rider Cancelled
T3399,D341,R2419,Delhi,Saket,Vasant Kunj,2023-10-24 23:00:00,2023-10-24 23:06:00,2023-10-24 23:59:00,14.1,278,Completed,
T3400,D105,R2673,Delhi,Rohini,Vasant Kunj,2023-10-22 14:17:00,2023-10-22 14:19:00,2023-10-22 14:40:00,7.0,160,Completed,
T3401,D240,R1368,Mumbai,Colaba,Powai,2023-10-26 04:12:00,2023-10-26 04:16:00,2023-10-26 05:09:00,13.4,295,Completed,
T3402,D314,R1079,Delhi,Vasant Kunj,Rohini,2023-10-13 15:01:00,2023-10-13 15:08:00,2023-10-13 16:16:00,23.3,553,Completed,
T3403,D105,R3601,Delhi,Rohini,Saket,2023-10-30 20:23:00,2023-10-30 20:27:00,2023-10-30 21:15:00,17.3,477,Completed,
T3404,D286,R2449,Mumbai,Bandra,Juhu,2023-10-14 01:32:00,2023-10-14 01:37:00,2023-10-14 02:31:00,20.1,383,Completed,
T3405,D269,R4962,Delhi,Saket,Rohini,2023-10-28 06:42:00,2023-10-28 06:52:00,2023-10-28 08:01:00,19.5,515,Completed,
T3406,D176,R2469,Mumbai,Powai,Colaba,2023-10-02 19:10:00,2023-10-02 19:23:00,2023-10-02 20:24:00,22.0,386,Completed,
T3407,D285,R1878,Bangalore,Jayanagar,Koramangala,2023-10-18 11:14:00,2023-10-18 11:21:00,2023-10-18 11:58:00,10.0,271,Completed,
T3408,D202,R3211,Delhi,Vasant Kunj,Rohini,2023-10-28 14:09:00,2023-10-28 14:18:00,2023-10-28 15:02:00,14.0,394,Completed,
T3409,D231,R1401,Mumbai,Andheri,Powai,2023-10-19 09:06:00,2023-10-19 09:14:00,2023-10-19 09:41:00,9.0,225,Completed,
T3410,D325,R4959,Delhi,Rohini,Saket,2023-10-30 14:37:00,2023-10-30 14:47:00,2023-10-30 14:55:00,2.6,107,Completed,
T3411,D349,R3305,Mumbai,Andheri,Bandra,2023-10-05 03:09:00,2023-10-05 03:21:00,2023-10-05 03:31:00,2.8,106,Completed,
T3412,D245,R4433,Mumbai,Juhu,Andheri,2023-10-12 22:44:00,2023-10-12 22:48:00,2023-10-12 23:58:00,22.7,466,Completed,
T3413,D222,R4214,Mumbai,Colaba,Juhu,2023-10-09 17:04:00,2023-10-09 17:08:00,2023-10-09 17:34:00,10.5,236,Completed,
T3414,D205,R1677,Bangalore,Indiranagar,Whitefield,2023-10-02 06:03:00,2023-10-02 06:12:00,2023-10-02 06:36:00,6.7,209,Completed,
T3415,D236,R3555,Bangalore,Indiranagar,Koramangala,2023-10-07 12:49:00,2023-10-07 12:58:00,2023-10-07 13:16:00,6.7,156,Completed,
T3416,D135,R3769,Delhi,Rohini,Saket,2023-10-06 10:27:00,,,0.0,0.0,Cancelled,Rider Cancelled
T3417,D114,R3499,Delhi,Dwarka,Saket,2023-10-12 06:15:00,2023-10-12 06:24:00,2023-10-12 07:50:00,23.1,432,Completed,
T3418,D294,R3934,Bangalore,Jayanagar,HSR Layout,2023-10-10 20:41:00,2023-10-10 20:54:00,2023-10-10 21:58:00,17.1,437,Completed,
T3419,D340,R3731,Mumbai,Colaba,Bandra,2023-10-07 02:12:00,2023-10-07 02:17:00,2023-10-07 02:30:00,4.0,141,Completed,
T3420,D337,R3126,Mumbai,Bandra,Andheri,2023-10-18 18:04:00,2023-10-18 18:12:00,2023-10-18 19:47:00,24.2,495,Completed,
T3421,D167,R2526,Delhi,Dwarka,Saket,2023-10-11 01:21:00,2023-10-11 01:35:00,2023-10-11 02:55:00,22.7,397,Completed,
T3422,D184,R1444,Delhi,Vasant Kunj,Dwarka,2023-10-02 08:05:00,2023-10-02 08:09:00,2023-10-02 08:57:00,12.5,337,Completed,
T3423,D192,R3140,Delhi,Rohini,Saket,2023-10-05 05:56:00,,,0.0,0.0,Cancelled,Driver Not Found
T3424,D323,R2418,Bangalore,HSR Layout,Jayanagar,2023-10-30 09:39:00,2023-10-30 09:53:00,2023-10-30 11:00:00,22.4,607,Completed,
T3425,D197,R1444,Mumbai,Powai,Andheri,2023-10-08 01:12:00,2023-10-08 01:18:00,2023-10-08 01:45:00,7.4,201,Completed,
T3426,D127,R1112,Bangalore,Jayanagar,Whitefield,2023-10-05 11:41:00,2023-10-05 11:52:00,2023-10-05 12:31:00,12.9,302,Completed,
T3427,D341,R2134,Delhi,Rohini,Saket,2023-10-13 04:10:00,2023-10-13 04:25:00,2023-10-13 04:43:00,5.7,173,Completed,
T3428,D257,R3819,Mumbai,Andheri,Colaba,2023-10-12 17:01:00,,,0.0,0.0,Cancelled,Driver Cancelled
T3429,D180,R3188,Delhi,Rohini,Vasant Kunj,2023-10-18 19:20:00,2023-10-18 19:26:00,2023-10-18 20:12:00,13.3,250,Completed,
T3430,D165,R1604,Mumbai,Andheri,Powai,2023-10-08 19:37:00,2023-10-08 19:52:00,2023-10-08 21:03:00,21.9,462,Completed,
T3431,D342,R4163,Delhi,Connaught Place,Rohini,2023-10-21 04:46:00,,,0.0,0.0,Cancelled,Other
T3432,D178,R3395,Bangalore,Jayanagar,Indiranagar,2023-10-17 21:14:00,2023-10-17 21:27:00,2023-10-17 22:27:00,17.0,439,Completed,
T3433,D121,R3427,Delhi,Rohini,Saket,2023-10-06 04:09:00,2023-10-06 04:21:00,2023-10-06 05:21:00,16.5,398,Completed,
T3434,D178,R2221,Bangalore,Indiranagar,Koramangala,2023-10-25 18:06:00,2023-10-25 18:08:00,2023-10-25 18:59:00,14.9,307,Completed,
T3435,D178,R3346,Bangalore,Koramangala,HSR Layout,2023-10-24 03:00:00,2023-10-24 03:03:00,2023-10-24 04:24:00,21.0,479,Completed,
T3436,D179,R2776,Delhi,Dwarka,Rohini,2023-10-18 08:59:00,2023-10-18 09:03:00,2023-10-18 09:30:00,9.1,223,Completed,
T3437,D124,R2099,Delhi,Connaught Place,Saket,2023-10-02 04:15:00,2023-10-02 04:30:00,2023-10-02 04:37:00,2.9,95,Completed,
T3438,D350,R4365,Bangalore,HSR Layout,Koramangala,2023-10-19 10:07:00,2023-10-19 10:16:00,2023-10-19 11:08:00,13.7,375,Completed,
T3439,D213,R1189,Mumbai,Bandra,Andheri,2023-10-20 00:16:00,2023-10-20 00:24:00,2023-10-20 01:46:00,22.5,478,Completed,
T3440,D212,R3906,Mumbai,Powai,Andheri,2023-10-12 17:41:00,2023-10-12 17:49:00,2023-10-12 18:09:00,6.7,206,Completed,
T3441,D325,R4818,Delhi,Rohini,Vasant Kunj,2023-10-30 20:09:00,2023-10-30 20:15:00,2023-10-30 20:51:00,13.8,339,Completed,
T3442,D208,R2942,Mumbai,Andheri,Bandra,2023-10-19 23:59:00,2023-10-20 00:08:00,2023-10-20 01:20:00,23.1,511,Completed,
T3443,D152,R2212,Bangalore,Whitefield,Indiranagar,2023-10-30 05:23:00,2023-10-30 05:26:00,2023-10-30 06:06:00,16.1,385,Completed,
T3444,D287,R2455,Delhi,Vasant Kunj,Saket,2023-10-26 05:16:00,2023-10-26 05:24:00,2023-10-26 05:36:00,4.1,131,Completed,
T3445,D258,R1254,Bangalore,Jayanagar,Whitefield,2023-10-21 18:51:00,2023-10-21 19:01:00,2023-10-21 20:25:00,22.1,465,Completed,
T3446,D302,R2009,Bangalore,Whitefield,Koramangala,2023-10-03 00:56:00,2023-10-03 01:07:00,2023-10-03 01:46:00,12.4,260,Completed,
T3447,D249,R3733,Bangalore,HSR Layout,Whitefield,2023-10-12 23:49:00,2023-10-12 23:59:00,2023-10-13 00:35:00,14.1,384,Completed,
T3448,D333,R3484,Mumbai,Andheri,Bandra,2023-10-13 16:45:00,2023-10-13 16:48:00,2023-10-13 17:18:00,9.4,275,Completed,
T3449,D226,R2288,Bangalore,Indiranagar,Jayanagar,2023-10-29 05:42:00,,,0.0,0.0,Cancelled,Driver Cancelled
T3450,D154,R3571,Delhi,Connaught Place,Saket,2023-10-03 22:28:00,2023-10-03 22:38:00,2023-10-03 23:18:00,15.2,319,Completed,
T3451,D227,R4759,Bangalore,HSR Layout,Indiranagar,2023-10-04 05:09:00,2023-10-04 05:14:00,2023-10-04 05:36:00,6.4,153,Completed,
T3452,D333,R4965,Mumbai,Bandra,Andheri,2023-10-09 02:03:00,2023-10-09 02:05:00,2023-10-09 02:49:00,13.7,323,Completed,
T3453,D149,R4060,Delhi,Rohini,Connaught Place,2023-10-02 01:01:00,2023-10-02 01:11:00,2023-10-02 01:50:00,10.0,296,Completed,
T3454,D218,R3403,Bangalore,Whitefield,Indiranagar,2023-10-28 16:52:00,2023-10-28 16:58:00,2023-10-28 18:18:00,24.0,492,Completed,
T3455,D180,R3911,Delhi,Connaught Place,Vasant Kunj,2023-10-20 01:22:00,2023-10-20 01:25:00,2023-10-20 02:09:00,12.2,349,Completed,
T3456,D212,R1588,Mumbai,Powai,Juhu,2023-10-24 05:50:00,2023-10-24 06:01:00,2023-10-24 06:38:00,14.6,360,Completed,
T3457,D228,R1083,Delhi,Dwarka,Saket,2023-10-14 04:29:00,2023-10-14 04:35:00,2023-10-14 05:20:00,12.9,270,Completed,
T3458,D255,R4711,Bangalore,Whitefield,Jayanagar,2023-10-12 21:46:00,2023-10-12 21:58:00,2023-10-12 22:07:00,2.8,118,Completed,
T3459,D337,R1842,Mumbai,Bandra,Powai,2023-10-19 17:48:00,2023-10-19 17:58:00,2023-10-19 18:08:00,3.5,112,Completed,
T3460,D218,R1589,Bangalore,Indiranagar,Whitefield,2023-10-13 00:18:00,2023-10-13 00:27:00,2023-10-13 00:51:00,8.9,206,Completed,
T3461,D305,R4034,Mumbai,Andheri,Colaba,2023-10-22 23:07:00,2023-10-22 23:22:00,2023-10-22 23:27:00,2.2,95,Completed,
T3462,D248,R1286,Bangalore,Indiranagar,Jayanagar,2023-10-05 01:31:00,2023-10-05 01:40:00,2023-10-05 02:48:00,18.5,482,Completed,
T3463,D144,R3239,Mumbai,Juhu,Colaba,2023-10-23 18:03:00,,,0.0,0.0,Cancelled,Rider Cancelled
T3464,D345,R1112,Mumbai,Juhu,Bandra,2023-10-17 11:55:00,2023-10-17 12:03:00,2023-10-17 12:11:00,2.8,99,Completed,
T3465,D313,R4344,Bangalore,Koramangala,HSR Layout,2023-10-24 06:18:00,,,0.0,0.0,Cancelled,Rider Cancelled
T3466,D253,R1077,Delhi,Connaught Place,Vasant Kunj,2023-10-30 17:52:00,2023-10-30 17:54:00,2023-10-30 18:38:00,16.1,304,Completed,
T3467,D156,R2490,Bangalore,Jayanagar,Whitefield,2023-10-29 19:23:00,2023-10-29 19:27:00,2023-10-29 20:29:00,23.9,473,Completed,
T3468,D169,R4130,Delhi,Connaught Place,Dwarka,2023-10-16 23:07:00,2023-10-16 23:18:00,2023-10-17 00:03:00,14.4,351,Completed,
T3469,D318,R3165,Bangalore,Koramangala,HSR Layout,2023-10-07 10:05:00,2023-10-07 10:09:00,2023-10-07 10:22:00,3.9,141,Completed,
T3470,D148,R4167,Mumbai,Bandra,Colaba,2023-10-05 00:01:00,2023-10-05 00:16:00,2023-10-05 00:38:00,6.2,157,Completed,
T3471,D350,R2512,Bangalore,Jayanagar,HSR Layout,2023-10-06 12:35:00,2023-10-06 12:47:00,2023-10-06 14:06:00,23.8,412,Completed,
T3472,D232,R1035,Bangalore,Koramangala,Indiranagar,2023-10-05 20:58:00,2023-10-05 21:11:00,2023-10-05 22:09:00,21.4,406,Completed,
T3473,D139,R1870,Delhi,Rohini,Dwarka,2023-10-25 10:38:00,,,0.0,0.0,Cancelled,Other
T3474,D182,R2060,Mumbai,Powai,Andheri,2023-10-08 20:47:00,2023-10-08 20:56:00,2023-10-08 21:35:00,12.5,320,Completed,
T3475,D289,R3942,Mumbai,Powai,Andheri,2023-10-29 07:52:00,2023-10-29 08:00:00,2023-10-29 08:31:00,10.6,283,Completed,
T3476,D216,R4493,Mumbai,Juhu,Colaba,2023-10-04 17:52:00,2023-10-04 17:59:00,2023-10-04 18:40:00,15.5,413,Completed,
T3477,D140,R4116,Delhi,Vasant Kunj,Rohini,2023-10-02 12:59:00,,,0.0,0.0,Cancelled,Driver Cancelled
T3478,D152,R4003,Bangalore,Whitefield,Indiranagar,2023-10-30 00:50:00,2023-10-30 01:03:00,2023-10-30 01:14:00,3.5,109,Completed,
T3479,D292,R3602,Delhi,Saket,Dwarka,2023-10-24 23:47:00,2023-10-25 00:02:00,2023-10-25 00:36:00,9.0,239,Completed,
T3480,D217,R3185,Delhi,Rohini,Vasant Kunj,2023-10-05 01:14:00,2023-10-05 01:16:00,2023-10-05 02:23:00,19.5,381,Completed,
T3481,D243,R1557,Delhi,Vasant Kunj,Dwarka,2023-10-27 08:50:00,2023-10-27 08:57:00,2023-10-27 09:24:00,8.1,192,Completed,
T3482,D224,R1760,Bangalore,HSR Layout,Whitefield,2023-10-30 04:44:00,2023-10-30 04:47:00,2023-10-30 04:57:00,3.1,118,Completed,
T3483,D321,R4580,Mumbai,Powai,Colaba,2023-10-19 22:27:00,2023-10-19 22:38:00,2023-10-19 23:51:00,23.8,526,Completed,
T3484,D228,R1138,Delhi,Vasant Kunj,Saket,2023-10-10 16:27:00,2023-10-10 16:37:00,2023-10-10 17:07:00,10.6,225,Completed,
T3485,D349,R4507,Mumbai,Bandra,Andheri,2023-10-29 17:16:00,2023-10-29 17:20:00,2023-10-29 18:00:00,13.7,347,Completed,
T3486,D136,R2859,Bangalore,Indiranagar,HSR Layout,2023-10-28 19:44:00,2023-10-28 19:48:00,2023-10-28 20:59:00,24.2,553,Completed,
T3487,D329,R1220,Bangalore,Jayanagar,HSR Layout,2023-10-13 04:19:00,2023-10-13 04:24:00,2023-10-13 04:41:00,6.2,147,Completed,
T3488,D301,R2363,Mumbai,Powai,Juhu,2023-10-24 15:01:00,2023-10-24 15:15:00,2023-10-24 16:02:00,16.9,400,Completed,
T3489,D304,R4391,Mumbai,Bandra,Colaba,2023-10-17 20:08:00,2023-10-17 20:20:00,2023-10-17 20:53:00,8.9,264,Completed,
T3490,D128,R2779,Bangalore,Whitefield,Koramangala,2023-10-30 07:37:00,2023-10-30 07:49:00,2023-10-30 08:07:00,6.8,212,Completed,
T3491,D220,R3138,Bangalore,Indiranagar,HSR Layout,2023-10-28 15:22:00,2023-10-28 15:28:00,2023-10-28 16:08:00,14.1,264,Completed,
T3492,D172,R3824,Bangalore,Indiranagar,Koramangala,2023-10-22 17:54:00,,,0.0,0.0,Cancelled,Driver Cancelled
T3493,D203,R1449,Delhi,Saket,Vasant Kunj,2023-10-07 01:40:00,2023-10-07 01:47:00,2023-10-07 02:21:00,9.6,210,Completed,
T3494,D189,R4245,Delhi,Saket,Connaught Place,2023-10-29 10:45:00,2023-10-29 10:59:00,2023-10-29 11:13:00,3.8,132,Completed,
T3495,D199,R4692,Delhi,Vasant Kunj,Saket,2023-10-25 01:10:00,2023-10-25 01:22:00,2023-10-25 02:07:00,14.6,367,Completed,
T3496,D214,R1542,Mumbai,Andheri,Bandra,2023-10-16 03:51:00,2023-10-16 04:06:00,2023-10-16 04:30:00,8.5,193,Completed,
T3497,D185,R2603,Mumbai,Powai,Juhu,2023-10-25 13:17:00,2023-10-25 13:29:00,2023-10-25 14:35:00,19.1,430,Completed,
T3498,D111,R3705,Bangalore,Whitefield,HSR Layout,2023-10-24 21:41:00,,,0.0,0.0,Cancelled,Driver Not Found
T3499,D276,R4334,Mumbai,Powai,Bandra,2023-10-25 06:47:00,2023-10-25 07:01:00,2023-10-25 08:06:00,18.0,498,Completed,
T3500,D188,R3051,Bangalore,Koramangala,Whitefield,2023-10-08 13:47:00,,2023-10-08 14:41:00,13.8,260,Completed,
T3501,D297,R3182,Mumbai,Bandra,Juhu,2023-10-22 16:28:00,2023-10-22 16:33:00,2023-10-22 16:45:00,3.3,122,Completed,
T3502,D123,R1900,Mumbai,Bandra,Andheri,2023-10-29 04:52:00,2023-10-29 04:59:00,2023-10-29 05:48:00,14.6,322,Completed,
T3503,D191,R1779,Mumbai,Bandra,Juhu,2023-10-04 21:18:00,2023-10-04 21:25:00,2023-10-04 22:59:00,24.6,510,Completed,
T3504,D211,R4631,Delhi,Saket,Rohini,2023-10-07 08:57:00,,,0.0,0.0,Cancelled,Driver Not Found
T3505,D234,R1881,Delhi,Vasant Kunj,Connaught Place,2023-10-27 08:23:00,2023-10-27 08:30:00,2023-10-27 09:23:00,16.7,381,Completed,
T3506,D198,R2881,Bangalore,Koramangala,Indiranagar,2023-10-22 13:40:00,2023-10-22 13:52:00,2023-10-22 14:54:00,18.9,464,Completed,
T3507,D232,R2072,Bangalore,Koramangala,Indiranagar,2023-10-11 22:15:00,2023-10-11 22:25:00,2023-10-11 23:19:00,17.2,382,Completed,
T3508,D311,R3319,Delhi,Dwarka,Connaught Place,2023-10-26 20:40:00,2023-10-26 20:45:00,2023-10-26 21:06:00,6.1,144,Completed,
T3509,D199,R1641,Delhi,Rohini,Saket,2023-10-29 12:23:00,2023-10-29 12:28:00,2023-10-29 13:15:00,14.0,392,Completed,
T3510,D211,R4442,Delhi,Saket,Rohini,2023-10-21 14:53:00,2023-10-21 14:57:00,2023-10-21 15:10:00,5.4,156,Completed,
T3511,D192,R3526,Delhi,Rohini,Connaught Place,2023-10-11 13:14:00,2023-10-11 13:29:00,2023-10-11 14:03:00,11.3,297,Completed,
T3512,D215,R2801,Bangalore,Indiranagar,Jayanagar,2023-10-22 11:59:00,,,0.0,0.0,Cancelled,Driver Cancelled
T3513,D111,R2955,Bangalore,Whitefield,HSR Layout,2023-10-28 21:15:00,2023-10-28 21:22:00,2023-10-28 22:21:00,19.6,409,Completed,
T3514,D309,R3765,Delhi,Saket,Rohini,2023-10-12 16:54:00,2023-10-12 17:08:00,2023-10-12 18:39:00,23.4,610,Completed,
T3515,D258,R2859,Bangalore,Koramangala,Indiranagar,2023-10-18 13:41:00,2023-10-18 13:43:00,2023-10-18 14:43:00,22.3,391,Completed,
T3516,D295,R3422,Delhi,Dwarka,Saket,2023-10-23 14:56:00,2023-10-23 15:09:00,2023-10-23 15:29:00,6.6,183,Completed,
T3517,D201,R3837,Mumbai,Bandra,Powai,2023-10-06 17:37:00,2023-10-06 17:43:00,2023-10-06 18:10:00,7.2,185,Completed,
T3518,D204,R4873,Bangalore,HSR Layout,Indiranagar,2023-10-26 00:05:00,2023-10-26 00:14:00,2023-10-26 01:09:00,15.7,312,Completed,
T3519,D314,R1292,Delhi,Vasant Kunj,Saket,2023-10-11 08:58:00,2023-10-11 09:12:00,2023-10-11 09:35:00,6.4,200,Completed,
T3520,D135,R2716,Delhi,Connaught Place,Vasant Kunj,2023-10-15 16:36:00,2023-10-15 16:43:00,2023-10-15 17:22:00,13.1,343,Completed,
T3521,D322,R4902,Delhi,Vasant Kunj,Rohini,2023-10-09 21:09:00,,,0.0,0.0,Cancelled,Driver Not Found
T3522,D314,R2830,Delhi,Saket,Connaught Place,2023-10-02 06:44:00,2023-10-02 06:47:00,2023-10-02 07:01:00,4.7,134,Completed,
T3523,D109,R4943,Mumbai,Andheri,Bandra,2023-10-08 23:26:00,2023-10-08 23:37:00,2023-10-09 00:20:00,16.4,393,Completed,
T3524,D213,R1532,Mumbai,Powai,Colaba,2023-10-18 20:46:00,2023-10-18 21:01:00,2023-10-18 22:23:00,22.6,596,Completed,
T3525,D244,R4380,Delhi,Dwarka,Vasant Kunj,2023-10-25 05:23:00,,,0.0,0.0,Cancelled,Rider Cancelled
T3526,D312,R1711,Mumbai,Bandra,Andheri,2023-10-22 00:35:00,2023-10-22 00:41:00,2023-10-22 01:07:00,8.8,186,Completed,
T3527,D131,R1109,Bangalore,Jayanagar,Koramangala,2023-10-20 23:13:00,2023-10-20 23:28:00,2023-10-21 00:17:00,18.2,494,Completed,
T3528,D165,R2880,Mumbai,Powai,Bandra,2023-10-27 08:13:00,2023-10-27 08:20:00,2023-10-27 09:02:00,15.3,391,Completed,
T3529,D224,R4654,Bangalore,HSR Layout,Whitefield,2023-10-07 20:58:00,2023-10-07 21:06:00,2023-10-07 22:10:00,17.9,355,Completed,
T3530,D314,R1963,Delhi,Rohini,Saket,2023-10-28 06:37:00,2023-10-28 06:44:00,2023-10-28 07:36:00,13.3,382,Completed,
T3531,D294,R3989,Bangalore,Koramangala,Indiranagar,2023-10-15 16:29:00,2023-10-15 16:31:00,2023-10-15 17:33:00,19.4,449,Completed,
T3532,D252,R1372,Mumbai,Powai,Juhu,2023-10-16 04:40:00,2023-10-16 04:44:00,2023-10-16 06:12:00,24.4,508,Completed,
T3533,D219,R3678,Delhi,Rohini,Saket,2023-10-08 00:19:00,2023-10-08 00:32:00,2023-10-08 00:53:00,6.4,186,Completed,
T3534,D267,R4223,Delhi,Dwarka,Connaught Place,2023-10-02 19:50:00,2023-10-02 20:04:00,2023-10-02 20:19:00,5.3,168,Completed,
T3535,D239,R3460,Delhi,Connaught Place,Dwarka,2023-10-27 00:40:00,2023-10-27 00:50:00,2023-10-27 01:01:00,4.3,117,Completed,
T3536,D274,R2668,Bangalore,Jayanagar,Koramangala,2023-10-25 22:39:00,2023-10-25 22:48:00,2023-10-25 23:39:00,19.0,422,Completed,
T3537,D311,R3047,Delhi,Vasant Kunj,Dwarka,2023-10-03 11:43:00,,,0.0,0.0,Cancelled,Driver Cancelled
T3538,D139,R1274,Delhi,Dwarka,Vasant Kunj,2023-10-21 04:01:00,2023-10-21 04:07:00,2023-10-21 05:11:00,23.0,397,Completed,
T3539,D124,R1348,Delhi,Dwarka,Saket,2023-10-25 13:29:00,2023-10-25 13:41:00,2023-10-25 14:25:00,16.2,404,Completed,
T3540,D179,R4132,Delhi,Dwarka,Rohini,2023-10-19 18:03:00,,,0.0,0.0,Cancelled,Other
T3541,D227,R3257,Bangalore,Jayanagar,HSR Layout,2023-10-02 01:38:00,2023-10-02 01:44:00,2023-10-02 02:28:00,14.8,308,Completed,
T3542,D198,R3570,Bangalore,Indiranagar,Jayanagar,2023-10-15 04:09:00,2023-10-15 04:24:00,2023-10-15 05:26:00,17.8,385,Completed,
T3543,D165,R3684,Mumbai,Juhu,Bandra,2023-10-04 12:22:00,2023-10-04 12:36:00,2023-10-04 13:51:00,19.2,359,Completed,
T3544,D276,R4422,Mumbai,Juhu,Bandra,2023-10-04 05:07:00,2023-10-04 05:14:00,2023-10-04 05:51:00,14.3,318,Completed,
T3545,D300,R2739,Delhi,Rohini,Connaught Place,2023-10-14 15:02:00,,,0.0,0.0,Cancelled,Rider Cancelled
T3546,D325,R4833,Delhi,Saket,Vasant Kunj,2023-10-23 22:50:00,2023-10-23 22:53:00,2023-10-23 23:36:00,15.0,296,Completed,
T3547,D227,R2122,Bangalore,Indiranagar,HSR Layout,2023-10-16 23:42:00,2023-10-16 23:47:00,2023-10-17 01:01:00,24.0,570,Completed,
T3548,D203,R3401,Delhi,Vasant Kunj,Dwarka,2023-10-26 02:28:00,,,0.0,0.0,Cancelled,Driver Cancelled
T3549,D342,R2110,Delhi,Vasant Kunj,Connaught Place,2023-10-07 06:35:00,2023-10-07 06:44:00,2023-10-07 07:48:00,22.9,470,Completed,
T3550,D117,R2343,Mumbai,Colaba,Andheri,2023-10-21 01:48:00,2023-10-21 02:02:00,2023-10-21 03:16:00,21.1,380,Completed,
T3551,D111,R1786,Bangalore,Indiranagar,HSR Layout,2023-10-20 20:58:00,2023-10-20 21:07:00,2023-10-20 21:59:00,15.5,406,Completed,
T3552,D111,R4746,Bangalore,Whitefield,Jayanagar,2023-10-11 00:26:00,2023-10-11 00:40:00,2023-10-11 00:58:00,7.2,211,Completed,
T3553,D323,R3974,Bangalore,Jayanagar,HSR Layout,2023-10-06 14:10:00,2023-10-06 14:24:00,2023-10-06 15:16:00,14.4,310,Completed,
T3554,D122,R1599,Bangalore,HSR Layout,Jayanagar,2023-10-04 12:03:00,2023-10-04 12:11:00,2023-10-04 12:55:00,14.7,288,Completed,
T3555,D117,R1199,Mumbai,Powai,Bandra,2023-10-10 08:29:00,2023-10-10 08:42:00,2023-10-10 09:31:00,12.9,293,Completed,
T3556,D327,R3875,Bangalore,Koramangala,Jayanagar,2023-10-24 09:53:00,2023-10-24 09:58:00,2023-10-24 10:13:00,6.2,189,Completed,
T3557,D242,R2369,Mumbai,Colaba,Juhu,2023-10-28 08:16:00,2023-10-28 08:27:00,2023-10-28 08:47:00,5.6,142,Completed,
T3558,D169,R2966,Delhi,Saket,Rohini,2023-10-18 20:49:00,2023-10-18 20:58:00,2023-10-18 21:59:00,20.6,517,Completed,
T3559,D158,R4749,Bangalore,Jayanagar,Indiranagar,2023-10-25 04:54:00,,,0.0,0.0,Cancelled,Other
T3560,D282,R2854,Delhi,Saket,Connaught Place,2023-10-08 13:21:00,2023-10-08 13:33:00,2023-10-08 14:31:00,23.1,525,Completed,
T3561,D249,R3421,Bangalore,Indiranagar,Whitefield,2023-10-10 08:41:00,2023-10-10 08:53:00,2023-10-10 10:07:00,20.7,477,Completed,
T3562,D327,R2066,Bangalore,Jayanagar,HSR Layout,2023-10-18 17:21:00,2023-10-18 17:33:00,2023-10-18 17:43:00,3.8,140,Completed,
T3563,D105,R4783,Delhi,Saket,Rohini,2023-10-19 05:32:00,2023-10-19 05:45:00,2023-10-19 07:01:00,19.9,543,Completed,
T3564,D173,R1014,Bangalore,Jayanagar,HSR Layout,2023-10-04 06:07:00,2023-10-04 06:13:00,2023-10-04 07:35:00,23.5,460,Completed,
T3565,D238,R1606,Bangalore,Indiranagar,Jayanagar,2023-10-22 05:54:00,2023-10-22 06:01:00,2023-10-22 06:15:00,4.7,135,Completed,
T3566,D169,R2028,Delhi,Saket,Connaught Place,2023-10-04 07:21:00,2023-10-04 07:34:00,2023-10-04 07:40:00,2.2,96,Completed,
T3567,D123,R2620,Mumbai,Powai,Bandra,2023-10-04 08:39:00,2023-10-04 08:44:00,2023-10-04 09:27:00,11.3,258,Completed,
T3568,D332,R3359,Bangalore,Jayanagar,Whitefield,2023-10-17 22:23:00,2023-10-17 22:30:00,2023-10-17 23:42:00,19.8,456,Completed,
T3569,D281,R4152,Mumbai,Powai,Andheri,2023-10-18 06:35:00,2023-10-18 06:41:00,2023-10-18 07:06:00,8.0,172,Completed,
T3570,D296,R1566,Mumbai,Juhu,Andheri,2023-10-04 19:09:00,2023-10-04 19:21:00,2023-10-04 20:10:00,13.4,365,Completed,
T3571,D333,R2540,Mumbai,Powai,Bandra,2023-10-01 18:43:00,2023-10-01 18:58:00,2023-10-01 19:59:00,16.1,338,Completed,
T3572,D161,R4864,Delhi,Connaught Place,Dwarka,2023-10-24 13:14:00,2023-10-24 13:17:00,2023-10-24 13:50:00,12.0,349,Completed,
T3573,D264,R4316,Mumbai,Juhu,Bandra,2023-10-07 12:49:00,2023-10-07 13:04:00,2023-10-07 14:30:00,22.3,575,Completed,
T3574,D183,R3351,Bangalore,Jayanagar,Whitefield,2023-10-20 11:33:00,2023-10-20 11:39:00,2023-10-20 12:41:00,23.6,546,Completed,
T3575,D301,R1184,Mumbai,Bandra,Andheri,2023-10-11 06:29:00,2023-10-11 06:34:00,2023-10-11 07:49:00,24.4,459,Completed,
T3576,D148,R1132,Mumbai,Juhu,Colaba,2023-10-16 10:49:00,2023-10-16 10:52:00,2023-10-16 11:42:00,16.1,302,Completed,
T3577,D228,R1104,Delhi,Dwarka,Connaught Place,2023-10-02 21:06:00,2023-10-02 21:14:00,2023-10-02 21:53:00,12.5,300,Completed,
T3578,D261,R3964,Delhi,Saket,Dwarka,2023-10-12 13:26:00,2023-10-12 13:34:00,2023-10-12 14:24:00,14.0,360,Completed,
T3579,D192,R3132,Delhi,Vasant Kunj,Connaught Place,2023-10-09 02:39:00,,,0.0,0.0,Cancelled,Other
T3580,D161,R2663,Delhi,Saket,Connaught Place,2023-10-23 11:44:00,2023-10-23 11:49:00,2023-10-23 12:23:00,10.0,253,Completed,
T3581,D103,R3616,Delhi,Dwarka,Vasant Kunj,2023-10-21 02:55:00,2023-10-21 03:03:00,2023-10-21 03:26:00,7.1,178,Completed,
T3582,D191,R3875,Mumbai,Colaba,Powai,2023-10-13 14:13:00,2023-10-13 14:27:00,2023-10-13 14:59:00,11.5,262,Completed,
T3583,D304,R4214,Mumbai,Colaba,Powai,2023-10-30 14:55:00,2023-10-30 15:05:00,2023-10-30 15:57:00,17.9,413,Completed,
T3584,D251,R1986,Delhi,Rohini,Vasant Kunj,2023-10-15 07:57:00,2023-10-15 08:05:00,2023-10-15 08:55:00,16.3,394,Completed,
T3585,D311,R3538,Delhi,Vasant Kunj,Dwarka,2023-10-24 01:29:00,2023-10-24 01:36:00,2023-10-24 02:48:00,21.7,499,Completed,
T3586,D189,R1369,Delhi,Vasant Kunj,Dwarka,2023-10-30 18:12:00,2023-10-30 18:19:00,2023-10-30 18:32:00,3.4,134,Completed,
T3587,D247,R4147,Mumbai,Powai,Colaba,2023-10-19 09:03:00,2023-10-19 09:18:00,2023-10-19 10:28:00,21.3,495,Completed,
T3588,D235,R4503,Bangalore,Whitefield,Indiranagar,2023-10-03 19:07:00,2023-10-03 19:10:00,2023-10-03 20:36:00,22.9,466,Completed,
T3589,D227,R4343,Bangalore,Jayanagar,Indiranagar,2023-10-08 09:24:00,2023-10-08 09:32:00,2023-10-08 10:28:00,16.4,310,Completed,
T3590,D261,R2627,Delhi,Saket,Vasant Kunj,2023-10-26 05:45:00,2023-10-26 05:52:00,2023-10-26 06:36:00,15.3,425,Completed,
T3591,D190,R1559,Delhi,Saket,Connaught Place,2023-10-29 21:09:00,2023-10-29 21:15:00,2023-10-29 22:19:00,24.1,650,Completed,
T3592,D340,R2904,Mumbai,Andheri,Powai,2023-10-14 04:19:00,,,0.0,0.0,Cancelled,Driver Not Found
T3593,D268,R2028,Mumbai,Bandra,Powai,2023-10-14 02:01:00,2023-10-14 02:16:00,2023-10-14 03:08:00,14.2,299,Completed,
T3594,D217,R1385,Delhi,Dwarka,Vasant Kunj,2023-10-03 13:09:00,2023-10-03 13:22:00,2023-10-03 13:58:00,11.7,276,Completed,
T3595,D249,R3396,Bangalore,Koramangala,Whitefield,2023-10-12 15:43:00,2023-10-12 15:52:00,2023-10-12 17:16:00,22.0,459,Completed,
T3596,D295,R1225,Delhi,Vasant Kunj,Rohini,2023-10-04 01:43:00,,,0.0,0.0,Cancelled,Driver Cancelled
T3597,D272,R4246,Bangalore,HSR Layout,Koramangala,2023-10-17 19:47:00,,,0.0,0.0,Cancelled,Driver Not Found
T3598,D185,R4923,Mumbai,Andheri,Powai,2023-10-24 21:04:00,2023-10-24 21:15:00,2023-10-24 22:03:00,15.0,282,Completed,
T3599,D291,R1181,Bangalore,Koramangala,HSR Layout,2023-10-19 15:38:00,2023-10-19 15:42:00,2023-10-19 16:05:00,6.3,156,Completed,
T3600,D196,R3633,Delhi,Saket,Rohini,2023-10-07 23:15:00,2023-10-07 23:18:00,2023-10-07 23:53:00,11.1,301,Completed,
T3601,D127,R1706,Bangalore,Whitefield,Indiranagar,2023-10-08 01:11:00,2023-10-08 01:13:00,2023-10-08 01:28:00,5.1,160,Completed,
T3602,D274,R3500,Bangalore,HSR Layout,Whitefield,2023-10-15 23:41:00,2023-10-15 23:56:00,2023-10-16 00:26:00,9.4,257,Completed,
T3603,D261,R1106,Delhi,Dwarka,Vasant Kunj,2023-10-23 21:41:00,2023-10-23 21:45:00,2023-10-23 22:44:00,17.4,356,Completed,
T3604,D329,R4368,Bangalore,Whitefield,Koramangala,2023-10-03 13:11:00,2023-10-03 13:15:00,2023-10-03 14:04:00,17.7,424,Completed,
T3605,D130,R4590,Bangalore,Whitefield,Koramangala,2023-10-01 21:56:00,2023-10-01 22:03:00,2023-10-01 22:12:00,3.4,103,Completed,
T3606,D305,R3524,Mumbai,Andheri,Juhu,2023-10-12 21:03:00,2023-10-12 21:05:00,2023-10-12 22:14:00,17.9,381,Completed,
T3607,D145,R2183,Delhi,Connaught Place,Vasant Kunj,2023-10-19 07:18:00,,,0.0,0.0,Cancelled,Rider Cancelled
T3608,D136,R4687,Bangalore,Jayanagar,Koramangala,2023-10-16 23:45:00,2023-10-16 23:51:00,2023-10-17 00:30:00,11.1,289,Completed,
T3609,D300,R3520,Delhi,Connaught Place,Rohini,2023-10-18 18:18:00,2023-10-18 18:25:00,2023-10-18 18:51:00,8.9,191,Completed,
T3610,D199,R2504,Delhi,Dwarka,Rohini,2023-10-13 09:21:00,2023-10-13 09:27:00,2023-10-13 09:50:00,7.5,218,Completed,
T3611,D156,R1419,Bangalore,Jayanagar,Indiranagar,2023-10-29 02:10:00,2023-10-29 02:18:00,2023-10-29 03:15:00,16.5,450,Completed,
T3612,D222,R4251,Mumbai,Bandra,Juhu,2023-10-29 21:32:00,2023-10-29 21:37:00,2023-10-29 22:22:00,17.7,484,Completed,
T3613,D212,R1904,Mumbai,Bandra,Andheri,2023-10-12 11:46:00,2023-10-12 11:59:00,2023-10-12 13:05:00,19.6,394,Completed,
T3614,D239,R3504,Delhi,Connaught Place,Dwarka,2023-10-23 13:46:00,2023-10-23 14:00:00,2023-10-23 15:13:00,25.0,480,Completed,
T3615,D108,R3721,Delhi,Dwarka,Rohini,2023-10-21 14:10:00,2023-10-21 14:18:00,2023-10-21 15:24:00,22.7,528,Completed,
T3616,D311,R4665,Delhi,Saket,Connaught Place,2023-10-21 06:21:00,2023-10-21 06:23:00,2023-10-21 07:35:00,19.1,424,Completed,
T3617,D155,R3378,Bangalore,Koramangala,Indiranagar,2023-10-21 21:36:00,2023-10-21 21:46:00,2023-10-21 22:07:00,5.5,184,Completed,
T3618,D105,R3573,Delhi,Dwarka,Saket,2023-10-02 03:44:00,2023-10-02 03:58:00,2023-10-02 04:58:00,22.7,566,Completed,
T3619,D202,R3412,Delhi,Rohini,Saket,2023-10-10 11:04:00,2023-10-10 11:14:00,2023-10-10 12:00:00,12.9,282,Completed,
T3620,D260,R4483,Bangalore,Jayanagar,Indiranagar,2023-10-11 11:25:00,2023-10-11 11:40:00,2023-10-11 12:31:00,17.4,347,Completed,
T3621,D338,R2101,Mumbai,Bandra,Andheri,2023-10-07 12:53:00,,,0.0,0.0,Cancelled,Driver Cancelled
T3622,D130,R2047,Bangalore,HSR Layout,Indiranagar,2023-10-25 11:49:00,2023-10-25 11:53:00,2023-10-25 12:03:00,3.3,122,Completed,
T3623,D236,R2041,Bangalore,HSR Layout,Koramangala,2023-10-12 21:41:00,2023-10-12 21:53:00,2023-10-12 22:22:00,8.2,224,Completed,
T3624,D106,R3312,Delhi,Connaught Place,Rohini,2023-10-15 02:24:00,,,0.0,0.0,Cancelled,Driver Cancelled
T3625,D114,R2118,Delhi,Saket,Dwarka,2023-10-02 20:20:00,2023-10-02 20:23:00,2023-10-02 20:50:00,9.3,190,Completed,
T3626,D337,R1846,Mumbai,Andheri,Colaba,2023-10-05 09:19:00,2023-10-05 09:22:00,2023-10-05 10:58:00,24.2,422,Completed,
T3627,D207,R2255,Delhi,Vasant Kunj,Connaught Place,2023-10-01 20:48:00,2023-10-01 20:52:00,2023-10-01 21:29:00,10.8,309,Completed,
T3628,D150,R2864,Mumbai,Juhu,Powai,2023-10-10 00:14:00,2023-10-10 00:16:00,2023-10-10 00:58:00,11.2,299,Completed,
T3629,D247,R2711,Mumbai,Colaba,Juhu,2023-10-18 20:06:00,2023-10-18 20:21:00,2023-10-18 20:51:00,7.6,219,Completed,
T3630,D109,R2113,Mumbai,Juhu,Colaba,2023-10-22 23:37:00,2023-10-22 23:51:00,2023-10-23 01:12:00,22.8,568,Completed,
T3631,D117,R1449,Mumbai,Powai,Colaba,2023-10-05 09:04:00,2023-10-05 09:07:00,2023-10-05 10:01:00,20.3,452,Completed,
T3632,D163,R1188,Bangalore,Jayanagar,Indiranagar,2023-10-25 04:49:00,2023-10-25 05:04:00,2023-10-25 05:37:00,10.3,304,Completed,
T3633,D324,R1929,Bangalore,Jayanagar,Koramangala,2023-10-14 18:29:00,,,0.0,0.0,Cancelled,Other
T3634,D349,R3466,Mumbai,Bandra,Andheri,2023-10-08 00:59:00,2023-10-08 01:07:00,2023-10-08 01:45:00,13.0,280,Completed,
T3635,D235,R4595,Bangalore,Koramangala,Indiranagar,2023-10-24 10:32:00,2023-10-24 10:45:00,2023-10-24 10:52:00,2.3,104,Completed,
T3636,D315,R2315,Mumbai,Colaba,Andheri,2023-10-03 11:58:00,2023-10-03 12:07:00,2023-10-03 12:29:00,5.7,155,Completed,
T3637,D247,R1428,Mumbai,Colaba,Powai,2023-10-19 13:13:00,2023-10-19 13:23:00,2023-10-19 14:19:00,17.0,337,Completed,
T3638,D127,R4860,Bangalore,Koramangala,Jayanagar,2023-10-03 23:22:00,2023-10-03 23:30:00,2023-10-03 23:57:00,7.8,182,Completed,
T3639,D112,R3591,Bangalore,Indiranagar,Koramangala,2023-10-27 11:55:00,2023-10-27 12:05:00,2023-10-27 12:40:00,9.4,252,Completed,
T3640,D329,R1505,Bangalore,HSR Layout,Whitefield,2023-10-12 08:15:00,2023-10-12 08:18:00,2023-10-12 08:28:00,3.0,98,Completed,
T3641,D111,R4530,Bangalore,HSR Layout,Koramangala,2023-10-03 12:14:00,2023-10-03 12:23:00,2023-10-03 12:39:00,5.0,134,Completed,
T3642,D168,R1975,Mumbai,Juhu,Powai,2023-10-19 22:32:00,2023-10-19 22:34:00,2023-10-19 23:31:00,22.8,562,Completed,
T3643,D299,R4484,Delhi,Rohini,Dwarka,2023-10-23 14:16:00,2023-10-23 14:29:00,2023-10-23 15:11:00,14.3,286,Completed,
T3644,D242,R1343,Mumbai,Colaba,Bandra,2023-10-27 09:59:00,2023-10-27 10:13:00,2023-10-27 10:43:00,10.5,271,Completed,
T3645,D288,R1434,Mumbai,Andheri,Powai,2023-10-23 23:19:00,2023-10-23 23:34:00,2023-10-24 00:27:00,14.4,278,Completed,
T3646,D196,R4715,Delhi,Dwarka,Rohini,2023-10-18 03:46:00,2023-10-18 03:50:00,2023-10-18 04:02:00,3.8,139,Completed,
T3647,D189,R2875,Delhi,Dwarka,Saket,2023-10-18 03:56:00,2023-10-18 04:04:00,2023-10-18 05:19:00,22.4,607,Completed,
T3648,D188,R3928,Bangalore,HSR Layout,Indiranagar,2023-10-12 03:30:00,2023-10-12 03:43:00,2023-10-12 03:58:00,4.1,116,Completed,
T3649,D328,R1676,Delhi,Dwarka,Saket,2023-10-26 11:21:00,2023-10-26 11:35:00,2023-10-26 12:15:00,15.4,353,Completed,
T3650,D244,R4189,Delhi,Dwarka,Saket,2023-10-07 01:07:00,2023-10-07 01:22:00,2023-10-07 02:35:00,21.0,371,Completed,
T3651,D244,R4802,Delhi,Rohini,Connaught Place,2023-10-13 19:32:00,2023-10-13 19:47:00,2023-10-13 19:56:00,2.8,108,Completed,
T3652,D324,R2371,Bangalore,Indiranagar,Koramangala,2023-10-22 10:56:00,2023-10-22 11:06:00,2023-10-22 11:33:00,7.3,225,Completed,
T3653,D257,R4473,Mumbai,Powai,Colaba,2023-10-30 09:17:00,2023-10-30 09:28:00,2023-10-30 10:30:00,18.9,499,Completed,
T3654,D328,R2500,Delhi,Saket,Dwarka,2023-10-24 17:40:00,2023-10-24 17:45:00,2023-10-24 18:08:00,8.4,191,Completed,
T3655,D346,R3775,Delhi,Rohini,Dwarka,2023-10-15 05:36:00,,,0.0,0.0,Cancelled,Other
T3656,D254,R4697,Delhi,Saket,Dwarka,2023-10-09 10:36:00,2023-10-09 10:46:00,2023-10-09 11:10:00,8.1,211,Completed,
T3657,D101,R3446,Mumbai,Powai,Colaba,2023-10-19 23:12:00,2023-10-19 23:14:00,2023-10-19 23:50:00,10.6,237,Completed,
T3658,D127,R3987,Bangalore,HSR Layout,Indiranagar,2023-10-20 18:01:00,2023-10-20 18:04:00,2023-10-20 19:37:00,24.7,579,Completed,
T3659,D323,R3649,Bangalore,Jayanagar,HSR Layout,2023-10-24 03:22:00,2023-10-24 03:35:00,2023-10-24 04:12:00,9.5,217,Completed,
T3660,D114,R2960,Delhi,Rohini,Connaught Place,2023-10-29 02:26:00,,,0.0,0.0,Cancelled,Rider Cancelled
T3661,D265,R4951,Mumbai,Bandra,Colaba,2023-10-10 12:23:00,2023-10-10 12:31:00,2023-10-10 13:19:00,19.1,354,Completed,
T3662,D240,R4343,Mumbai,Bandra,Juhu,2023-10-16 19:37:00,2023-10-16 19:52:00,2023-10-16 20:06:00,5.7,173,Completed,
T3663,D274,R2929,Bangalore,Indiranagar,HSR Layout,2023-10-01 16:56:00,2023-10-01 17:04:00,2023-10-01 18:09:00,20.2,408,Completed,
T3664,D188,R1257,Bangalore,HSR Layout,Jayanagar,2023-10-21 14:42:00,2023-10-21 14:47:00,2023-10-21 14:54:00,3.0,96,Completed,
T3665,D126,R2774,Bangalore,Jayanagar,Indiranagar,2023-10-17 22:27:00,2023-10-17 22:40:00,2023-10-17 23:22:00,15.3,425,Completed,
T3666,D255,R1887,Bangalore,HSR Layout,Koramangala,2023-10-02 06:04:00,2023-10-02 06:15:00,2023-10-02 06:45:00,7.7,201,Completed,
T3667,D182,R3776,Mumbai,Bandra,Colaba,2023-10-21 14:02:00,2023-10-21 14:10:00,2023-10-21 15:21:00,22.3,482,Completed,
T3668,D320,R2033,Mumbai,Juhu,Andheri,2023-10-08 04:49:00,2023-10-08 04:58:00,2023-10-08 06:06:00,21.1,425,Completed,
T3669,D129,R4988,Mumbai,Bandra,Juhu,2023-10-17 09:47:00,,,0.0,0.0,Cancelled,Driver Cancelled
T3670,D234,R3946,Delhi,Rohini,Vasant Kunj,2023-10-05 05:26:00,2023-10-05 05:35:00,2023-10-05 06:29:00,14.8,274,Completed,
T3671,D266,R2278,Delhi,Rohini,Vasant Kunj,2023-10-11 19:40:00,2023-10-11 19:49:00,2023-10-11 20:08:00,4.9,170,Completed,
T3672,D163,R1574,Bangalore,HSR Layout,Koramangala,2023-10-07 22:33:00,2023-10-07 22:45:00,2023-10-07 23:10:00,7.0,206,Completed,
T3673,D214,R4948,Mumbai,Andheri,Colaba,2023-10-21 05:18:00,2023-10-21 05:27:00,2023-10-21 06:35:00,19.9,521,Completed,
T3674,D189,R4217,Delhi,Vasant Kunj,Dwarka,2023-10-18 20:50:00,2023-10-18 20:54:00,2023-10-18 22:01:00,21.8,587,Completed,
T3675,D283,R1829,Bangalore,Whitefield,Jayanagar,2023-10-28 03:00:00,,,0.0,0.0,Cancelled,Driver Cancelled
T3676,D161,R2488,Delhi,Vasant Kunj,Connaught Place,2023-10-28 20:11:00,2023-10-28 20:20:00,2023-10-28 20:49:00,8.9,201,Completed,
T3677,D111,R3275,Bangalore,Indiranagar,Jayanagar,2023-10-11 21:20:00,2023-10-11 21:25:00,2023-10-11 22:06:00,15.2,405,Completed,
T3678,D166,R3956,Mumbai,Colaba,Juhu,2023-10-14 05:05:00,2023-10-14 05:12:00,2023-10-14 06:38:00,24.9,442,Completed,
T3679,D276,R3361,Mumbai,Andheri,Colaba,2023-10-12 14:58:00,2023-10-12 15:02:00,2023-10-12 15:16:00,5.3,148,Completed,
T3680,D325,R3465,Delhi,Saket,Rohini,2023-10-21 14:21:00,2023-10-21 14:36:00,2023-10-21 15:15:00,11.3,260,Completed,
T3681,D254,R3991,Delhi,Vasant Kunj,Saket,2023-10-04 19:48:00,2023-10-04 19:53:00,2023-10-04 20:13:00,6.7,207,Completed,
T3682,D169,R3684,Delhi,Dwarka,Rohini,2023-10-27 22:56:00,2023-10-27 23:09:00,2023-10-27 23:59:00,18.0,410,Completed,
T3683,D198,R2921,Bangalore,HSR Layout,Koramangala,2023-10-09 08:19:00,2023-10-09 08:30:00,2023-10-09 09:01:00,9.6,229,Completed,
T3684,D229,R1653,Mumbai,Bandra,Colaba,2023-10-07 02:09:00,,,0.0,0.0,Cancelled,Payment Issue
T3685,D297,R4673,Mumbai,Andheri,Powai,2023-10-02 14:38:00,2023-10-02 14:51:00,2023-10-02 14:56:00,2.2,96,Completed,
T3686,D261,R2483,Delhi,Saket,Connaught Place,2023-10-07 09:26:00,2023-10-07 09:35:00,2023-10-07 10:29:00,16.5,431,Completed,
T3687,D263,R4030,Delhi,Rohini,Connaught Place,2023-10-20 21:24:00,2023-10-20 21:27:00,2023-10-20 22:09:00,15.7,365,Completed,
T3688,D155,R1108,Bangalore,Indiranagar,Jayanagar,2023-10-15 04:10:00,2023-10-15 04:17:00,2023-10-15 04:46:00,8.2,228,Completed,
T3689,D267,R3842,Delhi,Dwarka,Connaught Place,2023-10-14 03:43:00,2023-10-14 03:52:00,2023-10-14 04:22:00,8.1,222,Completed,
T3690,D251,R4889,Delhi,Dwarka,Vasant Kunj,2023-10-14 07:48:00,2023-10-14 07:52:00,2023-10-14 08:03:00,3.5,104,Completed,
T3691,D153,R3372,Bangalore,HSR Layout,Jayanagar,2023-10-04 17:57:00,2023-10-04 18:06:00,2023-10-04 19:02:00,20.0,508,Completed,
T3692,D156,R2890,Bangalore,Jayanagar,Indiranagar,2023-10-21 01:34:00,,,0.0,0.0,Cancelled,Rider Cancelled
T3693,D111,R4780,Bangalore,Jayanagar,HSR Layout,2023-10-13 15:45:00,2023-10-13 15:58:00,2023-10-13 16:06:00,3.4,129,Completed,
T3694,D150,R3432,Mumbai,Juhu,Bandra,2023-10-16 16:26:00,2023-10-16 16:29:00,2023-10-16 16:37:00,3.2,107,Completed,
T3695,D152,R4360,Bangalore,HSR Layout,Jayanagar,2023-10-16 21:42:00,2023-10-16 21:46:00,2023-10-16 22:56:00,21.0,547,Completed,
T3696,D277,R2222,Delhi,Connaught Place,Saket,2023-10-12 16:35:00,2023-10-12 16:46:00,2023-10-12 17:20:00,10.3,265,Completed,
T3697,D139,R4707,Delhi,Rohini,Vasant Kunj,2023-10-06 01:33:00,2023-10-06 01:36:00,2023-10-06 02:33:00,20.3,444,Completed,
T3698,D231,R2480,Mumbai,Bandra,Powai,2023-10-13 00:16:00,2023-10-13 00:23:00,2023-10-13 01:43:00,23.4,613,Completed,
T3699,D292,R4774,Delhi,Saket,Dwarka,2023-10-03 22:18:00,2023-10-03 22:27:00,2023-10-03 23:36:00,21.6,577,Completed,
T3700,D120,R2227,Delhi,Dwarka,Saket,2023-10-26 06:43:00,2023-10-26 06:45:00,2023-10-26 07:04:00,6.9,187,Completed,
T3701,D171,R4065,Bangalore,Koramangala,HSR Layout,2023-10-19 19:08:00,2023-10-19 19:15:00,2023-10-19 19:57:00,15.2,379,Completed,
T3702,D310,R3131,Delhi,Dwarka,Vasant Kunj,2023-10-02 01:59:00,2023-10-02 02:02:00,2023-10-02 03:29:00,23.2,590,Completed,
T3703,D135,R1946,Delhi,Connaught Place,Rohini,2023-10-10 16:48:00,2023-10-10 16:51:00,2023-10-10 17:59:00,19.9,473,Completed,
T3704,D228,R2995,Delhi,Rohini,Connaught Place,2023-10-14 09:05:00,2023-10-14 09:09:00,2023-10-14 10:05:00,19.0,451,Completed,
T3705,D127,R2062,Bangalore,Jayanagar,Koramangala,2023-10-27 12:47:00,2023-10-27 12:54:00,2023-10-27 13:17:00,7.5,185,Completed,
T3706,D196,R3332,Delhi,Saket,Dwarka,2023-10-28 00:08:00,2023-10-28 00:17:00,2023-10-28 00:43:00,7.6,191,Completed,
T3707,D251,R3950,Delhi,Dwarka,Saket,2023-10-03 15:42:00,2023-10-03 15:53:00,2023-10-03 16:45:00,15.1,344,Completed,
T3708,D227,R4638,Bangalore,HSR Layout,Koramangala,2023-10-22 01:09:00,2023-10-22 01:24:00,2023-10-22 02:13:00,12.6,301,Completed,
T3709,D226,R3618,Bangalore,Indiranagar,Whitefield,2023-10-27 03:17:00,2023-10-27 03:20:00,2023-10-27 04:15:00,14.0,289,Completed,
T3710,D108,R4157,Delhi,Saket,Rohini,2023-10-10 23:30:00,,,0.0,0.0,Cancelled,Rider Cancelled
T3711,D190,R4974,Delhi,Saket,Rohini,2023-10-22 09:41:00,2023-10-22 09:46:00,2023-10-22 10:59:00,19.2,341,Completed,
T3712,D306,R2278,Bangalore,Koramangala,Jayanagar,2023-10-08 04:27:00,2023-10-08 04:41:00,2023-10-08 05:16:00,12.4,272,Completed,
T3713,D214,R1366,Mumbai,Bandra,Andheri,2023-10-04 14:46:00,,,0.0,0.0,Cancelled,Driver Cancelled
T3714,D180,R3252,Delhi,Connaught Place,Saket,2023-10-18 03:36:00,2023-10-18 03:45:00,2023-10-18 04:46:00,18.8,394,Completed,
T3715,D128,R2894,Bangalore,HSR Layout,Koramangala,2023-10-18 18:09:00,,,0.0,0.0,Cancelled,Driver Not Found
T3716,D125,R2746,Bangalore,Whitefield,HSR Layout,2023-10-23 00:32:00,2023-10-23 00:44:00,2023-10-23 01:42:00,22.6,584,Completed,
T3717,D332,R1460,Bangalore,Koramangala,Jayanagar,2023-10-24 18:09:00,2023-10-24 18:14:00,2023-10-24 19:27:00,18.4,425,Completed,
T3718,D197,R3798,Mumbai,Bandra,Colaba,2023-10-13 15:10:00,2023-10-13 15:18:00,2023-10-13 15:41:00,6.9,160,Completed,
T3719,D348,R4703,Bangalore,Indiranagar,Koramangala,2023-10-14 13:29:00,2023-10-14 13:35:00,2023-10-14 13:53:00,4.7,136,Completed,
T3720,D230,R1394,Delhi,Connaught Place,Saket,2023-10-25 02:21:00,2023-10-25 02:24:00,2023-10-25 03:22:00,20.4,505,Completed,
T3721,D259,R1636,Delhi,Vasant Kunj,Rohini,2023-10-02 09:42:00,2023-10-02 09:57:00,2023-10-02 11:07:00,23.5,590,Completed,
T3722,D219,R1758,Delhi,Connaught Place,Saket,2023-10-07 20:08:00,2023-10-07 20:14:00,2023-10-07 20:40:00,7.7,224,Completed,
T3723,D247,R3856,Mumbai,Juhu,Powai,2023-10-01 01:33:00,2023-10-01 01:35:00,2023-10-01 02:37:00,17.2,368,Completed,
T3724,D230,R1430,Delhi,Rohini,Dwarka,2023-10-12 20:45:00,2023-10-12 20:49:00,2023-10-12 22:07:00,24.2,570,Completed,
T3725,D264,R4295,Mumbai,Juhu,Colaba,2023-10-01 08:49:00,2023-10-01 09:00:00,2023-10-01 10:08:00,24.3,543,Completed,
T3726,D261,R4862,Delhi,Connaught Place,Dwarka,2023-10-22 04:54:00,,,0.0,0.0,Cancelled,Rider Cancelled
T3727,D142,R2856,Delhi,Rohini,Saket,2023-10-12 00:18:00,2023-10-12 00:26:00,2023-10-12 01:09:00,11.2,271,Completed,
T3728,D189,R1302,Delhi,Dwarka,Vasant Kunj,2023-10-04 16:50:00,2023-10-04 16:57:00,2023-10-04 18:07:00,19.7,532,Completed,
T3729,D108,R3746,Delhi,Connaught Place,Dwarka,2023-10-21 02:04:00,2023-10-21 02:17:00,2023-10-21 03:13:00,18.0,416,Completed,
T3730,D118,R4090,Delhi,Saket,Vasant Kunj,2023-10-09 12:48:00,2023-10-09 12:50:00,2023-10-09 13:27:00,13.7,378,Completed,
T3731,D284,R3549,Bangalore,Whitefield,Jayanagar,2023-10-15 17:24:00,2023-10-15 17:33:00,2023-10-15 18:28:00,18.2,339,Completed,
T3732,D201,R1539,Mumbai,Colaba,Powai,2023-10-12 22:15:00,2023-10-12 22:25:00,2023-10-12 23:35:00,18.9,472,Completed,
T3733,D195,R4187,Delhi,Vasant Kunj,Connaught Place,2023-10-10 12:15:00,2023-10-10 12:28:00,2023-10-10 13:37:00,22.1,434,Completed,
T3734,D168,R2935,Mumbai,Powai,Bandra,2023-10-10 03:37:00,2023-10-10 03:50:00,2023-10-10 04:06:00,5.8,174,Completed,
T3735,D130,R1899,Bangalore,Koramangala,Whitefield,2023-10-11 05:30:00,2023-10-11 05:43:00,2023-10-11 06:04:00,7.3,211,Completed,
T3736,D110,R3445,Mumbai,Bandra,Juhu,2023-10-01 06:12:00,2023-10-01 06:14:00,2023-10-01 06:51:00,10.2,217,Completed,
T3737,D323,R1546,Bangalore,Whitefield,Koramangala,2023-10-18 21:13:00,2023-10-18 21:24:00,2023-10-18 22:33:00,20.1,366,Completed,
T3738,D206,R2909,Bangalore,Indiranagar,HSR Layout,2023-10-15 03:17:00,2023-10-15 03:21:00,2023-10-15 03:33:00,5.0,129,Completed,
T3739,D172,R2945,Bangalore,Jayanagar,Koramangala,2023-10-12 01:22:00,2023-10-12 01:34:00,2023-10-12 01:44:00,3.0,97,Completed,
T3740,D234,R4849,Delhi,Saket,Dwarka,2023-10-10 17:57:00,2023-10-10 18:08:00,2023-10-10 19:15:00,21.0,486,Completed,
T3741,D198,R4764,Bangalore,HSR Layout,Jayanagar,2023-10-06 13:40:00,2023-10-06 13:46:00,2023-10-06 14:06:00,7.6,214,Completed,
T3742,D310,R3218,Delhi,Connaught Place,Dwarka,2023-10-12 18:42:00,2023-10-12 18:44:00,2023-10-12 19:28:00,15.7,365,Completed,
T3743,D133,R1294,Mumbai,Colaba,Bandra,2023-10-05 21:13:00,2023-10-05 21:27:00,2023-10-05 22:16:00,13.5,357,Completed,
T3744,D261,R3879,Delhi,Saket,Rohini,2023-10-25 17:02:00,2023-10-25 17:15:00,2023-10-25 17:46:00,10.1,229,Completed,
T3745,D181,R3583,Mumbai,Andheri,Juhu,2023-10-29 16:12:00,,,0.0,0.0,Cancelled,Payment Issue
T3746,D342,R1563,Delhi,Vasant Kunj,Saket,2023-10-28 08:47:00,2023-10-28 08:57:00,2023-10-28 09:20:00,7.0,212,Completed,
T3747,D130,R4431,Bangalore,Koramangala,Whitefield,2023-10-16 05:37:00,2023-10-16 05:47:00,2023-10-16 06:51:00,17.4,385,Completed,
T3748,D113,R2323,Bangalore,Whitefield,Koramangala,2023-10-23 18:04:00,2023-10-23 18:10:00,2023-10-23 19:41:00,23.7,565,Completed,
T3749,D324,R2266,Bangalore,Whitefield,Koramangala,2023-10-21 17:58:00,2023-10-21 18:04:00,2023-10-21 18:47:00,12.4,335,Completed,
T3750,D346,R3477,Delhi,Saket,Dwarka,2023-10-07 00:44:00,,2023-10-07 02:12:00,22.6,520,Completed,
T3751,D216,R3004,Mumbai,Powai,Andheri,2023-10-22 18:12:00,2023-10-22 18:27:00,2023-10-22 19:46:00,22.9,576,Completed,
T3752,D289,R1182,Mumbai,Bandra,Powai,2023-10-24 03:43:00,2023-10-24 03:48:00,2023-10-24 04:29:00,11.7,284,Completed,
T3753,D156,R3426,Bangalore,Indiranagar,Jayanagar,2023-10-18 15:22:00,2023-10-18 15:31:00,2023-10-18 16:06:00,11.8,294,Completed,
T3754,D192,R4627,Delhi,Vasant Kunj,Connaught Place,2023-10-25 04:41:00,2023-10-25 04:51:00,2023-10-25 05:49:00,22.5,421,Completed,
T3755,D114,R1197,Delhi,Rohini,Saket,2023-10-10 13:14:00,,,0.0,0.0,Cancelled,Driver Not Found
T3756,D320,R4352,Mumbai,Bandra,Juhu,2023-10-10 00:58:00,2023-10-10 01:09:00,2023-10-10 01:23:00,5.1,175,Completed,
T3757,D267,R1660,Delhi,Connaught Place,Vasant Kunj,2023-10-20 03:18:00,2023-10-20 03:30:00,2023-10-20 04:38:00,20.4,464,Completed,
T3758,D324,R2466,Bangalore,Whitefield,Koramangala,2023-10-08 21:46:00,2023-10-08 22:00:00,2023-10-08 22:47:00,12.8,273,Completed,
T3759,D129,R3380,Mumbai,Colaba,Andheri,2023-10-22 15:23:00,2023-10-22 15:28:00,2023-10-22 15:53:00,8.1,196,Completed,
T3760,D117,R4711,Mumbai,Juhu,Bandra,2023-10-03 17:46:00,2023-10-03 17:55:00,2023-10-03 18:35:00,13.6,269,Completed,
T3761,D153,R2986,Bangalore,Whitefield,Indiranagar,2023-10-12 03:08:00,2023-10-12 03:18:00,2023-10-12 03:31:00,3.6,134,Completed,
T3762,D309,R2056,Delhi,Vasant Kunj,Rohini,2023-10-21 17:29:00,2023-10-21 17:31:00,2023-10-21 18:00:00,8.9,226,Completed,
T3763,D146,R1196,Delhi,Connaught Place,Dwarka,2023-10-01 15:44:00,2023-10-01 15:49:00,2023-10-01 16:02:00,3.8,138,Completed,
T3764,D102,R4272,Delhi,Rohini,Vasant Kunj,2023-10-05 16:03:00,2023-10-05 16:16:00,2023-10-05 17:21:00,18.1,351,Completed,
T3765,D140,R3444,Delhi,Saket,Connaught Place,2023-10-18 13:44:00,2023-10-18 13:59:00,2023-10-18 14:47:00,15.5,305,Completed,
T3766,D331,R1678,Delhi,Vasant Kunj,Saket,2023-10-10 21:45:00,,,0.0,0.0,Cancelled,Driver Cancelled
T3767,D258,R1510,Bangalore,Koramangala,Jayanagar,2023-10-27 14:13:00,2023-10-27 14:17:00,2023-10-27 14:26:00,3.2,126,Completed,
T3768,D108,R1591,Delhi,Rohini,Vasant Kunj,2023-10-13 08:16:00,2023-10-13 08:22:00,2023-10-13 08:50:00,7.8,223,Completed,
T3769,D330,R4261,Mumbai,Powai,Colaba,2023-10-10 16:26:00,,,0.0,0.0,Cancelled,Rider Cancelled
T3770,D248,R4831,Bangalore,Whitefield,Indiranagar,2023-10-23 03:38:00,2023-10-23 03:53:00,2023-10-23 04:03:00,2.9,122,Completed,
T3771,D197,R2806,Mumbai,Juhu,Powai,2023-10-03 12:32:00,2023-10-03 12:42:00,2023-10-03 12:49:00,2.0,99,Completed,
T3772,D152,R2057,Bangalore,HSR Layout,Koramangala,2023-10-15 05:51:00,2023-10-15 05:56:00,2023-10-15 06:10:00,4.6,131,Completed,
T3773,D190,R3605,Delhi,Connaught Place,Rohini,2023-10-20 17:54:00,2023-10-20 18:03:00,2023-10-20 19:10:00,24.4,532,Completed,
T3774,D113,R1987,Bangalore,Koramangala,Jayanagar,2023-10-08 01:13:00,2023-10-08 01:18:00,2023-10-08 01:40:00,5.8,195,Completed,
T3775,D279,R2221,Mumbai,Juhu,Colaba,2023-10-07 00:03:00,2023-10-07 00:06:00,2023-10-07 00:34:00,9.8,285,Completed,
T3776,D237,R2789,Mumbai,Bandra,Powai,2023-10-24 10:10:00,2023-10-24 10:23:00,2023-10-24 10:34:00,4.0,119,Completed,
T3777,D285,R2058,Bangalore,Indiranagar,Koramangala,2023-10-01 09:20:00,2023-10-01 09:26:00,2023-10-01 09:44:00,5.4,160,Completed,
T3778,D149,R4107,Delhi,Connaught Place,Vasant Kunj,2023-10-02 22:23:00,2023-10-02 22:26:00,2023-10-02 23:40:00,19.1,382,Completed,
T3779,D284,R3008,Bangalore,Whitefield,Jayanagar,2023-10-20 07:42:00,2023-10-20 07:52:00,2023-10-20 08:35:00,12.7,343,Completed,
T3780,D249,R4184,Bangalore,Indiranagar,HSR Layout,2023-10-24 23:07:00,2023-10-24 23:12:00,2023-10-24 23:39:00,7.5,222,Completed,
T3781,D348,R3627,Bangalore,Indiranagar,Koramangala,2023-10-25 11:24:00,2023-10-25 11:30:00,2023-10-25 11:59:00,9.7,211,Completed,
T3782,D290,R4189,Bangalore,Indiranagar,Whitefield,2023-10-13 00:39:00,2023-10-13 00:46:00,2023-10-13 01:57:00,19.3,508,Completed,
T3783,D333,R1690,Mumbai,Andheri,Colaba,2023-10-24 01:47:00,2023-10-24 01:56:00,2023-10-24 03:17:00,24.3,522,Completed,
T3784,D314,R4165,Delhi,Vasant Kunj,Saket,2023-10-26 05:58:00,2023-10-26 06:03:00,2023-10-26 06:20:00,5.6,153,Completed,
T3785,D225,R2206,Mumbai,Powai,Juhu,2023-10-27 03:55:00,2023-10-27 03:57:00,2023-10-27 04:25:00,7.2,171,Completed,
T3786,D271,R3957,Delhi,Saket,Rohini,2023-10-05 20:50:00,2023-10-05 20:58:00,2023-10-05 21:43:00,16.5,378,Completed,
T3787,D273,R3598,Delhi,Connaught Place,Saket,2023-10-05 20:29:00,2023-10-05 20:35:00,2023-10-05 21:28:00,17.5,388,Completed,
T3788,D190,R3942,Delhi,Connaught Place,Saket,2023-10-28 16:05:00,2023-10-28 16:20:00,2023-10-28 17:33:00,18.7,371,Completed,
T3789,D102,R3936,Delhi,Vasant Kunj,Saket,2023-10-27 22:19:00,,,0.0,0.0,Cancelled,Driver Not Found
T3790,D108,R2056,Delhi,Rohini,Dwarka,2023-10-16 21:07:00,,,0.0,0.0,Cancelled,Driver Cancelled
T3791,D342,R2673,Delhi,Vasant Kunj,Rohini,2023-10-18 15:06:00,2023-10-18 15:08:00,2023-10-18 15:48:00,15.4,289,Completed,
T3792,D153,R1670,Bangalore,Jayanagar,Whitefield,2023-10-10 02:56:00,2023-10-10 03:08:00,2023-10-10 03:20:00,3.6,133,Completed,
T3793,D346,R4155,Delhi,Dwarka,Vasant Kunj,2023-10-13 13:13:00,2023-10-13 13:19:00,2023-10-13 14:13:00,20.2,408,Completed,
T3794,D273,R3968,Delhi,Vasant Kunj,Saket,2023-10-09 02:28:00,2023-10-09 02:30:00,2023-10-09 03:32:00,16.1,358,Completed,
T3795,D275,R4198,Delhi,Connaught Place,Saket,2023-10-12 08:41:00,,,0.0,0.0,Cancelled,Driver Not Found
T3796,D278,R2844,Delhi,Rohini,Vasant Kunj,2023-10-01 02:12:00,2023-10-01 02:20:00,2023-10-01 03:37:00,22.9,596,Completed,
T3797,D107,R1200,Delhi,Rohini,Vasant Kunj,2023-10-15 03:27:00,2023-10-15 03:41:00,2023-10-15 03:57:00,5.5,173,Completed,
T3798,D342,R4264,Delhi,Vasant Kunj,Saket,2023-10-02 15:13:00,2023-10-02 15:17:00,2023-10-02 16:18:00,15.6,440,Completed,
T3799,D127,R2047,Bangalore,HSR Layout,Indiranagar,2023-10-15 03:18:00,2023-10-15 03:21:00,2023-10-15 03:49:00,11.1,309,Completed,
T3800,D319,R3018,Delhi,Saket,Rohini,2023-10-04 23:45:00,,,0.0,0.0,Cancelled,Driver Cancelled
T3801,D184,R4334,Delhi,Dwarka,Rohini,2023-10-06 05:28:00,2023-10-06 05:38:00,2023-10-06 06:54:00,21.5,514,Completed,
T3802,D253,R2928,Delhi,Connaught Place,Rohini,2023-10-10 03:21:00,,,0.0,0.0,Cancelled,Driver Cancelled
T3803,D115,R1030,Bangalore,Jayanagar,Koramangala,2023-10-05 08:18:00,2023-10-05 08:22:00,2023-10-05 08:35:00,3.9,135,Completed,
T3804,D153,R4752,Bangalore,Indiranagar,Jayanagar,2023-10-14 09:34:00,2023-10-14 09:43:00,2023-10-14 10:29:00,13.8,322,Completed,
T3805,D214,R3960,Mumbai,Powai,Colaba,2023-10-11 05:00:00,,,0.0,0.0,Cancelled,Rider Cancelled
T3806,D340,R3305,Mumbai,Andheri,Juhu,2023-10-21 23:52:00,2023-10-22 00:03:00,2023-10-22 00:36:00,9.4,261,Completed,
T3807,D285,R4968,Bangalore,Whitefield,Jayanagar,2023-10-19 10:19:00,2023-10-19 10:32:00,2023-10-19 10:58:00,8.5,251,Completed,
T3808,D183,R4029,Bangalore,Koramangala,Jayanagar,2023-10-11 15:48:00,2023-10-11 15:51:00,2023-10-11 15:58:00,2.6,106,Completed,
T3809,D108,R1478,Delhi,Saket,Rohini,2023-10-13 02:11:00,2023-10-13 02:24:00,2023-10-13 03:53:00,23.5,482,Completed,
T3810,D169,R2375,Delhi,Rohini,Connaught Place,2023-10-29 17:18:00,2023-10-29 17:20:00,2023-10-29 17:30:00,2.6,94,Completed,
T3811,D304,R2120,Mumbai,Powai,Bandra,2023-10-24 14:17:00,2023-10-24 14:32:00,2023-10-24 15:50:00,23.9,517,Completed,
T3812,D198,R2203,Bangalore,Indiranagar,Jayanagar,2023-10-19 07:55:00,2023-10-19 08:04:00,2023-10-19 09:28:00,23.1,621,Completed,
T3813,D178,R2580,Bangalore,HSR Layout,Jayanagar,2023-10-06 10:48:00,2023-10-06 10:51:00,2023-10-06 11:47:00,21.0,558,Completed,
T3814,D239,R1531,Delhi,Vasant Kunj,Connaught Place,2023-10-14 01:53:00,,,0.0,0.0,Cancelled,Rider Cancelled
T3815,D319,R4611,Delhi,Dwarka,Saket,2023-10-02 17:27:00,2023-10-02 17:40:00,2023-10-02 19:00:00,23.9,635,Completed,
T3816,D269,R4703,Delhi,Connaught Place,Vasant Kunj,2023-10-28 19:22:00,2023-10-28 19:29:00,2023-10-28 20:42:00,21.1,390,Completed,
T3817,D161,R2172,Delhi,Rohini,Connaught Place,2023-10-29 12:07:00,2023-10-29 12:16:00,2023-10-29 12:57:00,15.7,323,Completed,
T3818,D127,R1745,Bangalore,Whitefield,Koramangala,2023-10-28 07:25:00,2023-10-28 07:29:00,2023-10-28 09:02:00,23.6,627,Completed,
T3819,D107,R2528,Delhi,Vasant Kunj,Connaught Place,2023-10-12 05:01:00,2023-10-12 05:13:00,2023-10-12 05:53:00,15.8,362,Completed,
T3820,D315,R4068,Mumbai,Colaba,Andheri,2023-10-25 06:09:00,2023-10-25 06:12:00,2023-10-25 07:09:00,18.2,497,Completed,
T3821,D271,R3484,Delhi,Dwarka,Connaught Place,2023-10-29 19:50:00,2023-10-29 20:03:00,2023-10-29 20:24:00,6.8,211,Completed,
T3822,D218,R1618,Bangalore,Indiranagar,Koramangala,2023-10-25 09:13:00,2023-10-25 09:19:00,2023-10-25 10:28:00,19.8,444,Completed,
T3823,D215,R2148,Bangalore,Whitefield,Koramangala,2023-10-16 15:49:00,2023-10-16 16:03:00,2023-10-16 17:19:00,23.0,403,Completed,
T3824,D110,R3970,Mumbai,Colaba,Bandra,2023-10-02 19:56:00,2023-10-02 20:08:00,2023-10-02 20:53:00,13.7,371,Completed,
T3825,D271,R1205,Delhi,Vasant Kunj,Rohini,2023-10-29 14:54:00,2023-10-29 14:57:00,2023-10-29 16:12:00,19.6,474,Completed,
T3826,D248,R1394,Bangalore,Indiranagar,Jayanagar,2023-10-10 21:14:00,2023-10-10 21:18:00,2023-10-10 22:35:00,20.4,426,Completed,
T3827,D109,R3522,Mumbai,Colaba,Powai,2023-10-08 02:53:00,,,0.0,0.0,Cancelled,Other
T3828,D125,R3958,Bangalore,Indiranagar,Jayanagar,2023-10-18 08:25:00,2023-10-18 08:36:00,2023-10-18 09:05:00,11.2,240,Completed,
T3829,D185,R2678,Mumbai,Colaba,Powai,2023-10-01 05:28:00,2023-10-01 05:36:00,2023-10-01 06:34:00,18.0,394,Completed,
T3830,D192,R3155,Delhi,Connaught Place,Vasant Kunj,2023-10-19 14:48:00,2023-10-19 14:51:00,2023-10-19 15:47:00,14.6,342,Completed,
T3831,D324,R2406,Bangalore,Koramangala,Indiranagar,2023-10-04 06:42:00,2023-10-04 06:50:00,2023-10-04 07:45:00,22.1,449,Completed,
T3832,D213,R1653,Mumbai,Juhu,Bandra,2023-10-25 04:55:00,2023-10-25 05:00:00,2023-10-25 05:08:00,3.1,120,Completed,
T3833,D266,R2968,Delhi,Rohini,Dwarka,2023-10-19 16:55:00,2023-10-19 17:10:00,2023-10-19 17:44:00,10.6,266,Completed,
T3834,D213,R3656,Mumbai,Colaba,Juhu,2023-10-23 20:29:00,2023-10-23 20:37:00,2023-10-23 21:59:00,22.4,495,Completed,
T3835,D344,R2731,Bangalore,Jayanagar,HSR Layout,2023-10-23 14:12:00,2023-10-23 14:21:00,2023-10-23 15:00:00,11.3,257,Completed,
T3836,D318,R4578,Bangalore,Jayanagar,Koramangala,2023-10-14 18:00:00,2023-10-14 18:06:00,2023-10-14 18:58:00,17.2,343,Completed,
T3837,D267,R1751,Delhi,Connaught Place,Rohini,2023-10-06 02:37:00,2023-10-06 02:42:00,2023-10-06 03:45:00,16.5,459,Completed,
T3838,D285,R1266,Bangalore,Whitefield,HSR Layout,2023-10-17 22:28:00,2023-10-17 22:31:00,2023-10-17 23:43:00,18.2,343,Completed,
T3839,D155,R2537,Bangalore,Whitefield,Koramangala,2023-10-21 21:05:00,2023-10-21 21:20:00,2023-10-21 22:25:00,21.2,392,Completed,
T3840,D159,R2315,Mumbai,Colaba,Powai,2023-10-21 20:14:00,2023-10-21 20:16:00,2023-10-21 20:27:00,4.6,157,Completed,
T3841,D277,R3381,Delhi,Vasant Kunj,Dwarka,2023-10-15 23:39:00,2023-10-15 23:49:00,2023-10-16 00:34:00,15.8,413,Completed,
T3842,D257,R1451,Mumbai,Powai,Bandra,2023-10-06 01:05:00,2023-10-06 01:10:00,2023-10-06 01:56:00,13.8,348,Completed,
T3843,D109,R4698,Mumbai,Juhu,Bandra,2023-10-26 19:00:00,2023-10-26 19:02:00,2023-10-26 19:45:00,11.8,309,Completed,
T3844,D305,R3842,Mumbai,Colaba,Powai,2023-10-05 21:07:00,2023-10-05 21:17:00,2023-10-05 21:54:00,12.0,261,Completed,
T3845,D234,R4989,Delhi,Connaught Place,Rohini,2023-10-27 02:55:00,,,0.0,0.0,Cancelled,Driver Cancelled
T3846,D191,R2126,Mumbai,Powai,Colaba,2023-10-21 21:57:00,,,0.0,0.0,Cancelled,Payment Issue
T3847,D168,R1968,Mumbai,Powai,Bandra,2023-10-27 03:46:00,2023-10-27 04:01:00,2023-10-27 04:26:00,7.5,188,Completed,
T3848,D298,R3670,Bangalore,Whitefield,Jayanagar,2023-10-19 13:24:00,2023-10-19 13:27:00,2023-10-19 14:31:00,21.6,397,Completed,
T3849,D296,R3713,Mumbai,Powai,Juhu,2023-10-09 18:59:00,2023-10-09 19:11:00,2023-10-09 19:57:00,14.1,272,Completed,
T3850,D173,R4613,Bangalore,HSR Layout,Indiranagar,2023-10-19 04:29:00,2023-10-19 04:41:00,2023-10-19 05:02:00,7.2,211,Completed,
T3851,D228,R2587,Delhi,Rohini,Dwarka,2023-10-10 23:49:00,2023-10-10 23:53:00,2023-10-11 00:49:00,17.4,384,Completed,
T3852,D312,R4726,Mumbai,Juhu,Colaba,2023-10-14 15:48:00,2023-10-14 15:56:00,2023-10-14 16:14:00,5.4,163,Completed,
T3853,D210,R4256,Delhi,Rohini,Saket,2023-10-03 00:51:00,2023-10-03 00:59:00,2023-10-03 01:53:00,16.2,451,Completed,
T3854,D198,R3188,Bangalore,Koramangala,Indiranagar,2023-10-07 05:58:00,2023-10-07 06:13:00,2023-10-07 06:49:00,9.2,256,Completed,
T3855,D127,R4881,Bangalore,Whitefield,Jayanagar,2023-10-15 07:12:00,,,0.0,0.0,Cancelled,Driver Cancelled
T3856,D286,R4538,Mumbai,Powai,Colaba,2023-10-22 06:45:00,2023-10-22 06:58:00,2023-10-22 07:42:00,17.7,411,Completed,
T3857,D314,R4224,Delhi,Vasant Kunj,Rohini,2023-10-21 09:50:00,2023-10-21 10:04:00,2023-10-21 11:03:00,19.0,347,Completed,
T3858,D286,R4351,Mumbai,Andheri,Powai,2023-10-10 04:53:00,2023-10-10 04:56:00,2023-10-10 06:10:00,21.5,420,Completed,
T3859,D119,R3677,Mumbai,Juhu,Powai,2023-10-16 04:04:00,2023-10-16 04:06:00,2023-10-16 05:42:00,24.3,509,Completed,
T3860,D332,R1351,Bangalore,Koramangala,Whitefield,2023-10-30 08:34:00,2023-10-30 08:40:00,2023-10-30 09:05:00,7.1,208,Completed,
T3861,D205,R4167,Bangalore,Koramangala,Indiranagar,2023-10-19 07:59:00,2023-10-19 08:03:00,2023-10-19 08:20:00,4.9,142,Completed,
T3862,D271,R3733,Delhi,Rohini,Dwarka,2023-10-28 05:38:00,,,0.0,0.0,Cancelled,Driver Cancelled
T3863,D213,R2921,Mumbai,Colaba,Bandra,2023-10-21 12:42:00,2023-10-21 12:55:00,2023-10-21 13:28:00,13.0,272,Completed,
T3864,D201,R2246,Mumbai,Colaba,Juhu,2023-10-03 05:59:00,2023-10-03 06:14:00,2023-10-03 07:08:00,14.9,295,Completed,
T3865,D334,R1481,Mumbai,Colaba,Juhu,2023-10-14 05:57:00,2023-10-14 06:06:00,2023-10-14 06:42:00,14.0,381,Completed,
T3866,D148,R3086,Mumbai,Andheri,Colaba,2023-10-25 18:01:00,2023-10-25 18:09:00,2023-10-25 19:23:00,21.9,532,Completed,
T3867,D158,R2979,Bangalore,Koramangala,Indiranagar,2023-10-13 03:05:00,2023-10-13 03:16:00,2023-10-13 03:39:00,8.7,237,Completed,
T3868,D271,R4294,Delhi,Vasant Kunj,Connaught Place,2023-10-13 00:49:00,2023-10-13 01:00:00,2023-10-13 02:18:00,24.6,515,Completed,
T3869,D185,R3663,Mumbai,Juhu,Bandra,2023-10-13 04:00:00,,,0.0,0.0,Cancelled,Driver Cancelled
T3870,D301,R2409,Mumbai,Bandra,Juhu,2023-10-06 16:11:00,2023-10-06 16:24:00,2023-10-06 17:39:00,23.5,578,Completed,
T3871,D282,R1651,Delhi,Dwarka,Rohini,2023-10-26 17:57:00,,,0.0,0.0,Cancelled,Payment Issue
T3872,D138,R4558,Delhi,Vasant Kunj,Connaught Place,2023-10-26 14:56:00,,,0.0,0.0,Cancelled,Driver Cancelled
T3873,D175,R3192,Bangalore,Whitefield,HSR Layout,2023-10-04 11:29:00,2023-10-04 11:37:00,2023-10-04 11:47:00,2.6,107,Completed,
T3874,D213,R1059,Mumbai,Juhu,Colaba,2023-10-10 22:29:00,2023-10-10 22:43:00,2023-10-10 23:10:00,7.0,196,Completed,
T3875,D136,R4530,Bangalore,Whitefield,Indiranagar,2023-10-25 06:27:00,,,0.0,0.0,Cancelled,Driver Not Found
T3876,D119,R3377,Mumbai,Colaba,Juhu,2023-10-23 04:33:00,2023-10-23 04:37:00,2023-10-23 05:13:00,11.6,256,Completed,
T3877,D240,R2447,Mumbai,Colaba,Andheri,2023-10-06 22:13:00,2023-10-06 22:20:00,2023-10-06 23:35:00,19.2,400,Completed,
T3878,D210,R4252,Delhi,Saket,Dwarka,2023-10-06 09:22:00,2023-10-06 09:31:00,2023-10-06 09:39:00,3.0,123,Completed,
T3879,D206,R2210,Bangalore,Jayanagar,HSR Layout,2023-10-12 20:49:00,2023-10-12 20:55:00,2023-10-12 21:55:00,17.2,355,Completed,
T3880,D298,R3761,Bangalore,Whitefield,HSR Layout,2023-10-15 17:27:00,2023-10-15 17:34:00,2023-10-15 17:41:00,2.5,90,Completed,
T3881,D229,R4207,Mumbai,Juhu,Bandra,2023-10-05 17:08:00,2023-10-05 17:15:00,2023-10-05 18:10:00,16.3,411,Completed,
T3882,D347,R3124,Bangalore,Jayanagar,HSR Layout,2023-10-16 00:39:00,2023-10-16 00:50:00,2023-10-16 01:02:00,5.0,152,Completed,
T3883,D307,R2592,Bangalore,Koramangala,Indiranagar,2023-10-29 05:42:00,,,0.0,0.0,Cancelled,Other
T3884,D130,R4059,Bangalore,Whitefield,Koramangala,2023-10-10 19:34:00,,,0.0,0.0,Cancelled,Rider Cancelled
T3885,D298,R4606,Bangalore,Koramangala,Whitefield,2023-10-03 18:15:00,,,0.0,0.0,Cancelled,Driver Cancelled
T3886,D119,R1826,Mumbai,Powai,Juhu,2023-10-19 19:35:00,2023-10-19 19:45:00,2023-10-19 20:20:00,12.8,350,Completed,
T3887,D162,R1170,Mumbai,Bandra,Juhu,2023-10-02 08:49:00,,,0.0,0.0,Cancelled,Driver Cancelled
T3888,D288,R3746,Mumbai,Andheri,Juhu,2023-10-28 13:50:00,2023-10-28 14:04:00,2023-10-28 15:18:00,21.7,526,Completed,
T3889,D183,R1224,Bangalore,HSR Layout,Indiranagar,2023-10-25 15:33:00,2023-10-25 15:43:00,2023-10-25 16:00:00,4.6,143,Completed,
T3890,D241,R2310,Delhi,Saket,Vasant Kunj,2023-10-02 10:41:00,2023-10-02 10:55:00,2023-10-02 11:59:00,17.4,332,Completed,
T3891,D151,R4487,Delhi,Vasant Kunj,Rohini,2023-10-17 19:21:00,2023-10-17 19:26:00,2023-10-17 20:03:00,10.4,289,Completed,
T3892,D205,R4244,Bangalore,HSR Layout,Jayanagar,2023-10-19 10:54:00,2023-10-19 10:56:00,2023-10-19 12:21:00,21.8,455,Completed,
T3893,D196,R4577,Delhi,Vasant Kunj,Dwarka,2023-10-24 14:40:00,,,0.0,0.0,Cancelled,Driver Cancelled
T3894,D115,R2819,Bangalore,Indiranagar,Jayanagar,2023-10-29 22:10:00,2023-10-29 22:22:00,2023-10-29 23:38:00,24.5,479,Completed,
T3895,D283,R3119,Bangalore,Koramangala,HSR Layout,2023-10-01 07:08:00,,,0.0,0.0,Cancelled,Driver Cancelled
T3896,D198,R4125,Bangalore,Indiranagar,HSR Layout,2023-10-05 15:09:00,2023-10-05 15:19:00,2023-10-05 15:30:00,4.1,148,Completed,
T3897,D235,R2605,Bangalore,Indiranagar,Jayanagar,2023-10-01 17:06:00,2023-10-01 17:20:00,2023-10-01 17:48:00,8.7,184,Completed,
T3898,D116,R3889,Delhi,Saket,Rohini,2023-10-01 10:26:00,2023-10-01 10:28:00,2023-10-01 11:28:00,15.9,418,Completed,
T3899,D252,R2474,Mumbai,Juhu,Andheri,2023-10-25 08:32:00,2023-10-25 08:36:00,2023-10-25 09:29:00,17.8,392,Completed,
T3900,D303,R1531,Bangalore,Koramangala,Jayanagar,2023-10-25 15:16:00,2023-10-25 15:24:00,2023-10-25 15:55:00,10.5,286,Completed,
T3901,D159,R2783,Mumbai,Powai,Juhu,2023-10-18 12:40:00,2023-10-18 12:48:00,2023-10-18 13:54:00,23.2,426,Completed,
T3902,D273,R3384,Delhi,Rohini,Vasant Kunj,2023-10-04 17:58:00,2023-10-04 18:01:00,2023-10-04 18:06:00,2.2,96,Completed,
T3903,D328,R1878,Delhi,Vasant Kunj,Dwarka,2023-10-01 11:52:00,2023-10-01 11:55:00,2023-10-01 12:22:00,7.1,158,Completed,
T3904,D349,R1304,Mumbai,Andheri,Bandra,2023-10-04 18:03:00,2023-10-04 18:10:00,2023-10-04 18:18:00,2.9,109,Completed,
T3905,D229,R1692,Mumbai,Bandra,Colaba,2023-10-19 18:20:00,2023-10-19 18:25:00,2023-10-19 19:22:00,16.2,429,Completed,
T3906,D101,R2751,Mumbai,Juhu,Colaba,2023-10-07 21:32:00,,,0.0,0.0,Cancelled,Other
T3907,D263,R1284,Delhi,Connaught Place,Vasant Kunj,2023-10-28 05:58:00,2023-10-28 06:10:00,2023-10-28 07:16:00,22.5,478,Completed,
T3908,D319,R4768,Delhi,Vasant Kunj,Rohini,2023-10-09 09:53:00,2023-10-09 10:07:00,2023-10-09 10:20:00,3.5,123,Completed,
T3909,D209,R4998,Delhi,Connaught Place,Vasant Kunj,2023-10-29 04:53:00,2023-10-29 04:56:00,2023-10-29 06:13:00,19.4,431,Completed,
T3910,D118,R3296,Delhi,Saket,Dwarka,2023-10-27 22:21:00,2023-10-27 22:23:00,2023-10-27 23:22:00,17.5,451,Completed,
T3911,D127,R1314,Bangalore,Jayanagar,Indiranagar,2023-10-22 04:13:00,2023-10-22 04:20:00,2023-10-22 04:56:00,13.8,369,Completed,
T3912,D157,R4530,Mumbai,Colaba,Andheri,2023-10-12 15:41:00,,,0.0,0.0,Cancelled,Other
T3913,D200,R3023,Mumbai,Andheri,Powai,2023-10-09 03:44:00,2023-10-09 03:52:00,2023-10-09 05:01:00,21.7,562,Completed,
T3914,D195,R2700,Delhi,Vasant Kunj,Connaught Place,2023-10-04 04:41:00,2023-10-04 04:47:00,2023-10-04 05:17:00,11.0,218,Completed,
T3915,D327,R1926,Bangalore,Jayanagar,HSR Layout,2023-10-03 00:58:00,2023-10-03 01:01:00,2023-10-03 01:50:00,15.7,405,Completed,
T3916,D155,R4220,Bangalore,Jayanagar,Indiranagar,2023-10-23 20:14:00,2023-10-23 20:25:00,2023-10-23 20:46:00,5.9,191,Completed,
T3917,D255,R3524,Bangalore,Jayanagar,Indiranagar,2023-10-06 12:23:00,2023-10-06 12:30:00,2023-10-06 13:29:00,18.9,488,Completed,
T3918,D196,R3896,Delhi,Saket,Vasant Kunj,2023-10-09 21:36:00,2023-10-09 21:49:00,2023-10-09 22:21:00,8.8,190,Completed,
T3919,D145,R1202,Delhi,Dwarka,Rohini,2023-10-03 12:44:00,2023-10-03 12:54:00,2023-10-03 13:03:00,3.4,103,Completed,
T3920,D166,R4648,Mumbai,Colaba,Powai,2023-10-18 12:47:00,2023-10-18 12:56:00,2023-10-18 13:36:00,10.1,249,Completed,
T3921,D280,R1275,Mumbai,Colaba,Bandra,2023-10-21 01:57:00,,,0.0,0.0,Cancelled,Rider Cancelled
T3922,D243,R1586,Delhi,Vasant Kunj,Rohini,2023-10-01 13:47:00,2023-10-01 13:58:00,2023-10-01 14:56:00,17.4,467,Completed,
T3923,D339,R1116,Bangalore,Koramangala,HSR Layout,2023-10-18 20:46:00,2023-10-18 20:55:00,2023-10-18 21:23:00,9.1,187,Completed,
T3924,D173,R1564,Bangalore,HSR Layout,Whitefield,2023-10-22 23:37:00,2023-10-22 23:46:00,2023-10-23 00:17:00,11.0,234,Completed,
T3925,D260,R4958,Bangalore,Indiranagar,Koramangala,2023-10-08 05:13:00,2023-10-08 05:26:00,2023-10-08 07:00:00,23.7,470,Completed,
T3926,D219,R4282,Delhi,Dwarka,Connaught Place,2023-10-27 21:03:00,2023-10-27 21:13:00,2023-10-27 22:14:00,16.5,438,Completed,
T3927,D197,R4656,Mumbai,Colaba,Bandra,2023-10-20 17:38:00,,,0.0,0.0,Cancelled,Driver Not Found
T3928,D337,R3083,Mumbai,Bandra,Andheri,2023-10-04 02:14:00,2023-10-04 02:19:00,2023-10-04 02:33:00,5.1,160,Completed,
T3929,D191,R4409,Mumbai,Andheri,Juhu,2023-10-29 03:54:00,2023-10-29 03:57:00,2023-10-29 04:32:00,8.9,235,Completed,
T3930,D349,R2883,Mumbai,Powai,Andheri,2023-10-29 00:17:00,2023-10-29 00:22:00,2023-10-29 01:50:00,24.8,607,Completed,
T3931,D239,R4736,Delhi,Rohini,Saket,2023-10-22 08:40:00,2023-10-22 08:47:00,2023-10-22 09:36:00,12.3,320,Completed,
T3932,D301,R4752,Mumbai,Juhu,Bandra,2023-10-05 22:38:00,2023-10-05 22:43:00,2023-10-05 23:39:00,15.1,373,Completed,
T3933,D221,R1727,Delhi,Connaught Place,Saket,2023-10-28 16:23:00,2023-10-28 16:34:00,2023-10-28 17:57:00,21.1,522,Completed,
T3934,D211,R3681,Delhi,Dwarka,Vasant Kunj,2023-10-28 08:34:00,2023-10-28 08:38:00,2023-10-28 09:45:00,23.9,496,Completed,
T3935,D306,R4464,Bangalore,Indiranagar,HSR Layout,2023-10-05 07:49:00,2023-10-05 08:03:00,2023-10-05 08:49:00,17.9,414,Completed,
T3936,D340,R3719,Mumbai,Bandra,Juhu,2023-10-02 22:31:00,2023-10-02 22:44:00,2023-10-02 23:43:00,19.0,517,Completed,
T3937,D141,R2798,Mumbai,Colaba,Andheri,2023-10-15 12:24:00,2023-10-15 12:35:00,2023-10-15 12:49:00,5.3,174,Completed,
T3938,D173,R3919,Bangalore,Jayanagar,Koramangala,2023-10-01 17:48:00,2023-10-01 17:51:00,2023-10-01 18:16:00,7.0,185,Completed,
T3939,D150,R2069,Mumbai,Andheri,Colaba,2023-10-12 18:06:00,2023-10-12 18:14:00,2023-10-12 19:11:00,16.2,454,Completed,
T3940,D275,R2874,Delhi,Rohini,Connaught Place,2023-10-18 05:22:00,,,0.0,0.0,Cancelled,Driver Not Found
T3941,D258,R1642,Bangalore,HSR Layout,Whitefield,2023-10-28 04:23:00,2023-10-28 04:30:00,2023-10-28 05:43:00,23.3,418,Completed,
T3942,D344,R4813,Bangalore,Whitefield,Indiranagar,2023-10-26 01:12:00,2023-10-26 01:22:00,2023-10-26 02:13:00,16.0,432,Completed,
T3943,D148,R3500,Mumbai,Andheri,Juhu,2023-10-03 01:04:00,,,0.0,0.0,Cancelled,Other
T3944,D229,R2406,Mumbai,Juhu,Andheri,2023-10-20 19:41:00,2023-10-20 19:52:00,2023-10-20 19:59:00,2.2,98,Completed,
T3945,D248,R1605,Bangalore,Koramangala,Jayanagar,2023-10-04 10:02:00,,,0.0,0.0,Cancelled,Rider Cancelled
T3946,D304,R1628,Mumbai,Juhu,Bandra,2023-10-09 14:57:00,2023-10-09 15:06:00,2023-10-09 15:44:00,14.9,298,Completed,
T3947,D121,R4156,Delhi,Dwarka,Saket,2023-10-11 05:49:00,2023-10-11 05:59:00,2023-10-11 07:24:00,22.3,400,Completed,
T3948,D179,R4681,Delhi,Dwarka,Vasant Kunj,2023-10-01 16:17:00,2023-10-01 16:26:00,2023-10-01 16:57:00,8.8,183,Completed,
T3949,D175,R2788,Bangalore,Indiranagar,Jayanagar,2023-10-16 15:52:00,2023-10-16 15:58:00,2023-10-16 17:00:00,16.2,439,Completed,
T3950,D229,R1881,Mumbai,Colaba,Powai,2023-10-08 22:48:00,2023-10-08 22:50:00,2023-10-08 23:04:00,4.2,125,Completed,
T3951,D240,R3910,Mumbai,Andheri,Bandra,2023-10-04 13:47:00,2023-10-04 14:02:00,2023-10-04 14:21:00,6.4,189,Completed,
T3952,D257,R1121,Mumbai,Andheri,Juhu,2023-10-03 21:27:00,2023-10-03 21:31:00,2023-10-03 22:25:00,16.3,336,Completed,
T3953,D289,R3683,Mumbai,Powai,Bandra,2023-10-04 04:12:00,2023-10-04 04:24:00,2023-10-04 04:34:00,3.2,103,Completed,
T3954,D313,R2339,Bangalore,Whitefield,Indiranagar,2023-10-13 01:19:00,2023-10-13 01:29:00,2023-10-13 02:00:00,12.2,270,Completed,
T3955,D301,R4922,Mumbai,Andheri,Juhu,2023-10-05 02:55:00,2023-10-05 02:57:00,2023-10-05 03:56:00,17.1,439,Completed,
T3956,D129,R4766,Mumbai,Andheri,Colaba,2023-10-11 11:01:00,2023-10-11 11:07:00,2023-10-11 11:54:00,14.6,298,Completed,
T3957,D293,R2099,Mumbai,Bandra,Juhu,2023-10-23 02:05:00,2023-10-23 02:13:00,2023-10-23 02:39:00,7.7,220,Completed,
T3958,D299,R1272,Delhi,Connaught Place,Dwarka,2023-10-04 01:10:00,2023-10-04 01:22:00,2023-10-04 02:41:00,25.0,499,Completed,
T3959,D110,R1914,Mumbai,Andheri,Bandra,2023-10-04 13:58:00,2023-10-04 14:00:00,2023-10-04 15:08:00,19.9,513,Completed,
T3960,D298,R3424,Bangalore,Whitefield,Indiranagar,2023-10-30 05:09:00,,,0.0,0.0,Cancelled,Payment Issue
T3961,D243,R2994,Delhi,Saket,Connaught Place,2023-10-16 11:30:00,2023-10-16 11:37:00,2023-10-16 12:38:00,22.5,448,Completed,
T3962,D252,R3253,Mumbai,Andheri,Powai,2023-10-29 12:41:00,,,0.0,0.0,Cancelled,Driver Not Found
T3963,D180,R1841,Delhi,Dwarka,Vasant Kunj,2023-10-10 07:07:00,2023-10-10 07:14:00,2023-10-10 07:47:00,8.7,230,Completed,
T3964,D304,R2361,Mumbai,Juhu,Andheri,2023-10-22 01:11:00,2023-10-22 01:23:00,2023-10-22 02:07:00,13.2,260,Completed,
T3965,D133,R2379,Mumbai,Colaba,Powai,2023-10-03 19:05:00,2023-10-03 19:09:00,2023-10-03 20:19:00,24.3,568,Completed,
T3966,D223,R2840,Delhi,Vasant Kunj,Connaught Place,2023-10-04 10:27:00,2023-10-04 10:39:00,2023-10-04 11:05:00,8.8,258,Completed,
T3967,D271,R3396,Delhi,Dwarka,Vasant Kunj,2023-10-15 01:24:00,2023-10-15 01:30:00,2023-10-15 02:41:00,24.4,508,Completed,
T3968,D114,R3444,Delhi,Dwarka,Rohini,2023-10-29 20:07:00,2023-10-29 20:16:00,2023-10-29 21:19:00,16.7,321,Completed,
T3969,D276,R1365,Mumbai,Andheri,Bandra,2023-10-29 00:45:00,2023-10-29 00:58:00,2023-10-29 01:31:00,10.4,237,Completed,
T3970,D200,R2961,Mumbai,Juhu,Andheri,2023-10-10 00:47:00,2023-10-10 01:02:00,2023-10-10 02:17:00,19.0,345,Completed,
T3971,D315,R1775,Mumbai,Colaba,Bandra,2023-10-01 19:57:00,2023-10-01 20:10:00,2023-10-01 20:28:00,6.2,171,Completed,
T3972,D159,R1255,Mumbai,Andheri,Colaba,2023-10-24 13:35:00,2023-10-24 13:49:00,2023-10-24 14:24:00,11.8,335,Completed,
T3973,D240,R4054,Mumbai,Colaba,Powai,2023-10-21 07:22:00,2023-10-21 07:32:00,2023-10-21 07:46:00,5.6,135,Completed,
T3974,D334,R2799,Mumbai,Powai,Colaba,2023-10-27 02:31:00,2023-10-27 02:45:00,2023-10-27 02:52:00,2.1,91,Completed,
T3975,D294,R4443,Bangalore,Indiranagar,Jayanagar,2023-10-16 11:18:00,2023-10-16 11:21:00,2023-10-16 12:29:00,23.8,456,Completed,
T3976,D347,R4591,Bangalore,Jayanagar,Whitefield,2023-10-01 19:40:00,2023-10-01 19:53:00,2023-10-01 20:26:00,13.1,320,Completed,
T3977,D295,R3865,Delhi,Rohini,Dwarka,2023-10-12 23:33:00,2023-10-12 23:46:00,2023-10-13 01:07:00,22.8,526,Completed,
T3978,D206,R2043,Bangalore,HSR Layout,Jayanagar,2023-10-26 08:46:00,2023-10-26 08:53:00,2023-10-26 09:34:00,16.4,421,Completed,
T3979,D239,R1338,Delhi,Vasant Kunj,Dwarka,2023-10-01 09:16:00,2023-10-01 09:18:00,2023-10-01 09:52:00,9.7,210,Completed,
T3980,D158,R2624,Bangalore,Koramangala,Jayanagar,2023-10-18 17:23:00,2023-10-18 17:31:00,2023-10-18 17:38:00,2.1,101,Completed,
T3981,D167,R3833,Delhi,Saket,Rohini,2023-10-13 08:04:00,2023-10-13 08:19:00,2023-10-13 08:53:00,9.9,275,Completed,
T3982,D203,R4820,Delhi,Rohini,Saket,2023-10-03 09:46:00,2023-10-03 09:49:00,2023-10-03 10:19:00,8.1,242,Completed,
T3983,D114,R2580,Delhi,Rohini,Saket,2023-10-22 03:12:00,2023-10-22 03:23:00,2023-10-22 03:52:00,7.5,218,Completed,
T3984,D178,R2534,Bangalore,HSR Layout,Koramangala,2023-10-19 16:14:00,2023-10-19 16:28:00,2023-10-19 17:40:00,23.6,493,Completed,
T3985,D172,R1759,Bangalore,Whitefield,Indiranagar,2023-10-24 07:17:00,2023-10-24 07:32:00,2023-10-24 08:02:00,8.8,200,Completed,
T3986,D349,R2784,Mumbai,Juhu,Powai,2023-10-30 02:40:00,,,0.0,0.0,Cancelled,Driver Cancelled
T3987,D146,R2890,Delhi,Vasant Kunj,Saket,2023-10-10 18:19:00,2023-10-10 18:28:00,2023-10-10 19:17:00,13.2,302,Completed,
T3988,D203,R1954,Delhi,Saket,Connaught Place,2023-10-24 01:11:00,,,0.0,0.0,Cancelled,Driver Not Found
T3989,D214,R3017,Mumbai,Juhu,Bandra,2023-10-02 04:10:00,2023-10-02 04:25:00,2023-10-02 04:59:00,9.8,278,Completed,
T3990,D211,R3291,Delhi,Dwarka,Saket,2023-10-14 08:19:00,2023-10-14 08:22:00,2023-10-14 09:23:00,24.2,562,Completed,
T3991,D231,R1105,Mumbai,Bandra,Colaba,2023-10-11 19:07:00,2023-10-11 19:15:00,2023-10-11 20:40:00,21.7,528,Completed,
T3992,D111,R3855,Bangalore,Whitefield,Jayanagar,2023-10-25 02:25:00,2023-10-25 02:31:00,2023-10-25 02:37:00,2.5,110,Completed,
T3993,D102,R2000,Delhi,Rohini,Connaught Place,2023-10-20 01:53:00,2023-10-20 01:57:00,2023-10-20 03:09:00,24.9,570,Completed,
T3994,D265,R1998,Mumbai,Colaba,Powai,2023-10-18 14:58:00,2023-10-18 15:03:00,2023-10-18 15:11:00,2.6,89,Completed,
T3995,D340,R1459,Mumbai,Juhu,Andheri,2023-10-08 19:33:00,2023-10-08 19:40:00,2023-10-08 20:55:00,21.3,384,Completed,
T3996,D209,R3947,Delhi,Dwarka,Connaught Place,2023-10-18 21:39:00,2023-10-18 21:48:00,2023-10-18 22:07:00,5.1,149,Completed,
T3997,D270,R1991,Bangalore,Koramangala,Jayanagar,2023-10-19 18:28:00,2023-10-19 18:31:00,2023-10-19 18:58:00,8.4,185,Completed,
T3998,D267,R1651,Delhi,Connaught Place,Vasant Kunj,2023-10-20 11:56:00,2023-10-20 11:59:00,2023-10-20 13:00:00,22.1,553,Completed,
T3999,D279,R1764,Mumbai,Juhu,Bandra,2023-10-17 15:02:00,2023-10-17 15:15:00,2023-10-17 15:37:00,7.3,192,Completed,
T4000,D318,R1637,Bangalore,Jayanagar,HSR Layout,2023-10-19 03:31:00,,2023-10-19 04:08:00,10.3,220,Completed,
T4001,D108,R4333,Delhi,Connaught Place,Dwarka,2023-10-03 00:27:00,2023-10-03 00:30:00,2023-10-03 01:39:00,20.1,476,Completed,
T4002,D184,R1814,Delhi,Saket,Vasant Kunj,2023-10-17 02:05:00,,,0.0,0.0,Cancelled,Driver Cancelled
T4003,D148,R4735,Mumbai,Colaba,Powai,2023-10-15 04:48:00,2023-10-15 04:57:00,2023-10-15 05:33:00,10.9,295,Completed,
T4004,D289,R3845,Mumbai,Colaba,Bandra,2023-10-05 07:25:00,2023-10-05 07:32:00,2023-10-05 08:21:00,14.4,270,Completed,
T4005,D252,R3916,Mumbai,Bandra,Andheri,2023-10-25 04:11:00,2023-10-25 04:23:00,2023-10-25 04:53:00,10.1,249,Completed,
T4006,D119,R3073,Mumbai,Powai,Andheri,2023-10-27 02:01:00,2023-10-27 02:15:00,2023-10-27 02:38:00,6.2,205,Completed,
T4007,D124,R3991,Delhi,Vasant Kunj,Connaught Place,2023-10-03 10:40:00,2023-10-03 10:46:00,2023-10-03 11:45:00,20.3,528,Completed,
T4008,D139,R2814,Delhi,Connaught Place,Saket,2023-10-04 06:28:00,2023-10-04 06:30:00,2023-10-04 07:32:00,16.7,363,Completed,
T4009,D218,R3500,Bangalore,Indiranagar,Koramangala,2023-10-04 05:54:00,2023-10-04 06:08:00,2023-10-04 06:36:00,10.7,261,Completed,
T4010,D298,R3510,Bangalore,Koramangala,Jayanagar,2023-10-23 01:51:00,2023-10-23 01:55:00,2023-10-23 02:36:00,14.3,282,Completed,
T4011,D158,R3481,Bangalore,Koramangala,Indiranagar,2023-10-29 05:20:00,2023-10-29 05:26:00,2023-10-29 05:46:00,7.8,185,Completed,
T4012,D275,R2868,Delhi,Connaught Place,Dwarka,2023-10-13 04:00:00,2023-10-13 04:12:00,2023-10-13 04:40:00,11.4,301,Completed,
T4013,D315,R3674,Mumbai,Juhu,Andheri,2023-10-07 04:32:00,2023-10-07 04:38:00,2023-10-07 05:54:00,21.6,561,Completed,
T4014,D192,R1849,Delhi,Connaught Place,Rohini,2023-10-01 22:01:00,2023-10-01 22:04:00,2023-10-01 22:29:00,6.8,177,Completed,
T4015,D171,R3711,Bangalore,Koramangala,Jayanagar,2023-10-05 11:00:00,2023-10-05 11:15:00,2023-10-05 12:04:00,13.1,347,Completed,
T4016,D165,R1700,Mumbai,Bandra,Juhu,2023-10-07 13:43:00,2023-10-07 13:55:00,2023-10-07 14:16:00,6.5,172,Completed,
T4017,D165,R1019,Mumbai,Andheri,Powai,2023-10-27 01:13:00,2023-10-27 01:20:00,2023-10-27 02:10:00,17.6,348,Completed,
T4018,D323,R3997,Bangalore,Whitefield,Indiranagar,2023-10-05 08:19:00,2023-10-05 08:23:00,2023-10-05 09:01:00,10.7,301,Completed,
T4019,D111,R4238,Bangalore,Indiranagar,Jayanagar,2023-10-25 06:32:00,2023-10-25 06:42:00,2023-10-25 07:46:00,24.5,542,Completed,
T4020,D316,R2694,Delhi,Vasant Kunj,Dwarka,2023-10-11 05:22:00,2023-10-11 05:32:00,2023-10-11 05:44:00,3.3,118,Completed,
T4021,D302,R2301,Bangalore,Koramangala,HSR Layout,2023-10-26 15:40:00,2023-10-26 15:48:00,2023-10-26 16:58:00,19.5,428,Completed,
T4022,D318,R1282,Bangalore,Indiranagar,Whitefield,2023-10-10 19:24:00,2023-10-10 19:35:00,2023-10-10 20:21:00,17.4,429,Completed,
T4023,D258,R1307,Bangalore,Koramangala,Indiranagar,2023-10-10 09:31:00,2023-10-10 09:44:00,2023-10-10 10:36:00,19.8,376,Completed,
T4024,D147,R2345,Mumbai,Juhu,Andheri,2023-10-18 00:22:00,2023-10-18 00:29:00,2023-10-18 00:53:00,8.7,224,Completed,
T4025,D133,R2028,Mumbai,Bandra,Juhu,2023-10-02 02:54:00,2023-10-02 03:08:00,2023-10-02 04:31:00,22.7,580,Completed,
T4026,D310,R3770,Delhi,Vasant Kunj,Connaught Place,2023-10-20 03:54:00,2023-10-20 03:59:00,2023-10-20 04:09:00,2.9,98,Completed,
T4027,D186,R1636,Bangalore,HSR Layout,Koramangala,2023-10-18 21:12:00,,,0.0,0.0,Cancelled,Driver Cancelled
T4028,D319,R4522,Delhi,Dwarka,Connaught Place,2023-10-13 05:38:00,2023-10-13 05:53:00,2023-10-13 05:59:00,2.3,103,Completed,
T4029,D207,R1503,Delhi,Connaught Place,Rohini,2023-10-24 14:37:00,2023-10-24 14:41:00,2023-10-24 16:06:00,23.7,462,Completed,
T4030,D228,R1687,Delhi,Vasant Kunj,Saket,2023-10-08 07:40:00,2023-10-08 07:53:00,2023-10-08 08:36:00,13.4,261,Completed,
T4031,D175,R4968,Bangalore,Indiranagar,Koramangala,2023-10-29 09:48:00,2023-10-29 09:53:00,2023-10-29 10:57:00,24.1,626,Completed,
T4032,D335,R1682,Bangalore,Whitefield,Koramangala,2023-10-23 07:37:00,2023-10-23 07:49:00,2023-10-23 08:46:00,19.4,428,Completed,
T4033,D230,R2892,Delhi,Vasant Kunj,Dwarka,2023-10-09 03:39:00,2023-10-09 03:53:00,2023-10-09 04:36:00,16.4,377,Completed,
T4034,D285,R4964,Bangalore,HSR Layout,Koramangala,2023-10-01 21:39:00,2023-10-01 21:44:00,2023-10-01 22:19:00,10.5,233,Completed,
T4035,D103,R1417,Delhi,Saket,Vasant Kunj,2023-10-24 09:31:00,2023-10-24 09:43:00,2023-10-24 10:15:00,12.5,348,Completed,
T4036,D301,R3829,Mumbai,Powai,Bandra,2023-10-25 17:53:00,2023-10-25 17:58:00,2023-10-25 18:26:00,8.7,203,Completed,
T4037,D289,R2933,Mumbai,Juhu,Powai,2023-10-20 13:06:00,2023-10-20 13:19:00,2023-10-20 13:50:00,12.1,335,Completed,
T4038,D337,R3673,Mumbai,Juhu,Andheri,2023-10-24 05:54:00,2023-10-24 05:56:00,2023-10-24 07:05:00,21.9,477,Completed,
T4039,D169,R3659,Delhi,Connaught Place,Saket,2023-10-09 11:22:00,2023-10-09 11:30:00,2023-10-09 12:48:00,24.6,523,Completed,
T4040,D340,R3232,Mumbai,Bandra,Powai,2023-10-30 05:20:00,2023-10-30 05:23:00,2023-10-30 05:38:00,5.5,176,Completed,
T4041,D288,R1218,Mumbai,Colaba,Bandra,2023-10-28 08:38:00,2023-10-28 08:41:00,2023-10-28 09:20:00,11.1,291,Completed,
T4042,D271,R4775,Delhi,Rohini,Connaught Place,2023-10-20 23:49:00,2023-10-20 23:59:00,2023-10-21 00:45:00,13.7,343,Completed,
T4043,D311,R1006,Delhi,Connaught Place,Vasant Kunj,2023-10-05 14:10:00,2023-10-05 14:21:00,2023-10-05 15:28:00,23.3,566,Completed,
T4044,D325,R2354,Delhi,Saket,Connaught Place,2023-10-20 09:49:00,2023-10-20 10:01:00,2023-10-20 10:53:00,19.0,430,Completed,
T4045,D107,R2252,Delhi,Vasant Kunj,Rohini,2023-10-16 07:39:00,2023-10-16 07:43:00,2023-10-16 08:54:00,20.2,510,Completed,
T4046,D168,R3045,Mumbai,Powai,Andheri,2023-10-26 12:29:00,2023-10-26 12:37:00,2023-10-26 13:50:00,19.5,400,Completed,
T4047,D336,R1580,Delhi,Vasant Kunj,Connaught Place,2023-10-12 23:52:00,,,0.0,0.0,Cancelled,Driver Not Found
T4048,D240,R4580,Mumbai,Bandra,Colaba,2023-10-20 21:48:00,2023-10-20 21:51:00,2023-10-20 22:49:00,19.6,420,Completed,
T4049,D335,R1511,Bangalore,Indiranagar,Whitefield,2023-10-08 10:18:00,2023-10-08 10:27:00,2023-10-08 10:43:00,6.2,193,Completed,
T4050,D250,R1506,Mumbai,Bandra,Andheri,2023-10-12 18:09:00,2023-10-12 18:22:00,2023-10-12 19:07:00,11.7,318,Completed,
T4051,D290,R2907,Bangalore,HSR Layout,Whitefield,2023-10-02 11:30:00,2023-10-02 11:42:00,2023-10-02 12:27:00,17.2,366,Completed,
T4052,D326,R4200,Bangalore,HSR Layout,Koramangala,2023-10-06 11:54:00,2023-10-06 12:02:00,2023-10-06 12:53:00,14.1,274,Completed,
T4053,D164,R2968,Mumbai,Andheri,Powai,2023-10-14 10:10:00,2023-10-14 10:16:00,2023-10-14 11:18:00,22.6,572,Completed,
T4054,D220,R4674,Bangalore,Indiranagar,HSR Layout,2023-10-09 08:41:00,2023-10-09 08:53:00,2023-10-09 09:48:00,19.5,523,Completed,
T4055,D254,R4186,Delhi,Rohini,Saket,2023-10-15 09:14:00,,,0.0,0.0,Cancelled,Driver Cancelled
T4056,D226,R2645,Bangalore,Jayanagar,Indiranagar,2023-10-23 07:39:00,,,0.0,0.0,Cancelled,Other
T4057,D312,R2408,Mumbai,Powai,Juhu,2023-10-04 16:57:00,,,0.0,0.0,Cancelled,Driver Not Found
T4058,D201,R1893,Mumbai,Powai,Andheri,2023-10-27 05:53:00,,,0.0,0.0,Cancelled,Driver Not Found
T4059,D311,R2515,Delhi,Rohini,Vasant Kunj,2023-10-23 05:28:00,2023-10-23 05:34:00,2023-10-23 05:51:00,6.0,182,Completed,
T4060,D186,R4710,Bangalore,HSR Layout,Indiranagar,2023-10-25 18:19:00,2023-10-25 18:29:00,2023-10-25 19:34:00,24.3,645,Completed,
T4061,D264,R4799,Mumbai,Andheri,Bandra,2023-10-01 04:50:00,2023-10-01 04:52:00,2023-10-01 05:52:00,17.9,339,Completed,
T4062,D144,R3276,Mumbai,Powai,Andheri,2023-10-14 22:22:00,2023-10-14 22:29:00,2023-10-14 22:53:00,9.1,192,Completed,
T4063,D294,R3247,Bangalore,HSR Layout,Whitefield,2023-10-12 16:36:00,2023-10-12 16:38:00,2023-10-12 17:56:00,24.6,598,Completed,
T4064,D112,R4916,Bangalore,Koramangala,Indiranagar,2023-10-14 05:36:00,2023-10-14 05:47:00,2023-10-14 06:08:00,7.3,172,Completed,
T4065,D102,R1070,Delhi,Dwarka,Vasant Kunj,2023-10-14 14:09:00,2023-10-14 14:16:00,2023-10-14 14:40:00,6.9,203,Completed,
T4066,D219,R1191,Delhi,Saket,Connaught Place,2023-10-08 17:17:00,2023-10-08 17:23:00,2023-10-08 17:41:00,5.3,136,Completed,
T4067,D218,R3277,Bangalore,Koramangala,Whitefield,2023-10-10 10:03:00,2023-10-10 10:17:00,2023-10-10 10:38:00,7.1,204,Completed,
T4068,D118,R3741,Delhi,Saket,Dwarka,2023-10-13 10:54:00,2023-10-13 10:59:00,2023-10-13 12:32:00,24.6,578,Completed,
T4069,D278,R1669,Delhi,Rohini,Connaught Place,2023-10-21 22:18:00,2023-10-21 22:22:00,2023-10-21 23:10:00,16.4,446,Completed,
T4070,D138,R1986,Delhi,Vasant Kunj,Saket,2023-10-22 08:24:00,,,0.0,0.0,Cancelled,Other
T4071,D295,R2414,Delhi,Saket,Connaught Place,2023-10-10 09:17:00,2023-10-10 09:25:00,2023-10-10 09:40:00,4.0,112,Completed,
T4072,D283,R1677,Bangalore,Indiranagar,Jayanagar,2023-10-13 17:28:00,2023-10-13 17:34:00,2023-10-13 18:04:00,11.7,334,Completed,
T4073,D334,R3343,Mumbai,Andheri,Colaba,2023-10-24 00:01:00,,,0.0,0.0,Cancelled,Other
T4074,D121,R1126,Delhi,Dwarka,Connaught Place,2023-10-23 01:34:00,2023-10-23 01:43:00,2023-10-23 02:04:00,8.1,237,Completed,
T4075,D328,R3109,Delhi,Connaught Place,Rohini,2023-10-06 17:26:00,2023-10-06 17:41:00,2023-10-06 18:17:00,12.9,344,Completed,
T4076,D287,R2526,Delhi,Rohini,Vasant Kunj,2023-10-18 11:08:00,2023-10-18 11:13:00,2023-10-18 11:18:00,2.1,97,Completed,
T4077,D345,R4254,Mumbai,Andheri,Powai,2023-10-14 23:14:00,2023-10-14 23:22:00,2023-10-14 23:32:00,2.8,114,Completed,
T4078,D123,R3664,Mumbai,Juhu,Andheri,2023-10-28 08:56:00,2023-10-28 08:58:00,2023-10-28 09:08:00,3.3,120,Completed,
T4079,D240,R3161,Mumbai,Juhu,Andheri,2023-10-30 13:11:00,,,0.0,0.0,Cancelled,Driver Cancelled
T4080,D296,R3861,Mumbai,Powai,Bandra,2023-10-01 07:46:00,,,0.0,0.0,Cancelled,Driver Cancelled
T4081,D159,R2529,Mumbai,Bandra,Andheri,2023-10-10 12:44:00,2023-10-10 12:48:00,2023-10-10 13:49:00,20.2,514,Completed,
T4082,D311,R1729,Delhi,Dwarka,Saket,2023-10-07 15:12:00,,,0.0,0.0,Cancelled,Driver Cancelled
T4083,D261,R4043,Delhi,Rohini,Dwarka,2023-10-08 23:38:00,2023-10-08 23:53:00,2023-10-09 00:43:00,16.1,334,Completed,
T4084,D252,R2072,Mumbai,Bandra,Powai,2023-10-26 02:34:00,,,0.0,0.0,Cancelled,Rider Cancelled
T4085,D316,R2025,Delhi,Dwarka,Saket,2023-10-22 11:04:00,2023-10-22 11:16:00,2023-10-22 12:46:00,23.3,411,Completed,
T4086,D101,R4685,Mumbai,Andheri,Powai,2023-10-13 20:27:00,2023-10-13 20:40:00,2023-10-13 20:58:00,5.4,153,Completed,
T4087,D228,R1146,Delhi,Saket,Connaught Place,2023-10-30 13:36:00,2023-10-30 13:43:00,2023-10-30 14:22:00,12.5,239,Completed,
T4088,D323,R2539,Bangalore,Jayanagar,Whitefield,2023-10-01 19:29:00,2023-10-01 19:33:00,2023-10-01 20:15:00,11.8,245,Completed,
T4089,D140,R2264,Delhi,Dwarka,Saket,2023-10-06 10:09:00,2023-10-06 10:21:00,2023-10-06 11:09:00,12.4,250,Completed,
T4090,D104,R1482,Mumbai,Colaba,Juhu,2023-10-28 16:47:00,2023-10-28 16:53:00,2023-10-28 17:16:00,6.6,178,Completed,
T4091,D300,R2653,Delhi,Vasant Kunj,Saket,2023-10-21 05:53:00,2023-10-21 06:03:00,2023-10-21 07:14:00,18.0,412,Completed,
T4092,D148,R1539,Mumbai,Bandra,Andheri,2023-10-07 10:01:00,2023-10-07 10:16:00,2023-10-07 11:29:00,19.8,396,Completed,
T4093,D271,R3452,Delhi,Saket,Vasant Kunj,2023-10-08 16:35:00,2023-10-08 16:37:00,2023-10-08 18:01:00,21.2,408,Completed,
T4094,D293,R2224,Mumbai,Bandra,Andheri,2023-10-28 19:48:00,2023-10-28 19:55:00,2023-10-28 20:18:00,9.4,282,Completed,
T4095,D289,R1894,Mumbai,Colaba,Andheri,2023-10-20 01:57:00,2023-10-20 02:07:00,2023-10-20 02:58:00,13.7,331,Completed,
T4096,D139,R4708,Delhi,Vasant Kunj,Rohini,2023-10-22 03:52:00,2023-10-22 04:07:00,2023-10-22 04:28:00,6.0,168,Completed,
T4097,D172,R2475,Bangalore,HSR Layout,Koramangala,2023-10-25 23:08:00,2023-10-25 23:15:00,2023-10-25 23:20:00,2.0,88,Completed,
T4098,D273,R3957,Delhi,Dwarka,Rohini,2023-10-12 00:03:00,2023-10-12 00:13:00,2023-10-12 01:41:00,24.0,539,Completed,
T4099,D103,R1083,Delhi,Connaught Place,Saket,2023-10-24 15:35:00,2023-10-24 15:43:00,2023-10-24 15:58:00,6.2,165,Completed,
T4100,D291,R3350,Bangalore,Jayanagar,Indiranagar,2023-10-21 02:13:00,2023-10-21 02:24:00,2023-10-21 02:48:00,7.4,233,Completed,
T4101,D129,R4343,Mumbai,Bandra,Colaba,2023-10-19 22:20:00,2023-10-19 22:30:00,2023-10-19 23:44:00,24.9,549,Completed,
T4102,D202,R2364,Delhi,Saket,Rohini,2023-10-20 04:46:00,2023-10-20 05:01:00,2023-10-20 06:03:00,20.5,498,Completed,
T4103,D240,R1041,Mumbai,Bandra,Powai,2023-10-23 02:35:00,2023-10-23 02:42:00,2023-10-23 03:45:00,17.7,392,Completed,
T4104,D272,R3124,Bangalore,Whitefield,Indiranagar,2023-10-27 16:23:00,2023-10-27 16:37:00,2023-10-27 17:08:00,11.3,243,Completed,
T4105,D201,R4209,Mumbai,Andheri,Bandra,2023-10-10 20:46:00,2023-10-10 20:51:00,2023-10-10 21:52:00,23.9,530,Completed,
T4106,D252,R2591,Mumbai,Andheri,Juhu,2023-10-21 16:18:00,2023-10-21 16:27:00,2023-10-21 16:49:00,7.2,185,Completed,
T4107,D178,R1872,Bangalore,Koramangala,Jayanagar,2023-10-19 10:35:00,2023-10-19 10:38:00,2023-10-19 11:06:00,10.0,262,Completed,
T4108,D260,R1984,Bangalore,Indiranagar,Whitefield,2023-10-30 20:21:00,2023-10-30 20:35:00,2023-10-30 20:44:00,3.4,128,Completed,
T4109,D229,R1074,Mumbai,Bandra,Powai,2023-10-10 18:59:00,2023-10-10 19:05:00,2023-10-10 19:59:00,15.6,390,Completed,
T4110,D193,R4868,Bangalore,Indiranagar,Whitefield,2023-10-19 04:29:00,,,0.0,0.0,Cancelled,Other
T4111,D140,R4808,Delhi,Connaught Place,Vasant Kunj,2023-10-09 09:40:00,2023-10-09 09:49:00,2023-10-09 10:05:00,5.4,162,Completed,
T4112,D323,R2100,Bangalore,Indiranagar,HSR Layout,2023-10-18 13:50:00,2023-10-18 13:58:00,2023-10-18 14:21:00,8.6,214,Completed,
T4113,D169,R4499,Delhi,Rohini,Dwarka,2023-10-28 01:32:00,2023-10-28 01:35:00,2023-10-28 02:20:00,13.1,275,Completed,
T4114,D240,R4125,Mumbai,Juhu,Andheri,2023-10-13 08:03:00,2023-10-13 08:09:00,2023-10-13 09:33:00,21.6,428,Completed,
T4115,D280,R1398,Mumbai,Colaba,Bandra,2023-10-14 10:29:00,2023-10-14 10:33:00,2023-10-14 11:04:00,12.2,276,Completed,
T4116,D340,R4649,Mumbai,Colaba,Juhu,2023-10-16 17:30:00,2023-10-16 17:38:00,2023-10-16 18:03:00,7.0,178,Completed,
T4117,D239,R1238,Delhi,Dwarka,Connaught Place,2023-10-23 13:42:00,2023-10-23 13:48:00,2023-10-23 14:27:00,14.9,406,Completed,
T4118,D224,R4281,Bangalore,Indiranagar,HSR Layout,2023-10-15 11:09:00,2023-10-15 11:15:00,2023-10-15 11:52:00,12.7,299,Completed,
T4119,D115,R3953,Bangalore,Koramangala,HSR Layout,2023-10-14 12:29:00,2023-10-14 12:41:00,2023-10-14 13:37:00,15.5,428,Completed,
T4120,D268,R4138,Mumbai,Bandra,Colaba,2023-10-15 09:12:00,2023-10-15 09:22:00,2023-10-15 09:31:00,3.0,101,Completed,
T4121,D148,R2053,Mumbai,Bandra,Colaba,2023-10-09 19:45:00,2023-10-09 19:57:00,2023-10-09 20:58:00,18.5,369,Completed,
T4122,D346,R1819,Delhi,Rohini,Connaught Place,2023-10-02 12:06:00,2023-10-02 12:12:00,2023-10-02 12:57:00,15.6,360,Completed,
T4123,D218,R4105,Bangalore,Indiranagar,Whitefield,2023-10-19 12:01:00,2023-10-19 12:13:00,2023-10-19 12:26:00,3.9,139,Completed,
T4124,D131,R4115,Bangalore,Koramangala,Indiranagar,2023-10-07 09:57:00,2023-10-07 10:04:00,2023-10-07 10:35:00,10.6,241,Completed,
T4125,D181,R2344,Mumbai,Juhu,Andheri,2023-10-15 01:10:00,,,0.0,0.0,Cancelled,Driver Cancelled
T4126,D314,R3995,Delhi,Rohini,Vasant Kunj,2023-10-24 01:32:00,2023-10-24 01:46:00,2023-10-24 02:46:00,16.7,419,Completed,
T4127,D248,R4785,Bangalore,Koramangala,Whitefield,2023-10-02 14:18:00,2023-10-02 14:26:00,2023-10-02 14:38:00,4.6,144,Completed,
T4128,D330,R1897,Mumbai,Andheri,Colaba,2023-10-08 08:40:00,2023-10-08 08:44:00,2023-10-08 09:01:00,5.6,167,Completed,
T4129,D346,R2514,Delhi,Rohini,Saket,2023-10-27 07:08:00,2023-10-27 07:20:00,2023-10-27 07:28:00,2.4,108,Completed,
T4130,D145,R3882,Delhi,Rohini,Connaught Place,2023-10-25 08:28:00,2023-10-25 08:40:00,2023-10-25 09:34:00,16.5,316,Completed,
T4131,D261,R2846,Delhi,Dwarka,Vasant Kunj,2023-10-25 22:25:00,2023-10-25 22:36:00,2023-10-25 23:45:00,24.9,487,Completed,
T4132,D245,R3942,Mumbai,Bandra,Juhu,2023-10-26 10:55:00,2023-10-26 11:08:00,2023-10-26 12:12:00,20.5,380,Completed,
T4133,D164,R1762,Mumbai,Colaba,Powai,2023-10-22 00:56:00,,,0.0,0.0,Cancelled,Driver Cancelled
T4134,D195,R1405,Delhi,Dwarka,Rohini,2023-10-01 04:26:00,2023-10-01 04:28:00,2023-10-01 04:36:00,3.1,99,Completed,
T4135,D217,R2487,Delhi,Vasant Kunj,Rohini,2023-10-17 15:30:00,2023-10-17 15:38:00,2023-10-17 15:53:00,5.3,163,Completed,
T4136,D166,R4962,Mumbai,Juhu,Bandra,2023-10-28 08:14:00,2023-10-28 08:26:00,2023-10-28 09:08:00,12.6,254,Completed,
T4137,D296,R2579,Mumbai,Colaba,Bandra,2023-10-18 09:40:00,2023-10-18 09:44:00,2023-10-18 11:07:00,21.1,564,Completed,
T4138,D314,R1357,Delhi,Dwarka,Vasant Kunj,2023-10-17 10:49:00,2023-10-17 10:54:00,2023-10-17 11:44:00,17.5,356,Completed,
T4139,D247,R4261,Mumbai,Colaba,Andheri,2023-10-06 09:51:00,2023-10-06 09:53:00,2023-10-06 09:58:00,2.0,81,Completed,
T4140,D164,R2323,Mumbai,Colaba,Bandra,2023-10-24 23:05:00,2023-10-24 23:12:00,2023-10-24 23:34:00,8.4,229,Completed,
T4141,D333,R3820,Mumbai,Juhu,Andheri,2023-10-17 02:33:00,2023-10-17 02:39:00,2023-10-17 03:06:00,9.0,246,Completed,
T4142,D135,R3606,Delhi,Dwarka,Saket,2023-10-17 12:50:00,2023-10-17 12:55:00,2023-10-17 13:59:00,21.3,516,Completed,
T4143,D130,R1237,Bangalore,Koramangala,HSR Layout,2023-10-30 22:29:00,2023-10-30 22:42:00,2023-10-30 23:42:00,15.9,346,Completed,
T4144,D194,R4058,Delhi,Rohini,Saket,2023-10-23 20:57:00,2023-10-23 21:07:00,2023-10-23 21:58:00,17.6,482,Completed,
T4145,D161,R2296,Delhi,Vasant Kunj,Rohini,2023-10-09 00:26:00,2023-10-09 00:41:00,2023-10-09 02:12:00,23.4,548,Completed,
T4146,D292,R2341,Delhi,Vasant Kunj,Rohini,2023-10-15 15:58:00,2023-10-15 16:10:00,2023-10-15 16:31:00,6.6,183,Completed,
T4147,D292,R4697,Delhi,Vasant Kunj,Rohini,2023-10-14 22:35:00,2023-10-14 22:42:00,2023-10-15 00:08:00,24.9,613,Completed,
T4148,D204,R3624,Bangalore,Jayanagar,Indiranagar,2023-10-26 16:24:00,2023-10-26 16:39:00,2023-10-26 17:57:00,19.9,410,Completed,
T4149,D115,R2183,Bangalore,Jayanagar,Indiranagar,2023-10-01 14:31:00,2023-10-01 14:37:00,2023-10-01 15:38:00,16.7,422,Completed,
T4150,D302,R4698,Bangalore,Koramangala,Jayanagar,2023-10-11 08:23:00,2023-10-11 08:25:00,2023-10-11 09:06:00,11.3,305,Completed,
T4151,D264,R4107,Mumbai,Bandra,Colaba,2023-10-23 01:51:00,2023-10-23 02:04:00,2023-10-23 03:23:00,23.8,431,Completed,
T4152,D268,R4130,Mumbai,Juhu,Colaba,2023-10-13 08:50:00,2023-10-13 09:00:00,2023-10-13 09:51:00,15.0,403,Completed,
T4153,D279,R1969,Mumbai,Andheri,Bandra,2023-10-10 02:59:00,2023-10-10 03:02:00,2023-10-10 03:33:00,10.1,264,Completed,
T4154,D229,R1999,Mumbai,Powai,Colaba,2023-10-26 04:42:00,,,0.0,0.0,Cancelled,Other
T4155,D235,R2251,Bangalore,Indiranagar,Jayanagar,2023-10-11 23:46:00,2023-10-12 00:00:00,2023-10-12 00:54:00,14.6,270,Completed,
T4156,D342,R3980,Delhi,Dwarka,Connaught Place,2023-10-18 10:43:00,,,0.0,0.0,Cancelled,Driver Cancelled
T4157,D265,R1885,Mumbai,Andheri,Bandra,2023-10-15 10:19:00,,,0.0,0.0,Cancelled,Driver Not Found
T4158,D338,R1770,Mumbai,Juhu,Bandra,2023-10-15 04:11:00,2023-10-15 04:22:00,2023-10-15 04:58:00,13.5,385,Completed,
T4159,D300,R2869,Delhi,Dwarka,Connaught Place,2023-10-26 23:23:00,2023-10-26 23:31:00,2023-10-27 00:26:00,18.3,327,Completed,
T4160,D299,R4262,Delhi,Dwarka,Saket,2023-10-10 17:46:00,2023-10-10 17:57:00,2023-10-10 18:34:00,13.1,275,Completed,
T4161,D228,R1911,Delhi,Rohini,Saket,2023-10-22 07:26:00,2023-10-22 07:39:00,2023-10-22 08:32:00,15.0,286,Completed,
T4162,D213,R3709,Mumbai,Powai,Andheri,2023-10-02 20:52:00,2023-10-02 20:58:00,2023-10-02 21:31:00,9.0,225,Completed,
T4163,D264,R3970,Mumbai,Powai,Bandra,2023-10-23 03:44:00,2023-10-23 03:46:00,2023-10-23 04:50:00,18.7,344,Completed,
T4164,D108,R4724,Delhi,Vasant Kunj,Saket,2023-10-14 13:55:00,2023-10-14 14:05:00,2023-10-14 14:51:00,18.4,452,Completed,
T4165,D205,R4738,Bangalore,Koramangala,Indiranagar,2023-10-12 15:39:00,2023-10-12 15:49:00,2023-10-12 16:38:00,14.9,338,Completed,
T4166,D312,R1062,Mumbai,Andheri,Powai,2023-10-28 03:27:00,2023-10-28 03:41:00,2023-10-28 03:52:00,3.2,113,Completed,
T4167,D116,R3238,Delhi,Saket,Rohini,2023-10-01 20:41:00,2023-10-01 20:55:00,2023-10-01 21:50:00,22.2,578,Completed,
T4168,D299,R1019,Delhi,Connaught Place,Vasant Kunj,2023-10-17 20:29:00,2023-10-17 20:33:00,2023-10-17 21:39:00,24.4,619,Completed,
T4169,D149,R1384,Delhi,Vasant Kunj,Dwarka,2023-10-07 10:09:00,2023-10-07 10:14:00,2023-10-07 11:15:00,18.5,458,Completed,
T4170,D323,R2023,Bangalore,Whitefield,Koramangala,2023-10-13 16:40:00,2023-10-13 16:50:00,2023-10-13 17:46:00,19.5,516,Completed,
T4171,D213,R2063,Mumbai,Juhu,Bandra,2023-10-09 20:19:00,2023-10-09 20:21:00,2023-10-09 20:48:00,9.7,264,Completed,
T4172,D267,R2489,Delhi,Rohini,Saket,2023-10-12 20:12:00,2023-10-12 20:19:00,2023-10-12 21:33:00,23.0,542,Completed,
T4173,D150,R4449,Mumbai,Juhu,Andheri,2023-10-06 23:26:00,2023-10-06 23:41:00,2023-10-07 00:39:00,21.8,479,Completed,
T4174,D163,R2123,Bangalore,Jayanagar,Whitefield,2023-10-12 14:33:00,2023-10-12 14:38:00,2023-10-12 16:06:00,25.0,597,Completed,
T4175,D290,R2802,Bangalore,Jayanagar,Indiranagar,2023-10-24 11:22:00,2023-10-24 11:34:00,2023-10-24 12:05:00,10.4,309,Completed,
T4176,D264,R4519,Mumbai,Juhu,Colaba,2023-10-10 04:15:00,2023-10-10 04:27:00,2023-10-10 05:50:00,24.7,559,Completed,
T4177,D139,R4741,Delhi,Connaught Place,Vasant Kunj,2023-10-26 17:16:00,2023-10-26 17:24:00,2023-10-26 17:55:00,10.1,216,Completed,
T4178,D126,R3976,Bangalore,HSR Layout,Jayanagar,2023-10-26 18:22:00,2023-10-26 18:36:00,2023-10-26 19:01:00,8.8,193,Completed,
T4179,D227,R4495,Bangalore,HSR Layout,Indiranagar,2023-10-13 07:40:00,2023-10-13 07:51:00,2023-10-13 08:29:00,10.6,293,Completed,
T4180,D198,R4274,Bangalore,Jayanagar,Koramangala,2023-10-26 06:25:00,2023-10-26 06:32:00,2023-10-26 07:19:00,18.2,379,Completed,
T4181,D183,R4497,Bangalore,Jayanagar,Indiranagar,2023-10-10 20:21:00,2023-10-10 20:30:00,2023-10-10 21:32:00,19.7,358,Completed,
T4182,D156,R3563,Bangalore,Whitefield,Jayanagar,2023-10-28 01:04:00,2023-10-28 01:13:00,2023-10-28 02:36:00,22.0,529,Completed,
T4183,D141,R3410,Mumbai,Powai,Juhu,2023-10-26 22:18:00,,,0.0,0.0,Cancelled,Payment Issue
T4184,D182,R4565,Mumbai,Powai,Bandra,2023-10-15 00:26:00,2023-10-15 00:40:00,2023-10-15 01:32:00,14.9,356,Completed,
T4185,D145,R1238,Delhi,Connaught Place,Dwarka,2023-10-02 15:22:00,2023-10-02 15:33:00,2023-10-02 16:16:00,13.4,262,Completed,
T4186,D336,R3024,Delhi,Saket,Connaught Place,2023-10-10 05:31:00,2023-10-10 05:34:00,2023-10-10 06:47:00,22.5,531,Completed,
T4187,D254,R4533,Delhi,Vasant Kunj,Connaught Place,2023-10-14 07:01:00,2023-10-14 07:09:00,2023-10-14 07:34:00,7.2,215,Completed,
T4188,D272,R1337,Bangalore,HSR Layout,Jayanagar,2023-10-15 23:33:00,2023-10-15 23:45:00,2023-10-16 00:50:00,19.4,532,Completed,
T4189,D148,R4816,Mumbai,Colaba,Powai,2023-10-05 02:51:00,2023-10-05 02:55:00,2023-10-05 03:08:00,4.6,153,Completed,
T4190,D171,R3264,Bangalore,Jayanagar,Whitefield,2023-10-27 12:52:00,2023-10-27 13:02:00,2023-10-27 14:03:00,20.0,445,Completed,
T4191,D293,R1198,Mumbai,Bandra,Powai,2023-10-16 10:21:00,2023-10-16 10:30:00,2023-10-16 10:58:00,9.4,272,Completed,
T4192,D216,R1440,Mumbai,Colaba,Andheri,2023-10-25 19:44:00,2023-10-25 19:53:00,2023-10-25 20:31:00,10.8,232,Completed,
T4193,D115,R2623,Bangalore,HSR Layout,Koramangala,2023-10-01 14:38:00,2023-10-01 14:43:00,2023-10-01 15:46:00,18.7,497,Completed,
T4194,D179,R1767,Delhi,Vasant Kunj,Rohini,2023-10-26 17:11:00,2023-10-26 17:24:00,2023-10-26 18:25:00,17.9,440,Completed,
T4195,D254,R3447,Delhi,Vasant Kunj,Saket,2023-10-03 14:18:00,2023-10-03 14:33:00,2023-10-03 15:20:00,15.9,428,Completed,
T4196,D314,R3202,Delhi,Rohini,Vasant Kunj,2023-10-05 14:10:00,2023-10-05 14:24:00,2023-10-05 15:13:00,16.1,403,Completed,
T4197,D317,R1647,Bangalore,Jayanagar,Koramangala,2023-10-27 15:02:00,2023-10-27 15:08:00,2023-10-27 15:21:00,4.3,147,Completed,
T4198,D253,R1704,Delhi,Saket,Dwarka,2023-10-26 04:25:00,2023-10-26 04:34:00,2023-10-26 05:34:00,19.6,354,Completed,
T4199,D170,R2081,Mumbai,Andheri,Bandra,2023-10-17 14:26:00,,,0.0,0.0,Cancelled,Driver Not Found
T4200,D177,R3549,Mumbai,Juhu,Powai,2023-10-27 15:27:00,2023-10-27 15:37:00,2023-10-27 15:56:00,7.3,164,Completed,
T4201,D207,R3851,Delhi,Vasant Kunj,Rohini,2023-10-01 23:10:00,2023-10-01 23:17:00,2023-10-01 23:36:00,7.2,208,Completed,
T4202,D340,R4227,Mumbai,Colaba,Powai,2023-10-05 01:34:00,2023-10-05 01:45:00,2023-10-05 02:21:00,11.8,334,Completed,
T4203,D123,R1828,Mumbai,Powai,Andheri,2023-10-12 02:32:00,2023-10-12 02:44:00,2023-10-12 02:59:00,4.1,136,Completed,
T4204,D319,R4017,Delhi,Connaught Place,Vasant Kunj,2023-10-03 16:41:00,2023-10-03 16:50:00,2023-10-03 17:13:00,7.7,191,Completed,
T4205,D231,R3736,Mumbai,Bandra,Juhu,2023-10-22 10:06:00,2023-10-22 10:11:00,2023-10-22 10:59:00,17.5,420,Completed,
T4206,D322,R3018,Delhi,Vasant Kunj,Dwarka,2023-10-08 17:35:00,2023-10-08 17:50:00,2023-10-08 18:03:00,4.0,125,Completed,
T4207,D326,R1370,Bangalore,HSR Layout,Whitefield,2023-10-17 07:24:00,,,0.0,0.0,Cancelled,Driver Cancelled
T4208,D125,R2932,Bangalore,Indiranagar,Koramangala,2023-10-20 09:46:00,2023-10-20 09:50:00,2023-10-20 10:16:00,7.9,197,Completed,
T4209,D224,R4925,Bangalore,Koramangala,Jayanagar,2023-10-18 11:44:00,2023-10-18 11:55:00,2023-10-18 13:20:00,22.1,419,Completed,
T4210,D231,R4837,Mumbai,Colaba,Powai,2023-10-23 22:10:00,2023-10-23 22:17:00,2023-10-23 22:46:00,9.2,209,Completed,
T4211,D181,R4915,Mumbai,Juhu,Colaba,2023-10-05 02:22:00,2023-10-05 02:31:00,2023-10-05 03:23:00,13.7,284,Completed,
T4212,D209,R4631,Delhi,Connaught Place,Vasant Kunj,2023-10-25 05:55:00,2023-10-25 06:00:00,2023-10-25 06:18:00,6.4,149,Completed,
T4213,D142,R2115,Delhi,Rohini,Saket,2023-10-18 17:30:00,2023-10-18 17:36:00,2023-10-18 17:43:00,2.4,98,Completed,
T4214,D228,R1716,Delhi,Connaught Place,Vasant Kunj,2023-10-26 02:27:00,,,0.0,0.0,Cancelled,Rider Cancelled
T4215,D153,R3923,Bangalore,HSR Layout,Jayanagar,2023-10-12 20:51:00,2023-10-12 20:57:00,2023-10-12 21:37:00,10.5,307,Completed,
T4216,D163,R2803,Bangalore,Jayanagar,Koramangala,2023-10-26 16:17:00,,,0.0,0.0,Cancelled,Driver Cancelled
T4217,D124,R3466,Delhi,Rohini,Vasant Kunj,2023-10-06 10:05:00,2023-10-06 10:09:00,2023-10-06 11:41:00,24.0,523,Completed,
T4218,D148,R2042,Mumbai,Andheri,Colaba,2023-10-08 12:15:00,2023-10-08 12:20:00,2023-10-08 13:30:00,21.8,436,Completed,
T4219,D260,R2302,Bangalore,Whitefield,Koramangala,2023-10-19 17:44:00,,,0.0,0.0,Cancelled,Payment Issue
T4220,D117,R4828,Mumbai,Powai,Colaba,2023-10-22 10:43:00,2023-10-22 10:47:00,2023-10-22 11:43:00,18.3,472,Completed,
T4221,D200,R4824,Mumbai,Powai,Colaba,2023-10-03 06:46:00,2023-10-03 07:00:00,2023-10-03 07:48:00,13.4,338,Completed,
T4222,D236,R2202,Bangalore,HSR Layout,Whitefield,2023-10-22 12:45:00,2023-10-22 12:58:00,2023-10-22 14:03:00,21.6,477,Completed,
T4223,D147,R2891,Mumbai,Andheri,Powai,2023-10-22 08:07:00,2023-10-22 08:10:00,2023-10-22 09:06:00,22.3,424,Completed,
T4224,D168,R1263,Mumbai,Powai,Bandra,2023-10-24 09:05:00,2023-10-24 09:19:00,2023-10-24 09:30:00,3.8,131,Completed,
T4225,D270,R1701,Bangalore,Whitefield,Indiranagar,2023-10-13 14:21:00,2023-10-13 14:31:00,2023-10-13 14:38:00,2.4,88,Completed,
T4226,D339,R3269,Bangalore,Indiranagar,HSR Layout,2023-10-20 18:14:00,2023-10-20 18:23:00,2023-10-20 19:29:00,21.5,426,Completed,
T4227,D302,R1105,Bangalore,Jayanagar,Indiranagar,2023-10-25 23:56:00,2023-10-26 00:03:00,2023-10-26 01:16:00,20.7,514,Completed,
T4228,D320,R1301,Mumbai,Colaba,Powai,2023-10-14 13:23:00,2023-10-14 13:34:00,2023-10-14 14:02:00,9.3,263,Completed,
T4229,D187,R4768,Mumbai,Andheri,Powai,2023-10-08 04:07:00,2023-10-08 04:20:00,2023-10-08 05:06:00,12.8,337,Completed,
T4230,D199,R4853,Delhi,Dwarka,Connaught Place,2023-10-05 07:44:00,2023-10-05 07:53:00,2023-10-05 08:32:00,12.5,298,Completed,
T4231,D185,R1895,Mumbai,Juhu,Colaba,2023-10-25 07:24:00,2023-10-25 07:33:00,2023-10-25 09:03:00,24.3,430,Completed,
T4232,D229,R2830,Mumbai,Powai,Bandra,2023-10-26 07:23:00,2023-10-26 07:38:00,2023-10-26 08:39:00,19.1,442,Completed,
T4233,D235,R4791,Bangalore,Indiranagar,Jayanagar,2023-10-28 07:36:00,2023-10-28 07:49:00,2023-10-28 08:34:00,15.1,373,Completed,
T4234,D317,R4264,Bangalore,HSR Layout,Indiranagar,2023-10-19 16:57:00,2023-10-19 17:09:00,2023-10-19 17:52:00,12.3,310,Completed,
T4235,D342,R1479,Delhi,Connaught Place,Vasant Kunj,2023-10-22 17:12:00,2023-10-22 17:21:00,2023-10-22 17:46:00,9.5,234,Completed,
T4236,D148,R2814,Mumbai,Bandra,Andheri,2023-10-08 16:28:00,2023-10-08 16:41:00,2023-10-08 17:03:00,6.9,177,Completed,
T4237,D185,R1961,Mumbai,Colaba,Powai,2023-10-01 04:21:00,2023-10-01 04:36:00,2023-10-01 05:21:00,13.5,328,Completed,
T4238,D294,R4690,Bangalore,Koramangala,Whitefield,2023-10-25 14:23:00,2023-10-25 14:26:00,2023-10-25 15:45:00,24.1,435,Completed,
T4239,D159,R4234,Mumbai,Powai,Andheri,2023-10-17 09:48:00,,,0.0,0.0,Cancelled,Payment Issue
T4240,D132,R3462,Bangalore,Jayanagar,Indiranagar,2023-10-15 02:03:00,2023-10-15 02:07:00,2023-10-15 03:29:00,25.0,605,Completed,
T4241,D182,R3149,Mumbai,Bandra,Juhu,2023-10-29 13:50:00,2023-10-29 14:00:00,2023-10-29 14:39:00,10.5,248,Completed,
T4242,D248,R3504,Bangalore,Koramangala,Indiranagar,2023-10-16 20:09:00,2023-10-16 20:11:00,2023-10-16 21:20:00,21.0,396,Completed,
T4243,D101,R4432,Mumbai,Colaba,Bandra,2023-10-01 13:28:00,2023-10-01 13:37:00,2023-10-01 14:11:00,10.3,261,Completed,
T4244,D224,R2738,Bangalore,Whitefield,Indiranagar,2023-10-14 11:52:00,2023-10-14 12:07:00,2023-10-14 12:16:00,2.4,87,Completed,
T4245,D287,R1461,Delhi,Vasant Kunj,Saket,2023-10-24 09:09:00,2023-10-24 09:20:00,2023-10-24 10:33:00,20.1,360,Completed,
T4246,D236,R1094,Bangalore,Koramangala,HSR Layout,2023-10-15 07:58:00,,,0.0,0.0,Cancelled,Payment Issue
T4247,D109,R2105,Mumbai,Andheri,Powai,2023-10-20 05:27:00,2023-10-20 05:37:00,2023-10-20 06:04:00,7.2,217,Completed,
T4248,D111,R4256,Bangalore,Indiranagar,Koramangala,2023-10-12 04:45:00,2023-10-12 04:53:00,2023-10-12 05:59:00,19.9,529,Completed,
T4249,D308,R1946,Delhi,Connaught Place,Rohini,2023-10-21 07:34:00,2023-10-21 07:44:00,2023-10-21 08:10:00,7.3,175,Completed,
T4250,D278,R3976,Delhi,Connaught Place,Dwarka,2023-10-17 23:19:00,,2023-10-17 23:57:00,8.6,243,Completed,
T4251,D317,R2380,Bangalore,Jayanagar,HSR Layout,2023-10-20 09:29:00,,,0.0,0.0,Cancelled,Payment Issue
T4252,D347,R3162,Bangalore,Jayanagar,Koramangala,2023-10-07 16:34:00,2023-10-07 16:45:00,2023-10-07 17:03:00,6.5,152,Completed,
T4253,D215,R2366,Bangalore,Koramangala,Indiranagar,2023-10-21 00:22:00,,,0.0,0.0,Cancelled,Other
T4254,D347,R4792,Bangalore,Koramangala,HSR Layout,2023-10-11 20:18:00,2023-10-11 20:20:00,2023-10-11 21:00:00,13.6,324,Completed,
T4255,D319,R1464,Delhi,Rohini,Saket,2023-10-11 18:22:00,2023-10-11 18:34:00,2023-10-11 19:41:00,23.6,405,Completed,
T4256,D283,R1960,Bangalore,HSR Layout,Indiranagar,2023-10-08 14:49:00,2023-10-08 15:02:00,2023-10-08 15:10:00,2.5,100,Completed,
T4257,D186,R2208,Bangalore,Whitefield,Indiranagar,2023-10-03 12:23:00,2023-10-03 12:34:00,2023-10-03 13:51:00,23.4,507,Completed,
T4258,D235,R2652,Bangalore,HSR Layout,Koramangala,2023-10-28 16:25:00,2023-10-28 16:27:00,2023-10-28 16:48:00,5.4,168,Completed,
T4259,D190,R4081,Delhi,Connaught Place,Saket,2023-10-07 17:19:00,2023-10-07 17:26:00,2023-10-07 17:51:00,8.2,225,Completed,
T4260,D328,R4126,Delhi,Dwarka,Saket,2023-10-13 23:03:00,2023-10-13 23:06:00,2023-10-13 23:41:00,12.0,348,Completed,
T4261,D248,R3263,Bangalore,Indiranagar,Koramangala,2023-10-10 10:39:00,2023-10-10 10:44:00,2023-10-10 11:35:00,18.6,332,Completed,
T4262,D275,R1283,Delhi,Vasant Kunj,Dwarka,2023-10-12 03:28:00,2023-10-12 03:35:00,2023-10-12 04:10:00,11.0,323,Completed,
T4263,D341,R3528,Delhi,Vasant Kunj,Saket,2023-10-02 10:28:00,2023-10-02 10:34:00,2023-10-02 11:47:00,21.2,419,Completed,
T4264,D274,R3572,Bangalore,Jayanagar,Koramangala,2023-10-26 07:07:00,2023-10-26 07:11:00,2023-10-26 07:51:00,12.7,351,Completed,
T4265,D113,R4102,Bangalore,Koramangala,Whitefield,2023-10-14 09:23:00,2023-10-14 09:26:00,2023-10-14 09:57:00,10.8,223,Completed,
T4266,D295,R4295,Delhi,Rohini,Connaught Place,2023-10-12 00:23:00,2023-10-12 00:31:00,2023-10-12 00:39:00,2.4,107,Completed,
T4267,D319,R2064,Delhi,Vasant Kunj,Dwarka,2023-10-23 02:30:00,2023-10-23 02:37:00,2023-10-23 02:52:00,6.0,184,Completed,
T4268,D200,R3156,Mumbai,Colaba,Powai,2023-10-30 01:48:00,2023-10-30 01:58:00,2023-10-30 02:34:00,12.4,283,Completed,
T4269,D223,R1693,Delhi,Saket,Vasant Kunj,2023-10-23 09:20:00,2023-10-23 09:35:00,2023-10-23 10:45:00,21.9,534,Completed,
T4270,D266,R1828,Delhi,Vasant Kunj,Connaught Place,2023-10-12 04:17:00,2023-10-12 04:19:00,2023-10-12 04:52:00,8.8,242,Completed,
T4271,D190,R2707,Delhi,Vasant Kunj,Rohini,2023-10-10 19:00:00,2023-10-10 19:11:00,2023-10-10 19:18:00,2.1,84,Completed,
T4272,D199,R3252,Delhi,Connaught Place,Vasant Kunj,2023-10-02 00:05:00,2023-10-02 00:13:00,2023-10-02 01:40:00,24.3,502,Completed,
T4273,D171,R4931,Bangalore,Indiranagar,HSR Layout,2023-10-21 09:37:00,2023-10-21 09:48:00,2023-10-21 10:10:00,7.2,174,Completed,
T4274,D317,R4983,Bangalore,Whitefield,HSR Layout,2023-10-13 20:10:00,2023-10-13 20:22:00,2023-10-13 21:17:00,15.7,327,Completed,
T4275,D136,R4926,Bangalore,Indiranagar,HSR Layout,2023-10-12 19:15:00,2023-10-12 19:25:00,2023-10-12 20:26:00,17.2,342,Completed,
T4276,D274,R4034,Bangalore,Whitefield,Jayanagar,2023-10-30 07:21:00,,,0.0,0.0,Cancelled,Driver Cancelled
T4277,D171,R1201,Bangalore,Indiranagar,Koramangala,2023-10-21 06:41:00,2023-10-21 06:54:00,2023-10-21 07:23:00,10.0,271,Completed,
T4278,D278,R1881,Delhi,Connaught Place,Rohini,2023-10-30 14:20:00,2023-10-30 14:27:00,2023-10-30 15:09:00,13.5,274,Completed,
T4279,D334,R2681,Mumbai,Colaba,Powai,2023-10-08 16:12:00,2023-10-08 16:22:00,2023-10-08 16:51:00,9.1,203,Completed,
T4280,D323,R3352,Bangalore,Whitefield,HSR Layout,2023-10-19 14:50:00,2023-10-19 14:57:00,2023-10-19 15:49:00,19.1,338,Completed,
T4281,D147,R4450,Mumbai,Colaba,Andheri,2023-10-11 13:41:00,,,0.0,0.0,Cancelled,Driver Cancelled
T4282,D259,R2841,Delhi,Dwarka,Rohini,2023-10-04 00:05:00,2023-10-04 00:10:00,2023-10-04 00:45:00,10.5,289,Completed,
T4283,D146,R1333,Delhi,Rohini,Connaught Place,2023-10-23 16:37:00,2023-10-23 16:41:00,2023-10-23 17:47:00,24.4,504,Completed,
T4284,D264,R4608,Mumbai,Bandra,Colaba,2023-10-19 21:55:00,2023-10-19 22:06:00,2023-10-19 22:39:00,12.6,346,Completed,
T4285,D286,R3191,Mumbai,Juhu,Bandra,2023-10-14 07:27:00,2023-10-14 07:33:00,2023-10-14 07:59:00,6.8,155,Completed,
T4286,D283,R1410,Bangalore,HSR Layout,Koramangala,2023-10-16 09:29:00,2023-10-16 09:36:00,2023-10-16 10:35:00,15.8,337,Completed,
T4287,D132,R2284,Bangalore,Indiranagar,Jayanagar,2023-10-01 03:36:00,2023-10-01 03:50:00,2023-10-01 04:31:00,11.0,269,Completed,
T4288,D223,R4500,Delhi,Rohini,Dwarka,2023-10-22 02:56:00,2023-10-22 03:07:00,2023-10-22 03:57:00,15.5,355,Completed,
T4289,D278,R4005,Delhi,Connaught Place,Vasant Kunj,2023-10-13 03:37:00,,,0.0,0.0,Cancelled,Driver Not Found
T4290,D205,R1938,Bangalore,Koramangala,Whitefield,2023-10-08 08:56:00,2023-10-08 09:11:00,2023-10-08 09:59:00,15.2,335,Completed,
T4291,D344,R4378,Bangalore,Indiranagar,HSR Layout,2023-10-07 15:30:00,2023-10-07 15:40:00,2023-10-07 15:56:00,6.2,169,Completed,
T4292,D134,R4268,Delhi,Vasant Kunj,Saket,2023-10-21 21:30:00,2023-10-21 21:36:00,2023-10-21 22:22:00,12.3,357,Completed,
T4293,D325,R2043,Delhi,Rohini,Connaught Place,2023-10-05 07:04:00,2023-10-05 07:06:00,2023-10-05 07:37:00,9.6,263,Completed,
T4294,D300,R2628,Delhi,Vasant Kunj,Connaught Place,2023-10-26 16:30:00,2023-10-26 16:37:00,2023-10-26 17:32:00,14.3,287,Completed,
T4295,D242,R3193,Mumbai,Colaba,Powai,2023-10-12 20:52:00,2023-10-12 21:04:00,2023-10-12 21:39:00,12.0,235,Completed,
T4296,D228,R2458,Delhi,Vasant Kunj,Saket,2023-10-13 03:40:00,2023-10-13 03:49:00,2023-10-13 04:09:00,7.5,202,Completed,
T4297,D298,R3893,Bangalore,Koramangala,HSR Layout,2023-10-29 19:58:00,2023-10-29 20:07:00,2023-10-29 20:43:00,10.6,263,Completed,
T4298,D115,R3297,Bangalore,Whitefield,Jayanagar,2023-10-28 01:06:00,2023-10-28 01:14:00,2023-10-28 01:34:00,6.7,194,Completed,
T4299,D201,R1090,Mumbai,Bandra,Juhu,2023-10-23 19:05:00,,,0.0,0.0,Cancelled,Rider Cancelled
T4300,D254,R2523,Delhi,Connaught Place,Dwarka,2023-10-08 14:52:00,2023-10-08 14:56:00,2023-10-08 15:45:00,15.2,387,Completed,
T4301,D102,R1776,Delhi,Vasant Kunj,Rohini,2023-10-19 16:27:00,2023-10-19 16:41:00,2023-10-19 17:59:00,21.3,373,Completed,
T4302,D130,R3915,Bangalore,Jayanagar,Indiranagar,2023-10-27 06:52:00,2023-10-27 06:56:00,2023-10-27 07:49:00,16.8,358,Completed,
T4303,D168,R3007,Mumbai,Colaba,Juhu,2023-10-18 22:10:00,2023-10-18 22:24:00,2023-10-18 22:59:00,8.8,199,Completed,
T4304,D210,R1499,Delhi,Saket,Dwarka,2023-10-26 20:57:00,2023-10-26 21:03:00,2023-10-26 21:14:00,3.4,129,Completed,
T4305,D180,R2569,Delhi,Connaught Place,Rohini,2023-10-08 22:40:00,2023-10-08 22:50:00,2023-10-08 23:33:00,17.2,330,Completed,
T4306,D141,R1690,Mumbai,Bandra,Powai,2023-10-12 01:24:00,2023-10-12 01:39:00,2023-10-12 02:24:00,16.6,421,Completed,
T4307,D145,R2871,Delhi,Rohini,Connaught Place,2023-10-19 20:42:00,2023-10-19 20:55:00,2023-10-19 21:50:00,20.4,432,Completed,
T4308,D193,R3274,Bangalore,Whitefield,Jayanagar,2023-10-30 11:39:00,2023-10-30 11:45:00,2023-10-30 12:33:00,13.3,289,Completed,
T4309,D299,R1192,Delhi,Saket,Connaught Place,2023-10-03 15:05:00,2023-10-03 15:13:00,2023-10-03 15:26:00,4.2,138,Completed,
T4310,D258,R4297,Bangalore,Koramangala,Whitefield,2023-10-13 01:31:00,2023-10-13 01:43:00,2023-10-13 03:08:00,24.1,478,Completed,
T4311,D226,R2276,Bangalore,Jayanagar,HSR Layout,2023-10-07 12:51:00,2023-10-07 13:02:00,2023-10-07 13:57:00,20.6,558,Completed,
T4312,D169,R1641,Delhi,Saket,Dwarka,2023-10-14 07:52:00,,,0.0,0.0,Cancelled,Payment Issue
T4313,D138,R4239,Delhi,Vasant Kunj,Dwarka,2023-10-04 04:58:00,2023-10-04 05:09:00,2023-10-04 06:03:00,18.4,445,Completed,
T4314,D260,R4362,Bangalore,Indiranagar,Whitefield,2023-10-27 02:05:00,2023-10-27 02:17:00,2023-10-27 03:22:00,20.5,486,Completed,
T4315,D252,R4333,Mumbai,Bandra,Colaba,2023-10-08 23:50:00,2023-10-09 00:00:00,2023-10-09 00:25:00,6.8,192,Completed,
T4316,D171,R1738,Bangalore,Koramangala,Jayanagar,2023-10-17 05:43:00,2023-10-17 05:58:00,2023-10-17 06:41:00,14.6,380,Completed,
T4317,D208,R3332,Mumbai,Bandra,Juhu,2023-10-06 04:00:00,2023-10-06 04:14:00,2023-10-06 04:29:00,5.0,134,Completed,
T4318,D272,R2351,Bangalore,Koramangala,Whitefield,2023-10-02 08:16:00,2023-10-02 08:18:00,2023-10-02 09:30:00,19.7,520,Completed,
T4319,D107,R2837,Delhi,Vasant Kunj,Connaught Place,2023-10-15 11:03:00,2023-10-15 11:12:00,2023-10-15 11:24:00,3.2,110,Completed,
T4320,D345,R4198,Mumbai,Andheri,Bandra,2023-10-27 01:06:00,2023-10-27 01:12:00,2023-10-27 02:42:00,23.5,482,Completed,
T4321,D277,R1413,Delhi,Saket,Vasant Kunj,2023-10-17 08:21:00,2023-10-17 08:33:00,2023-10-17 08:44:00,4.2,124,Completed,
T4322,D219,R4907,Delhi,Saket,Connaught Place,2023-10-17 23:11:00,2023-10-17 23:16:00,2023-10-18 00:20:00,24.7,529,Completed,
T4323,D261,R4611,Delhi,Saket,Rohini,2023-10-12 22:00:00,2023-10-12 22:08:00,2023-10-12 22:25:00,6.0,147,Completed,
T4324,D280,R2978,Mumbai,Andheri,Powai,2023-10-06 20:20:00,2023-10-06 20:33:00,2023-10-06 20:55:00,6.9,154,Completed,
T4325,D283,R4295,Bangalore,Jayanagar,Indiranagar,2023-10-04 17:03:00,,,0.0,0.0,Cancelled,Other
T4326,D184,R4417,Delhi,Vasant Kunj,Saket,2023-10-15 10:05:00,2023-10-15 10:12:00,2023-10-15 10:41:00,7.5,173,Completed,
T4327,D204,R2122,Bangalore,Jayanagar,Koramangala,2023-10-17 02:11:00,2023-10-17 02:17:00,2023-10-17 02:30:00,5.2,136,Completed,
T4328,D102,R1801,Delhi,Vasant Kunj,Saket,2023-10-02 10:38:00,2023-10-02 10:41:00,2023-10-02 10:54:00,3.6,139,Completed,
T4329,D154,R3261,Delhi,Saket,Connaught Place,2023-10-20 06:22:00,,,0.0,0.0,Cancelled,Rider Cancelled
T4330,D153,R1890,Bangalore,Indiranagar,Jayanagar,2023-10-25 13:11:00,2023-10-25 13:15:00,2023-10-25 13:40:00,7.9,210,Completed,
T4331,D171,R2262,Bangalore,Whitefield,Jayanagar,2023-10-10 21:52:00,2023-10-10 21:59:00,2023-10-10 23:05:00,19.1,478,Completed,
T4332,D103,R3267,Delhi,Rohini,Vasant Kunj,2023-10-01 15:04:00,2023-10-01 15:16:00,2023-10-01 16:22:00,17.5,428,Completed,
T4333,D271,R3678,Delhi,Saket,Dwarka,2023-10-29 07:51:00,2023-10-29 07:57:00,2023-10-29 08:34:00,13.7,305,Completed,
T4334,D107,R1791,Delhi,Rohini,Connaught Place,2023-10-02 00:44:00,2023-10-02 00:48:00,2023-10-02 02:24:00,24.4,604,Completed,
T4335,D306,R1869,Bangalore,Whitefield,HSR Layout,2023-10-30 04:56:00,2023-10-30 04:59:00,2023-10-30 05:39:00,12.6,267,Completed,
T4336,D175,R4534,Bangalore,Koramangala,HSR Layout,2023-10-11 20:32:00,2023-10-11 20:37:00,2023-10-11 20:49:00,3.3,113,Completed,
T4337,D157,R1235,Mumbai,Andheri,Powai,2023-10-27 07:36:00,2023-10-27 07:40:00,2023-10-27 07:47:00,2.6,96,Completed,
T4338,D173,R2634,Bangalore,Whitefield,Jayanagar,2023-10-06 12:42:00,2023-10-06 12:56:00,2023-10-06 14:05:00,19.5,434,Completed,
T4339,D119,R4441,Mumbai,Andheri,Colaba,2023-10-25 06:57:00,,,0.0,0.0,Cancelled,Driver Not Found
T4340,D272,R3256,Bangalore,HSR Layout,Indiranagar,2023-10-01 02:03:00,2023-10-01 02:06:00,2023-10-01 03:11:00,20.1,445,Completed,
T4341,D255,R1113,Bangalore,Jayanagar,Koramangala,2023-10-11 07:32:00,2023-10-11 07:36:00,2023-10-11 08:05:00,9.7,264,Completed,
T4342,D182,R2876,Mumbai,Powai,Bandra,2023-10-25 00:26:00,2023-10-25 00:28:00,2023-10-25 01:28:00,23.0,423,Completed,
T4343,D117,R1114,Mumbai,Colaba,Powai,2023-10-18 11:14:00,2023-10-18 11:27:00,2023-10-18 12:05:00,10.2,287,Completed,
T4344,D170,R4336,Mumbai,Andheri,Juhu,2023-10-09 03:45:00,2023-10-09 03:52:00,2023-10-09 04:02:00,2.9,100,Completed,
T4345,D133,R4894,Mumbai,Powai,Colaba,2023-10-23 10:08:00,2023-10-23 10:11:00,2023-10-23 10:19:00,2.3,96,Completed,
T4346,D181,R2406,Mumbai,Juhu,Colaba,2023-10-10 06:57:00,2023-10-10 07:02:00,2023-10-10 07:23:00,6.1,157,Completed,
T4347,D287,R1069,Delhi,Dwarka,Vasant Kunj,2023-10-04 03:03:00,2023-10-04 03:15:00,2023-10-04 04:39:00,25.0,547,Completed,
T4348,D147,R3556,Mumbai,Andheri,Colaba,2023-10-01 04:11:00,2023-10-01 04:18:00,2023-10-01 04:27:00,2.8,103,Completed,
T4349,D255,R4936,Bangalore,Indiranagar,Jayanagar,2023-10-05 04:11:00,2023-10-05 04:20:00,2023-10-05 04:57:00,10.0,205,Completed,
T4350,D167,R1892,Delhi,Vasant Kunj,Connaught Place,2023-10-01 07:32:00,2023-10-01 07:40:00,2023-10-01 08:57:00,20.1,352,Completed,
T4351,D299,R4303,Delhi,Rohini,Saket,2023-10-15 01:34:00,,,0.0,0.0,Cancelled,Driver Cancelled
T4352,D268,R2494,Mumbai,Andheri,Bandra,2023-10-03 07:43:00,2023-10-03 07:45:00,2023-10-03 08:11:00,8.1,244,Completed,
T4353,D202,R4343,Delhi,Connaught Place,Saket,2023-10-21 18:19:00,2023-10-21 18:31:00,2023-10-21 19:11:00,14.7,401,Completed,
T4354,D256,R4715,Delhi,Saket,Vasant Kunj,2023-10-11 17:48:00,2023-10-11 17:51:00,2023-10-11 18:20:00,7.9,239,Completed,
T4355,D167,R1376,Delhi,Saket,Rohini,2023-10-03 00:10:00,2023-10-03 00:24:00,2023-10-03 01:19:00,15.3,324,Completed,
T4356,D255,R2710,Bangalore,HSR Layout,Jayanagar,2023-10-16 12:36:00,2023-10-16 12:40:00,2023-10-16 13:35:00,19.0,494,Completed,
T4357,D116,R3404,Delhi,Vasant Kunj,Rohini,2023-10-18 01:15:00,2023-10-18 01:25:00,2023-10-18 01:52:00,7.5,199,Completed,
T4358,D311,R4293,Delhi,Dwarka,Vasant Kunj,2023-10-26 12:04:00,2023-10-26 12:15:00,2023-10-26 12:33:00,5.8,154,Completed,
T4359,D154,R4481,Delhi,Vasant Kunj,Dwarka,2023-10-26 01:36:00,2023-10-26 01:40:00,2023-10-26 02:02:00,8.1,205,Completed,
T4360,D324,R3188,Bangalore,Indiranagar,Koramangala,2023-10-16 18:51:00,2023-10-16 19:02:00,2023-10-16 20:10:00,24.1,598,Completed,
T4361,D350,R3248,Bangalore,HSR Layout,Indiranagar,2023-10-04 22:27:00,,,0.0,0.0,Cancelled,Driver Cancelled
T4362,D131,R3684,Bangalore,Koramangala,Jayanagar,2023-10-30 23:07:00,2023-10-30 23:11:00,2023-10-31 00:01:00,14.1,339,Completed,
T4363,D109,R2024,Mumbai,Juhu,Powai,2023-10-21 08:24:00,2023-10-21 08:35:00,2023-10-21 08:51:00,5.4,141,Completed,
T4364,D170,R4192,Mumbai,Powai,Juhu,2023-10-10 22:30:00,2023-10-10 22:33:00,2023-10-10 22:49:00,6.0,172,Completed,
T4365,D143,R3581,Delhi,Connaught Place,Dwarka,2023-10-24 02:23:00,2023-10-24 02:30:00,2023-10-24 02:40:00,4.3,124,Completed,
T4366,D262,R4595,Mumbai,Bandra,Andheri,2023-10-03 07:30:00,2023-10-03 07:33:00,2023-10-03 08:49:00,19.5,359,Completed,
T4367,D191,R4847,Mumbai,Juhu,Andheri,2023-10-16 17:40:00,2023-10-16 17:46:00,2023-10-16 18:21:00,11.7,274,Completed,
T4368,D215,R4460,Bangalore,Whitefield,HSR Layout,2023-10-19 16:00:00,2023-10-19 16:13:00,2023-10-19 16:50:00,14.8,301,Completed,
T4369,D333,R3273,Mumbai,Powai,Bandra,2023-10-13 11:07:00,2023-10-13 11:12:00,2023-10-13 11:57:00,17.0,453,Completed,
T4370,D324,R3463,Bangalore,Koramangala,Jayanagar,2023-10-03 02:00:00,2023-10-03 02:13:00,2023-10-03 02:49:00,11.7,299,Completed,
T4371,D299,R1688,Delhi,Connaught Place,Rohini,2023-10-23 23:01:00,2023-10-23 23:04:00,2023-10-23 23:40:00,12.1,340,Completed,
T4372,D170,R1079,Mumbai,Powai,Colaba,2023-10-17 13:23:00,2023-10-17 13:38:00,2023-10-17 14:37:00,16.5,337,Completed,
T4373,D294,R1958,Bangalore,Whitefield,HSR Layout,2023-10-06 14:30:00,,,0.0,0.0,Cancelled,Driver Not Found
T4374,D167,R2084,Delhi,Dwarka,Connaught Place,2023-10-21 02:26:00,2023-10-21 02:38:00,2023-10-21 03:43:00,19.8,445,Completed,
T4375,D263,R3291,Delhi,Vasant Kunj,Saket,2023-10-20 02:56:00,2023-10-20 03:03:00,2023-10-20 04:03:00,19.1,461,Completed,
T4376,D331,R2216,Delhi,Vasant Kunj,Rohini,2023-10-27 06:57:00,2023-10-27 07:01:00,2023-10-27 07:08:00,2.8,110,Completed,
T4377,D246,R2493,Delhi,Saket,Connaught Place,2023-10-27 07:14:00,2023-10-27 07:20:00,2023-10-27 07:34:00,4.1,121,Completed,
T4378,D130,R2747,Bangalore,HSR Layout,Whitefield,2023-10-26 18:03:00,2023-10-26 18:06:00,2023-10-26 18:15:00,3.7,115,Completed,
T4379,D236,R4348,Bangalore,Whitefield,Koramangala,2023-10-05 05:06:00,2023-10-05 05:13:00,2023-10-05 06:00:00,16.1,370,Completed,
T4380,D240,R1440,Mumbai,Colaba,Powai,2023-10-24 22:24:00,2023-10-24 22:37:00,2023-10-24 23:11:00,11.2,303,Completed,
T4381,D298,R3921,Bangalore,Whitefield,HSR Layout,2023-10-06 16:28:00,2023-10-06 16:40:00,2023-10-06 17:02:00,7.3,174,Completed,
T4382,D320,R4170,Mumbai,Bandra,Colaba,2023-10-25 00:41:00,2023-10-25 00:44:00,2023-10-25 01:20:00,10.4,256,Completed,
T4383,D210,R2793,Delhi,Vasant Kunj,Dwarka,2023-10-03 04:29:00,2023-10-03 04:41:00,2023-10-03 06:11:00,23.1,586,Completed,
T4384,D130,R2702,Bangalore,Jayanagar,Indiranagar,2023-10-02 23:24:00,2023-10-02 23:36:00,2023-10-03 00:44:00,20.1,510,Completed,
T4385,D290,R4323,Bangalore,Indiranagar,Jayanagar,2023-10-20 20:53:00,2023-10-20 21:04:00,2023-10-20 21:29:00,8.5,213,Completed,
T4386,D223,R3083,Delhi,Saket,Connaught Place,2023-10-30 17:46:00,2023-10-30 17:59:00,2023-10-30 18:58:00,18.7,493,Completed,
T4387,D255,R3819,Bangalore,HSR Layout,Koramangala,2023-10-04 10:29:00,2023-10-04 10:34:00,2023-10-04 11:32:00,18.6,480,Completed,
T4388,D295,R4493,Delhi,Dwarka,Saket,2023-10-30 02:05:00,2023-10-30 02:18:00,2023-10-30 03:09:00,16.9,336,Completed,
T4389,D224,R1835,Bangalore,HSR Layout,Indiranagar,2023-10-28 18:31:00,2023-10-28 18:43:00,2023-10-28 19:50:00,24.8,526,Completed,
T4390,D135,R2528,Delhi,Connaught Place,Saket,2023-10-05 09:26:00,2023-10-05 09:29:00,2023-10-05 10:09:00,12.8,295,Completed,
T4391,D326,R4501,Bangalore,Indiranagar,Koramangala,2023-10-28 20:26:00,2023-10-28 20:28:00,2023-10-28 21:59:00,24.8,622,Completed,
T4392,D154,R4699,Delhi,Dwarka,Connaught Place,2023-10-17 00:43:00,2023-10-17 00:48:00,2023-10-17 00:55:00,2.2,99,Completed,
T4393,D171,R1007,Bangalore,HSR Layout,Koramangala,2023-10-19 09:45:00,2023-10-19 09:56:00,2023-10-19 11:14:00,20.6,509,Completed,
T4394,D303,R2009,Bangalore,Indiranagar,Whitefield,2023-10-23 00:01:00,,,0.0,0.0,Cancelled,Payment Issue
T4395,D340,R2810,Mumbai,Colaba,Powai,2023-10-10 13:11:00,2023-10-10 13:24:00,2023-10-10 14:36:00,20.1,389,Completed,
T4396,D267,R1389,Delhi,Saket,Rohini,2023-10-14 12:16:00,2023-10-14 12:24:00,2023-10-14 13:16:00,18.2,428,Completed,
T4397,D251,R4625,Delhi,Saket,Rohini,2023-10-10 16:32:00,2023-10-10 16:36:00,2023-10-10 17:52:00,20.2,393,Completed,
T4398,D333,R4811,Mumbai,Powai,Andheri,2023-10-19 13:36:00,2023-10-19 13:48:00,2023-10-19 14:10:00,8.5,202,Completed,
T4399,D198,R4760,Bangalore,Indiranagar,Jayanagar,2023-10-28 08:50:00,2023-10-28 08:59:00,2023-10-28 09:50:00,18.1,411,Completed,
T4400,D348,R1207,Bangalore,Indiranagar,Jayanagar,2023-10-18 09:37:00,2023-10-18 09:51:00,2023-10-18 10:33:00,16.5,400,Completed,
T4401,D224,R2112,Bangalore,HSR Layout,Indiranagar,2023-10-23 03:14:00,2023-10-23 03:22:00,2023-10-23 04:01:00,12.6,298,Completed,
T4402,D143,R1863,Delhi,Vasant Kunj,Connaught Place,2023-10-19 10:36:00,2023-10-19 10:41:00,2023-10-19 10:48:00,2.8,101,Completed,
T4403,D274,R4482,Bangalore,Jayanagar,Indiranagar,2023-10-21 02:39:00,2023-10-21 02:48:00,2023-10-21 03:49:00,21.5,453,Completed,
T4404,D121,R3234,Delhi,Rohini,Saket,2023-10-13 09:58:00,2023-10-13 10:12:00,2023-10-13 11:46:00,24.8,632,Completed,
T4405,D318,R1490,Bangalore,Koramangala,Jayanagar,2023-10-07 07:54:00,2023-10-07 07:58:00,2023-10-07 09:27:00,24.0,610,Completed,
T4406,D303,R4465,Bangalore,Koramangala,Indiranagar,2023-10-12 16:51:00,2023-10-12 16:53:00,2023-10-12 17:50:00,16.1,325,Completed,
T4407,D337,R3219,Mumbai,Bandra,Powai,2023-10-24 06:56:00,2023-10-24 07:11:00,2023-10-24 08:10:00,16.4,354,Completed,
T4408,D307,R1292,Bangalore,HSR Layout,Indiranagar,2023-10-15 14:17:00,2023-10-15 14:24:00,2023-10-15 14:50:00,8.7,245,Completed,
T4409,D111,R4374,Bangalore,Whitefield,Koramangala,2023-10-04 10:14:00,2023-10-04 10:25:00,2023-10-04 11:47:00,22.6,576,Completed,
T4410,D160,R4332,Bangalore,Koramangala,Indiranagar,2023-10-05 17:28:00,2023-10-05 17:39:00,2023-10-05 18:44:00,24.3,472,Completed,
T4411,D247,R2156,Mumbai,Juhu,Colaba,2023-10-06 01:31:00,2023-10-06 01:33:00,2023-10-06 02:06:00,13.0,333,Completed,
T4412,D106,R1634,Delhi,Connaught Place,Saket,2023-10-18 12:33:00,2023-10-18 12:47:00,2023-10-18 13:00:00,4.1,147,Completed,
T4413,D155,R4547,Bangalore,Indiranagar,Whitefield,2023-10-28 03:01:00,2023-10-28 03:03:00,2023-10-28 03:39:00,13.0,316,Completed,
T4414,D287,R2512,Delhi,Dwarka,Rohini,2023-10-25 06:26:00,,,0.0,0.0,Cancelled,Payment Issue
T4415,D146,R3362,Delhi,Rohini,Saket,2023-10-05 16:46:00,,,0.0,0.0,Cancelled,Payment Issue
T4416,D266,R4326,Delhi,Saket,Dwarka,2023-10-22 22:16:00,2023-10-22 22:24:00,2023-10-22 23:16:00,18.8,494,Completed,
T4417,D285,R3779,Bangalore,HSR Layout,Whitefield,2023-10-12 23:00:00,2023-10-12 23:12:00,2023-10-12 23:37:00,6.8,176,Completed,
T4418,D170,R2945,Mumbai,Colaba,Powai,2023-10-20 00:27:00,2023-10-20 00:33:00,2023-10-20 01:05:00,11.2,245,Completed,
T4419,D337,R4465,Mumbai,Bandra,Andheri,2023-10-25 14:50:00,2023-10-25 15:03:00,2023-10-25 15:36:00,8.9,215,Completed,
T4420,D303,R4829,Bangalore,Koramangala,HSR Layout,2023-10-09 21:30:00,2023-10-09 21:43:00,2023-10-09 22:38:00,19.8,390,Completed,
T4421,D138,R4062,Delhi,Vasant Kunj,Rohini,2023-10-13 14:15:00,2023-10-13 14:24:00,2023-10-13 14:45:00,7.4,201,Completed,
T4422,D342,R1825,Delhi,Rohini,Connaught Place,2023-10-22 03:27:00,,,0.0,0.0,Cancelled,Driver Cancelled
T4423,D294,R2895,Bangalore,Whitefield,Koramangala,2023-10-07 19:56:00,2023-10-07 20:05:00,2023-10-07 21:05:00,21.0,564,Completed,
T4424,D283,R1092,Bangalore,Koramangala,Jayanagar,2023-10-22 17:20:00,2023-10-22 17:27:00,2023-10-22 17:53:00,8.8,268,Completed,
T4425,D339,R4286,Bangalore,Indiranagar,Whitefield,2023-10-01 09:17:00,2023-10-01 09:30:00,2023-10-01 10:47:00,22.0,461,Completed,
T4426,D287,R2082,Delhi,Vasant Kunj,Rohini,2023-10-01 20:06:00,2023-10-01 20:13:00,2023-10-01 20:45:00,10.9,257,Completed,
T4427,D239,R1929,Delhi,Rohini,Saket,2023-10-25 17:33:00,,,0.0,0.0,Cancelled,Driver Not Found
T4428,D284,R2582,Bangalore,Koramangala,Jayanagar,2023-10-05 10:08:00,2023-10-05 10:23:00,2023-10-05 11:21:00,23.2,559,Completed,
T4429,D207,R2835,Delhi,Vasant Kunj,Saket,2023-10-15 05:33:00,2023-10-15 05:45:00,2023-10-15 06:14:00,11.1,310,Completed,
T4430,D314,R1062,Delhi,Dwarka,Rohini,2023-10-18 06:48:00,2023-10-18 06:56:00,2023-10-18 07:18:00,7.8,230,Completed,
T4431,D142,R3169,Delhi,Vasant Kunj,Saket,2023-10-23 17:12:00,2023-10-23 17:16:00,2023-10-23 17:51:00,9.0,239,Completed,
T4432,D148,R4772,Mumbai,Powai,Bandra,2023-10-20 19:04:00,2023-10-20 19:15:00,2023-10-20 20:07:00,21.0,512,Completed,
T4433,D145,R2357,Delhi,Rohini,Dwarka,2023-10-19 15:34:00,2023-10-19 15:44:00,2023-10-19 16:13:00,7.3,216,Completed,
T4434,D123,R2470,Mumbai,Powai,Andheri,2023-10-18 07:01:00,2023-10-18 07:03:00,2023-10-18 07:19:00,4.4,150,Completed,
T4435,D277,R1695,Delhi,Saket,Dwarka,2023-10-04 18:14:00,2023-10-04 18:24:00,2023-10-04 19:36:00,24.6,616,Completed,
T4436,D198,R1539,Bangalore,HSR Layout,Whitefield,2023-10-17 07:41:00,2023-10-17 07:56:00,2023-10-17 08:49:00,16.5,378,Completed,
T4437,D202,R3179,Delhi,Rohini,Dwarka,2023-10-08 04:39:00,2023-10-08 04:43:00,2023-10-08 05:03:00,6.2,162,Completed,
T4438,D160,R2492,Bangalore,HSR Layout,Koramangala,2023-10-28 23:06:00,2023-10-28 23:13:00,2023-10-29 00:38:00,24.9,437,Completed,
T4439,D294,R2321,Bangalore,Indiranagar,Koramangala,2023-10-13 23:49:00,2023-10-13 23:55:00,2023-10-14 00:30:00,11.0,218,Completed,
T4440,D175,R1563,Bangalore,Indiranagar,HSR Layout,2023-10-29 20:43:00,2023-10-29 20:46:00,2023-10-29 21:36:00,17.2,383,Completed,
T4441,D201,R4730,Mumbai,Bandra,Powai,2023-10-30 15:41:00,2023-10-30 15:45:00,2023-10-30 16:12:00,10.5,296,Completed,
T4442,D131,R1982,Bangalore,Whitefield,Koramangala,2023-10-18 18:54:00,2023-10-18 19:02:00,2023-10-18 20:19:00,21.0,404,Completed,
T4443,D187,R4813,Mumbai,Powai,Bandra,2023-10-22 09:44:00,2023-10-22 09:55:00,2023-10-22 10:46:00,13.5,269,Completed,
T4444,D220,R4195,Bangalore,Indiranagar,Jayanagar,2023-10-21 23:16:00,2023-10-21 23:21:00,2023-10-22 00:05:00,12.5,280,Completed,
T4445,D332,R3264,Bangalore,Jayanagar,Indiranagar,2023-10-28 06:45:00,2023-10-28 06:59:00,2023-10-28 07:53:00,14.5,309,Completed,
T4446,D159,R2456,Mumbai,Colaba,Andheri,2023-10-14 14:18:00,2023-10-14 14:32:00,2023-10-14 14:44:00,3.8,134,Completed,
T4447,D317,R1172,Bangalore,Whitefield,Jayanagar,2023-10-08 18:12:00,2023-10-08 18:22:00,2023-10-08 18:30:00,3.4,105,Completed,
T4448,D275,R3215,Delhi,Rohini,Vasant Kunj,2023-10-09 22:47:00,2023-10-09 22:57:00,2023-10-09 23:56:00,23.2,627,Completed,
T4449,D314,R3520,Delhi,Saket,Vasant Kunj,2023-10-28 06:43:00,2023-10-28 06:51:00,2023-10-28 07:05:00,5.2,139,Completed,
T4450,D163,R1849,Bangalore,Whitefield,HSR Layout,2023-10-11 22:07:00,2023-10-11 22:22:00,2023-10-11 23:50:00,23.4,590,Completed,
T4451,D225,R2670,Mumbai,Bandra,Colaba,2023-10-13 18:20:00,2023-10-13 18:23:00,2023-10-13 19:58:00,24.3,470,Completed,
T4452,D256,R3042,Delhi,Dwarka,Saket,2023-10-14 01:45:00,2023-10-14 01:50:00,2023-10-14 02:56:00,16.6,364,Completed,
T4453,D116,R2622,Delhi,Rohini,Vasant Kunj,2023-10-24 20:33:00,2023-10-24 20:46:00,2023-10-24 21:10:00,7.9,173,Completed,
T4454,D127,R1841,Bangalore,Indiranagar,Jayanagar,2023-10-29 05:12:00,,,0.0,0.0,Cancelled,Driver Not Found
T4455,D328,R3675,Delhi,Dwarka,Rohini,2023-10-01 20:06:00,2023-10-01 20:17:00,2023-10-01 20:49:00,9.3,235,Completed,
T4456,D244,R2212,Delhi,Vasant Kunj,Rohini,2023-10-29 03:12:00,2023-10-29 03:27:00,2023-10-29 04:33:00,18.6,402,Completed,
T4457,D211,R1408,Delhi,Dwarka,Saket,2023-10-28 16:27:00,2023-10-28 16:30:00,2023-10-28 17:12:00,15.3,392,Completed,
T4458,D119,R4928,Mumbai,Juhu,Bandra,2023-10-10 11:28:00,2023-10-10 11:37:00,2023-10-10 12:39:00,21.2,393,Completed,
T4459,D350,R2396,Bangalore,HSR Layout,Indiranagar,2023-10-30 05:43:00,2023-10-30 05:54:00,2023-10-30 06:47:00,19.1,416,Completed,
T4460,D279,R2734,Mumbai,Bandra,Andheri,2023-10-30 13:50:00,2023-10-30 14:03:00,2023-10-30 15:00:00,19.2,514,Completed,
T4461,D291,R2581,Bangalore,Whitefield,Jayanagar,2023-10-11 21:23:00,2023-10-11 21:27:00,2023-10-11 21:51:00,9.2,271,Completed,
T4462,D265,R3378,Mumbai,Juhu,Powai,2023-10-10 12:07:00,,,0.0,0.0,Cancelled,Driver Not Found
T4463,D135,R2327,Delhi,Saket,Connaught Place,2023-10-12 22:03:00,2023-10-12 22:18:00,2023-10-12 22:35:00,5.9,175,Completed,
T4464,D298,R2646,Bangalore,Koramangala,Jayanagar,2023-10-01 10:37:00,2023-10-01 10:40:00,2023-10-01 11:11:00,8.4,256,Completed,
T4465,D115,R2908,Bangalore,Whitefield,Jayanagar,2023-10-26 21:44:00,,,0.0,0.0,Cancelled,Driver Cancelled
T4466,D192,R2274,Delhi,Vasant Kunj,Connaught Place,2023-10-15 00:41:00,2023-10-15 00:50:00,2023-10-15 01:00:00,2.7,105,Completed,
T4467,D323,R2843,Bangalore,HSR Layout,Koramangala,2023-10-06 03:46:00,2023-10-06 03:53:00,2023-10-06 04:42:00,17.0,379,Completed,
T4468,D303,R4056,Bangalore,Indiranagar,HSR Layout,2023-10-22 05:57:00,2023-10-22 06:10:00,2023-10-22 07:14:00,16.6,378,Completed,
T4469,D330,R1507,Mumbai,Colaba,Juhu,2023-10-08 20:47:00,2023-10-08 21:02:00,2023-10-08 21:07:00,2.2,97,Completed,
T4470,D310,R1845,Delhi,Dwarka,Connaught Place,2023-10-30 01:04:00,2023-10-30 01:19:00,2023-10-30 01:41:00,6.5,178,Completed,
T4471,D217,R4789,Delhi,Connaught Place,Dwarka,2023-10-22 21:26:00,2023-10-22 21:34:00,2023-10-22 22:08:00,11.3,276,Completed,
T4472,D348,R4494,Bangalore,HSR Layout,Koramangala,2023-10-18 10:16:00,2023-10-18 10:25:00,2023-10-18 10:31:00,2.4,90,Completed,
T4473,D107,R4086,Delhi,Saket,Dwarka,2023-10-04 04:26:00,2023-10-04 04:38:00,2023-10-04 06:00:00,24.2,552,Completed,
T4474,D211,R1342,Delhi,Saket,Dwarka,2023-10-19 10:37:00,2023-10-19 10:40:00,2023-10-19 11:14:00,12.4,317,Completed,
T4475,D205,R2090,Bangalore,HSR Layout,Whitefield,2023-10-03 20:08:00,2023-10-03 20:20:00,2023-10-03 21:48:00,24.1,416,Completed,
T4476,D322,R4719,Delhi,Connaught Place,Saket,2023-10-16 20:46:00,2023-10-16 20:55:00,2023-10-16 21:40:00,14.7,287,Completed,
T4477,D150,R2169,Mumbai,Bandra,Powai,2023-10-24 05:02:00,2023-10-24 05:16:00,2023-10-24 06:06:00,17.5,426,Completed,
T4478,D170,R1740,Mumbai,Powai,Colaba,2023-10-29 10:32:00,,,0.0,0.0,Cancelled,Rider Cancelled
T4479,D197,R3461,Mumbai,Bandra,Colaba,2023-10-26 20:40:00,2023-10-26 20:54:00,2023-10-26 21:48:00,16.6,402,Completed,
T4480,D110,R4701,Mumbai,Powai,Bandra,2023-10-26 04:01:00,,,0.0,0.0,Cancelled,Driver Cancelled
T4481,D322,R4702,Delhi,Dwarka,Connaught Place,2023-10-03 04:26:00,2023-10-03 04:29:00,2023-10-03 04:42:00,4.2,145,Completed,
T4482,D287,R2815,Delhi,Connaught Place,Dwarka,2023-10-10 01:00:00,2023-10-10 01:13:00,2023-10-10 01:34:00,5.6,160,Completed,
T4483,D174,R4965,Bangalore,Koramangala,Whitefield,2023-10-05 00:16:00,,,0.0,0.0,Cancelled,Driver Cancelled
T4484,D193,R2877,Bangalore,Jayanagar,Whitefield,2023-10-01 03:24:00,2023-10-01 03:28:00,2023-10-01 03:59:00,11.4,323,Completed,
T4485,D329,R2170,Bangalore,HSR Layout,Jayanagar,2023-10-17 15:28:00,2023-10-17 15:30:00,2023-10-17 15:39:00,3.1,121,Completed,
T4486,D232,R2759,Bangalore,Jayanagar,HSR Layout,2023-10-15 13:23:00,2023-10-15 13:25:00,2023-10-15 14:22:00,14.9,305,Completed,
T4487,D304,R1138,Mumbai,Juhu,Powai,2023-10-11 19:44:00,2023-10-11 19:49:00,2023-10-11 21:09:00,23.9,630,Completed,
T4488,D285,R4428,Bangalore,Indiranagar,HSR Layout,2023-10-04 16:54:00,2023-10-04 17:08:00,2023-10-04 17:41:00,10.4,208,Completed,
T4489,D236,R3990,Bangalore,Koramangala,HSR Layout,2023-10-03 06:12:00,2023-10-03 06:18:00,2023-10-03 06:24:00,2.4,88,Completed,
T4490,D173,R3653,Bangalore,Jayanagar,HSR Layout,2023-10-29 03:25:00,2023-10-29 03:29:00,2023-10-29 04:52:00,23.4,462,Completed,
T4491,D289,R1365,Mumbai,Powai,Colaba,2023-10-17 07:02:00,2023-10-17 07:04:00,2023-10-17 08:15:00,24.9,441,Completed,
T4492,D221,R2830,Delhi,Vasant Kunj,Dwarka,2023-10-22 21:00:00,2023-10-22 21:05:00,2023-10-22 21:51:00,15.5,366,Completed,
T4493,D241,R3235,Delhi,Rohini,Connaught Place,2023-10-29 06:18:00,2023-10-29 06:22:00,2023-10-29 07:11:00,16.3,313,Completed,
T4494,D155,R3741,Bangalore,Jayanagar,HSR Layout,2023-10-10 09:10:00,2023-10-10 09:12:00,2023-10-10 09:28:00,4.9,136,Completed,
T4495,D151,R3964,Delhi,Connaught Place,Rohini,2023-10-06 23:56:00,2023-10-07 00:11:00,2023-10-07 01:17:00,21.3,425,Completed,
T4496,D309,R1455,Delhi,Dwarka,Connaught Place,2023-10-24 16:10:00,2023-10-24 16:15:00,2023-10-24 17:08:00,14.4,315,Completed,
T4497,D141,R3196,Mumbai,Bandra,Andheri,2023-10-16 09:43:00,2023-10-16 09:52:00,2023-10-16 10:41:00,13.2,321,Completed,
T4498,D308,R4524,Delhi,Dwarka,Connaught Place,2023-10-18 20:18:00,2023-10-18 20:22:00,2023-10-18 20:44:00,7.1,166,Completed,
T4499,D208,R1135,Mumbai,Powai,Juhu,2023-10-23 15:22:00,2023-10-23 15:36:00,2023-10-23 15:52:00,4.5,145,Completed,
T4500,D215,R3468,Bangalore,HSR Layout,Koramangala,2023-10-10 20:05:00,,2023-10-10 21:13:00,19.8,398,Completed,
T4501,D321,R2039,Mumbai,Bandra,Juhu,2023-10-19 11:10:00,2023-10-19 11:13:00,2023-10-19 12:34:00,22.5,502,Completed,
T4502,D262,R2933,Mumbai,Juhu,Colaba,2023-10-05 08:24:00,2023-10-05 08:28:00,2023-10-05 09:55:00,24.2,643,Completed,
T4503,D225,R1640,Mumbai,Bandra,Andheri,2023-10-05 20:24:00,2023-10-05 20:33:00,2023-10-05 21:26:00,17.6,320,Completed,
T4504,D152,R2611,Bangalore,Jayanagar,Indiranagar,2023-10-09 00:49:00,,,0.0,0.0,Cancelled,Payment Issue
T4505,D262,R4470,Mumbai,Colaba,Juhu,2023-10-13 14:44:00,2023-10-13 14:49:00,2023-10-13 15:51:00,18.7,475,Completed,
T4506,D225,R2579,Mumbai,Andheri,Bandra,2023-10-22 00:15:00,2023-10-22 00:23:00,2023-10-22 01:10:00,14.3,309,Completed,
T4507,D214,R4282,Mumbai,Andheri,Bandra,2023-10-16 06:30:00,,,0.0,0.0,Cancelled,Driver Cancelled
T4508,D269,R4180,Delhi,Dwarka,Connaught Place,2023-10-16 15:15:00,2023-10-16 15:21:00,2023-10-16 16:36:00,23.8,559,Completed,
T4509,D293,R2514,Mumbai,Colaba,Powai,2023-10-22 16:54:00,2023-10-22 17:07:00,2023-10-22 17:36:00,8.8,194,Completed,
T4510,D203,R1177,Delhi,Saket,Dwarka,2023-10-20 19:49:00,2023-10-20 19:55:00,2023-10-20 20:25:00,9.7,269,Completed,
T4511,D283,R1407,Bangalore,Jayanagar,HSR Layout,2023-10-06 11:29:00,,,0.0,0.0,Cancelled,Rider Cancelled
T4512,D138,R2913,Delhi,Vasant Kunj,Saket,2023-10-21 06:05:00,2023-10-21 06:15:00,2023-10-21 06:55:00,15.1,415,Completed,
T4513,D280,R3953,Mumbai,Bandra,Colaba,2023-10-17 15:08:00,2023-10-17 15:13:00,2023-10-17 16:28:00,22.6,541,Completed,
T4514,D151,R1003,Delhi,Dwarka,Saket,2023-10-03 00:11:00,2023-10-03 00:22:00,2023-10-03 00:43:00,7.8,229,Completed,
T4515,D214,R2439,Mumbai,Bandra,Andheri,2023-10-24 21:25:00,,,0.0,0.0,Cancelled,Other
T4516,D127,R4996,Bangalore,Koramangala,Whitefield,2023-10-28 14:27:00,2023-10-28 14:30:00,2023-10-28 15:43:00,22.3,480,Completed,
T4517,D152,R4266,Bangalore,HSR Layout,Koramangala,2023-10-30 16:18:00,2023-10-30 16:24:00,2023-10-30 17:32:00,18.3,346,Completed,
T4518,D275,R1831,Delhi,Rohini,Saket,2023-10-12 01:07:00,2023-10-12 01:13:00,2023-10-12 01:37:00,8.0,180,Completed,
T4519,D102,R3545,Delhi,Connaught Place,Dwarka,2023-10-19 07:44:00,2023-10-19 07:52:00,2023-10-19 08:42:00,16.6,442,Completed,
T4520,D146,R4045,Delhi,Saket,Dwarka,2023-10-08 13:22:00,2023-10-08 13:31:00,2023-10-08 13:40:00,3.4,115,Completed,
T4521,D259,R2113,Delhi,Vasant Kunj,Saket,2023-10-13 18:18:00,2023-10-13 18:28:00,2023-10-13 18:51:00,6.4,206,Completed,
T4522,D146,R4774,Delhi,Dwarka,Vasant Kunj,2023-10-05 22:39:00,2023-10-05 22:45:00,2023-10-05 23:26:00,12.3,333,Completed,
T4523,D348,R2909,Bangalore,Jayanagar,Koramangala,2023-10-20 07:03:00,2023-10-20 07:11:00,2023-10-20 08:36:00,23.9,607,Completed,
T4524,D160,R3390,Bangalore,HSR Layout,Whitefield,2023-10-01 23:05:00,2023-10-01 23:15:00,2023-10-02 00:14:00,18.2,415,Completed,
T4525,D145,R4353,Delhi,Vasant Kunj,Connaught Place,2023-10-19 19:34:00,2023-10-19 19:47:00,2023-10-19 20:53:00,23.5,518,Completed,
T4526,D284,R3153,Bangalore,HSR Layout,Whitefield,2023-10-05 16:07:00,2023-10-05 16:20:00,2023-10-05 17:08:00,17.9,366,Completed,
T4527,D334,R2872,Mumbai,Andheri,Powai,2023-10-04 07:45:00,,,0.0,0.0,Cancelled,Driver Cancelled
T4528,D257,R3740,Mumbai,Colaba,Juhu,2023-10-25 10:40:00,,,0.0,0.0,Cancelled,Payment Issue
T4529,D230,R4645,Delhi,Vasant Kunj,Saket,2023-10-24 22:39:00,2023-10-24 22:51:00,2023-10-25 00:03:00,20.4,543,Completed,
T4530,D294,R3029,Bangalore,HSR Layout,Whitefield,2023-10-08 01:30:00,2023-10-08 01:35:00,2023-10-08 03:06:00,24.1,488,Completed,
T4531,D257,R1733,Mumbai,Colaba,Bandra,2023-10-20 01:38:00,2023-10-20 01:52:00,2023-10-20 02:10:00,6.0,193,Completed,
T4532,D294,R1474,Bangalore,HSR Layout,Indiranagar,2023-10-25 05:18:00,2023-10-25 05:32:00,2023-10-25 06:20:00,15.2,324,Completed,
T4533,D105,R4854,Delhi,Connaught Place,Saket,2023-10-25 00:47:00,2023-10-25 00:57:00,2023-10-25 01:39:00,11.5,224,Completed,
T4534,D246,R2840,Delhi,Rohini,Dwarka,2023-10-12 01:17:00,2023-10-12 01:22:00,2023-10-12 02:04:00,11.0,220,Completed,
T4535,D322,R1197,Delhi,Connaught Place,Saket,2023-10-03 20:24:00,2023-10-03 20:36:00,2023-10-03 20:51:00,4.2,155,Completed,
T4536,D298,R2574,Bangalore,Koramangala,HSR Layout,2023-10-10 15:57:00,,,0.0,0.0,Cancelled,Driver Not Found
T4537,D207,R2191,Delhi,Rohini,Connaught Place,2023-10-02 23:04:00,2023-10-02 23:06:00,2023-10-02 23:56:00,15.8,335,Completed,
T4538,D113,R4865,Bangalore,Koramangala,HSR Layout,2023-10-20 11:15:00,2023-10-20 11:17:00,2023-10-20 11:42:00,9.8,226,Completed,
T4539,D208,R1157,Mumbai,Colaba,Andheri,2023-10-22 15:45:00,2023-10-22 15:56:00,2023-10-22 17:09:00,21.7,481,Completed,
T4540,D241,R2551,Delhi,Rohini,Vasant Kunj,2023-10-25 17:33:00,2023-10-25 17:42:00,2023-10-25 18:33:00,16.0,430,Completed,
T4541,D115,R1918,Bangalore,Koramangala,Indiranagar,2023-10-22 08:51:00,2023-10-22 08:56:00,2023-10-22 09:46:00,16.5,364,Completed,
T4542,D326,R1429,Bangalore,Whitefield,Jayanagar,2023-10-22 03:24:00,2023-10-22 03:27:00,2023-10-22 04:14:00,14.9,321,Completed,
T4543,D111,R3581,Bangalore,HSR Layout,Jayanagar,2023-10-26 16:42:00,2023-10-26 16:51:00,2023-10-26 17:43:00,14.7,290,Completed,
T4544,D155,R1187,Bangalore,HSR Layout,Jayanagar,2023-10-13 19:09:00,2023-10-13 19:21:00,2023-10-13 20:03:00,12.4,305,Completed,
T4545,D296,R3735,Mumbai,Colaba,Juhu,2023-10-21 20:30:00,2023-10-21 20:35:00,2023-10-21 20:44:00,3.6,124,Completed,
T4546,D106,R3768,Delhi,Vasant Kunj,Dwarka,2023-10-22 05:15:00,2023-10-22 05:21:00,2023-10-22 05:39:00,7.0,177,Completed,
T4547,D154,R1285,Delhi,Connaught Place,Rohini,2023-10-07 23:46:00,2023-10-07 23:49:00,2023-10-08 01:07:00,23.0,503,Completed,
T4548,D119,R2187,Mumbai,Powai,Andheri,2023-10-09 13:38:00,,,0.0,0.0,Cancelled,Payment Issue
T4549,D292,R2738,Delhi,Connaught Place,Saket,2023-10-08 05:48:00,2023-10-08 06:01:00,2023-10-08 06:58:00,18.4,384,Completed,
T4550,D346,R1752,Delhi,Connaught Place,Saket,2023-10-17 05:40:00,2023-10-17 05:47:00,2023-10-17 06:17:00,11.0,251,Completed,
T4551,D326,R1064,Bangalore,Jayanagar,HSR Layout,2023-10-13 17:04:00,2023-10-13 17:07:00,2023-10-13 18:25:00,21.8,545,Completed,
T4552,D248,R2943,Bangalore,Jayanagar,Whitefield,2023-10-11 18:07:00,2023-10-11 18:09:00,2023-10-11 19:16:00,17.8,384,Completed,
T4553,D281,R4945,Mumbai,Juhu,Powai,2023-10-06 08:19:00,2023-10-06 08:29:00,2023-10-06 09:14:00,18.1,408,Completed,
T4554,D266,R3556,Delhi,Connaught Place,Vasant Kunj,2023-10-12 07:47:00,2023-10-12 08:02:00,2023-10-12 08:48:00,12.2,336,Completed,
T4555,D103,R2407,Delhi,Rohini,Connaught Place,2023-10-22 20:23:00,2023-10-22 20:30:00,2023-10-22 21:16:00,11.9,342,Completed,
T4556,D269,R1242,Delhi,Vasant Kunj,Saket,2023-10-24 21:42:00,2023-10-24 21:48:00,2023-10-24 22:41:00,16.1,319,Completed,
T4557,D147,R3484,Mumbai,Colaba,Andheri,2023-10-18 02:02:00,2023-10-18 02:15:00,2023-10-18 03:22:00,19.7,522,Completed,
T4558,D210,R1155,Delhi,Vasant Kunj,Dwarka,2023-10-07 21:02:00,2023-10-07 21:12:00,2023-10-07 21:21:00,2.4,93,Completed,
T4559,D119,R4745,Mumbai,Colaba,Powai,2023-10-23 02:12:00,2023-10-23 02:18:00,2023-10-23 03:01:00,16.3,379,Completed,
T4560,D265,R3031,Mumbai,Andheri,Powai,2023-10-16 00:29:00,2023-10-16 00:31:00,2023-10-16 00:40:00,3.7,140,Completed,
T4561,D181,R2453,Mumbai,Andheri,Powai,2023-10-11 05:22:00,2023-10-11 05:37:00,2023-10-11 06:38:00,22.8,490,Completed,
T4562,D269,R4533,Delhi,Saket,Dwarka,2023-10-23 12:09:00,2023-10-23 12:23:00,2023-10-23 12:48:00,9.4,240,Completed,
T4563,D182,R3775,Mumbai,Powai,Bandra,2023-10-29 11:06:00,2023-10-29 11:10:00,2023-10-29 12:12:00,21.6,398,Completed,
T4564,D166,R4421,Mumbai,Andheri,Powai,2023-10-01 19:09:00,2023-10-01 19:24:00,2023-10-01 19:56:00,10.1,279,Completed,
T4565,D178,R4292,Bangalore,HSR Layout,Whitefield,2023-10-13 09:18:00,2023-10-13 09:30:00,2023-10-13 10:28:00,16.6,343,Completed,
T4566,D265,R3957,Mumbai,Juhu,Colaba,2023-10-28 05:10:00,2023-10-28 05:22:00,2023-10-28 05:30:00,2.8,97,Completed,
T4567,D118,R3387,Delhi,Dwarka,Vasant Kunj,2023-10-24 18:56:00,2023-10-24 19:09:00,2023-10-24 20:09:00,17.7,448,Completed,
T4568,D105,R4316,Delhi,Rohini,Connaught Place,2023-10-23 17:48:00,2023-10-23 18:00:00,2023-10-23 18:37:00,14.4,325,Completed,
T4569,D320,R3075,Mumbai,Andheri,Powai,2023-10-06 08:14:00,2023-10-06 08:20:00,2023-10-06 08:35:00,4.5,151,Completed,
T4570,D187,R2302,Mumbai,Powai,Bandra,2023-10-29 05:18:00,2023-10-29 05:29:00,2023-10-29 06:06:00,9.6,279,Completed,
T4571,D226,R2192,Bangalore,Whitefield,HSR Layout,2023-10-24 11:12:00,2023-10-24 11:15:00,2023-10-24 12:08:00,14.7,413,Completed,
T4572,D308,R3973,Delhi,Dwarka,Connaught Place,2023-10-12 18:56:00,2023-10-12 19:05:00,2023-10-12 19:25:00,8.0,220,Completed,
T4573,D306,R1035,Bangalore,Jayanagar,Koramangala,2023-10-20 22:23:00,2023-10-20 22:33:00,2023-10-20 22:43:00,3.8,128,Completed,
T4574,D329,R4015,Bangalore,Indiranagar,Whitefield,2023-10-06 07:38:00,,,0.0,0.0,Cancelled,Payment Issue
T4575,D175,R2165,Bangalore,HSR Layout,Whitefield,2023-10-30 10:07:00,,,0.0,0.0,Cancelled,Driver Not Found
T4576,D249,R3211,Bangalore,Whitefield,Indiranagar,2023-10-06 19:15:00,2023-10-06 19:25:00,2023-10-06 20:19:00,17.8,367,Completed,
T4577,D346,R3196,Delhi,Dwarka,Connaught Place,2023-10-11 07:57:00,2023-10-11 08:02:00,2023-10-11 09:01:00,16.8,327,Completed,
T4578,D330,R4164,Mumbai,Juhu,Colaba,2023-10-12 18:17:00,2023-10-12 18:29:00,2023-10-12 19:26:00,15.5,359,Completed,
T4579,D226,R2506,Bangalore,Jayanagar,HSR Layout,2023-10-11 17:11:00,2023-10-11 17:24:00,2023-10-11 18:23:00,23.6,508,Completed,
T4580,D122,R3643,Bangalore,Jayanagar,Indiranagar,2023-10-14 07:17:00,2023-10-14 07:19:00,2023-10-14 08:03:00,13.3,299,Completed,
T4581,D137,R1102,Bangalore,Koramangala,Indiranagar,2023-10-25 11:17:00,2023-10-25 11:23:00,2023-10-25 12:24:00,17.8,330,Completed,
T4582,D181,R2901,Mumbai,Colaba,Juhu,2023-10-13 00:42:00,2023-10-13 00:51:00,2023-10-13 01:20:00,8.7,243,Completed,
T4583,D338,R2175,Mumbai,Powai,Juhu,2023-10-25 03:16:00,2023-10-25 03:21:00,2023-10-25 03:52:00,9.0,205,Completed,
T4584,D238,R4451,Bangalore,Jayanagar,Koramangala,2023-10-05 03:21:00,2023-10-05 03:34:00,2023-10-05 04:25:00,19.8,500,Completed,
T4585,D332,R4004,Bangalore,Koramangala,Indiranagar,2023-10-23 01:51:00,2023-10-23 02:01:00,2023-10-23 02:11:00,3.1,103,Completed,
T4586,D312,R4944,Mumbai,Andheri,Juhu,2023-10-01 10:01:00,2023-10-01 10:07:00,2023-10-01 10:58:00,13.9,353,Completed,
T4587,D142,R2162,Delhi,Rohini,Saket,2023-10-02 17:09:00,2023-10-02 17:12:00,2023-10-02 17:56:00,15.2,346,Completed,
T4588,D110,R1406,Mumbai,Powai,Andheri,2023-10-28 05:48:00,2023-10-28 06:02:00,2023-10-28 06:29:00,10.2,247,Completed,
T4589,D317,R2203,Bangalore,Koramangala,Whitefield,2023-10-01 22:16:00,2023-10-01 22:18:00,2023-10-01 23:16:00,18.5,372,Completed,
T4590,D132,R4781,Bangalore,HSR Layout,Whitefield,2023-10-09 03:13:00,2023-10-09 03:20:00,2023-10-09 04:18:00,16.3,309,Completed,
T4591,D181,R3696,Mumbai,Powai,Bandra,2023-10-12 23:13:00,2023-10-12 23:17:00,2023-10-12 23:53:00,12.8,345,Completed,
T4592,D113,R3189,Bangalore,Indiranagar,HSR Layout,2023-10-11 11:22:00,2023-10-11 11:25:00,2023-10-11 12:13:00,18.9,474,Completed,
T4593,D190,R2391,Delhi,Connaught Place,Vasant Kunj,2023-10-05 07:55:00,2023-10-05 08:06:00,2023-10-05 08:42:00,12.4,260,Completed,
T4594,D139,R4740,Delhi,Connaught Place,Rohini,2023-10-10 22:52:00,,,0.0,0.0,Cancelled,Payment Issue
T4595,D158,R2148,Bangalore,Indiranagar,Whitefield,2023-10-29 00:26:00,2023-10-29 00:39:00,2023-10-29 01:36:00,19.5,482,Completed,
T4596,D250,R4272,Mumbai,Andheri,Juhu,2023-10-24 23:30:00,2023-10-24 23:45:00,2023-10-25 00:10:00,8.2,237,Completed,
T4597,D261,R4105,Delhi,Connaught Place,Dwarka,2023-10-08 07:14:00,2023-10-08 07:27:00,2023-10-08 08:20:00,14.0,291,Completed,
T4598,D168,R4888,Mumbai,Juhu,Andheri,2023-10-26 10:23:00,,,0.0,0.0,Cancelled,Driver Not Found
T4599,D195,R1532,Delhi,Saket,Dwarka,2023-10-01 18:58:00,,,0.0,0.0,Cancelled,Other
T4600,D315,R3314,Mumbai,Powai,Andheri,2023-10-12 16:50:00,2023-10-12 16:58:00,2023-10-12 17:44:00,17.9,337,Completed,
T4601,D155,R3042,Bangalore,Indiranagar,HSR Layout,2023-10-13 08:07:00,2023-10-13 08:09:00,2023-10-13 09:14:00,23.5,616,Completed,
T4602,D201,R3563,Mumbai,Colaba,Juhu,2023-10-30 11:47:00,2023-10-30 11:59:00,2023-10-30 12:45:00,17.0,376,Completed,
T4603,D175,R2459,Bangalore,Koramangala,Jayanagar,2023-10-29 20:02:00,2023-10-29 20:04:00,2023-10-29 21:13:00,18.1,359,Completed,
T4604,D225,R3925,Mumbai,Powai,Juhu,2023-10-11 08:37:00,2023-10-11 08:39:00,2023-10-11 09:04:00,6.5,191,Completed,
T4605,D184,R4098,Delhi,Saket,Rohini,2023-10-10 19:52:00,2023-10-10 19:55:00,2023-10-10 20:21:00,6.9,173,Completed,
T4606,D284,R1508,Bangalore,Koramangala,Jayanagar,2023-10-27 11:53:00,2023-10-27 12:06:00,2023-10-27 12:18:00,3.2,103,Completed,
T4607,D328,R4700,Delhi,Connaught Place,Dwarka,2023-10-28 04:37:00,2023-10-28 04:43:00,2023-10-28 05:12:00,11.3,262,Completed,
T4608,D309,R3672,Delhi,Connaught Place,Dwarka,2023-10-19 18:27:00,2023-10-19 18:42:00,2023-10-19 19:16:00,11.0,228,Completed,
T4609,D198,R2744,Bangalore,Indiranagar,Jayanagar,2023-10-19 19:05:00,2023-10-19 19:13:00,2023-10-19 20:08:00,17.2,401,Completed,
T4610,D217,R1975,Delhi,Vasant Kunj,Saket,2023-10-16 14:11:00,2023-10-16 14:21:00,2023-10-16 14:40:00,6.5,163,Completed,
T4611,D110,R3964,Mumbai,Andheri,Bandra,2023-10-25 19:19:00,2023-10-25 19:28:00,2023-10-25 20:31:00,21.9,519,Completed,
T4612,D119,R2810,Mumbai,Powai,Andheri,2023-10-20 12:20:00,2023-10-20 12:30:00,2023-10-20 13:30:00,15.5,424,Completed,
T4613,D291,R4163,Bangalore,Koramangala,Jayanagar,2023-10-20 11:51:00,2023-10-20 12:05:00,2023-10-20 13:07:00,16.7,383,Completed,
T4614,D147,R2582,Mumbai,Powai,Bandra,2023-10-14 10:38:00,2023-10-14 10:49:00,2023-10-14 12:23:00,24.8,639,Completed,
T4615,D318,R1115,Bangalore,Koramangala,HSR Layout,2023-10-15 14:55:00,2023-10-15 15:00:00,2023-10-15 15:22:00,6.8,154,Completed,
T4616,D268,R2237,Mumbai,Andheri,Juhu,2023-10-10 14:09:00,2023-10-10 14:14:00,2023-10-10 14:25:00,3.1,100,Completed,
T4617,D183,R4004,Bangalore,HSR Layout,Jayanagar,2023-10-01 20:33:00,2023-10-01 20:37:00,2023-10-01 21:04:00,8.0,220,Completed,
T4618,D174,R1157,Bangalore,Indiranagar,Koramangala,2023-10-27 06:51:00,2023-10-27 06:57:00,2023-10-27 07:49:00,18.4,446,Completed,
T4619,D330,R1342,Mumbai,Andheri,Bandra,2023-10-14 21:16:00,2023-10-14 21:28:00,2023-10-14 21:42:00,3.6,107,Completed,
T4620,D131,R2356,Bangalore,HSR Layout,Jayanagar,2023-10-20 01:40:00,,,0.0,0.0,Cancelled,Driver Cancelled
T4621,D125,R2325,Bangalore,Whitefield,Jayanagar,2023-10-10 20:23:00,2023-10-10 20:35:00,2023-10-10 21:46:00,19.6,494,Completed,
T4622,D277,R2509,Delhi,Saket,Connaught Place,2023-10-13 21:08:00,2023-10-13 21:16:00,2023-10-13 22:30:00,23.7,423,Completed,
T4623,D195,R3013,Delhi,Saket,Connaught Place,2023-10-09 21:43:00,2023-10-09 21:48:00,2023-10-09 22:57:00,23.5,604,Completed,
T4624,D141,R2170,Mumbai,Andheri,Bandra,2023-10-26 21:10:00,2023-10-26 21:16:00,2023-10-26 21:51:00,14.0,331,Completed,
T4625,D233,R2117,Bangalore,HSR Layout,Whitefield,2023-10-07 21:30:00,2023-10-07 21:35:00,2023-10-07 21:58:00,7.2,211,Completed,
T4626,D233,R3600,Bangalore,HSR Layout,Koramangala,2023-10-02 19:51:00,2023-10-02 19:56:00,2023-10-02 21:05:00,19.0,498,Completed,
T4627,D114,R3642,Delhi,Connaught Place,Vasant Kunj,2023-10-16 09:33:00,2023-10-16 09:44:00,2023-10-16 10:24:00,12.4,248,Completed,
T4628,D286,R1616,Mumbai,Powai,Bandra,2023-10-22 04:50:00,,,0.0,0.0,Cancelled,Driver Cancelled
T4629,D296,R3389,Mumbai,Colaba,Bandra,2023-10-09 08:20:00,,,0.0,0.0,Cancelled,Payment Issue
T4630,D120,R2179,Delhi,Vasant Kunj,Rohini,2023-10-09 23:03:00,2023-10-09 23:09:00,2023-10-09 23:52:00,12.7,338,Completed,
T4631,D227,R4662,Bangalore,Koramangala,HSR Layout,2023-10-22 16:46:00,,,0.0,0.0,Cancelled,Driver Cancelled
T4632,D287,R2720,Delhi,Dwarka,Vasant Kunj,2023-10-24 04:31:00,,,0.0,0.0,Cancelled,Rider Cancelled
T4633,D136,R3815,Bangalore,Whitefield,Jayanagar,2023-10-30 23:23:00,2023-10-30 23:30:00,2023-10-30 23:41:00,3.7,119,Completed,
T4634,D277,R1497,Delhi,Dwarka,Saket,2023-10-04 02:03:00,2023-10-04 02:11:00,2023-10-04 03:09:00,18.6,409,Completed,
T4635,D157,R3278,Mumbai,Powai,Colaba,2023-10-14 15:58:00,2023-10-14 16:06:00,2023-10-14 16:27:00,6.8,160,Completed,
T4636,D313,R4773,Bangalore,Indiranagar,Jayanagar,2023-10-30 11:31:00,2023-10-30 11:42:00,2023-10-30 12:14:00,8.4,206,Completed,
T4637,D275,R3477,Delhi,Vasant Kunj,Connaught Place,2023-10-16 18:34:00,2023-10-16 18:40:00,2023-10-16 18:53:00,5.1,137,Completed,
T4638,D311,R3209,Delhi,Dwarka,Connaught Place,2023-10-13 21:51:00,2023-10-13 22:01:00,2023-10-13 23:22:00,20.7,377,Completed,
T4639,D221,R4060,Delhi,Connaught Place,Rohini,2023-10-01 09:25:00,2023-10-01 09:28:00,2023-10-01 11:02:00,24.4,658,Completed,
T4640,D172,R4724,Bangalore,HSR Layout,Whitefield,2023-10-03 22:02:00,2023-10-03 22:06:00,2023-10-03 22:58:00,19.8,375,Completed,
T4641,D172,R1065,Bangalore,Koramangala,HSR Layout,2023-10-04 06:30:00,,,0.0,0.0,Cancelled,Other
T4642,D308,R1337,Delhi,Rohini,Vasant Kunj,2023-10-02 04:33:00,2023-10-02 04:38:00,2023-10-02 05:10:00,10.3,217,Completed,
T4643,D115,R1813,Bangalore,HSR Layout,Koramangala,2023-10-04 12:59:00,2023-10-04 13:11:00,2023-10-04 13:41:00,10.7,279,Completed,
T4644,D288,R2620,Mumbai,Juhu,Powai,2023-10-22 15:27:00,2023-10-22 15:37:00,2023-10-22 15:52:00,5.8,150,Completed,
T4645,D339,R2478,Bangalore,Whitefield,Koramangala,2023-10-07 02:36:00,2023-10-07 02:43:00,2023-10-07 03:53:00,19.9,535,Completed,
T4646,D149,R1630,Delhi,Vasant Kunj,Connaught Place,2023-10-20 15:19:00,2023-10-20 15:27:00,2023-10-20 16:05:00,15.3,374,Completed,
T4647,D106,R4036,Delhi,Rohini,Connaught Place,2023-10-14 06:54:00,2023-10-14 06:59:00,2023-10-14 07:30:00,8.1,185,Completed,
T4648,D124,R2481,Delhi,Saket,Rohini,2023-10-04 15:06:00,2023-10-04 15:12:00,2023-10-04 16:18:00,22.5,592,Completed,
T4649,D142,R3809,Delhi,Connaught Place,Vasant Kunj,2023-10-29 22:49:00,2023-10-29 22:52:00,2023-10-30 00:05:00,24.0,543,Completed,
T4650,D269,R4663,Delhi,Saket,Connaught Place,2023-10-02 03:24:00,2023-10-02 03:36:00,2023-10-02 04:07:00,7.9,242,Completed,
T4651,D280,R1273,Mumbai,Andheri,Powai,2023-10-01 15:54:00,2023-10-01 16:06:00,2023-10-01 17:16:00,19.5,471,Completed,
T4652,D238,R4090,Bangalore,Koramangala,Jayanagar,2023-10-08 05:48:00,2023-10-08 05:59:00,2023-10-08 06:08:00,2.6,109,Completed,
T4653,D130,R3910,Bangalore,Indiranagar,Koramangala,2023-10-03 03:56:00,2023-10-03 04:03:00,2023-10-03 04:37:00,9.9,251,Completed,
T4654,D132,R3681,Bangalore,Jayanagar,Whitefield,2023-10-14 10:29:00,2023-10-14 10:36:00,2023-10-14 10:56:00,6.7,163,Completed,
T4655,D312,R4438,Mumbai,Andheri,Juhu,2023-10-04 23:08:00,2023-10-04 23:11:00,2023-10-04 23:46:00,12.9,309,Completed,
T4656,D318,R3630,Bangalore,Indiranagar,Whitefield,2023-10-04 22:14:00,2023-10-04 22:26:00,2023-10-04 23:08:00,14.7,356,Completed,
T4657,D161,R2893,Delhi,Saket,Vasant Kunj,2023-10-17 08:05:00,2023-10-17 08:14:00,2023-10-17 08:20:00,2.4,95,Completed,
T4658,D313,R4140,Bangalore,Jayanagar,Koramangala,2023-10-22 15:57:00,2023-10-22 16:05:00,2023-10-22 17:23:00,23.6,440,Completed,
T4659,D335,R3428,Bangalore,Whitefield,Jayanagar,2023-10-19 04:40:00,2023-10-19 04:51:00,2023-10-19 05:30:00,11.0,275,Completed,
T4660,D150,R4328,Mumbai,Colaba,Juhu,2023-10-17 14:32:00,2023-10-17 14:38:00,2023-10-17 15:15:00,13.6,316,Completed,
T4661,D197,R3409,Mumbai,Powai,Andheri,2023-10-22 08:49:00,,,0.0,0.0,Cancelled,Driver Not Found
T4662,D157,R1736,Mumbai,Juhu,Andheri,2023-10-03 00:01:00,2023-10-03 00:16:00,2023-10-03 01:29:00,25.0,439,Completed,
T4663,D209,R2362,Delhi,Saket,Rohini,2023-10-08 19:28:00,2023-10-08 19:35:00,2023-10-08 19:42:00,2.6,114,Completed,
T4664,D263,R4739,Delhi,Vasant Kunj,Dwarka,2023-10-04 17:19:00,,,0.0,0.0,Cancelled,Rider Cancelled
T4665,D138,R3174,Delhi,Saket,Vasant Kunj,2023-10-17 07:41:00,,,0.0,0.0,Cancelled,Driver Cancelled
T4666,D154,R3618,Delhi,Rohini,Dwarka,2023-10-22 11:22:00,2023-10-22 11:29:00,2023-10-22 12:37:00,18.8,419,Completed,
T4667,D280,R4664,Mumbai,Colaba,Powai,2023-10-17 12:29:00,2023-10-17 12:35:00,2023-10-17 13:30:00,19.8,385,Completed,
T4668,D323,R1655,Bangalore,Indiranagar,HSR Layout,2023-10-16 23:09:00,2023-10-16 23:19:00,2023-10-16 23:34:00,4.2,121,Completed,
T4669,D179,R1858,Delhi,Saket,Rohini,2023-10-13 03:09:00,2023-10-13 03:13:00,2023-10-13 04:22:00,21.0,442,Completed,
T4670,D276,R2064,Mumbai,Bandra,Colaba,2023-10-22 08:22:00,2023-10-22 08:25:00,2023-10-22 09:04:00,11.4,307,Completed,
T4671,D114,R1037,Delhi,Saket,Connaught Place,2023-10-22 11:34:00,2023-10-22 11:38:00,2023-10-22 12:18:00,15.7,295,Completed,
T4672,D270,R1940,Bangalore,Jayanagar,Koramangala,2023-10-26 06:43:00,2023-10-26 06:50:00,2023-10-26 07:40:00,19.3,517,Completed,
T4673,D135,R1019,Delhi,Rohini,Connaught Place,2023-10-14 23:18:00,2023-10-14 23:31:00,2023-10-14 23:39:00,3.2,121,Completed,
T4674,D204,R2988,Bangalore,HSR Layout,Whitefield,2023-10-25 00:45:00,2023-10-25 00:55:00,2023-10-25 01:19:00,8.8,219,Completed,
T4675,D183,R2708,Bangalore,Jayanagar,Koramangala,2023-10-15 17:20:00,2023-10-15 17:23:00,2023-10-15 18:22:00,19.6,445,Completed,
T4676,D114,R3367,Delhi,Saket,Connaught Place,2023-10-11 07:45:00,2023-10-11 07:56:00,2023-10-11 08:37:00,16.0,335,Completed,
T4677,D237,R1468,Mumbai,Andheri,Juhu,2023-10-21 01:00:00,2023-10-21 01:09:00,2023-10-21 02:21:00,23.2,584,Completed,
T4678,D107,R1981,Delhi,Saket,Dwarka,2023-10-10 19:38:00,2023-10-10 19:53:00,2023-10-10 21:10:00,24.1,603,Completed,
T4679,D258,R1565,Bangalore,Indiranagar,HSR Layout,2023-10-06 02:39:00,2023-10-06 02:50:00,2023-10-06 03:08:00,5.7,155,Completed,
T4680,D171,R2563,Bangalore,HSR Layout,Whitefield,2023-10-24 06:47:00,2023-10-24 06:54:00,2023-10-24 07:36:00,14.2,379,Completed,
T4681,D112,R3967,Bangalore,Jayanagar,Koramangala,2023-10-23 07:28:00,,,0.0,0.0,Cancelled,Driver Cancelled
T4682,D273,R1748,Delhi,Rohini,Dwarka,2023-10-29 21:32:00,2023-10-29 21:35:00,2023-10-29 22:00:00,8.5,246,Completed,
T4683,D177,R1233,Mumbai,Andheri,Juhu,2023-10-20 15:10:00,2023-10-20 15:16:00,2023-10-20 16:28:00,21.1,433,Completed,
T4684,D198,R1953,Bangalore,Jayanagar,Koramangala,2023-10-01 10:48:00,2023-10-01 10:52:00,2023-10-01 11:30:00,9.8,217,Completed,
T4685,D230,R4630,Delhi,Dwarka,Vasant Kunj,2023-10-30 21:37:00,2023-10-30 21:50:00,2023-10-30 22:56:00,22.6,393,Completed,
T4686,D153,R2133,Bangalore,Jayanagar,Koramangala,2023-10-06 22:12:00,2023-10-06 22:26:00,2023-10-06 23:05:00,12.8,304,Completed,
T4687,D118,R1073,Delhi,Rohini,Saket,2023-10-29 20:17:00,2023-10-29 20:26:00,2023-10-29 21:25:00,21.8,468,Completed,
T4688,D304,R1815,Mumbai,Andheri,Bandra,2023-10-06 21:46:00,2023-10-06 22:01:00,2023-10-06 22:26:00,7.1,215,Completed,
T4689,D139,R4394,Delhi,Dwarka,Rohini,2023-10-18 23:31:00,,,0.0,0.0,Cancelled,Payment Issue
T4690,D320,R4962,Mumbai,Juhu,Colaba,2023-10-22 14:21:00,2023-10-22 14:26:00,2023-10-22 15:33:00,17.5,348,Completed,
T4691,D266,R4750,Delhi,Saket,Connaught Place,2023-10-15 13:28:00,2023-10-15 13:40:00,2023-10-15 15:01:00,23.6,611,Completed,
T4692,D124,R2894,Delhi,Dwarka,Rohini,2023-10-04 11:37:00,2023-10-04 11:51:00,2023-10-04 12:05:00,5.2,167,Completed,
T4693,D200,R4060,Mumbai,Colaba,Andheri,2023-10-14 03:33:00,2023-10-14 03:43:00,2023-10-14 04:21:00,11.8,228,Completed,
T4694,D307,R2222,Bangalore,HSR Layout,Indiranagar,2023-10-20 20:48:00,2023-10-20 21:03:00,2023-10-20 22:24:00,21.4,581,Completed,
T4695,D184,R1133,Delhi,Rohini,Connaught Place,2023-10-30 03:35:00,2023-10-30 03:47:00,2023-10-30 04:38:00,14.9,381,Completed,
T4696,D197,R1084,Mumbai,Bandra,Andheri,2023-10-25 10:16:00,2023-10-25 10:23:00,2023-10-25 11:19:00,14.3,306,Completed,
T4697,D302,R2738,Bangalore,Indiranagar,HSR Layout,2023-10-09 12:50:00,2023-10-09 12:59:00,2023-10-09 14:20:00,21.2,427,Completed,
T4698,D297,R4787,Mumbai,Juhu,Colaba,2023-10-18 22:14:00,2023-10-18 22:25:00,2023-10-18 22:33:00,2.4,104,Completed,
T4699,D228,R1543,Delhi,Rohini,Connaught Place,2023-10-09 22:47:00,2023-10-09 22:54:00,2023-10-09 23:56:00,17.1,309,Completed,
T4700,D240,R1001,Mumbai,Andheri,Bandra,2023-10-24 21:59:00,2023-10-24 22:02:00,2023-10-24 23:06:00,18.0,452,Completed,
T4701,D227,R2877,Bangalore,Whitefield,HSR Layout,2023-10-20 09:47:00,2023-10-20 09:53:00,2023-10-20 10:40:00,11.8,304,Completed,
T4702,D113,R1228,Bangalore,HSR Layout,Jayanagar,2023-10-09 21:41:00,2023-10-09 21:44:00,2023-10-09 22:48:00,21.9,424,Completed,
T4703,D331,R2611,Delhi,Connaught Place,Rohini,2023-10-06 17:52:00,,,0.0,0.0,Cancelled,Rider Cancelled
T4704,D260,R4781,Bangalore,Whitefield,HSR Layout,2023-10-21 00:29:00,2023-10-21 00:31:00,2023-10-21 01:47:00,22.8,424,Completed,
T4705,D135,R1341,Delhi,Saket,Rohini,2023-10-15 07:05:00,2023-10-15 07:20:00,2023-10-15 07:49:00,8.5,207,Completed,
T4706,D135,R1976,Delhi,Dwarka,Saket,2023-10-19 05:41:00,2023-10-19 05:52:00,2023-10-19 06:59:00,19.4,534,Completed,
T4707,D209,R1217,Delhi,Saket,Vasant Kunj,2023-10-15 14:25:00,2023-10-15 14:28:00,2023-10-15 14:49:00,5.3,137,Completed,
T4708,D325,R3523,Delhi,Rohini,Vasant Kunj,2023-10-11 20:36:00,2023-10-11 20:48:00,2023-10-11 22:10:00,21.9,560,Completed,
T4709,D228,R4454,Delhi,Connaught Place,Dwarka,2023-10-04 00:17:00,2023-10-04 00:26:00,2023-10-04 01:39:00,19.7,541,Completed,
T4710,D254,R2795,Delhi,Vasant Kunj,Connaught Place,2023-10-10 00:12:00,2023-10-10 00:22:00,2023-10-10 00:53:00,8.4,216,Completed,
T4711,D197,R2207,Mumbai,Juhu,Andheri,2023-10-06 02:26:00,2023-10-06 02:40:00,2023-10-06 03:27:00,13.7,330,Completed,
T4712,D247,R2456,Mumbai,Andheri,Juhu,2023-10-10 19:44:00,2023-10-10 19:48:00,2023-10-10 20:54:00,17.6,337,Completed,
T4713,D248,R4891,Bangalore,Whitefield,HSR Layout,2023-10-10 07:23:00,2023-10-10 07:26:00,2023-10-10 07:49:00,7.0,214,Completed,
T4714,D198,R3980,Bangalore,Whitefield,Indiranagar,2023-10-03 03:22:00,,,0.0,0.0,Cancelled,Driver Cancelled
T4715,D245,R4777,Mumbai,Colaba,Bandra,2023-10-01 20:24:00,2023-10-01 20:30:00,2023-10-01 22:07:00,24.7,629,Completed,
T4716,D345,R3081,Mumbai,Bandra,Andheri,2023-10-26 00:25:00,2023-10-26 00:27:00,2023-10-26 00:56:00,11.3,228,Completed,
T4717,D165,R3410,Mumbai,Juhu,Colaba,2023-10-17 23:34:00,2023-10-17 23:40:00,2023-10-17 23:59:00,6.5,195,Completed,
T4718,D327,R4301,Bangalore,Indiranagar,Koramangala,2023-10-05 15:44:00,2023-10-05 15:53:00,2023-10-05 16:22:00,8.0,217,Completed,
T4719,D111,R4114,Bangalore,HSR Layout,Koramangala,2023-10-10 01:37:00,2023-10-10 01:50:00,2023-10-10 02:35:00,12.6,300,Completed,
T4720,D114,R3979,Delhi,Saket,Connaught Place,2023-10-18 19:48:00,2023-10-18 19:57:00,2023-10-18 20:51:00,16.0,374,Completed,
T4721,D299,R3660,Delhi,Vasant Kunj,Dwarka,2023-10-18 11:58:00,2023-10-18 12:00:00,2023-10-18 12:21:00,6.7,205,Completed,
T4722,D343,R3343,Mumbai,Juhu,Andheri,2023-10-01 02:39:00,2023-10-01 02:45:00,2023-10-01 03:06:00,8.4,246,Completed,
T4723,D111,R4613,Bangalore,Whitefield,Indiranagar,2023-10-27 19:59:00,2023-10-27 20:12:00,2023-10-27 20:33:00,6.5,161,Completed,
T4724,D232,R1816,Bangalore,Koramangala,Indiranagar,2023-10-04 19:18:00,2023-10-04 19:21:00,2023-10-04 19:30:00,2.6,113,Completed,
T4725,D319,R2047,Delhi,Vasant Kunj,Dwarka,2023-10-06 19:29:00,2023-10-06 19:41:00,2023-10-06 20:07:00,7.7,178,Completed,
T4726,D331,R4082,Delhi,Dwarka,Rohini,2023-10-13 10:29:00,,,0.0,0.0,Cancelled,Payment Issue
T4727,D150,R1983,Mumbai,Bandra,Andheri,2023-10-05 18:19:00,2023-10-05 18:21:00,2023-10-05 19:14:00,20.3,441,Completed,
T4728,D275,R4325,Delhi,Dwarka,Vasant Kunj,2023-10-14 23:47:00,2023-10-14 23:59:00,2023-10-15 00:39:00,14.3,404,Completed,
T4729,D225,R4818,Mumbai,Andheri,Powai,2023-10-05 19:09:00,2023-10-05 19:16:00,2023-10-05 20:11:00,17.3,424,Completed,
T4730,D227,R1338,Bangalore,Indiranagar,Koramangala,2023-10-23 05:25:00,2023-10-23 05:27:00,2023-10-23 06:40:00,20.2,360,Completed,
T4731,D118,R3952,Delhi,Connaught Place,Vasant Kunj,2023-10-04 01:43:00,2023-10-04 01:46:00,2023-10-04 02:43:00,17.4,377,Completed,
T4732,D225,R2370,Mumbai,Juhu,Andheri,2023-10-24 18:57:00,,,0.0,0.0,Cancelled,Rider Cancelled
T4733,D211,R1532,Delhi,Vasant Kunj,Rohini,2023-10-29 16:16:00,2023-10-29 16:30:00,2023-10-29 17:36:00,20.1,424,Completed,
T4734,D262,R3950,Mumbai,Bandra,Colaba,2023-10-15 03:38:00,2023-10-15 03:50:00,2023-10-15 04:44:00,15.9,405,Completed,
T4735,D167,R2955,Delhi,Saket,Dwarka,2023-10-15 10:59:00,,,0.0,0.0,Cancelled,Driver Cancelled
T4736,D156,R2555,Bangalore,Indiranagar,HSR Layout,2023-10-12 23:17:00,,,0.0,0.0,Cancelled,Driver Not Found
T4737,D167,R3413,Delhi,Saket,Rohini,2023-10-04 18:32:00,2023-10-04 18:36:00,2023-10-04 19:05:00,8.1,187,Completed,
T4738,D145,R3585,Delhi,Rohini,Vasant Kunj,2023-10-14 21:14:00,2023-10-14 21:16:00,2023-10-14 22:02:00,14.0,269,Completed,
T4739,D304,R1075,Mumbai,Colaba,Andheri,2023-10-20 04:00:00,2023-10-20 04:10:00,2023-10-20 04:31:00,8.5,232,Completed,
T4740,D184,R2995,Delhi,Connaught Place,Saket,2023-10-26 13:14:00,,,0.0,0.0,Cancelled,Rider Cancelled
T4741,D204,R2620,Bangalore,Indiranagar,Jayanagar,2023-10-14 07:00:00,2023-10-14 07:07:00,2023-10-14 07:45:00,12.0,241,Completed,
T4742,D140,R4066,Delhi,Saket,Vasant Kunj,2023-10-02 18:21:00,2023-10-02 18:33:00,2023-10-02 19:11:00,13.8,309,Completed,
T4743,D154,R4365,Delhi,Dwarka,Connaught Place,2023-10-28 19:15:00,2023-10-28 19:23:00,2023-10-28 20:11:00,15.7,379,Completed,
T4744,D273,R4848,Delhi,Rohini,Dwarka,2023-10-15 08:21:00,2023-10-15 08:28:00,2023-10-15 09:17:00,19.3,382,Completed,
T4745,D121,R4278,Delhi,Saket,Vasant Kunj,2023-10-11 05:47:00,,,0.0,0.0,Cancelled,Rider Cancelled
T4746,D274,R3330,Bangalore,Whitefield,Indiranagar,2023-10-29 05:01:00,2023-10-29 05:13:00,2023-10-29 06:23:00,21.1,426,Completed,
T4747,D349,R4771,Mumbai,Powai,Colaba,2023-10-12 08:09:00,,,0.0,0.0,Cancelled,Other
T4748,D118,R2780,Delhi,Saket,Dwarka,2023-10-15 02:49:00,2023-10-15 02:53:00,2023-10-15 03:08:00,6.0,162,Completed,
T4749,D272,R1480,Bangalore,Jayanagar,Whitefield,2023-10-05 22:10:00,,,0.0,0.0,Cancelled,Rider Cancelled
T4750,D263,R4691,Delhi,Rohini,Connaught Place,2023-10-09 05:01:00,,2023-10-09 05:17:00,4.1,115,Completed,
T4751,D123,R1433,Mumbai,Colaba,Andheri,2023-10-11 22:07:00,2023-10-11 22:14:00,2023-10-11 23:06:00,13.4,370,Completed,
T4752,D206,R3691,Bangalore,Indiranagar,Jayanagar,2023-10-12 18:29:00,2023-10-12 18:34:00,2023-10-12 19:51:00,23.9,459,Completed,
T4753,D247,R3811,Mumbai,Colaba,Powai,2023-10-01 22:32:00,,,0.0,0.0,Cancelled,Driver Cancelled
T4754,D227,R2043,Bangalore,Whitefield,Indiranagar,2023-10-22 02:43:00,2023-10-22 02:48:00,2023-10-22 03:05:00,6.2,189,Completed,
T4755,D114,R2461,Delhi,Saket,Vasant Kunj,2023-10-24 06:12:00,2023-10-24 06:16:00,2023-10-24 06:29:00,3.7,137,Completed,
T4756,D157,R2021,Mumbai,Bandra,Powai,2023-10-28 20:26:00,2023-10-28 20:40:00,2023-10-28 21:34:00,14.2,349,Completed,
T4757,D207,R3293,Delhi,Saket,Rohini,2023-10-25 07:09:00,2023-10-25 07:19:00,2023-10-25 07:48:00,7.6,225,Completed,
T4758,D224,R3462,Bangalore,Indiranagar,Koramangala,2023-10-26 21:13:00,2023-10-26 21:24:00,2023-10-26 22:15:00,13.1,248,Completed,
T4759,D338,R1317,Mumbai,Colaba,Bandra,2023-10-11 12:57:00,2023-10-11 13:12:00,2023-10-11 13:45:00,10.9,288,Completed,
T4760,D291,R1665,Bangalore,Indiranagar,Jayanagar,2023-10-09 04:06:00,2023-10-09 04:20:00,2023-10-09 05:20:00,18.5,433,Completed,
T4761,D210,R3938,Delhi,Vasant Kunj,Dwarka,2023-10-11 20:37:00,2023-10-11 20:51:00,2023-10-11 21:38:00,16.0,407,Completed,
T4762,D314,R4302,Delhi,Saket,Connaught Place,2023-10-08 17:32:00,2023-10-08 17:34:00,2023-10-08 18:36:00,24.3,534,Completed,
T4763,D260,R2003,Bangalore,Indiranagar,Jayanagar,2023-10-20 00:37:00,2023-10-20 00:41:00,2023-10-20 01:16:00,10.0,273,Completed,
T4764,D208,R4849,Mumbai,Juhu,Andheri,2023-10-25 00:14:00,2023-10-25 00:29:00,2023-10-25 00:55:00,9.7,244,Completed,
T4765,D146,R4815,Delhi,Rohini,Saket,2023-10-13 04:29:00,2023-10-13 04:40:00,2023-10-13 05:49:00,20.3,378,Completed,
T4766,D254,R2783,Delhi,Rohini,Saket,2023-10-04 09:40:00,,,0.0,0.0,Cancelled,Driver Cancelled
T4767,D155,R2004,Bangalore,HSR Layout,Koramangala,2023-10-09 14:54:00,,,0.0,0.0,Cancelled,Driver Cancelled
T4768,D215,R4694,Bangalore,Whitefield,Koramangala,2023-10-15 02:26:00,2023-10-15 02:29:00,2023-10-15 02:55:00,8.0,236,Completed,
T4769,D189,R4313,Delhi,Saket,Vasant Kunj,2023-10-11 00:15:00,2023-10-11 00:22:00,2023-10-11 01:32:00,17.6,405,Completed,
T4770,D225,R4060,Mumbai,Juhu,Bandra,2023-10-11 18:15:00,2023-10-11 18:21:00,2023-10-11 19:14:00,17.6,474,Completed,
T4771,D105,R2455,Delhi,Saket,Vasant Kunj,2023-10-05 05:48:00,2023-10-05 05:58:00,2023-10-05 07:27:00,24.9,557,Completed,
T4772,D183,R2995,Bangalore,Whitefield,Jayanagar,2023-10-21 16:55:00,2023-10-21 16:59:00,2023-10-21 17:37:00,12.7,305,Completed,
T4773,D199,R1901,Delhi,Connaught Place,Saket,2023-10-11 10:30:00,2023-10-11 10:38:00,2023-10-11 11:34:00,17.4,438,Completed,
T4774,D214,R3304,Mumbai,Juhu,Colaba,2023-10-07 22:13:00,2023-10-07 22:25:00,2023-10-07 22:58:00,9.4,239,Completed,
T4775,D348,R1162,Bangalore,Indiranagar,Jayanagar,2023-10-18 16:46:00,2023-10-18 16:50:00,2023-10-18 17:12:00,6.4,172,Completed,
T4776,D145,R1399,Delhi,Saket,Vasant Kunj,2023-10-11 14:21:00,,,0.0,0.0,Cancelled,Driver Cancelled
T4777,D103,R2192,Delhi,Rohini,Dwarka,2023-10-20 23:14:00,2023-10-20 23:16:00,2023-10-21 00:39:00,21.3,388,Completed,
T4778,D301,R1079,Mumbai,Juhu,Bandra,2023-10-26 23:55:00,2023-10-27 00:04:00,2023-10-27 00:52:00,12.2,291,Completed,
T4779,D139,R3928,Delhi,Saket,Dwarka,2023-10-20 00:19:00,2023-10-20 00:29:00,2023-10-20 01:31:00,17.0,346,Completed,
T4780,D144,R1694,Mumbai,Powai,Andheri,2023-10-24 15:38:00,2023-10-24 15:42:00,2023-10-24 16:09:00,8.8,244,Completed,
T4781,D262,R3479,Mumbai,Andheri,Powai,2023-10-10 22:25:00,2023-10-10 22:27:00,2023-10-10 23:02:00,11.6,251,Completed,
T4782,D335,R1708,Bangalore,Koramangala,Jayanagar,2023-10-17 22:38:00,2023-10-17 22:46:00,2023-10-17 23:49:00,21.8,557,Completed,
T4783,D233,R3910,Bangalore,Koramangala,Indiranagar,2023-10-28 07:18:00,2023-10-28 07:22:00,2023-10-28 08:11:00,15.6,292,Completed,
T4784,D191,R3934,Mumbai,Andheri,Juhu,2023-10-19 08:00:00,2023-10-19 08:04:00,2023-10-19 09:21:00,19.5,398,Completed,
T4785,D349,R1564,Mumbai,Juhu,Andheri,2023-10-17 13:05:00,2023-10-17 13:07:00,2023-10-17 14:11:00,18.3,326,Completed,
T4786,D141,R2346,Mumbai,Colaba,Andheri,2023-10-16 09:22:00,2023-10-16 09:31:00,2023-10-16 10:02:00,10.1,206,Completed,
T4787,D155,R2010,Bangalore,Indiranagar,Jayanagar,2023-10-19 20:46:00,,,0.0,0.0,Cancelled,Rider Cancelled
T4788,D263,R3538,Delhi,Connaught Place,Dwarka,2023-10-25 12:56:00,2023-10-25 13:05:00,2023-10-25 13:10:00,2.0,88,Completed,
T4789,D110,R2371,Mumbai,Juhu,Andheri,2023-10-29 22:22:00,2023-10-29 22:26:00,2023-10-29 22:54:00,9.4,242,Completed,
T4790,D313,R4734,Bangalore,Whitefield,Indiranagar,2023-10-04 02:28:00,2023-10-04 02:31:00,2023-10-04 03:43:00,19.8,459,Completed,
T4791,D242,R2221,Mumbai,Andheri,Colaba,2023-10-28 18:38:00,2023-10-28 18:47:00,2023-10-28 19:44:00,17.1,455,Completed,
T4792,D165,R3044,Mumbai,Colaba,Bandra,2023-10-12 07:40:00,2023-10-12 07:42:00,2023-10-12 07:56:00,4.5,137,Completed,
T4793,D101,R3191,Mumbai,Colaba,Andheri,2023-10-29 03:51:00,2023-10-29 04:00:00,2023-10-29 04:55:00,15.9,361,Completed,
T4794,D221,R4174,Delhi,Vasant Kunj,Connaught Place,2023-10-25 13:50:00,2023-10-25 14:01:00,2023-10-25 14:26:00,8.3,241,Completed,
T4795,D206,R1521,Bangalore,Jayanagar,Whitefield,2023-10-02 14:30:00,,,0.0,0.0,Cancelled,Rider Cancelled
T4796,D213,R2785,Mumbai,Bandra,Colaba,2023-10-22 06:21:00,,,0.0,0.0,Cancelled,Driver Cancelled
T4797,D124,R3399,Delhi,Dwarka,Connaught Place,2023-10-10 09:47:00,2023-10-10 09:51:00,2023-10-10 11:16:00,24.7,474,Completed,
T4798,D312,R3803,Mumbai,Colaba,Powai,2023-10-23 03:11:00,2023-10-23 03:26:00,2023-10-23 04:09:00,12.2,259,Completed,
T4799,D178,R3726,Bangalore,Jayanagar,Koramangala,2023-10-28 14:21:00,2023-10-28 14:32:00,2023-10-28 15:12:00,14.8,325,Completed,
T4800,D295,R3227,Delhi,Connaught Place,Vasant Kunj,2023-10-16 19:03:00,2023-10-16 19:07:00,2023-10-16 19:41:00,9.9,280,Completed,
T4801,D219,R4160,Delhi,Connaught Place,Saket,2023-10-01 22:43:00,2023-10-01 22:51:00,2023-10-01 23:22:00,12.2,253,Completed,
T4802,D220,R2789,Bangalore,HSR Layout,Indiranagar,2023-10-11 00:26:00,2023-10-11 00:30:00,2023-10-11 00:38:00,2.9,96,Completed,
T4803,D283,R1104,Bangalore,Whitefield,HSR Layout,2023-10-28 08:00:00,2023-10-28 08:10:00,2023-10-28 08:31:00,5.4,135,Completed,
T4804,D303,R4396,Bangalore,Jayanagar,HSR Layout,2023-10-19 02:18:00,2023-10-19 02:20:00,2023-10-19 02:48:00,10.5,295,Completed,
T4805,D251,R1127,Delhi,Connaught Place,Dwarka,2023-10-18 02:34:00,2023-10-18 02:40:00,2023-10-18 03:15:00,14.1,293,Completed,
T4806,D138,R1394,Delhi,Vasant Kunj,Connaught Place,2023-10-22 06:43:00,2023-10-22 06:55:00,2023-10-22 07:50:00,16.7,390,Completed,
T4807,D154,R3805,Delhi,Vasant Kunj,Saket,2023-10-08 17:49:00,2023-10-08 18:01:00,2023-10-08 18:19:00,4.7,140,Completed,
T4808,D225,R2171,Mumbai,Juhu,Colaba,2023-10-28 05:34:00,2023-10-28 05:37:00,2023-10-28 06:51:00,24.9,564,Completed,
T4809,D244,R3293,Delhi,Vasant Kunj,Connaught Place,2023-10-17 07:31:00,2023-10-17 07:34:00,2023-10-17 08:07:00,11.4,222,Completed,
T4810,D226,R3161,Bangalore,Indiranagar,Jayanagar,2023-10-14 00:54:00,2023-10-14 00:56:00,2023-10-14 01:07:00,3.1,100,Completed,
T4811,D254,R4448,Delhi,Saket,Dwarka,2023-10-23 05:22:00,2023-10-23 05:25:00,2023-10-23 06:15:00,15.3,367,Completed,
T4812,D251,R3219,Delhi,Dwarka,Saket,2023-10-23 23:13:00,2023-10-23 23:19:00,2023-10-24 00:14:00,19.4,370,Completed,
T4813,D287,R1574,Delhi,Rohini,Connaught Place,2023-10-09 02:04:00,2023-10-09 02:19:00,2023-10-09 03:48:00,24.1,522,Completed,
T4814,D272,R2501,Bangalore,Jayanagar,Indiranagar,2023-10-07 17:36:00,2023-10-07 17:44:00,2023-10-07 18:25:00,14.0,356,Completed,
T4815,D275,R1323,Delhi,Rohini,Saket,2023-10-19 22:31:00,2023-10-19 22:41:00,2023-10-19 23:15:00,9.0,185,Completed,
T4816,D261,R3705,Delhi,Vasant Kunj,Dwarka,2023-10-25 16:53:00,2023-10-25 17:00:00,2023-10-25 18:04:00,20.2,392,Completed,
T4817,D152,R1425,Bangalore,Koramangala,Indiranagar,2023-10-18 03:37:00,2023-10-18 03:47:00,2023-10-18 04:57:00,18.3,450,Completed,
T4818,D343,R3995,Mumbai,Andheri,Colaba,2023-10-12 00:19:00,2023-10-12 00:22:00,2023-10-12 01:32:00,25.0,553,Completed,
T4819,D107,R1040,Delhi,Vasant Kunj,Saket,2023-10-02 21:17:00,2023-10-02 21:27:00,2023-10-02 22:51:00,21.8,487,Completed,
T4820,D226,R2404,Bangalore,Koramangala,Jayanagar,2023-10-22 06:15:00,2023-10-22 06:17:00,2023-10-22 07:12:00,16.1,374,Completed,
T4821,D294,R4985,Bangalore,Indiranagar,HSR Layout,2023-10-12 07:25:00,,,0.0,0.0,Cancelled,Driver Cancelled
T4822,D141,R3830,Mumbai,Bandra,Andheri,2023-10-08 01:56:00,,,0.0,0.0,Cancelled,Driver Cancelled
T4823,D330,R4673,Mumbai,Juhu,Powai,2023-10-13 13:15:00,,,0.0,0.0,Cancelled,Driver Cancelled
T4824,D128,R1190,Bangalore,Indiranagar,Jayanagar,2023-10-20 16:00:00,2023-10-20 16:09:00,2023-10-20 17:14:00,17.5,472,Completed,
T4825,D199,R4752,Delhi,Dwarka,Vasant Kunj,2023-10-11 23:50:00,2023-10-11 23:53:00,2023-10-12 00:32:00,13.3,360,Completed,
T4826,D339,R1828,Bangalore,Whitefield,Jayanagar,2023-10-14 19:19:00,2023-10-14 19:33:00,2023-10-14 19:47:00,5.0,152,Completed,
T4827,D217,R2722,Delhi,Vasant Kunj,Saket,2023-10-11 16:18:00,2023-10-11 16:23:00,2023-10-11 16:46:00,9.0,234,Completed,
T4828,D169,R4164,Delhi,Rohini,Dwarka,2023-10-16 00:19:00,2023-10-16 00:26:00,2023-10-16 00:55:00,8.7,205,Completed,
T4829,D167,R2240,Delhi,Dwarka,Connaught Place,2023-10-04 17:31:00,2023-10-04 17:45:00,2023-10-04 18:24:00,15.9,321,Completed,
T4830,D192,R1541,Delhi,Saket,Vasant Kunj,2023-10-04 19:55:00,2023-10-04 20:00:00,2023-10-04 21:09:00,18.4,418,Completed,
T4831,D204,R1024,Bangalore,Whitefield,Jayanagar,2023-10-08 22:04:00,2023-10-08 22:16:00,2023-10-08 23:26:00,18.7,453,Completed,
T4832,D347,R1379,Bangalore,HSR Layout,Koramangala,2023-10-21 03:22:00,2023-10-21 03:28:00,2023-10-21 04:24:00,21.3,476,Completed,
T4833,D217,R1744,Delhi,Connaught Place,Vasant Kunj,2023-10-17 18:01:00,2023-10-17 18:07:00,2023-10-17 19:35:00,23.7,516,Completed,
T4834,D193,R4019,Bangalore,Jayanagar,Indiranagar,2023-10-03 15:10:00,2023-10-03 15:16:00,2023-10-03 15:33:00,5.0,138,Completed,
T4835,D189,R1875,Delhi,Connaught Place,Rohini,2023-10-16 10:47:00,2023-10-16 11:01:00,2023-10-16 11:36:00,10.8,226,Completed,
T4836,D286,R3494,Mumbai,Powai,Bandra,2023-10-08 05:46:00,2023-10-08 05:59:00,2023-10-08 06:28:00,8.5,218,Completed,
T4837,D316,R3484,Delhi,Saket,Dwarka,2023-10-12 10:09:00,2023-10-12 10:20:00,2023-10-12 11:35:00,24.6,554,Completed,
T4838,D243,R2828,Delhi,Rohini,Vasant Kunj,2023-10-19 07:08:00,,,0.0,0.0,Cancelled,Payment Issue
T4839,D174,R2072,Bangalore,Jayanagar,HSR Layout,2023-10-19 09:46:00,2023-10-19 09:56:00,2023-10-19 10:53:00,16.2,329,Completed,
T4840,D233,R4585,Bangalore,Koramangala,Whitefield,2023-10-01 11:40:00,,,0.0,0.0,Cancelled,Driver Not Found
T4841,D194,R4774,Delhi,Connaught Place,Vasant Kunj,2023-10-07 15:12:00,,,0.0,0.0,Cancelled,Driver Cancelled
T4842,D322,R3468,Delhi,Dwarka,Connaught Place,2023-10-01 06:29:00,2023-10-01 06:36:00,2023-10-01 07:18:00,15.4,312,Completed,
T4843,D232,R1756,Bangalore,Koramangala,Whitefield,2023-10-19 02:15:00,2023-10-19 02:20:00,2023-10-19 03:13:00,14.2,381,Completed,
T4844,D156,R1901,Bangalore,Whitefield,Indiranagar,2023-10-12 20:51:00,2023-10-12 21:02:00,2023-10-12 21:18:00,4.2,133,Completed,
T4845,D279,R2711,Mumbai,Bandra,Andheri,2023-10-14 02:34:00,2023-10-14 02:45:00,2023-10-14 03:56:00,19.4,408,Completed,
T4846,D199,R4360,Delhi,Saket,Rohini,2023-10-07 13:56:00,2023-10-07 13:58:00,2023-10-07 15:02:00,18.1,466,Completed,
T4847,D105,R3458,Delhi,Rohini,Saket,2023-10-30 17:49:00,2023-10-30 18:01:00,2023-10-30 18:15:00,4.7,129,Completed,
T4848,D221,R2750,Delhi,Dwarka,Connaught Place,2023-10-18 22:32:00,2023-10-18 22:34:00,2023-10-18 23:12:00,12.9,372,Completed,
T4849,D124,R1845,Delhi,Dwarka,Rohini,2023-10-01 08:17:00,2023-10-01 08:25:00,2023-10-01 08:34:00,3.3,116,Completed,
T4850,D116,R1861,Delhi,Dwarka,Saket,2023-10-10 19:33:00,2023-10-10 19:35:00,2023-10-10 20:16:00,13.1,260,Completed,
T4851,D181,R3184,Mumbai,Juhu,Andheri,2023-10-28 16:32:00,2023-10-28 16:37:00,2023-10-28 16:57:00,7.4,221,Completed,
T4852,D162,R4196,Mumbai,Juhu,Colaba,2023-10-30 09:16:00,2023-10-30 09:30:00,2023-10-30 10:27:00,21.5,499,Completed,
T4853,D261,R1053,Delhi,Dwarka,Vasant Kunj,2023-10-24 10:23:00,2023-10-24 10:25:00,2023-10-24 11:34:00,23.7,422,Completed,
T4854,D229,R4969,Mumbai,Colaba,Powai,2023-10-04 18:35:00,2023-10-04 18:48:00,2023-10-04 19:05:00,5.2,132,Completed,
T4855,D326,R2202,Bangalore,HSR Layout,Whitefield,2023-10-14 20:07:00,2023-10-14 20:20:00,2023-10-14 20:25:00,2.0,95,Completed,
T4856,D272,R2194,Bangalore,Koramangala,Indiranagar,2023-10-10 04:52:00,2023-10-10 05:07:00,2023-10-10 05:47:00,11.9,261,Completed,
T4857,D162,R2358,Mumbai,Colaba,Andheri,2023-10-22 13:46:00,2023-10-22 13:57:00,2023-10-22 14:20:00,6.6,177,Completed,
T4858,D250,R1451,Mumbai,Powai,Colaba,2023-10-27 10:07:00,2023-10-27 10:20:00,2023-10-27 11:32:00,20.5,487,Completed,
T4859,D288,R2357,Mumbai,Powai,Andheri,2023-10-02 17:32:00,2023-10-02 17:35:00,2023-10-02 17:47:00,3.2,121,Completed,
T4860,D140,R3426,Delhi,Dwarka,Rohini,2023-10-24 17:17:00,2023-10-24 17:27:00,2023-10-24 18:20:00,17.5,367,Completed,
T4861,D332,R3892,Bangalore,Koramangala,Whitefield,2023-10-21 19:22:00,2023-10-21 19:35:00,2023-10-21 19:52:00,5.0,130,Completed,
T4862,D119,R2826,Mumbai,Andheri,Colaba,2023-10-06 02:30:00,2023-10-06 02:37:00,2023-10-06 03:45:00,18.1,373,Completed,
T4863,D134,R4129,Delhi,Connaught Place,Saket,2023-10-06 10:51:00,2023-10-06 10:54:00,2023-10-06 11:19:00,9.0,247,Completed,
T4864,D275,R1800,Delhi,Vasant Kunj,Rohini,2023-10-12 09:49:00,2023-10-12 10:01:00,2023-10-12 10:57:00,19.8,362,Completed,
T4865,D122,R2291,Bangalore,Indiranagar,Whitefield,2023-10-17 21:14:00,2023-10-17 21:28:00,2023-10-17 21:55:00,8.7,219,Completed,
T4866,D333,R4862,Mumbai,Bandra,Andheri,2023-10-14 18:41:00,,,0.0,0.0,Cancelled,Driver Cancelled
T4867,D222,R3306,Mumbai,Andheri,Colaba,2023-10-04 12:34:00,2023-10-04 12:41:00,2023-10-04 12:53:00,4.5,146,Completed,
T4868,D207,R4098,Delhi,Dwarka,Saket,2023-10-23 00:48:00,,,0.0,0.0,Cancelled,Other
T4869,D249,R4304,Bangalore,Jayanagar,Koramangala,2023-10-04 09:38:00,2023-10-04 09:45:00,2023-10-04 10:35:00,15.4,320,Completed,
T4870,D269,R4961,Delhi,Rohini,Vasant Kunj,2023-10-08 19:47:00,2023-10-08 20:01:00,2023-10-08 20:50:00,17.9,389,Completed,
T4871,D292,R1435,Delhi,Dwarka,Saket,2023-10-19 09:35:00,2023-10-19 09:48:00,2023-10-19 11:04:00,21.3,492,Completed,
T4872,D286,R4414,Mumbai,Juhu,Bandra,2023-10-27 12:39:00,2023-10-27 12:54:00,2023-10-27 13:23:00,8.6,243,Completed,
T4873,D324,R1992,Bangalore,Jayanagar,Koramangala,2023-10-03 03:17:00,2023-10-03 03:27:00,2023-10-03 04:18:00,15.6,308,Completed,
T4874,D117,R2144,Mumbai,Powai,Bandra,2023-10-14 20:36:00,2023-10-14 20:48:00,2023-10-14 21:29:00,11.5,260,Completed,
T4875,D169,R2480,Delhi,Connaught Place,Saket,2023-10-04 13:02:00,2023-10-04 13:13:00,2023-10-04 13:49:00,13.5,305,Completed,
T4876,D287,R2785,Delhi,Dwarka,Saket,2023-10-26 18:02:00,2023-10-26 18:10:00,2023-10-26 19:26:00,21.9,528,Completed,
T4877,D170,R3126,Mumbai,Bandra,Powai,2023-10-27 08:24:00,2023-10-27 08:36:00,2023-10-27 09:45:00,18.3,386,Completed,
T4878,D323,R3758,Bangalore,Jayanagar,Indiranagar,2023-10-16 17:26:00,2023-10-16 17:30:00,2023-10-16 18:06:00,13.9,391,Completed,
T4879,D341,R3276,Delhi,Connaught Place,Vasant Kunj,2023-10-23 06:02:00,2023-10-23 06:09:00,2023-10-23 06:52:00,15.8,381,Completed,
T4880,D296,R2804,Mumbai,Bandra,Powai,2023-10-27 12:05:00,2023-10-27 12:09:00,2023-10-27 13:26:00,21.2,421,Completed,
T4881,D333,R4102,Mumbai,Powai,Juhu,2023-10-02 08:52:00,2023-10-02 09:02:00,2023-10-02 09:49:00,17.3,335,Completed,
T4882,D109,R3797,Mumbai,Andheri,Bandra,2023-10-21 15:50:00,2023-10-21 15:55:00,2023-10-21 16:41:00,14.3,270,Completed,
T4883,D107,R1586,Delhi,Saket,Dwarka,2023-10-30 19:25:00,2023-10-30 19:29:00,2023-10-30 19:43:00,4.1,136,Completed,
T4884,D343,R3378,Mumbai,Bandra,Colaba,2023-10-24 02:14:00,2023-10-24 02:29:00,2023-10-24 03:09:00,15.5,339,Completed,
T4885,D329,R4496,Bangalore,Indiranagar,Jayanagar,2023-10-28 20:21:00,2023-10-28 20:24:00,2023-10-28 21:35:00,19.6,429,Completed,
T4886,D142,R4107,Delhi,Connaught Place,Saket,2023-10-18 18:16:00,2023-10-18 18:24:00,2023-10-18 19:33:00,18.0,364,Completed,
T4887,D213,R2476,Mumbai,Powai,Colaba,2023-10-12 16:45:00,2023-10-12 16:50:00,2023-10-12 18:11:00,23.2,532,Completed,
T4888,D222,R3551,Mumbai,Andheri,Colaba,2023-10-09 17:09:00,,,0.0,0.0,Cancelled,Other
T4889,D206,R1945,Bangalore,HSR Layout,Whitefield,2023-10-18 21:07:00,2023-10-18 21:22:00,2023-10-18 21:57:00,12.9,359,Completed,
T4890,D286,R4397,Mumbai,Bandra,Colaba,2023-10-27 05:28:00,2023-10-27 05:36:00,2023-10-27 06:18:00,13.2,250,Completed,
T4891,D288,R2884,Mumbai,Bandra,Powai,2023-10-18 02:20:00,2023-10-18 02:22:00,2023-10-18 02:28:00,2.5,109,Completed,
T4892,D226,R4364,Bangalore,Indiranagar,HSR Layout,2023-10-22 00:51:00,2023-10-22 00:58:00,2023-10-22 02:08:00,17.9,371,Completed,
T4893,D302,R4542,Bangalore,Koramangala,Whitefield,2023-10-07 04:51:00,2023-10-07 05:00:00,2023-10-07 05:09:00,3.0,121,Completed,
T4894,D259,R4945,Delhi,Dwarka,Rohini,2023-10-04 03:32:00,2023-10-04 03:39:00,2023-10-04 04:21:00,11.9,252,Completed,
T4895,D232,R1645,Bangalore,Whitefield,Indiranagar,2023-10-04 20:49:00,2023-10-04 20:54:00,2023-10-04 21:46:00,17.7,322,Completed,
T4896,D288,R4097,Mumbai,Juhu,Andheri,2023-10-18 13:50:00,2023-10-18 13:58:00,2023-10-18 14:37:00,10.9,231,Completed,
T4897,D135,R3138,Delhi,Rohini,Saket,2023-10-28 21:13:00,2023-10-28 21:16:00,2023-10-28 21:22:00,2.6,110,Completed,
T4898,D112,R4184,Bangalore,HSR Layout,Jayanagar,2023-10-15 14:22:00,2023-10-15 14:36:00,2023-10-15 14:56:00,6.0,154,Completed,
T4899,D230,R1089,Delhi,Connaught Place,Saket,2023-10-08 10:36:00,2023-10-08 10:41:00,2023-10-08 11:25:00,14.3,404,Completed,
T4900,D146,R4100,Delhi,Connaught Place,Rohini,2023-10-13 00:26:00,2023-10-13 00:40:00,2023-10-13 01:10:00,11.4,226,Completed,
T4901,D237,R3319,Mumbai,Juhu,Colaba,2023-10-07 23:54:00,2023-10-08 00:05:00,2023-10-08 00:36:00,11.9,334,Completed,
T4902,D201,R2310,Mumbai,Bandra,Juhu,2023-10-12 16:16:00,2023-10-12 16:27:00,2023-10-12 17:30:00,21.9,473,Completed,
T4903,D126,R1092,Bangalore,Whitefield,HSR Layout,2023-10-15 15:02:00,2023-10-15 15:11:00,2023-10-15 16:09:00,16.5,435,Completed,
T4904,D238,R2642,Bangalore,Jayanagar,Whitefield,2023-10-06 05:49:00,2023-10-06 05:51:00,2023-10-06 07:05:00,22.1,589,Completed,
T4905,D160,R2269,Bangalore,HSR Layout,Jayanagar,2023-10-26 20:14:00,2023-10-26 20:26:00,2023-10-26 21:39:00,20.8,558,Completed,
T4906,D315,R4004,Mumbai,Colaba,Andheri,2023-10-11 23:37:00,2023-10-11 23:51:00,2023-10-12 00:36:00,12.9,306,Completed,
T4907,D340,R1279,Mumbai,Colaba,Bandra,2023-10-27 02:47:00,2023-10-27 02:57:00,2023-10-27 03:57:00,19.2,516,Completed,
T4908,D198,R2023,Bangalore,HSR Layout,Whitefield,2023-10-12 11:17:00,2023-10-12 11:30:00,2023-10-12 12:59:00,22.6,560,Completed,
T4909,D191,R4593,Mumbai,Powai,Bandra,2023-10-29 11:48:00,,,0.0,0.0,Cancelled,Driver Cancelled
T4910,D107,R4962,Delhi,Rohini,Vasant Kunj,2023-10-14 23:48:00,2023-10-14 23:58:00,2023-10-15 00:42:00,11.2,275,Completed,
T4911,D165,R4153,Mumbai,Colaba,Powai,2023-10-23 14:56:00,2023-10-23 15:03:00,2023-10-23 15:57:00,20.5,430,Completed,
T4912,D173,R2729,Bangalore,Jayanagar,HSR Layout,2023-10-25 15:24:00,,,0.0,0.0,Cancelled,Rider Cancelled
T4913,D287,R4800,Delhi,Rohini,Dwarka,2023-10-23 11:10:00,2023-10-23 11:20:00,2023-10-23 12:22:00,17.4,379,Completed,
T4914,D150,R4148,Mumbai,Juhu,Colaba,2023-10-20 18:02:00,,,0.0,0.0,Cancelled,Rider Cancelled
T4915,D345,R3418,Mumbai,Colaba,Powai,2023-10-20 04:54:00,2023-10-20 04:59:00,2023-10-20 06:20:00,22.2,421,Completed,
T4916,D142,R4455,Delhi,Connaught Place,Dwarka,2023-10-25 04:31:00,2023-10-25 04:45:00,2023-10-25 04:57:00,3.3,132,Completed,
T4917,D256,R2523,Delhi,Vasant Kunj,Dwarka,2023-10-19 22:25:00,2023-10-19 22:31:00,2023-10-19 23:00:00,10.8,312,Completed,
T4918,D113,R3493,Bangalore,Koramangala,HSR Layout,2023-10-25 22:11:00,2023-10-25 22:14:00,2023-10-25 22:25:00,3.2,110,Completed,
T4919,D256,R1110,Delhi,Saket,Vasant Kunj,2023-10-28 03:06:00,2023-10-28 03:18:00,2023-10-28 04:03:00,13.4,283,Completed,
T4920,D174,R3767,Bangalore,Koramangala,HSR Layout,2023-10-20 17:15:00,2023-10-20 17:21:00,2023-10-20 18:27:00,20.7,558,Completed,
T4921,D167,R3760,Delhi,Vasant Kunj,Dwarka,2023-10-10 22:48:00,2023-10-10 22:54:00,2023-10-10 23:46:00,15.8,304,Completed,
T4922,D135,R1743,Delhi,Saket,Rohini,2023-10-02 11:29:00,2023-10-02 11:32:00,2023-10-02 12:41:00,18.5,474,Completed,
T4923,D261,R2843,Delhi,Rohini,Vasant Kunj,2023-10-24 07:22:00,2023-10-24 07:29:00,2023-10-24 08:28:00,15.7,405,Completed,
T4924,D302,R1792,Bangalore,Koramangala,Indiranagar,2023-10-12 00:37:00,2023-10-12 00:48:00,2023-10-12 01:03:00,5.7,176,Completed,
T4925,D259,R2306,Delhi,Rohini,Dwarka,2023-10-03 22:56:00,2023-10-03 22:58:00,2023-10-03 23:27:00,9.6,288,Completed,
T4926,D205,R2895,Bangalore,Koramangala,HSR Layout,2023-10-01 15:55:00,2023-10-01 16:05:00,2023-10-01 17:10:00,18.8,516,Completed,
T4927,D186,R3204,Bangalore,Koramangala,Whitefield,2023-10-06 03:53:00,2023-10-06 04:07:00,2023-10-06 05:28:00,24.9,454,Completed,
T4928,D169,R4208,Delhi,Vasant Kunj,Connaught Place,2023-10-06 18:16:00,,,0.0,0.0,Cancelled,Driver Cancelled
T4929,D248,R2120,Bangalore,Indiranagar,Koramangala,2023-10-17 03:09:00,2023-10-17 03:23:00,2023-10-17 04:26:00,22.5,538,Completed,
T4930,D307,R4552,Bangalore,HSR Layout,Koramangala,2023-10-25 17:30:00,2023-10-25 17:38:00,2023-10-25 17:51:00,4.3,123,Completed,
T4931,D230,R2056,Delhi,Rohini,Dwarka,2023-10-15 09:08:00,2023-10-15 09:23:00,2023-10-15 10:25:00,21.0,549,Completed,
T4932,D150,R2351,Mumbai,Powai,Bandra,2023-10-04 11:30:00,2023-10-04 11:38:00,2023-10-04 11:53:00,6.3,159,Completed,
T4933,D216,R1046,Mumbai,Colaba,Juhu,2023-10-22 04:08:00,2023-10-22 04:22:00,2023-10-22 04:58:00,10.9,260,Completed,
T4934,D165,R4762,Mumbai,Colaba,Juhu,2023-10-29 00:42:00,2023-10-29 00:57:00,2023-10-29 01:25:00,9.0,211,Completed,
T4935,D112,R4102,Bangalore,Jayanagar,HSR Layout,2023-10-11 08:43:00,2023-10-11 08:51:00,2023-10-11 09:37:00,17.5,430,Completed,
T4936,D305,R1710,Mumbai,Colaba,Andheri,2023-10-29 22:18:00,2023-10-29 22:32:00,2023-10-29 23:43:00,18.2,424,Completed,
T4937,D250,R4665,Mumbai,Andheri,Powai,2023-10-26 11:22:00,2023-10-26 11:32:00,2023-10-26 12:46:00,23.9,587,Completed,
T4938,D203,R1627,Delhi,Connaught Place,Saket,2023-10-06 10:13:00,2023-10-06 10:24:00,2023-10-06 11:33:00,21.4,474,Completed,
T4939,D350,R4050,Bangalore,Whitefield,Jayanagar,2023-10-23 09:26:00,2023-10-23 09:32:00,2023-10-23 10:02:00,11.1,263,Completed,
T4940,D132,R4875,Bangalore,Indiranagar,Jayanagar,2023-10-04 14:26:00,2023-10-04 14:34:00,2023-10-04 15:00:00,7.6,222,Completed,
T4941,D109,R3755,Mumbai,Andheri,Colaba,2023-10-03 03:11:00,2023-10-03 03:24:00,2023-10-03 04:41:00,24.3,461,Completed,
T4942,D215,R3059,Bangalore,Koramangala,Whitefield,2023-10-26 18:20:00,2023-10-26 18:22:00,2023-10-26 18:30:00,2.4,99,Completed,
T4943,D164,R4617,Mumbai,Juhu,Colaba,2023-10-21 02:36:00,,,0.0,0.0,Cancelled,Driver Cancelled
T4944,D335,R4549,Bangalore,Indiranagar,Jayanagar,2023-10-26 01:02:00,2023-10-26 01:06:00,2023-10-26 01:33:00,10.3,223,Completed,
T4945,D250,R3046,Mumbai,Juhu,Powai,2023-10-30 17:33:00,2023-10-30 17:48:00,2023-10-30 18:10:00,7.7,205,Completed,
T4946,D157,R3152,Mumbai,Powai,Andheri,2023-10-03 21:43:00,2023-10-03 21:53:00,2023-10-03 23:04:00,20.0,539,Completed,
T4947,D137,R2431,Bangalore,Whitefield,Koramangala,2023-10-13 06:04:00,2023-10-13 06:07:00,2023-10-13 06:48:00,15.3,399,Completed,
T4948,D157,R3761,Mumbai,Colaba,Powai,2023-10-28 07:27:00,2023-10-28 07:41:00,2023-10-28 09:06:00,21.3,513,Completed,
T4949,D162,R3509,Mumbai,Bandra,Juhu,2023-10-19 23:52:00,2023-10-20 00:05:00,2023-10-20 00:27:00,6.0,159,Completed,
T4950,D292,R3505,Delhi,Rohini,Vasant Kunj,2023-10-18 22:35:00,2023-10-18 22:38:00,2023-10-18 23:01:00,9.0,236,Completed,
T4951,D205,R2559,Bangalore,Koramangala,HSR Layout,2023-10-07 03:45:00,2023-10-07 03:57:00,2023-10-07 04:15:00,5.8,164,Completed,
T4952,D183,R2684,Bangalore,Jayanagar,Indiranagar,2023-10-23 06:17:00,2023-10-23 06:30:00,2023-10-23 08:00:00,23.1,571,Completed,
T4953,D222,R2492,Mumbai,Bandra,Powai,2023-10-18 05:49:00,,,0.0,0.0,Cancelled,Payment Issue
T4954,D140,R1895,Delhi,Rohini,Connaught Place,2023-10-01 01:18:00,2023-10-01 01:31:00,2023-10-01 01:53:00,7.1,190,Completed,
T4955,D329,R2870,Bangalore,Whitefield,Koramangala,2023-10-18 09:42:00,2023-10-18 09:51:00,2023-10-18 10:40:00,16.7,344,Completed,
T4956,D131,R4567,Bangalore,Whitefield,HSR Layout,2023-10-29 23:48:00,2023-10-30 00:00:00,2023-10-30 01:14:00,22.5,525,Completed,
T4957,D336,R2494,Delhi,Saket,Vasant Kunj,2023-10-17 14:12:00,2023-10-17 14:19:00,2023-10-17 15:04:00,14.8,300,Completed,
T4958,D203,R4170,Delhi,Rohini,Saket,2023-10-28 21:35:00,2023-10-28 21:46:00,2023-10-28 22:11:00,7.5,174,Completed,
T4959,D125,R2823,Bangalore,Jayanagar,Whitefield,2023-10-13 07:29:00,,,0.0,0.0,Cancelled,Driver Not Found
T4960,D213,R3224,Mumbai,Bandra,Powai,2023-10-06 17:48:00,2023-10-06 17:55:00,2023-10-06 18:36:00,13.4,365,Completed,
T4961,D133,R2410,Mumbai,Powai,Andheri,2023-10-10 00:24:00,2023-10-10 00:37:00,2023-10-10 00:51:00,4.2,141,Completed,
T4962,D136,R3766,Bangalore,Indiranagar,Whitefield,2023-10-24 07:32:00,2023-10-24 07:41:00,2023-10-24 08:32:00,14.7,367,Completed,
T4963,D290,R1265,Bangalore,Jayanagar,Whitefield,2023-10-03 23:50:00,2023-10-04 00:05:00,2023-10-04 00:52:00,14.7,362,Completed,
T4964,D213,R2970,Mumbai,Powai,Colaba,2023-10-18 04:55:00,2023-10-18 05:01:00,2023-10-18 05:10:00,2.3,88,Completed,
T4965,D338,R1992,Mumbai,Powai,Bandra,2023-10-14 06:24:00,2023-10-14 06:32:00,2023-10-14 06:57:00,6.9,209,Completed,
T4966,D293,R3839,Mumbai,Juhu,Colaba,2023-10-26 18:34:00,2023-10-26 18:43:00,2023-10-26 20:01:00,23.7,544,Completed,
T4967,D281,R1955,Mumbai,Powai,Bandra,2023-10-05 22:46:00,2023-10-05 22:58:00,2023-10-05 23:18:00,6.4,157,Completed,
T4968,D318,R2177,Bangalore,HSR Layout,Indiranagar,2023-10-02 15:46:00,2023-10-02 15:54:00,2023-10-02 17:05:00,22.1,433,Completed,
T4969,D344,R1757,Bangalore,Jayanagar,HSR Layout,2023-10-06 22:18:00,2023-10-06 22:30:00,2023-10-06 23:21:00,17.9,469,Completed,
T4970,D145,R1867,Delhi,Connaught Place,Saket,2023-10-25 11:51:00,,,0.0,0.0,Cancelled,Driver Cancelled
T4971,D221,R1604,Delhi,Dwarka,Vasant Kunj,2023-10-16 23:01:00,2023-10-16 23:06:00,2023-10-16 23:20:00,4.8,141,Completed,
T4972,D180,R1772,Delhi,Vasant Kunj,Dwarka,2023-10-07 00:44:00,2023-10-07 00:52:00,2023-10-07 01:13:00,8.3,193,Completed,
T4973,D172,R3380,Bangalore,HSR Layout,Jayanagar,2023-10-22 09:25:00,2023-10-22 09:38:00,2023-10-22 10:37:00,15.1,357,Completed,
T4974,D262,R2637,Mumbai,Andheri,Bandra,2023-10-22 21:53:00,2023-10-22 22:05:00,2023-10-22 23:20:00,23.0,584,Completed,
T4975,D327,R3006,Bangalore,Indiranagar,HSR Layout,2023-10-04 06:13:00,,,0.0,0.0,Cancelled,Driver Not Found
T4976,D129,R1771,Mumbai,Andheri,Juhu,2023-10-30 15:20:00,2023-10-30 15:22:00,2023-10-30 15:53:00,8.2,253,Completed,
T4977,D140,R2116,Delhi,Dwarka,Vasant Kunj,2023-10-04 01:10:00,2023-10-04 01:20:00,2023-10-04 01:45:00,7.0,219,Completed,
T4978,D312,R1402,Mumbai,Andheri,Bandra,2023-10-29 04:01:00,2023-10-29 04:08:00,2023-10-29 04:58:00,12.7,268,Completed,
T4979,D140,R4961,Delhi,Rohini,Connaught Place,2023-10-14 18:37:00,2023-10-14 18:48:00,2023-10-14 19:15:00,8.1,174,Completed,
T4980,D265,R3626,Mumbai,Colaba,Powai,2023-10-22 07:15:00,2023-10-22 07:29:00,2023-10-22 08:33:00,20.8,496,Completed,
T4981,D219,R2779,Delhi,Dwarka,Vasant Kunj,2023-10-07 04:22:00,2023-10-07 04:32:00,2023-10-07 05:34:00,17.2,345,Completed,
T4982,D303,R2230,Bangalore,Koramangala,Indiranagar,2023-10-04 05:46:00,2023-10-04 05:49:00,2023-10-04 06:47:00,16.4,429,Completed,
T4983,D326,R2960,Bangalore,Koramangala,Jayanagar,2023-10-12 18:58:00,2023-10-12 19:07:00,2023-10-12 20:38:00,23.8,576,Completed,
T4984,D319,R4164,Delhi,Rohini,Dwarka,2023-10-24 16:47:00,2023-10-24 16:51:00,2023-10-24 17:59:00,22.6,573,Completed,
T4985,D130,R3109,Bangalore,HSR Layout,Koramangala,2023-10-01 23:41:00,2023-10-01 23:44:00,2023-10-02 00:38:00,16.8,440,Completed,
T4986,D138,R4458,Delhi,Vasant Kunj,Saket,2023-10-29 02:35:00,2023-10-29 02:50:00,2023-10-29 03:48:00,21.0,465,Completed,
T4987,D244,R4484,Delhi,Connaught Place,Dwarka,2023-10-22 00:40:00,2023-10-22 00:50:00,2023-10-22 02:06:00,19.4,390,Completed,
T4988,D208,R3713,Mumbai,Juhu,Powai,2023-10-13 01:25:00,2023-10-13 01:38:00,2023-10-13 02:22:00,17.1,390,Completed,
T4989,D254,R3901,Delhi,Vasant Kunj,Connaught Place,2023-10-14 20:09:00,,,0.0,0.0,Cancelled,Driver Cancelled
T4990,D117,R4641,Mumbai,Colaba,Bandra,2023-10-23 02:34:00,2023-10-23 02:45:00,2023-10-23 03:39:00,18.3,351,Completed,
T4991,D224,R2626,Bangalore,Koramangala,HSR Layout,2023-10-30 22:03:00,2023-10-30 22:15:00,2023-10-30 22:45:00,10.1,289,Completed,
T4992,D152,R1329,Bangalore,HSR Layout,Jayanagar,2023-10-14 11:21:00,2023-10-14 11:25:00,2023-10-14 11:44:00,6.0,177,Completed,
T4993,D216,R4266,Mumbai,Bandra,Powai,2023-10-11 21:51:00,2023-10-11 21:55:00,2023-10-11 22:31:00,12.8,267,Completed,
T4994,D170,R4917,Mumbai,Colaba,Juhu,2023-10-26 11:23:00,2023-10-26 11:35:00,2023-10-26 12:22:00,14.6,304,Completed,
T4995,D199,R1001,Delhi,Saket,Rohini,2023-10-20 08:11:00,2023-10-20 08:26:00,2023-10-20 09:39:00,22.3,520,Completed,
T4996,D180,R3824,Delhi,Connaught Place,Rohini,2023-10-24 20:47:00,2023-10-24 21:02:00,2023-10-24 22:12:00,19.7,464,Completed,
T4997,D182,R3878,Mumbai,Colaba,Bandra,2023-10-14 22:32:00,2023-10-14 22:39:00,2023-10-14 22:52:00,5.1,142,Completed,
T4998,D106,R2210,Delhi,Connaught Place,Vasant Kunj,2023-10-21 16:38:00,,,0.0,0.0,Cancelled,Other
T4999,D319,R3239,Delhi,Vasant Kunj,Rohini,2023-10-27 20:06:00,2023-10-27 20:08:00,2023-10-27 21:29:00,20.5,497,Completed,
T5000,D144,R3599,Mumbai,Colaba,Juhu,2023-10-05 05:37:00,,2023-10-05 06:09:00,8.0,198,Completed,
T5001,D304,R3674,Mumbai,Colaba,Powai,2023-10-01 11:24:00,2023-10-01 11:29:00,2023-10-01 11:53:00,7.1,202,Completed,
T5002,D199,R2087,Delhi,Rohini,Connaught Place,2023-10-03 15:28:00,,,0.0,0.0,Cancelled,Rider Cancelled
T5003,D135,R4127,Delhi,Saket,Vasant Kunj,2023-10-16 17:12:00,2023-10-16 17:27:00,2023-10-16 17:34:00,2.7,107,Completed,
T5004,D283,R1503,Bangalore,Jayanagar,Indiranagar,2023-10-18 01:50:00,2023-10-18 02:04:00,2023-10-18 02:53:00,14.8,414,Completed,
T5005,D173,R3950,Bangalore,Jayanagar,Whitefield,2023-10-15 00:51:00,2023-10-15 01:03:00,2023-10-15 01:23:00,5.3,175,Completed,
T5006,D255,R1970,Bangalore,Koramangala,Indiranagar,2023-10-05 19:30:00,2023-10-05 19:37:00,2023-10-05 20:52:00,19.3,464,Completed,
T5007,D321,R1910,Mumbai,Colaba,Bandra,2023-10-01 04:49:00,2023-10-01 04:56:00,2023-10-01 05:02:00,2.2,94,Completed,
T5008,D152,R3111,Bangalore,Jayanagar,Indiranagar,2023-10-28 17:17:00,2023-10-28 17:23:00,2023-10-28 17:56:00,13.1,273,Completed,
T5009,D342,R1147,Delhi,Dwarka,Rohini,2023-10-15 03:17:00,2023-10-15 03:27:00,2023-10-15 03:41:00,5.4,178,Completed,
T5010,D274,R3053,Bangalore,Whitefield,Indiranagar,2023-10-14 03:21:00,2023-10-14 03:35:00,2023-10-14 04:37:00,16.3,348,Completed,
T5011,D134,R4435,Delhi,Saket,Dwarka,2023-10-07 04:04:00,2023-10-07 04:14:00,2023-10-07 04:27:00,5.1,143,Completed,
T5012,D289,R2914,Mumbai,Andheri,Powai,2023-10-02 16:58:00,2023-10-02 17:10:00,2023-10-02 17:27:00,4.9,165,Completed,
T5013,D259,R1769,Delhi,Connaught Place,Saket,2023-10-09 08:28:00,2023-10-09 08:36:00,2023-10-09 09:33:00,18.6,371,Completed,
T5014,D257,R4783,Mumbai,Juhu,Colaba,2023-10-12 05:14:00,2023-10-12 05:18:00,2023-10-12 06:43:00,22.1,386,Completed,
T5015,D341,R4170,Delhi,Dwarka,Saket,2023-10-25 02:39:00,,,0.0,0.0,Cancelled,Driver Not Found
T5016,D152,R1342,Bangalore,Jayanagar,Indiranagar,2023-10-24 22:45:00,,,0.0,0.0,Cancelled,Other
T5017,D112,R3835,Bangalore,Koramangala,Indiranagar,2023-10-27 19:36:00,2023-10-27 19:43:00,2023-10-27 20:34:00,18.9,457,Completed,
T5018,D140,R2259,Delhi,Vasant Kunj,Dwarka,2023-10-04 08:02:00,2023-10-04 08:11:00,2023-10-04 08:27:00,5.1,137,Completed,
T5019,D300,R2047,Delhi,Rohini,Vasant Kunj,2023-10-16 08:12:00,2023-10-16 08:26:00,2023-10-16 08:49:00,9.1,195,Completed,
T5020,D204,R1600,Bangalore,Indiranagar,Whitefield,2023-10-10 19:40:00,2023-10-10 19:55:00,2023-10-10 20:38:00,11.0,284,Completed,
T5021,D201,R4008,Mumbai,Bandra,Powai,2023-10-28 15:04:00,2023-10-28 15:07:00,2023-10-28 16:03:00,21.5,379,Completed,
T5022,D130,R2565,Bangalore,HSR Layout,Jayanagar,2023-10-13 15:57:00,2023-10-13 16:03:00,2023-10-13 16:35:00,10.2,256,Completed,
T5023,D239,R3335,Delhi,Rohini,Saket,2023-10-22 02:50:00,2023-10-22 03:02:00,2023-10-22 03:38:00,10.3,284,Completed,
T5024,D287,R1883,Delhi,Dwarka,Vasant Kunj,2023-10-24 06:46:00,2023-10-24 06:50:00,2023-10-24 07:07:00,5.8,184,Completed,
T5025,D303,R4387,Bangalore,HSR Layout,Koramangala,2023-10-16 23:42:00,2023-10-16 23:44:00,2023-10-17 00:11:00,8.3,182,Completed,
T5026,D267,R1980,Delhi,Connaught Place,Saket,2023-10-29 04:12:00,2023-10-29 04:21:00,2023-10-29 05:16:00,17.7,384,Completed,
T5027,D105,R4340,Delhi,Rohini,Connaught Place,2023-10-01 19:11:00,2023-10-01 19:24:00,2023-10-01 19:46:00,6.2,201,Completed,
T5028,D201,R2628,Mumbai,Andheri,Juhu,2023-10-08 02:33:00,2023-10-08 02:39:00,2023-10-08 02:58:00,6.0,174,Completed,
T5029,D138,R3491,Delhi,Saket,Vasant Kunj,2023-10-06 16:36:00,2023-10-06 16:47:00,2023-10-06 16:58:00,4.2,118,Completed,
T5030,D184,R2847,Delhi,Vasant Kunj,Connaught Place,2023-10-10 14:58:00,2023-10-10 15:02:00,2023-10-10 16:05:00,19.4,401,Completed,
T5031,D265,R3278,Mumbai,Bandra,Juhu,2023-10-07 12:46:00,2023-10-07 12:52:00,2023-10-07 13:51:00,20.8,537,Completed,
T5032,D184,R1455,Delhi,Saket,Rohini,2023-10-28 08:22:00,2023-10-28 08:24:00,2023-10-28 08:46:00,7.1,191,Completed,
T5033,D125,R2478,Bangalore,Jayanagar,HSR Layout,2023-10-10 17:10:00,2023-10-10 17:21:00,2023-10-10 18:10:00,13.3,344,Completed,
T5034,D191,R3883,Mumbai,Bandra,Juhu,2023-10-17 05:10:00,2023-10-17 05:25:00,2023-10-17 06:06:00,15.8,343,Completed,
T5035,D294,R3983,Bangalore,Indiranagar,Jayanagar,2023-10-11 15:17:00,2023-10-11 15:26:00,2023-10-11 15:36:00,2.7,91,Completed,
T5036,D158,R3675,Bangalore,Jayanagar,HSR Layout,2023-10-01 10:48:00,2023-10-01 11:01:00,2023-10-01 11:13:00,4.3,157,Completed,
T5037,D276,R3372,Mumbai,Andheri,Powai,2023-10-17 18:15:00,2023-10-17 18:20:00,2023-10-17 18:27:00,2.2,88,Completed,
T5038,D159,R4752,Mumbai,Juhu,Colaba,2023-10-10 16:17:00,2023-10-10 16:23:00,2023-10-10 17:33:00,21.2,531,Completed,
T5039,D280,R4477,Mumbai,Powai,Colaba,2023-10-28 02:06:00,2023-10-28 02:17:00,2023-10-28 02:52:00,12.4,301,Completed,
T5040,D155,R4528,Bangalore,HSR Layout,Whitefield,2023-10-26 17:29:00,2023-10-26 17:41:00,2023-10-26 18:43:00,15.9,352,Completed,
T5041,D336,R3785,Delhi,Dwarka,Connaught Place,2023-10-09 05:41:00,2023-10-09 05:43:00,2023-10-09 06:37:00,16.5,337,Completed,
T5042,D296,R1748,Mumbai,Colaba,Powai,2023-10-29 19:22:00,,,0.0,0.0,Cancelled,Rider Cancelled
T5043,D165,R1884,Mumbai,Powai,Bandra,2023-10-16 10:13:00,2023-10-16 10:26:00,2023-10-16 11:20:00,13.6,328,Completed,
T5044,D166,R2029,Mumbai,Juhu,Bandra,2023-10-27 16:07:00,2023-10-27 16:19:00,2023-10-27 17:05:00,15.2,317,Completed,
T5045,D253,R1659,Delhi,Vasant Kunj,Connaught Place,2023-10-22 20:39:00,2023-10-22 20:43:00,2023-10-22 21:27:00,16.9,312,Completed,
T5046,D136,R3152,Bangalore,Jayanagar,Whitefield,2023-10-11 22:59:00,2023-10-11 23:04:00,2023-10-11 23:27:00,6.7,152,Completed,
T5047,D258,R1854,Bangalore,Indiranagar,Whitefield,2023-10-17 14:04:00,2023-10-17 14:19:00,2023-10-17 14:36:00,6.3,202,Completed,
T5048,D263,R3774,Delhi,Rohini,Connaught Place,2023-10-13 21:50:00,2023-10-13 21:56:00,2023-10-13 22:48:00,15.4,390,Completed,
T5049,D126,R1981,Bangalore,Whitefield,Jayanagar,2023-10-25 11:47:00,,,0.0,0.0,Cancelled,Other
T5050,D125,R3135,Bangalore,Jayanagar,Koramangala,2023-10-08 01:55:00,,,0.0,0.0,Cancelled,Payment Issue
T5051,D111,R3575,Bangalore,Jayanagar,Koramangala,2023-10-25 11:38:00,2023-10-25 11:46:00,2023-10-25 12:35:00,12.5,315,Completed,
T5052,D285,R4850,Bangalore,Koramangala,Indiranagar,2023-10-06 10:56:00,2023-10-06 11:11:00,2023-10-06 11:40:00,9.5,260,Completed,
T5053,D334,R1714,Mumbai,Bandra,Juhu,2023-10-27 22:15:00,2023-10-27 22:20:00,2023-10-27 23:17:00,22.7,610,Completed,
T5054,D231,R3598,Mumbai,Bandra,Andheri,2023-10-05 16:37:00,2023-10-05 16:41:00,2023-10-05 17:39:00,19.2,484,Completed,
T5055,D313,R2132,Bangalore,HSR Layout,Jayanagar,2023-10-21 19:12:00,2023-10-21 19:15:00,2023-10-21 20:17:00,22.6,511,Completed,
T5056,D215,R3680,Bangalore,Indiranagar,HSR Layout,2023-10-17 18:39:00,2023-10-17 18:49:00,2023-10-17 18:57:00,2.2,92,Completed,
T5057,D156,R2596,Bangalore,Jayanagar,Whitefield,2023-10-01 01:04:00,2023-10-01 01:19:00,2023-10-01 01:30:00,3.1,114,Completed,
T5058,D115,R4592,Bangalore,Indiranagar,Koramangala,2023-10-23 00:41:00,2023-10-23 00:49:00,2023-10-23 01:39:00,17.7,360,Completed,
T5059,D158,R4275,Bangalore,Koramangala,Indiranagar,2023-10-29 12:39:00,2023-10-29 12:52:00,2023-10-29 13:07:00,4.8,126,Completed,
T5060,D118,R3575,Delhi,Connaught Place,Dwarka,2023-10-30 03:58:00,2023-10-30 04:00:00,2023-10-30 04:53:00,17.2,442,Completed,
T5061,D144,R3329,Mumbai,Powai,Colaba,2023-10-25 10:55:00,,,0.0,0.0,Cancelled,Rider Cancelled
T5062,D213,R2491,Mumbai,Colaba,Bandra,2023-10-22 03:26:00,2023-10-22 03:38:00,2023-10-22 04:40:00,22.6,515,Completed,
T5063,D339,R4874,Bangalore,Koramangala,Whitefield,2023-10-17 04:54:00,2023-10-17 05:03:00,2023-10-17 05:26:00,7.3,177,Completed,
T5064,D213,R2886,Mumbai,Andheri,Colaba,2023-10-26 03:05:00,2023-10-26 03:16:00,2023-10-26 03:55:00,12.8,357,Completed,
T5065,D161,R1834,Delhi,Saket,Vasant Kunj,2023-10-19 12:22:00,,,0.0,0.0,Cancelled,Other
T5066,D160,R4675,Bangalore,Jayanagar,Koramangala,2023-10-21 09:24:00,,,0.0,0.0,Cancelled,Other
T5067,D281,R1350,Mumbai,Colaba,Juhu,2023-10-29 22:05:00,2023-10-29 22:20:00,2023-10-29 22:29:00,3.5,105,Completed,
T5068,D287,R3085,Delhi,Rohini,Dwarka,2023-10-19 12:10:00,2023-10-19 12:20:00,2023-10-19 12:54:00,13.4,313,Completed,
T5069,D326,R4611,Bangalore,Koramangala,Indiranagar,2023-10-20 15:41:00,2023-10-20 15:45:00,2023-10-20 16:40:00,15.9,311,Completed,
T5070,D259,R1632,Delhi,Vasant Kunj,Connaught Place,2023-10-11 12:18:00,2023-10-11 12:20:00,2023-10-11 13:18:00,14.8,407,Completed,
T5071,D267,R2940,Delhi,Rohini,Vasant Kunj,2023-10-14 17:51:00,2023-10-14 18:00:00,2023-10-14 18:11:00,4.1,112,Completed,
T5072,D187,R4511,Mumbai,Juhu,Andheri,2023-10-18 13:47:00,2023-10-18 13:53:00,2023-10-18 14:03:00,3.9,133,Completed,
T5073,D322,R3663,Delhi,Connaught Place,Saket,2023-10-13 14:53:00,2023-10-13 14:55:00,2023-10-13 15:44:00,13.2,272,Completed,
T5074,D157,R3521,Mumbai,Andheri,Bandra,2023-10-26 17:15:00,2023-10-26 17:23:00,2023-10-26 17:32:00,3.7,139,Completed,
T5075,D143,R3416,Delhi,Vasant Kunj,Saket,2023-10-24 02:37:00,2023-10-24 02:45:00,2023-10-24 03:11:00,7.8,218,Completed,
T5076,D110,R1687,Mumbai,Colaba,Powai,2023-10-25 19:37:00,2023-10-25 19:39:00,2023-10-25 20:14:00,12.9,245,Completed,
T5077,D138,R4071,Delhi,Vasant Kunj,Saket,2023-10-11 18:33:00,2023-10-11 18:41:00,2023-10-11 20:09:00,23.7,440,Completed,
T5078,D253,R4833,Delhi,Connaught Place,Rohini,2023-10-15 08:20:00,2023-10-15 08:34:00,2023-10-15 08:50:00,4.8,133,Completed,
T5079,D310,R3972,Delhi,Dwarka,Connaught Place,2023-10-13 01:45:00,2023-10-13 01:54:00,2023-10-13 02:42:00,12.9,329,Completed,
T5080,D235,R4796,Bangalore,Jayanagar,HSR Layout,2023-10-30 09:42:00,2023-10-30 09:46:00,2023-10-30 10:01:00,6.0,143,Completed,
T5081,D252,R4487,Mumbai,Andheri,Colaba,2023-10-30 22:06:00,2023-10-30 22:21:00,2023-10-30 23:22:00,24.0,556,Completed,
T5082,D177,R3662,Mumbai,Powai,Juhu,2023-10-21 12:35:00,2023-10-21 12:42:00,2023-10-21 13:44:00,18.0,423,Completed,
T5083,D179,R3579,Delhi,Dwarka,Rohini,2023-10-21 18:33:00,2023-10-21 18:40:00,2023-10-21 19:05:00,9.5,208,Completed,
T5084,D127,R1114,Bangalore,Koramangala,Jayanagar,2023-10-01 21:12:00,2023-10-01 21:14:00,2023-10-01 22:06:00,16.2,406,Completed,
T5085,D109,R3862,Mumbai,Bandra,Colaba,2023-10-24 20:37:00,2023-10-24 20:49:00,2023-10-24 21:33:00,16.6,448,Completed,
T5086,D332,R1564,Bangalore,Koramangala,Indiranagar,2023-10-10 00:26:00,2023-10-10 00:31:00,2023-10-10 01:30:00,18.5,383,Completed,
T5087,D213,R3580,Mumbai,Bandra,Andheri,2023-10-13 18:42:00,,,0.0,0.0,Cancelled,Rider Cancelled
T5088,D244,R1857,Delhi,Vasant Kunj,Connaught Place,2023-10-28 05:39:00,2023-10-28 05:54:00,2023-10-28 07:00:00,23.4,420,Completed,
T5089,D306,R1206,Bangalore,Indiranagar,Whitefield,2023-10-19 07:32:00,2023-10-19 07:45:00,2023-10-19 07:58:00,3.9,122,Completed,
T5090,D302,R3804,Bangalore,Whitefield,Koramangala,2023-10-25 21:12:00,2023-10-25 21:20:00,2023-10-25 22:10:00,15.2,404,Completed,
T5091,D348,R2516,Bangalore,Indiranagar,HSR Layout,2023-10-10 12:50:00,2023-10-10 13:05:00,2023-10-10 13:30:00,6.9,163,Completed,
T5092,D289,R2729,Mumbai,Juhu,Andheri,2023-10-13 03:22:00,2023-10-13 03:24:00,2023-10-13 03:58:00,12.7,284,Completed,
T5093,D283,R4127,Bangalore,Indiranagar,Whitefield,2023-10-06 21:30:00,2023-10-06 21:32:00,2023-10-06 22:00:00,9.8,236,Completed,
T5094,D116,R3558,Delhi,Dwarka,Vasant Kunj,2023-10-08 01:12:00,2023-10-08 01:24:00,2023-10-08 01:37:00,4.4,118,Completed,
T5095,D105,R3125,Delhi,Rohini,Vasant Kunj,2023-10-16 20:16:00,2023-10-16 20:31:00,2023-10-16 21:47:00,23.0,601,Completed,
T5096,D238,R4966,Bangalore,Whitefield,Indiranagar,2023-10-04 08:57:00,2023-10-04 09:02:00,2023-10-04 09:23:00,6.0,198,Completed,
T5097,D269,R4965,Delhi,Connaught Place,Vasant Kunj,2023-10-30 19:10:00,2023-10-30 19:22:00,2023-10-30 19:33:00,3.6,123,Completed,
T5098,D265,R4358,Mumbai,Colaba,Powai,2023-10-07 18:04:00,2023-10-07 18:16:00,2023-10-07 18:35:00,7.6,217,Completed,
T5099,D208,R3433,Mumbai,Bandra,Powai,2023-10-26 06:59:00,,,0.0,0.0,Cancelled,Driver Cancelled
T5100,D264,R3986,Mumbai,Juhu,Andheri,2023-10-28 20:32:00,2023-10-28 20:35:00,2023-10-28 20:47:00,3.2,100,Completed,
T5101,D246,R4642,Delhi,Dwarka,Connaught Place,2023-10-12 12:24:00,2023-10-12 12:36:00,2023-10-12 12:48:00,3.2,98,Completed,
T5102,D147,R1127,Mumbai,Juhu,Andheri,2023-10-06 06:43:00,2023-10-06 06:53:00,2023-10-06 07:39:00,15.1,322,Completed,
T5103,D312,R3076,Mumbai,Powai,Andheri,2023-10-23 07:13:00,2023-10-23 07:27:00,2023-10-23 08:59:00,24.7,665,Completed,
T5104,D133,R3085,Mumbai,Bandra,Colaba,2023-10-27 16:58:00,2023-10-27 17:12:00,2023-10-27 17:43:00,12.0,323,Completed,
T5105,D196,R4542,Delhi,Saket,Rohini,2023-10-11 03:45:00,2023-10-11 03:59:00,2023-10-11 05:01:00,16.3,332,Completed,
T5106,D207,R2978,Delhi,Vasant Kunj,Saket,2023-10-28 17:18:00,2023-10-28 17:31:00,2023-10-28 18:04:00,9.7,272,Completed,
T5107,D170,R1826,Mumbai,Powai,Colaba,2023-10-03 12:19:00,2023-10-03 12:34:00,2023-10-03 13:20:00,17.2,314,Completed,
T5108,D158,R4011,Bangalore,Jayanagar,Koramangala,2023-10-29 19:00:00,2023-10-29 19:13:00,2023-10-29 20:35:00,22.4,567,Completed,
T5109,D204,R1888,Bangalore,Koramangala,Indiranagar,2023-10-05 22:43:00,2023-10-05 22:47:00,2023-10-05 23:33:00,15.2,358,Completed,
T5110,D208,R4442,Mumbai,Bandra,Andheri,2023-10-29 00:45:00,2023-10-29 00:47:00,2023-10-29 01:10:00,8.1,185,Completed,
T5111,D320,R3078,Mumbai,Colaba,Andheri,2023-10-15 04:32:00,2023-10-15 04:34:00,2023-10-15 05:08:00,12.4,286,Completed,
T5112,D180,R4539,Delhi,Vasant Kunj,Saket,2023-10-08 12:54:00,2023-10-08 12:56:00,2023-10-08 13:42:00,16.0,426,Completed,
T5113,D338,R4638,Mumbai,Powai,Colaba,2023-10-24 06:18:00,,,0.0,0.0,Cancelled,Payment Issue
T5114,D146,R2356,Delhi,Saket,Vasant Kunj,2023-10-14 15:09:00,,,0.0,0.0,Cancelled,Rider Cancelled
T5115,D101,R4910,Mumbai,Bandra,Andheri,2023-10-30 12:47:00,2023-10-30 13:02:00,2023-10-30 13:50:00,18.3,445,Completed,
T5116,D222,R4134,Mumbai,Bandra,Andheri,2023-10-22 02:55:00,2023-10-22 03:08:00,2023-10-22 03:57:00,17.3,378,Completed,
T5117,D120,R1262,Delhi,Dwarka,Saket,2023-10-17 13:09:00,2023-10-17 13:21:00,2023-10-17 14:26:00,23.9,575,Completed,
T5118,D202,R3555,Delhi,Dwarka,Rohini,2023-10-28 04:08:00,2023-10-28 04:20:00,2023-10-28 05:12:00,13.7,303,Completed,
T5119,D146,R4802,Delhi,Saket,Vasant Kunj,2023-10-09 09:40:00,2023-10-09 09:44:00,2023-10-09 10:24:00,15.5,417,Completed,
T5120,D281,R1819,Mumbai,Powai,Andheri,2023-10-09 09:43:00,,,0.0,0.0,Cancelled,Driver Cancelled
T5121,D320,R1433,Mumbai,Powai,Andheri,2023-10-24 13:30:00,,,0.0,0.0,Cancelled,Driver Not Found
T5122,D266,R4716,Delhi,Vasant Kunj,Dwarka,2023-10-19 23:57:00,2023-10-20 00:09:00,2023-10-20 00:42:00,11.3,280,Completed,
T5123,D188,R2131,Bangalore,Jayanagar,HSR Layout,2023-10-23 17:27:00,2023-10-23 17:32:00,2023-10-23 17:51:00,5.1,135,Completed,
T5124,D137,R4062,Bangalore,Koramangala,Jayanagar,2023-10-03 04:11:00,2023-10-03 04:14:00,2023-10-03 04:30:00,5.8,179,Completed,
T5125,D198,R1648,Bangalore,HSR Layout,Koramangala,2023-10-02 09:26:00,,,0.0,0.0,Cancelled,Driver Not Found
T5126,D115,R3185,Bangalore,HSR Layout,Whitefield,2023-10-05 11:08:00,2023-10-05 11:12:00,2023-10-05 11:57:00,13.3,377,Completed,
T5127,D309,R2457,Delhi,Rohini,Dwarka,2023-10-16 22:57:00,2023-10-16 23:08:00,2023-10-16 23:53:00,16.0,442,Completed,
T5128,D104,R3788,Mumbai,Juhu,Bandra,2023-10-14 02:07:00,2023-10-14 02:20:00,2023-10-14 03:48:00,23.9,499,Completed,
T5129,D137,R3980,Bangalore,Whitefield,HSR Layout,2023-10-20 16:56:00,2023-10-20 17:06:00,2023-10-20 17:20:00,4.1,129,Completed,
T5130,D141,R2569,Mumbai,Bandra,Andheri,2023-10-20 06:52:00,,,0.0,0.0,Cancelled,Rider Cancelled
T5131,D322,R2888,Delhi,Dwarka,Vasant Kunj,2023-10-10 10:06:00,,,0.0,0.0,Cancelled,Driver Not Found
T5132,D234,R3574,Delhi,Rohini,Saket,2023-10-30 18:21:00,2023-10-30 18:35:00,2023-10-30 19:21:00,14.7,414,Completed,
T5133,D192,R1935,Delhi,Saket,Rohini,2023-10-15 16:38:00,,,0.0,0.0,Cancelled,Driver Not Found
T5134,D200,R2978,Mumbai,Bandra,Colaba,2023-10-20 07:49:00,,,0.0,0.0,Cancelled,Payment Issue
T5135,D345,R3700,Mumbai,Bandra,Andheri,2023-10-05 13:33:00,2023-10-05 13:38:00,2023-10-05 13:43:00,2.0,81,Completed,
T5136,D193,R4010,Bangalore,Jayanagar,Whitefield,2023-10-21 03:48:00,2023-10-21 04:03:00,2023-10-21 04:24:00,8.6,193,Completed,
T5137,D164,R2061,Mumbai,Juhu,Bandra,2023-10-23 08:40:00,2023-10-23 08:45:00,2023-10-23 09:17:00,11.3,246,Completed,
T5138,D325,R2091,Delhi,Rohini,Saket,2023-10-27 08:57:00,2023-10-27 09:11:00,2023-10-27 09:43:00,9.2,211,Completed,
T5139,D300,R1620,Delhi,Saket,Connaught Place,2023-10-24 18:07:00,2023-10-24 18:20:00,2023-10-24 18:53:00,10.5,212,Completed,
T5140,D339,R2071,Bangalore,Indiranagar,Whitefield,2023-10-21 05:14:00,2023-10-21 05:17:00,2023-10-21 05:46:00,9.3,247,Completed,
T5141,D211,R1805,Delhi,Rohini,Connaught Place,2023-10-14 01:59:00,2023-10-14 02:13:00,2023-10-14 02:36:00,6.0,158,Completed,
T5142,D222,R1068,Mumbai,Powai,Bandra,2023-10-20 15:01:00,2023-10-20 15:12:00,2023-10-20 15:41:00,8.3,205,Completed,
T5143,D164,R2414,Mumbai,Andheri,Colaba,2023-10-18 05:00:00,2023-10-18 05:04:00,2023-10-18 05:36:00,8.3,207,Completed,
T5144,D247,R4050,Mumbai,Andheri,Powai,2023-10-01 19:24:00,2023-10-01 19:27:00,2023-10-01 20:26:00,18.3,364,Completed,
T5145,D252,R4007,Mumbai,Andheri,Powai,2023-10-03 10:57:00,2023-10-03 11:04:00,2023-10-03 12:05:00,20.5,402,Completed,
T5146,D256,R3278,Delhi,Rohini,Connaught Place,2023-10-02 07:45:00,,,0.0,0.0,Cancelled,Rider Cancelled
T5147,D125,R4484,Bangalore,Indiranagar,Jayanagar,2023-10-03 14:11:00,2023-10-03 14:14:00,2023-10-03 14:39:00,8.7,254,Completed,
T5148,D186,R1292,Bangalore,Koramangala,Whitefield,2023-10-17 13:48:00,2023-10-17 13:59:00,2023-10-17 14:35:00,12.3,297,Completed,
T5149,D228,R1386,Delhi,Dwarka,Vasant Kunj,2023-10-01 06:45:00,,,0.0,0.0,Cancelled,Driver Not Found
T5150,D243,R4080,Delhi,Vasant Kunj,Saket,2023-10-14 14:06:00,,,0.0,0.0,Cancelled,Driver Cancelled
T5151,D339,R4746,Bangalore,Indiranagar,Jayanagar,2023-10-08 08:55:00,2023-10-08 08:59:00,2023-10-08 09:55:00,18.2,489,Completed,
T5152,D335,R4384,Bangalore,HSR Layout,Koramangala,2023-10-16 23:22:00,2023-10-16 23:32:00,2023-10-17 00:03:00,8.5,259,Completed,
T5153,D271,R4471,Delhi,Rohini,Dwarka,2023-10-24 09:55:00,2023-10-24 10:09:00,2023-10-24 10:21:00,4.2,137,Completed,
T5154,D282,R1948,Delhi,Connaught Place,Vasant Kunj,2023-10-27 04:55:00,2023-10-27 05:08:00,2023-10-27 05:27:00,6.2,189,Completed,
T5155,D155,R3404,Bangalore,Jayanagar,Whitefield,2023-10-08 00:25:00,2023-10-08 00:28:00,2023-10-08 01:15:00,16.3,453,Completed,
T5156,D338,R2546,Mumbai,Powai,Andheri,2023-10-20 13:50:00,2023-10-20 13:53:00,2023-10-20 14:50:00,22.5,510,Completed,
T5157,D129,R1541,Mumbai,Powai,Juhu,2023-10-28 10:29:00,2023-10-28 10:42:00,2023-10-28 11:09:00,6.9,185,Completed,
T5158,D154,R2075,Delhi,Rohini,Vasant Kunj,2023-10-26 10:13:00,2023-10-26 10:24:00,2023-10-26 11:19:00,19.3,367,Completed,
T5159,D161,R2770,Delhi,Connaught Place,Rohini,2023-10-06 15:28:00,2023-10-06 15:43:00,2023-10-06 16:01:00,5.6,140,Completed,
T5160,D215,R4282,Bangalore,Indiranagar,HSR Layout,2023-10-29 22:28:00,2023-10-29 22:41:00,2023-10-29 23:32:00,20.0,499,Completed,
T5161,D112,R2452,Bangalore,Koramangala,Indiranagar,2023-10-03 08:52:00,2023-10-03 08:55:00,2023-10-03 09:35:00,10.4,293,Completed,
T5162,D332,R1479,Bangalore,HSR Layout,Koramangala,2023-10-04 13:25:00,2023-10-04 13:32:00,2023-10-04 13:41:00,3.1,106,Completed,
T5163,D231,R1928,Mumbai,Colaba,Powai,2023-10-13 08:48:00,2023-10-13 08:59:00,2023-10-13 09:19:00,5.2,173,Completed,
T5164,D335,R4923,Bangalore,Indiranagar,Koramangala,2023-10-12 01:02:00,2023-10-12 01:07:00,2023-10-12 01:46:00,10.6,301,Completed,
T5165,D125,R3356,Bangalore,Indiranagar,HSR Layout,2023-10-30 12:48:00,2023-10-30 12:57:00,2023-10-30 13:42:00,13.0,309,Completed,
T5166,D204,R2844,Bangalore,Indiranagar,Koramangala,2023-10-21 16:47:00,2023-10-21 16:59:00,2023-10-21 17:15:00,5.4,139,Completed,
T5167,D275,R3592,Delhi,Vasant Kunj,Rohini,2023-10-28 01:15:00,2023-10-28 01:21:00,2023-10-28 01:39:00,4.8,126,Completed,
T5168,D224,R2778,Bangalore,Jayanagar,Whitefield,2023-10-24 02:15:00,2023-10-24 02:18:00,2023-10-24 03:22:00,22.3,566,Completed,
T5169,D243,R4295,Delhi,Vasant Kunj,Saket,2023-10-04 00:10:00,2023-10-04 00:22:00,2023-10-04 00:48:00,7.6,206,Completed,
T5170,D341,R2079,Delhi,Saket,Connaught Place,2023-10-19 07:14:00,,,0.0,0.0,Cancelled,Rider Cancelled
T5171,D191,R1250,Mumbai,Colaba,Juhu,2023-10-05 14:09:00,2023-10-05 14:17:00,2023-10-05 14:49:00,8.1,217,Completed,
T5172,D285,R1227,Bangalore,Koramangala,Jayanagar,2023-10-06 10:30:00,2023-10-06 10:37:00,2023-10-06 11:57:00,23.6,584,Completed,
T5173,D279,R3468,Mumbai,Juhu,Bandra,2023-10-17 19:20:00,2023-10-17 19:32:00,2023-10-17 19:45:00,4.9,168,Completed,
T5174,D157,R1378,Mumbai,Powai,Juhu,2023-10-19 12:06:00,2023-10-19 12:14:00,2023-10-19 12:28:00,4.3,138,Completed,
T5175,D272,R2534,Bangalore,Indiranagar,Koramangala,2023-10-23 09:13:00,2023-10-23 09:25:00,2023-10-23 10:10:00,15.8,326,Completed,
T5176,D239,R1604,Delhi,Vasant Kunj,Dwarka,2023-10-28 15:00:00,2023-10-28 15:14:00,2023-10-28 15:29:00,5.7,155,Completed,
T5177,D125,R4306,Bangalore,Jayanagar,Koramangala,2023-10-30 16:32:00,2023-10-30 16:35:00,2023-10-30 17:35:00,19.1,443,Completed,
T5178,D282,R3224,Delhi,Connaught Place,Dwarka,2023-10-30 00:47:00,2023-10-30 01:01:00,2023-10-30 02:05:00,19.1,503,Completed,
T5179,D194,R3215,Delhi,Rohini,Saket,2023-10-13 02:24:00,2023-10-13 02:26:00,2023-10-13 03:04:00,10.7,240,Completed,
T5180,D138,R1208,Delhi,Vasant Kunj,Dwarka,2023-10-04 12:58:00,2023-10-04 13:12:00,2023-10-04 14:29:00,21.5,388,Completed,
T5181,D307,R2669,Bangalore,HSR Layout,Whitefield,2023-10-29 02:05:00,2023-10-29 02:10:00,2023-10-29 03:15:00,18.9,463,Completed,
T5182,D188,R3501,Bangalore,Whitefield,Koramangala,2023-10-10 14:14:00,2023-10-10 14:21:00,2023-10-10 15:07:00,13.5,282,Completed,
T5183,D185,R3601,Mumbai,Juhu,Powai,2023-10-23 11:18:00,2023-10-23 11:27:00,2023-10-23 12:35:00,24.6,624,Completed,
T5184,D176,R2120,Mumbai,Juhu,Andheri,2023-10-25 23:37:00,,,0.0,0.0,Cancelled,Driver Cancelled
T5185,D234,R4763,Delhi,Rohini,Saket,2023-10-10 19:07:00,2023-10-10 19:14:00,2023-10-10 19:53:00,10.9,268,Completed,
T5186,D110,R3148,Mumbai,Colaba,Andheri,2023-10-26 14:41:00,2023-10-26 14:49:00,2023-10-26 15:47:00,17.7,343,Completed,
T5187,D327,R2373,Bangalore,HSR Layout,Jayanagar,2023-10-01 06:32:00,2023-10-01 06:36:00,2023-10-01 06:55:00,7.2,228,Completed,
T5188,D193,R3950,Bangalore,Indiranagar,HSR Layout,2023-10-10 05:13:00,2023-10-10 05:17:00,2023-10-10 05:31:00,5.9,176,Completed,
T5189,D133,R2591,Mumbai,Juhu,Bandra,2023-10-04 01:07:00,2023-10-04 01:11:00,2023-10-04 01:48:00,9.9,238,Completed,
T5190,D152,R3116,Bangalore,Indiranagar,Jayanagar,2023-10-13 01:04:00,2023-10-13 01:17:00,2023-10-13 02:16:00,16.7,396,Completed,
T5191,D132,R4607,Bangalore,Koramangala,HSR Layout,2023-10-23 17:11:00,2023-10-23 17:26:00,2023-10-23 17:48:00,6.6,154,Completed,
T5192,D252,R4265,Mumbai,Andheri,Bandra,2023-10-17 21:17:00,2023-10-17 21:31:00,2023-10-17 23:00:00,23.3,466,Completed,
T5193,D313,R2403,Bangalore,Indiranagar,HSR Layout,2023-10-30 17:40:00,2023-10-30 17:51:00,2023-10-30 18:39:00,14.0,322,Completed,
T5194,D165,R2729,Mumbai,Juhu,Colaba,2023-10-18 19:00:00,2023-10-18 19:15:00,2023-10-18 19:34:00,6.1,167,Completed,
T5195,D142,R3873,Delhi,Dwarka,Connaught Place,2023-10-08 05:56:00,2023-10-08 06:08:00,2023-10-08 06:19:00,4.5,148,Completed,
T5196,D178,R1725,Bangalore,Whitefield,Jayanagar,2023-10-23 02:33:00,2023-10-23 02:40:00,2023-10-23 03:00:00,5.3,145,Completed,
T5197,D180,R4651,Delhi,Dwarka,Rohini,2023-10-19 16:43:00,2023-10-19 16:52:00,2023-10-19 17:30:00,10.7,310,Completed,
T5198,D207,R4183,Delhi,Dwarka,Rohini,2023-10-10 11:37:00,,,0.0,0.0,Cancelled,Rider Cancelled
T5199,D256,R4890,Delhi,Saket,Vasant Kunj,2023-10-23 18:22:00,2023-10-23 18:32:00,2023-10-23 19:07:00,10.2,233,Completed,
T5200,D305,R1581,Mumbai,Andheri,Colaba,2023-10-25 12:17:00,2023-10-25 12:20:00,2023-10-25 13:49:00,24.8,649,Completed,
T5201,D295,R1841,Delhi,Dwarka,Saket,2023-10-04 06:14:00,,,0.0,0.0,Cancelled,Driver Cancelled
T5202,D348,R3498,Bangalore,Koramangala,HSR Layout,2023-10-06 09:34:00,,,0.0,0.0,Cancelled,Driver Cancelled
T5203,D215,R3419,Bangalore,Jayanagar,Whitefield,2023-10-09 09:29:00,2023-10-09 09:32:00,2023-10-09 10:24:00,15.1,297,Completed,
T5204,D224,R1040,Bangalore,Koramangala,Whitefield,2023-10-03 20:22:00,2023-10-03 20:27:00,2023-10-03 21:24:00,14.8,399,Completed,
T5205,D135,R4205,Delhi,Saket,Vasant Kunj,2023-10-19 04:04:00,2023-10-19 04:10:00,2023-10-19 04:49:00,15.6,340,Completed,
T5206,D173,R2235,Bangalore,Jayanagar,Koramangala,2023-10-08 16:37:00,2023-10-08 16:48:00,2023-10-08 17:31:00,14.6,298,Completed,
T5207,D342,R3112,Delhi,Rohini,Connaught Place,2023-10-23 05:09:00,2023-10-23 05:19:00,2023-10-23 06:35:00,23.7,603,Completed,
T5208,D345,R2582,Mumbai,Colaba,Bandra,2023-10-11 06:55:00,2023-10-11 07:07:00,2023-10-11 07:22:00,4.7,149,Completed,
T5209,D107,R4858,Delhi,Vasant Kunj,Rohini,2023-10-01 12:56:00,2023-10-01 13:04:00,2023-10-01 13:19:00,5.4,156,Completed,
T5210,D223,R3023,Delhi,Dwarka,Connaught Place,2023-10-13 16:57:00,2023-10-13 17:11:00,2023-10-13 17:29:00,6.4,148,Completed,
T5211,D232,R2635,Bangalore,Koramangala,HSR Layout,2023-10-23 01:51:00,2023-10-23 02:05:00,2023-10-23 02:21:00,4.6,129,Completed,
T5212,D131,R4318,Bangalore,Koramangala,Indiranagar,2023-10-09 17:19:00,2023-10-09 17:24:00,2023-10-09 17:54:00,10.6,276,Completed,
T5213,D266,R4919,Delhi,Vasant Kunj,Saket,2023-10-09 03:42:00,,,0.0,0.0,Cancelled,Other
T5214,D349,R3458,Mumbai,Powai,Juhu,2023-10-15 17:00:00,2023-10-15 17:13:00,2023-10-15 18:11:00,18.2,501,Completed,
T5215,D167,R3990,Delhi,Rohini,Dwarka,2023-10-13 13:37:00,2023-10-13 13:44:00,2023-10-13 14:02:00,7.0,216,Completed,
T5216,D101,R4566,Mumbai,Andheri,Powai,2023-10-24 14:11:00,2023-10-24 14:14:00,2023-10-24 15:36:00,20.7,409,Completed,
T5217,D106,R3008,Delhi,Dwarka,Rohini,2023-10-18 07:56:00,2023-10-18 08:04:00,2023-10-18 08:41:00,10.8,295,Completed,
T5218,D252,R3430,Mumbai,Powai,Colaba,2023-10-05 23:10:00,2023-10-05 23:23:00,2023-10-06 00:24:00,24.1,538,Completed,
T5219,D220,R3630,Bangalore,Jayanagar,Whitefield,2023-10-06 12:57:00,2023-10-06 13:12:00,2023-10-06 14:23:00,24.3,514,Completed,
T5220,D236,R2880,Bangalore,Whitefield,Koramangala,2023-10-27 06:42:00,,,0.0,0.0,Cancelled,Rider Cancelled
T5221,D157,R2108,Mumbai,Andheri,Powai,2023-10-13 01:20:00,2023-10-13 01:25:00,2023-10-13 02:37:00,23.3,468,Completed,
T5222,D321,R4044,Mumbai,Colaba,Juhu,2023-10-19 13:59:00,2023-10-19 14:06:00,2023-10-19 15:02:00,20.5,359,Completed,
T5223,D152,R4731,Bangalore,Koramangala,Whitefield,2023-10-29 01:57:00,2023-10-29 02:03:00,2023-10-29 02:39:00,13.1,260,Completed,
T5224,D114,R2204,Delhi,Saket,Vasant Kunj,2023-10-18 18:29:00,2023-10-18 18:31:00,2023-10-18 19:09:00,15.1,421,Completed,
T5225,D143,R2973,Delhi,Rohini,Vasant Kunj,2023-10-14 20:23:00,2023-10-14 20:29:00,2023-10-14 20:45:00,4.3,143,Completed,
T5226,D299,R1604,Delhi,Saket,Connaught Place,2023-10-22 14:24:00,2023-10-22 14:33:00,2023-10-22 16:01:00,22.7,579,Completed,
T5227,D122,R4148,Bangalore,Jayanagar,Whitefield,2023-10-27 18:33:00,2023-10-27 18:46:00,2023-10-27 20:16:00,25.0,496,Completed,
T5228,D287,R4030,Delhi,Vasant Kunj,Connaught Place,2023-10-22 07:44:00,2023-10-22 07:57:00,2023-10-22 08:26:00,8.8,209,Completed,
T5229,D265,R1285,Mumbai,Andheri,Colaba,2023-10-22 17:30:00,2023-10-22 17:44:00,2023-10-22 18:38:00,14.4,271,Completed,
T5230,D188,R2793,Bangalore,Whitefield,Koramangala,2023-10-18 22:17:00,2023-10-18 22:32:00,2023-10-18 23:48:00,23.9,457,Completed,
T5231,D200,R2019,Mumbai,Andheri,Bandra,2023-10-13 01:27:00,,,0.0,0.0,Cancelled,Other
T5232,D131,R1458,Bangalore,Koramangala,HSR Layout,2023-10-15 19:11:00,2023-10-15 19:18:00,2023-10-15 19:29:00,3.9,135,Completed,
T5233,D241,R3124,Delhi,Rohini,Saket,2023-10-29 00:50:00,2023-10-29 01:04:00,2023-10-29 01:56:00,16.0,385,Completed,
T5234,D303,R4608,Bangalore,Koramangala,Jayanagar,2023-10-18 21:34:00,2023-10-18 21:45:00,2023-10-18 22:57:00,22.8,440,Completed,
T5235,D267,R3730,Delhi,Saket,Connaught Place,2023-10-25 09:47:00,,,0.0,0.0,Cancelled,Rider Cancelled
T5236,D213,R1434,Mumbai,Bandra,Powai,2023-10-23 09:30:00,2023-10-23 09:33:00,2023-10-23 10:26:00,17.0,385,Completed,
T5237,D252,R4866,Mumbai,Powai,Andheri,2023-10-21 05:55:00,2023-10-21 06:09:00,2023-10-21 06:18:00,3.5,128,Completed,
T5238,D313,R2016,Bangalore,Koramangala,Jayanagar,2023-10-21 12:30:00,2023-10-21 12:42:00,2023-10-21 13:04:00,6.4,179,Completed,
T5239,D241,R3626,Delhi,Vasant Kunj,Connaught Place,2023-10-03 08:42:00,2023-10-03 08:55:00,2023-10-03 10:08:00,23.3,441,Completed,
T5240,D234,R2311,Delhi,Rohini,Dwarka,2023-10-01 16:36:00,2023-10-01 16:51:00,2023-10-01 18:09:00,24.2,547,Completed,
T5241,D242,R3971,Mumbai,Powai,Bandra,2023-10-24 02:33:00,2023-10-24 02:44:00,2023-10-24 02:56:00,3.3,129,Completed,
T5242,D218,R1502,Bangalore,Jayanagar,Koramangala,2023-10-11 03:42:00,2023-10-11 03:47:00,2023-10-11 04:32:00,17.8,488,Completed,
T5243,D290,R3223,Bangalore,Koramangala,Jayanagar,2023-10-12 17:52:00,2023-10-12 17:57:00,2023-10-12 18:26:00,11.4,309,Completed,
T5244,D153,R2755,Bangalore,Whitefield,Jayanagar,2023-10-28 15:24:00,,,0.0,0.0,Cancelled,Driver Not Found
T5245,D194,R1949,Delhi,Saket,Dwarka,2023-10-30 08:53:00,2023-10-30 09:01:00,2023-10-30 09:12:00,4.4,139,Completed,
T5246,D128,R1088,Bangalore,HSR Layout,Indiranagar,2023-10-09 03:48:00,,,0.0,0.0,Cancelled,Driver Cancelled
T5247,D323,R3251,Bangalore,HSR Layout,Indiranagar,2023-10-26 20:36:00,2023-10-26 20:49:00,2023-10-26 21:48:00,22.6,418,Completed,
T5248,D124,R1447,Delhi,Saket,Vasant Kunj,2023-10-24 20:56:00,2023-10-24 21:10:00,2023-10-24 21:28:00,5.3,174,Completed,
T5249,D319,R4089,Delhi,Dwarka,Saket,2023-10-22 16:04:00,2023-10-22 16:15:00,2023-10-22 17:11:00,19.2,461,Completed,
T5250,D192,R2619,Delhi,Saket,Connaught Place,2023-10-13 10:53:00,,2023-10-13 11:52:00,16.4,390,Completed,
T5251,D316,R3637,Delhi,Vasant Kunj,Rohini,2023-10-16 10:12:00,2023-10-16 10:24:00,2023-10-16 11:35:00,18.8,384,Completed,
T5252,D130,R1262,Bangalore,Koramangala,Jayanagar,2023-10-28 08:31:00,,,0.0,0.0,Cancelled,Rider Cancelled
T5253,D152,R2524,Bangalore,Whitefield,Jayanagar,2023-10-30 06:35:00,2023-10-30 06:37:00,2023-10-30 07:28:00,15.5,336,Completed,
T5254,D238,R1645,Bangalore,Whitefield,Koramangala,2023-10-08 22:09:00,2023-10-08 22:13:00,2023-10-08 22:52:00,10.3,306,Completed,
T5255,D274,R2207,Bangalore,HSR Layout,Whitefield,2023-10-16 08:53:00,2023-10-16 08:59:00,2023-10-16 10:26:00,23.3,529,Completed,
T5256,D345,R3018,Mumbai,Bandra,Colaba,2023-10-16 08:44:00,2023-10-16 08:50:00,2023-10-16 09:12:00,5.7,145,Completed,
T5257,D312,R4266,Mumbai,Colaba,Juhu,2023-10-26 18:36:00,2023-10-26 18:50:00,2023-10-26 19:40:00,15.3,358,Completed,
T5258,D165,R3265,Mumbai,Juhu,Powai,2023-10-14 22:19:00,2023-10-14 22:28:00,2023-10-14 23:19:00,19.2,388,Completed,
T5259,D198,R4870,Bangalore,Koramangala,Jayanagar,2023-10-29 19:02:00,2023-10-29 19:06:00,2023-10-29 19:24:00,5.0,139,Completed,
T5260,D337,R2452,Mumbai,Colaba,Powai,2023-10-01 07:20:00,2023-10-01 07:27:00,2023-10-01 08:03:00,13.7,257,Completed,
T5261,D236,R3189,Bangalore,Whitefield,Indiranagar,2023-10-20 23:27:00,2023-10-20 23:32:00,2023-10-21 00:05:00,9.6,236,Completed,
T5262,D121,R2623,Delhi,Saket,Rohini,2023-10-02 16:36:00,2023-10-02 16:43:00,2023-10-02 17:12:00,7.7,173,Completed,
T5263,D156,R2052,Bangalore,Indiranagar,Whitefield,2023-10-14 00:54:00,2023-10-14 01:09:00,2023-10-14 01:27:00,5.9,142,Completed,
T5264,D223,R2758,Delhi,Connaught Place,Dwarka,2023-10-02 23:14:00,2023-10-02 23:27:00,2023-10-03 00:17:00,18.6,366,Completed,
T5265,D239,R2504,Delhi,Connaught Place,Saket,2023-10-01 15:33:00,2023-10-01 15:38:00,2023-10-01 16:32:00,21.2,483,Completed,
T5266,D145,R4233,Delhi,Connaught Place,Rohini,2023-10-23 22:25:00,2023-10-23 22:38:00,2023-10-23 23:33:00,14.6,390,Completed,
T5267,D340,R4178,Mumbai,Andheri,Powai,2023-10-28 08:26:00,2023-10-28 08:38:00,2023-10-28 08:51:00,4.0,139,Completed,
T5268,D241,R2934,Delhi,Vasant Kunj,Connaught Place,2023-10-27 21:38:00,2023-10-27 21:48:00,2023-10-27 22:35:00,15.2,322,Completed,
T5269,D255,R2610,Bangalore,Indiranagar,Jayanagar,2023-10-09 06:49:00,2023-10-09 07:01:00,2023-10-09 07:30:00,8.4,186,Completed,
T5270,D313,R1428,Bangalore,Koramangala,Jayanagar,2023-10-24 17:28:00,2023-10-24 17:30:00,2023-10-24 17:41:00,3.9,116,Completed,
T5271,D130,R1061,Bangalore,Jayanagar,Koramangala,2023-10-14 09:23:00,2023-10-14 09:25:00,2023-10-14 10:04:00,14.2,303,Completed,
T5272,D114,R1466,Delhi,Vasant Kunj,Saket,2023-10-13 20:49:00,2023-10-13 20:57:00,2023-10-13 22:15:00,20.9,446,Completed,
T5273,D117,R3023,Mumbai,Andheri,Colaba,2023-10-17 10:38:00,2023-10-17 10:48:00,2023-10-17 11:20:00,12.6,258,Completed,
T5274,D180,R1389,Delhi,Saket,Rohini,2023-10-07 16:47:00,2023-10-07 17:00:00,2023-10-07 17:34:00,9.1,190,Completed,
T5275,D325,R3903,Delhi,Rohini,Connaught Place,2023-10-28 17:23:00,2023-10-28 17:34:00,2023-10-28 18:20:00,14.9,361,Completed,
T5276,D148,R4662,Mumbai,Juhu,Powai,2023-10-08 17:36:00,2023-10-08 17:49:00,2023-10-08 18:12:00,6.3,189,Completed,
T5277,D307,R1607,Bangalore,Jayanagar,Indiranagar,2023-10-18 06:20:00,2023-10-18 06:22:00,2023-10-18 06:44:00,5.7,186,Completed,
T5278,D202,R4733,Delhi,Dwarka,Saket,2023-10-15 07:51:00,2023-10-15 08:00:00,2023-10-15 09:11:00,19.4,482,Completed,
T5279,D114,R1814,Delhi,Vasant Kunj,Dwarka,2023-10-07 21:40:00,2023-10-07 21:52:00,2023-10-07 22:43:00,15.4,325,Completed,
T5280,D275,R2145,Delhi,Rohini,Connaught Place,2023-10-07 21:24:00,,,0.0,0.0,Cancelled,Payment Issue
T5281,D276,R2672,Mumbai,Andheri,Powai,2023-10-02 19:23:00,2023-10-02 19:25:00,2023-10-02 20:24:00,17.4,379,Completed,
T5282,D254,R3840,Delhi,Connaught Place,Vasant Kunj,2023-10-23 03:19:00,2023-10-23 03:32:00,2023-10-23 04:48:00,19.8,405,Completed,
T5283,D157,R1228,Mumbai,Andheri,Bandra,2023-10-28 16:49:00,,,0.0,0.0,Cancelled,Driver Not Found
T5284,D282,R3611,Delhi,Rohini,Connaught Place,2023-10-04 11:42:00,2023-10-04 11:44:00,2023-10-04 12:12:00,9.8,273,Completed,
T5285,D303,R1117,Bangalore,Jayanagar,HSR Layout,2023-10-16 14:19:00,2023-10-16 14:26:00,2023-10-16 15:06:00,10.8,312,Completed,
T5286,D211,R2411,Delhi,Saket,Rohini,2023-10-18 02:34:00,2023-10-18 02:41:00,2023-10-18 03:32:00,13.6,384,Completed,
T5287,D123,R4875,Mumbai,Juhu,Powai,2023-10-21 09:48:00,2023-10-21 09:56:00,2023-10-21 10:10:00,5.1,166,Completed,
T5288,D347,R3756,Bangalore,Koramangala,Jayanagar,2023-10-04 09:34:00,2023-10-04 09:48:00,2023-10-04 10:01:00,4.8,126,Completed,
T5289,D289,R2101,Mumbai,Colaba,Bandra,2023-10-08 04:15:00,2023-10-08 04:24:00,2023-10-08 04:43:00,5.6,147,Completed,
T5290,D251,R1812,Delhi,Rohini,Connaught Place,2023-10-11 08:44:00,2023-10-11 08:49:00,2023-10-11 09:34:00,14.1,401,Completed,
T5291,D274,R2057,Bangalore,HSR Layout,Koramangala,2023-10-29 03:41:00,2023-10-29 03:52:00,2023-10-29 04:57:00,21.7,559,Completed,
T5292,D196,R4127,Delhi,Connaught Place,Vasant Kunj,2023-10-10 04:01:00,2023-10-10 04:06:00,2023-10-10 04:43:00,14.1,288,Completed,
T5293,D248,R2452,Bangalore,Whitefield,Jayanagar,2023-10-07 20:15:00,2023-10-07 20:28:00,2023-10-07 21:26:00,18.6,497,Completed,
T5294,D260,R3584,Bangalore,Jayanagar,Indiranagar,2023-10-29 16:54:00,,,0.0,0.0,Cancelled,Driver Cancelled
T5295,D227,R2368,Bangalore,Jayanagar,Koramangala,2023-10-09 21:40:00,2023-10-09 21:55:00,2023-10-09 22:22:00,7.2,218,Completed,
T5296,D327,R1932,Bangalore,HSR Layout,Jayanagar,2023-10-12 00:36:00,2023-10-12 00:40:00,2023-10-12 01:59:00,23.9,613,Completed,
T5297,D342,R3427,Delhi,Connaught Place,Rohini,2023-10-05 04:14:00,2023-10-05 04:29:00,2023-10-05 05:01:00,10.8,277,Completed,
T5298,D260,R3386,Bangalore,Indiranagar,HSR Layout,2023-10-15 23:07:00,2023-10-15 23:10:00,2023-10-15 23:23:00,5.1,150,Completed,
T5299,D194,R4260,Delhi,Vasant Kunj,Connaught Place,2023-10-17 08:19:00,2023-10-17 08:29:00,2023-10-17 09:30:00,21.1,430,Completed,
T5300,D174,R2556,Bangalore,HSR Layout,Koramangala,2023-10-24 13:38:00,2023-10-24 13:52:00,2023-10-24 14:57:00,24.7,609,Completed,
T5301,D250,R1048,Mumbai,Bandra,Andheri,2023-10-12 19:41:00,2023-10-12 19:53:00,2023-10-12 20:11:00,4.6,159,Completed,
T5302,D290,R2545,Bangalore,Indiranagar,Jayanagar,2023-10-11 20:33:00,2023-10-11 20:36:00,2023-10-11 22:03:00,24.8,593,Completed,
T5303,D164,R1709,Mumbai,Juhu,Andheri,2023-10-21 21:07:00,2023-10-21 21:18:00,2023-10-21 22:29:00,23.9,511,Completed,
T5304,D318,R4923,Bangalore,HSR Layout,Indiranagar,2023-10-27 00:12:00,2023-10-27 00:24:00,2023-10-27 00:33:00,3.4,123,Completed,
T5305,D106,R4783,Delhi,Dwarka,Rohini,2023-10-19 13:22:00,2023-10-19 13:37:00,2023-10-19 14:59:00,21.5,401,Completed,
T5306,D128,R3675,Bangalore,Koramangala,Jayanagar,2023-10-07 22:12:00,2023-10-07 22:27:00,2023-10-07 23:05:00,12.6,292,Completed,
T5307,D117,R4834,Mumbai,Andheri,Bandra,2023-10-16 17:15:00,2023-10-16 17:30:00,2023-10-16 18:19:00,13.0,364,Completed,
T5308,D140,R3701,Delhi,Saket,Vasant Kunj,2023-10-04 18:49:00,2023-10-04 19:04:00,2023-10-04 19:51:00,15.6,309,Completed,
T5309,D309,R4556,Delhi,Rohini,Dwarka,2023-10-06 19:06:00,2023-10-06 19:16:00,2023-10-06 20:01:00,13.8,314,Completed,
T5310,D227,R3748,Bangalore,Indiranagar,Whitefield,2023-10-22 03:29:00,2023-10-22 03:36:00,2023-10-22 04:23:00,19.0,468,Completed,
T5311,D153,R1463,Bangalore,Jayanagar,Koramangala,2023-10-08 10:02:00,2023-10-08 10:05:00,2023-10-08 10:29:00,8.9,190,Completed,
T5312,D280,R4467,Mumbai,Powai,Bandra,2023-10-11 03:58:00,2023-10-11 04:12:00,2023-10-11 05:21:00,20.7,451,Completed,
T5313,D129,R1082,Mumbai,Colaba,Andheri,2023-10-03 19:33:00,2023-10-03 19:37:00,2023-10-03 19:43:00,2.1,85,Completed,
T5314,D248,R1429,Bangalore,Jayanagar,Whitefield,2023-10-25 09:19:00,2023-10-25 09:34:00,2023-10-25 09:51:00,4.8,128,Completed,
T5315,D277,R3670,Delhi,Vasant Kunj,Rohini,2023-10-24 04:28:00,2023-10-24 04:30:00,2023-10-24 04:46:00,5.0,149,Completed,
T5316,D232,R3902,Bangalore,Jayanagar,Indiranagar,2023-10-28 10:35:00,2023-10-28 10:46:00,2023-10-28 11:14:00,7.5,196,Completed,
T5317,D215,R4424,Bangalore,Indiranagar,HSR Layout,2023-10-26 02:02:00,,,0.0,0.0,Cancelled,Rider Cancelled
T5318,D201,R3986,Mumbai,Powai,Andheri,2023-10-18 22:45:00,2023-10-18 22:47:00,2023-10-18 23:09:00,7.6,221,Completed,
T5319,D152,R4483,Bangalore,Whitefield,Indiranagar,2023-10-30 16:46:00,2023-10-30 16:54:00,2023-10-30 18:04:00,20.5,427,Completed,
T5320,D124,R3859,Delhi,Saket,Rohini,2023-10-28 00:57:00,2023-10-28 01:10:00,2023-10-28 01:17:00,2.2,86,Completed,
T5321,D344,R1577,Bangalore,Jayanagar,Whitefield,2023-10-08 23:48:00,,,0.0,0.0,Cancelled,Rider Cancelled
T5322,D202,R1121,Delhi,Dwarka,Rohini,2023-10-19 02:41:00,2023-10-19 02:55:00,2023-10-19 03:48:00,19.0,521,Completed,
T5323,D162,R3859,Mumbai,Colaba,Powai,2023-10-08 11:30:00,2023-10-08 11:44:00,2023-10-08 12:25:00,14.6,398,Completed,
T5324,D224,R4987,Bangalore,HSR Layout,Whitefield,2023-10-25 03:33:00,2023-10-25 03:38:00,2023-10-25 04:23:00,16.5,442,Completed,
T5325,D123,R2108,Mumbai,Juhu,Bandra,2023-10-15 19:08:00,,,0.0,0.0,Cancelled,Payment Issue
T5326,D149,R1892,Delhi,Connaught Place,Vasant Kunj,2023-10-14 01:12:00,2023-10-14 01:27:00,2023-10-14 02:03:00,12.6,351,Completed,
T5327,D179,R4452,Delhi,Dwarka,Saket,2023-10-24 15:23:00,2023-10-24 15:34:00,2023-10-24 16:28:00,15.6,393,Completed,
T5328,D298,R1768,Bangalore,Jayanagar,Koramangala,2023-10-02 10:33:00,2023-10-02 10:37:00,2023-10-02 10:55:00,6.0,140,Completed,
T5329,D123,R4939,Mumbai,Powai,Bandra,2023-10-27 06:04:00,2023-10-27 06:06:00,2023-10-27 06:50:00,17.0,406,Completed,
T5330,D200,R2664,Mumbai,Powai,Colaba,2023-10-24 08:10:00,2023-10-24 08:24:00,2023-10-24 08:48:00,6.3,150,Completed,
T5331,D317,R4208,Bangalore,Indiranagar,Jayanagar,2023-10-18 10:31:00,2023-10-18 10:44:00,2023-10-18 12:00:00,19.3,340,Completed,
T5332,D308,R1694,Delhi,Saket,Vasant Kunj,2023-10-27 21:22:00,2023-10-27 21:29:00,2023-10-27 22:02:00,11.2,243,Completed,
T5333,D307,R2281,Bangalore,Indiranagar,HSR Layout,2023-10-12 07:54:00,2023-10-12 07:59:00,2023-10-12 09:13:00,18.9,489,Completed,
T5334,D123,R2587,Mumbai,Colaba,Andheri,2023-10-21 18:33:00,,,0.0,0.0,Cancelled,Rider Cancelled
T5335,D305,R4443,Mumbai,Juhu,Powai,2023-10-22 04:20:00,2023-10-22 04:32:00,2023-10-22 05:20:00,18.9,459,Completed,
T5336,D135,R4511,Delhi,Saket,Connaught Place,2023-10-26 19:29:00,2023-10-26 19:44:00,2023-10-26 20:35:00,19.8,376,Completed,
T5337,D147,R2938,Mumbai,Juhu,Bandra,2023-10-29 11:16:00,2023-10-29 11:21:00,2023-10-29 11:42:00,5.5,144,Completed,
T5338,D313,R1322,Bangalore,Jayanagar,Indiranagar,2023-10-28 00:29:00,2023-10-28 00:33:00,2023-10-28 00:58:00,6.8,166,Completed,
T5339,D274,R3130,Bangalore,Indiranagar,Whitefield,2023-10-03 11:04:00,,,0.0,0.0,Cancelled,Rider Cancelled
T5340,D302,R1483,Bangalore,Whitefield,HSR Layout,2023-10-16 11:35:00,2023-10-16 11:44:00,2023-10-16 11:55:00,3.9,138,Completed,
T5341,D266,R1717,Delhi,Vasant Kunj,Connaught Place,2023-10-25 13:32:00,2023-10-25 13:41:00,2023-10-25 15:01:00,21.0,497,Completed,
T5342,D319,R3320,Delhi,Saket,Rohini,2023-10-27 08:15:00,,,0.0,0.0,Cancelled,Driver Cancelled
T5343,D149,R2436,Delhi,Connaught Place,Rohini,2023-10-26 20:59:00,2023-10-26 21:04:00,2023-10-26 21:54:00,17.8,318,Completed,
T5344,D182,R4839,Mumbai,Andheri,Juhu,2023-10-13 07:17:00,2023-10-13 07:29:00,2023-10-13 08:28:00,18.0,346,Completed,
T5345,D128,R4337,Bangalore,Jayanagar,Whitefield,2023-10-06 14:57:00,2023-10-06 15:12:00,2023-10-06 15:22:00,3.9,118,Completed,
T5346,D197,R2518,Mumbai,Powai,Colaba,2023-10-22 05:53:00,2023-10-22 06:05:00,2023-10-22 06:30:00,8.2,179,Completed,
T5347,D207,R2976,Delhi,Dwarka,Rohini,2023-10-30 21:17:00,2023-10-30 21:23:00,2023-10-30 22:18:00,14.3,371,Completed,
T5348,D133,R3540,Mumbai,Andheri,Bandra,2023-10-08 06:46:00,2023-10-08 06:55:00,2023-10-08 07:43:00,12.4,297,Completed,
T5349,D265,R4556,Mumbai,Colaba,Andheri,2023-10-12 05:53:00,2023-10-12 06:07:00,2023-10-12 07:34:00,23.7,419,Completed,
T5350,D331,R4952,Delhi,Saket,Connaught Place,2023-10-07 16:02:00,2023-10-07 16:09:00,2023-10-07 16:42:00,12.8,293,Completed,
T5351,D306,R1163,Bangalore,Indiranagar,Whitefield,2023-10-29 15:22:00,2023-10-29 15:26:00,2023-10-29 16:47:00,23.6,538,Completed,
T5352,D163,R3855,Bangalore,Koramangala,Jayanagar,2023-10-20 22:15:00,2023-10-20 22:19:00,2023-10-20 22:47:00,7.8,189,Completed,
T5353,D315,R1213,Mumbai,Juhu,Andheri,2023-10-04 02:42:00,2023-10-04 02:52:00,2023-10-04 03:30:00,14.7,399,Completed,
T5354,D140,R2687,Delhi,Saket,Rohini,2023-10-18 04:18:00,2023-10-18 04:24:00,2023-10-18 05:09:00,15.3,374,Completed,
T5355,D314,R3060,Delhi,Saket,Vasant Kunj,2023-10-09 19:31:00,2023-10-09 19:38:00,2023-10-09 19:46:00,3.0,121,Completed,
T5356,D168,R4940,Mumbai,Bandra,Colaba,2023-10-20 05:51:00,2023-10-20 05:57:00,2023-10-20 07:19:00,24.4,618,Completed,
T5357,D131,R3197,Bangalore,HSR Layout,Koramangala,2023-10-23 12:30:00,2023-10-23 12:37:00,2023-10-23 14:05:00,23.0,428,Completed,
T5358,D276,R4617,Mumbai,Bandra,Colaba,2023-10-11 17:39:00,,,0.0,0.0,Cancelled,Rider Cancelled
T5359,D151,R2757,Delhi,Saket,Connaught Place,2023-10-05 13:03:00,2023-10-05 13:11:00,2023-10-05 14:36:00,23.8,537,Completed,
T5360,D205,R4219,Bangalore,Whitefield,Jayanagar,2023-10-17 10:42:00,2023-10-17 10:51:00,2023-10-17 11:40:00,17.3,314,Completed,
T5361,D110,R2508,Mumbai,Colaba,Bandra,2023-10-27 17:52:00,2023-10-27 18:04:00,2023-10-27 18:59:00,17.0,385,Completed,
T5362,D342,R4214,Delhi,Rohini,Vasant Kunj,2023-10-28 20:06:00,2023-10-28 20:16:00,2023-10-28 21:04:00,12.3,357,Completed,
T5363,D216,R1422,Mumbai,Bandra,Colaba,2023-10-01 07:28:00,2023-10-01 07:40:00,2023-10-01 08:29:00,14.1,310,Completed,
T5364,D309,R3415,Delhi,Rohini,Dwarka,2023-10-18 00:16:00,2023-10-18 00:20:00,2023-10-18 00:47:00,7.3,171,Completed,
T5365,D166,R4466,Mumbai,Colaba,Bandra,2023-10-13 01:52:00,2023-10-13 02:07:00,2023-10-13 03:00:00,19.3,471,Completed,
T5366,D324,R4083,Bangalore,Koramangala,Jayanagar,2023-10-08 08:34:00,2023-10-08 08:46:00,2023-10-08 09:09:00,6.9,221,Completed,
T5367,D275,R1218,Delhi,Connaught Place,Saket,2023-10-01 15:08:00,2023-10-01 15:21:00,2023-10-01 15:58:00,9.4,264,Completed,
T5368,D258,R3431,Bangalore,Whitefield,Jayanagar,2023-10-23 05:04:00,2023-10-23 05:08:00,2023-10-23 05:52:00,11.1,248,Completed,
T5369,D289,R1131,Mumbai,Juhu,Andheri,2023-10-23 22:00:00,,,0.0,0.0,Cancelled,Driver Not Found
T5370,D269,R4263,Delhi,Connaught Place,Dwarka,2023-10-27 15:25:00,2023-10-27 15:36:00,2023-10-27 15:59:00,8.0,190,Completed,
T5371,D226,R1408,Bangalore,Indiranagar,Whitefield,2023-10-23 19:38:00,,,0.0,0.0,Cancelled,Rider Cancelled
T5372,D216,R3296,Mumbai,Juhu,Powai,2023-10-07 01:29:00,2023-10-07 01:32:00,2023-10-07 01:40:00,2.2,100,Completed,
T5373,D268,R2385,Mumbai,Juhu,Powai,2023-10-17 03:14:00,2023-10-17 03:16:00,2023-10-17 04:36:00,22.9,513,Completed,
T5374,D147,R4507,Mumbai,Powai,Colaba,2023-10-29 16:30:00,2023-10-29 16:42:00,2023-10-29 17:06:00,7.7,199,Completed,
T5375,D204,R2416,Bangalore,Koramangala,HSR Layout,2023-10-20 18:50:00,,,0.0,0.0,Cancelled,Rider Cancelled
T5376,D193,R2799,Bangalore,Indiranagar,Whitefield,2023-10-23 07:51:00,2023-10-23 08:06:00,2023-10-23 08:25:00,5.6,185,Completed,
T5377,D265,R2168,Mumbai,Colaba,Andheri,2023-10-01 03:24:00,2023-10-01 03:34:00,2023-10-01 04:40:00,21.1,533,Completed,
T5378,D117,R4966,Mumbai,Powai,Bandra,2023-10-04 02:35:00,2023-10-04 02:38:00,2023-10-04 03:19:00,14.9,313,Completed,
T5379,D235,R4818,Bangalore,Jayanagar,Whitefield,2023-10-06 16:25:00,2023-10-06 16:34:00,2023-10-06 17:41:00,21.2,548,Completed,
T5380,D213,R4695,Mumbai,Andheri,Colaba,2023-10-30 05:59:00,2023-10-30 06:03:00,2023-10-30 07:31:00,24.2,521,Completed,
T5381,D126,R3914,Bangalore,Indiranagar,Jayanagar,2023-10-13 08:59:00,2023-10-13 09:09:00,2023-10-13 09:55:00,15.9,425,Completed,
T5382,D239,R1016,Delhi,Rohini,Vasant Kunj,2023-10-28 05:02:00,2023-10-28 05:13:00,2023-10-28 06:06:00,17.8,386,Completed,
T5383,D289,R4920,Mumbai,Bandra,Juhu,2023-10-11 19:47:00,2023-10-11 19:49:00,2023-10-11 20:03:00,5.6,190,Completed,
T5384,D331,R2280,Delhi,Vasant Kunj,Rohini,2023-10-28 01:13:00,2023-10-28 01:28:00,2023-10-28 01:49:00,8.6,242,Completed,
T5385,D148,R1373,Mumbai,Bandra,Juhu,2023-10-23 05:36:00,2023-10-23 05:42:00,2023-10-23 06:42:00,16.7,306,Completed,
T5386,D202,R4046,Delhi,Vasant Kunj,Connaught Place,2023-10-04 04:52:00,,,0.0,0.0,Cancelled,Driver Cancelled
T5387,D169,R2447,Delhi,Vasant Kunj,Saket,2023-10-21 19:36:00,2023-10-21 19:41:00,2023-10-21 19:54:00,4.3,134,Completed,
T5388,D309,R4952,Delhi,Saket,Connaught Place,2023-10-28 02:23:00,2023-10-28 02:36:00,2023-10-28 03:05:00,8.5,211,Completed,
T5389,D350,R1354,Bangalore,HSR Layout,Whitefield,2023-10-10 03:22:00,2023-10-10 03:29:00,2023-10-10 05:04:00,24.8,653,Completed,
T5390,D106,R4842,Delhi,Vasant Kunj,Rohini,2023-10-25 16:28:00,,,0.0,0.0,Cancelled,Driver Cancelled
T5391,D175,R3044,Bangalore,Indiranagar,Koramangala,2023-10-28 12:31:00,2023-10-28 12:43:00,2023-10-28 12:49:00,2.3,96,Completed,
T5392,D319,R2020,Delhi,Vasant Kunj,Rohini,2023-10-01 10:00:00,2023-10-01 10:02:00,2023-10-01 11:02:00,16.7,333,Completed,
T5393,D212,R1436,Mumbai,Juhu,Andheri,2023-10-13 01:55:00,2023-10-13 02:03:00,2023-10-13 02:23:00,7.6,191,Completed,
T5394,D149,R4909,Delhi,Dwarka,Saket,2023-10-02 22:02:00,2023-10-02 22:05:00,2023-10-02 22:36:00,9.5,213,Completed,
T5395,D186,R2833,Bangalore,Jayanagar,Whitefield,2023-10-08 17:56:00,2023-10-08 18:06:00,2023-10-08 18:29:00,6.4,154,Completed,
T5396,D296,R3358,Mumbai,Andheri,Powai,2023-10-03 20:41:00,,,0.0,0.0,Cancelled,Rider Cancelled
T5397,D195,R4369,Delhi,Rohini,Saket,2023-10-26 04:01:00,2023-10-26 04:14:00,2023-10-26 04:46:00,12.8,337,Completed,
T5398,D348,R3489,Bangalore,Whitefield,Indiranagar,2023-10-20 18:23:00,2023-10-20 18:35:00,2023-10-20 18:47:00,4.5,124,Completed,
T5399,D112,R1324,Bangalore,Whitefield,HSR Layout,2023-10-20 22:42:00,2023-10-20 22:57:00,2023-10-20 23:24:00,10.8,228,Completed,
T5400,D120,R2043,Delhi,Connaught Place,Vasant Kunj,2023-10-18 22:15:00,2023-10-18 22:30:00,2023-10-18 23:19:00,15.2,390,Completed,
T5401,D161,R1931,Delhi,Vasant Kunj,Dwarka,2023-10-13 06:44:00,2023-10-13 06:54:00,2023-10-13 07:34:00,11.7,244,Completed,
T5402,D267,R1434,Delhi,Vasant Kunj,Rohini,2023-10-30 07:21:00,2023-10-30 07:32:00,2023-10-30 08:14:00,14.8,283,Completed,
T5403,D275,R3648,Delhi,Vasant Kunj,Connaught Place,2023-10-21 16:38:00,2023-10-21 16:49:00,2023-10-21 17:18:00,10.9,264,Completed,
T5404,D248,R1345,Bangalore,Indiranagar,HSR Layout,2023-10-20 17:03:00,2023-10-20 17:11:00,2023-10-20 17:31:00,5.8,151,Completed,
T5405,D334,R1187,Mumbai,Colaba,Bandra,2023-10-23 11:10:00,2023-10-23 11:18:00,2023-10-23 12:31:00,19.7,474,Completed,
T5406,D173,R4556,Bangalore,Jayanagar,Indiranagar,2023-10-26 18:32:00,2023-10-26 18:43:00,2023-10-26 20:10:00,23.3,507,Completed,
T5407,D168,R2489,Mumbai,Bandra,Andheri,2023-10-04 22:25:00,2023-10-04 22:36:00,2023-10-04 23:30:00,14.5,300,Completed,
T5408,D167,R1016,Delhi,Saket,Dwarka,2023-10-10 11:26:00,2023-10-10 11:34:00,2023-10-10 12:15:00,11.1,277,Completed,
T5409,D334,R2177,Mumbai,Colaba,Andheri,2023-10-11 20:33:00,2023-10-11 20:38:00,2023-10-11 21:31:00,18.2,349,Completed,
T5410,D305,R1541,Mumbai,Andheri,Bandra,2023-10-27 04:03:00,2023-10-27 04:05:00,2023-10-27 04:18:00,5.2,147,Completed,
T5411,D137,R1472,Bangalore,Jayanagar,HSR Layout,2023-10-14 00:53:00,2023-10-14 00:58:00,2023-10-14 02:19:00,23.7,570,Completed,
T5412,D238,R1915,Bangalore,HSR Layout,Indiranagar,2023-10-25 03:52:00,2023-10-25 04:00:00,2023-10-25 04:30:00,7.8,209,Completed,
T5413,D165,R1626,Mumbai,Juhu,Powai,2023-10-04 01:06:00,2023-10-04 01:18:00,2023-10-04 01:32:00,4.1,140,Completed,
T5414,D115,R4370,Bangalore,Jayanagar,HSR Layout,2023-10-22 21:16:00,2023-10-22 21:23:00,2023-10-22 21:34:00,3.2,114,Completed,
T5415,D283,R1528,Bangalore,Jayanagar,Koramangala,2023-10-19 23:48:00,2023-10-19 23:50:00,2023-10-20 00:22:00,8.7,238,Completed,
T5416,D104,R4948,Mumbai,Juhu,Colaba,2023-10-28 03:20:00,2023-10-28 03:26:00,2023-10-28 04:26:00,15.5,386,Completed,
T5417,D253,R4969,Delhi,Rohini,Vasant Kunj,2023-10-09 17:18:00,,,0.0,0.0,Cancelled,Driver Not Found
T5418,D176,R4725,Mumbai,Andheri,Colaba,2023-10-18 20:43:00,,,0.0,0.0,Cancelled,Other
T5419,D122,R3916,Bangalore,Indiranagar,Whitefield,2023-10-05 07:33:00,2023-10-05 07:43:00,2023-10-05 07:53:00,3.8,128,Completed,
T5420,D129,R4890,Mumbai,Colaba,Powai,2023-10-19 19:29:00,2023-10-19 19:44:00,2023-10-19 20:18:00,11.2,312,Completed,
T5421,D142,R4617,Delhi,Connaught Place,Dwarka,2023-10-28 19:12:00,2023-10-28 19:17:00,2023-10-28 20:12:00,21.4,502,Completed,
T5422,D119,R4399,Mumbai,Juhu,Powai,2023-10-28 11:49:00,2023-10-28 11:59:00,2023-10-28 13:05:00,23.1,402,Completed,
T5423,D325,R1775,Delhi,Connaught Place,Dwarka,2023-10-08 09:12:00,2023-10-08 09:15:00,2023-10-08 10:44:00,23.7,478,Completed,
T5424,D230,R3835,Delhi,Vasant Kunj,Dwarka,2023-10-25 04:52:00,2023-10-25 04:54:00,2023-10-25 05:01:00,2.7,112,Completed,
T5425,D112,R3441,Bangalore,Jayanagar,Indiranagar,2023-10-04 18:20:00,2023-10-04 18:33:00,2023-10-04 19:04:00,9.8,242,Completed,
T5426,D283,R2509,Bangalore,HSR Layout,Jayanagar,2023-10-01 09:54:00,2023-10-01 09:56:00,2023-10-01 10:10:00,5.1,175,Completed,
T5427,D169,R1357,Delhi,Vasant Kunj,Saket,2023-10-24 05:33:00,2023-10-24 05:41:00,2023-10-24 06:43:00,20.2,365,Completed,
T5428,D281,R3695,Mumbai,Colaba,Juhu,2023-10-25 21:39:00,2023-10-25 21:43:00,2023-10-25 22:01:00,6.9,189,Completed,
T5429,D274,R3345,Bangalore,Whitefield,Koramangala,2023-10-04 15:54:00,2023-10-04 15:59:00,2023-10-04 16:50:00,16.2,352,Completed,
T5430,D281,R1590,Mumbai,Colaba,Juhu,2023-10-07 11:30:00,2023-10-07 11:33:00,2023-10-07 11:43:00,3.2,125,Completed,
T5431,D317,R4703,Bangalore,Indiranagar,Whitefield,2023-10-17 09:11:00,2023-10-17 09:23:00,2023-10-17 10:45:00,20.7,364,Completed,
T5432,D170,R2481,Mumbai,Powai,Bandra,2023-10-08 17:30:00,2023-10-08 17:37:00,2023-10-08 18:34:00,15.9,331,Completed,
T5433,D182,R1380,Mumbai,Andheri,Bandra,2023-10-21 23:03:00,2023-10-21 23:15:00,2023-10-22 00:16:00,19.1,489,Completed,
T5434,D227,R3728,Bangalore,Jayanagar,Koramangala,2023-10-27 18:29:00,2023-10-27 18:33:00,2023-10-27 19:33:00,18.2,368,Completed,
T5435,D345,R1584,Mumbai,Andheri,Juhu,2023-10-21 15:39:00,2023-10-21 15:53:00,2023-10-21 16:25:00,12.7,281,Completed,
T5436,D255,R1808,Bangalore,Koramangala,Jayanagar,2023-10-10 23:52:00,2023-10-11 00:05:00,2023-10-11 00:59:00,17.1,337,Completed,
T5437,D329,R1483,Bangalore,Whitefield,Koramangala,2023-10-19 18:43:00,2023-10-19 18:54:00,2023-10-19 19:26:00,10.8,251,Completed,
T5438,D309,R3113,Delhi,Dwarka,Vasant Kunj,2023-10-12 13:28:00,2023-10-12 13:34:00,2023-10-12 14:14:00,11.3,302,Completed,
T5439,D267,R1784,Delhi,Saket,Vasant Kunj,2023-10-20 06:32:00,2023-10-20 06:34:00,2023-10-20 06:48:00,4.1,137,Completed,
T5440,D103,R3397,Delhi,Vasant Kunj,Connaught Place,2023-10-01 10:46:00,2023-10-01 11:00:00,2023-10-01 11:39:00,11.2,232,Completed,
T5441,D168,R3463,Mumbai,Bandra,Powai,2023-10-24 14:08:00,,,0.0,0.0,Cancelled,Payment Issue
T5442,D106,R3434,Delhi,Dwarka,Saket,2023-10-27 12:56:00,2023-10-27 13:03:00,2023-10-27 14:18:00,21.8,500,Completed,
T5443,D226,R1929,Bangalore,Koramangala,Indiranagar,2023-10-25 21:41:00,2023-10-25 21:46:00,2023-10-25 22:35:00,18.7,372,Completed,
T5444,D208,R2089,Mumbai,Bandra,Powai,2023-10-09 02:32:00,,,0.0,0.0,Cancelled,Other
T5445,D300,R2209,Delhi,Rohini,Saket,2023-10-15 02:29:00,2023-10-15 02:39:00,2023-10-15 03:21:00,12.8,337,Completed,
T5446,D244,R4705,Delhi,Saket,Connaught Place,2023-10-09 06:57:00,2023-10-09 07:11:00,2023-10-09 08:11:00,19.3,467,Completed,
T5447,D326,R2897,Bangalore,Whitefield,Jayanagar,2023-10-29 05:35:00,2023-10-29 05:44:00,2023-10-29 06:04:00,6.9,156,Completed,
T5448,D196,R2820,Delhi,Vasant Kunj,Rohini,2023-10-19 19:48:00,2023-10-19 20:02:00,2023-10-19 20:53:00,15.1,284,Completed,
T5449,D110,R2977,Mumbai,Colaba,Juhu,2023-10-09 10:04:00,2023-10-09 10:16:00,2023-10-09 11:19:00,23.3,620,Completed,
T5450,D111,R1199,Bangalore,Indiranagar,Koramangala,2023-10-17 13:46:00,2023-10-17 13:56:00,2023-10-17 14:48:00,14.7,344,Completed,
T5451,D323,R1967,Bangalore,Indiranagar,Koramangala,2023-10-11 06:18:00,,,0.0,0.0,Cancelled,Driver Not Found
T5452,D347,R4095,Bangalore,Koramangala,Jayanagar,2023-10-21 22:18:00,2023-10-21 22:29:00,2023-10-21 23:31:00,21.1,477,Completed,
T5453,D268,R1446,Mumbai,Bandra,Powai,2023-10-29 12:18:00,2023-10-29 12:28:00,2023-10-29 12:36:00,2.6,105,Completed,
T5454,D152,R4585,Bangalore,Koramangala,HSR Layout,2023-10-01 01:03:00,2023-10-01 01:10:00,2023-10-01 01:46:00,14.0,330,Completed,
T5455,D286,R1789,Mumbai,Powai,Bandra,2023-10-28 10:02:00,2023-10-28 10:13:00,2023-10-28 11:10:00,19.7,468,Completed,
T5456,D219,R2720,Delhi,Dwarka,Vasant Kunj,2023-10-11 10:54:00,2023-10-11 11:01:00,2023-10-11 12:23:00,23.7,494,Completed,
T5457,D111,R2959,Bangalore,Indiranagar,Jayanagar,2023-10-23 20:09:00,,,0.0,0.0,Cancelled,Other
T5458,D304,R2785,Mumbai,Powai,Juhu,2023-10-01 13:16:00,2023-10-01 13:24:00,2023-10-01 14:51:00,22.5,438,Completed,
T5459,D268,R2947,Mumbai,Powai,Juhu,2023-10-10 19:01:00,2023-10-10 19:08:00,2023-10-10 19:57:00,14.2,323,Completed,
T5460,D165,R4780,Mumbai,Andheri,Juhu,2023-10-11 16:00:00,,,0.0,0.0,Cancelled,Other
T5461,D349,R3293,Mumbai,Juhu,Colaba,2023-10-30 04:41:00,2023-10-30 04:50:00,2023-10-30 05:16:00,10.3,260,Completed,
T5462,D263,R3670,Delhi,Rohini,Saket,2023-10-09 09:22:00,2023-10-09 09:32:00,2023-10-09 10:47:00,24.4,589,Completed,
T5463,D159,R1389,Mumbai,Bandra,Andheri,2023-10-01 02:04:00,2023-10-01 02:13:00,2023-10-01 03:27:00,23.6,587,Completed,
T5464,D345,R3593,Mumbai,Andheri,Juhu,2023-10-25 02:56:00,2023-10-25 03:08:00,2023-10-25 04:28:00,23.5,637,Completed,
T5465,D251,R1702,Delhi,Saket,Connaught Place,2023-10-17 00:45:00,,,0.0,0.0,Cancelled,Other
T5466,D156,R1882,Bangalore,Whitefield,HSR Layout,2023-10-10 08:12:00,2023-10-10 08:21:00,2023-10-10 08:50:00,8.3,204,Completed,
T5467,D286,R3682,Mumbai,Andheri,Colaba,2023-10-22 09:47:00,2023-10-22 09:53:00,2023-10-22 10:12:00,5.2,161,Completed,
T5468,D126,R3745,Bangalore,Jayanagar,HSR Layout,2023-10-15 14:00:00,2023-10-15 14:13:00,2023-10-15 15:02:00,13.1,352,Completed,
T5469,D153,R2829,Bangalore,HSR Layout,Jayanagar,2023-10-27 13:28:00,2023-10-27 13:38:00,2023-10-27 14:25:00,16.8,389,Completed,
T5470,D350,R1747,Bangalore,HSR Layout,Whitefield,2023-10-27 10:07:00,2023-10-27 10:12:00,2023-10-27 11:08:00,17.1,425,Completed,
T5471,D254,R4484,Delhi,Rohini,Saket,2023-10-11 01:15:00,2023-10-11 01:20:00,2023-10-11 02:12:00,17.0,312,Completed,
T5472,D341,R2937,Delhi,Vasant Kunj,Rohini,2023-10-23 07:54:00,2023-10-23 08:01:00,2023-10-23 09:05:00,18.4,433,Completed,
T5473,D132,R3495,Bangalore,Whitefield,Jayanagar,2023-10-03 20:30:00,2023-10-03 20:33:00,2023-10-03 21:42:00,19.7,495,Completed,
T5474,D171,R3103,Bangalore,HSR Layout,Jayanagar,2023-10-25 18:12:00,2023-10-25 18:17:00,2023-10-25 18:49:00,8.2,251,Completed,
T5475,D215,R2352,Bangalore,Whitefield,Koramangala,2023-10-19 18:45:00,2023-10-19 19:00:00,2023-10-19 19:16:00,5.0,153,Completed,
T5476,D180,R2839,Delhi,Saket,Vasant Kunj,2023-10-12 20:56:00,2023-10-12 21:11:00,2023-10-12 22:03:00,20.7,519,Completed,
T5477,D262,R2896,Mumbai,Bandra,Juhu,2023-10-07 07:54:00,2023-10-07 08:07:00,2023-10-07 08:25:00,5.3,156,Completed,
T5478,D103,R1189,Delhi,Dwarka,Connaught Place,2023-10-14 21:34:00,2023-10-14 21:45:00,2023-10-14 22:33:00,16.3,450,Completed,
T5479,D290,R4514,Bangalore,Whitefield,Jayanagar,2023-10-15 18:29:00,2023-10-15 18:41:00,2023-10-15 18:49:00,2.2,99,Completed,
T5480,D284,R4751,Bangalore,Koramangala,Jayanagar,2023-10-10 03:47:00,,,0.0,0.0,Cancelled,Rider Cancelled
T5481,D296,R4434,Mumbai,Colaba,Bandra,2023-10-12 18:53:00,2023-10-12 18:58:00,2023-10-12 19:45:00,18.3,369,Completed,
T5482,D262,R1529,Mumbai,Andheri,Colaba,2023-10-11 00:24:00,,,0.0,0.0,Cancelled,Driver Cancelled
T5483,D153,R4108,Bangalore,Indiranagar,Jayanagar,2023-10-01 22:55:00,2023-10-01 23:03:00,2023-10-01 23:09:00,2.2,103,Completed,
T5484,D316,R4730,Delhi,Dwarka,Connaught Place,2023-10-25 17:06:00,2023-10-25 17:16:00,2023-10-25 18:03:00,13.4,306,Completed,
T5485,D145,R3501,Delhi,Dwarka,Saket,2023-10-22 03:24:00,2023-10-22 03:32:00,2023-10-22 04:35:00,19.9,488,Completed,
T5486,D213,R4929,Mumbai,Powai,Bandra,2023-10-21 05:50:00,2023-10-21 05:57:00,2023-10-21 07:19:00,22.1,419,Completed,
T5487,D137,R3988,Bangalore,Koramangala,Jayanagar,2023-10-14 09:47:00,2023-10-14 09:52:00,2023-10-14 11:02:00,21.2,410,Completed,
T5488,D252,R1350,Mumbai,Juhu,Colaba,2023-10-09 05:35:00,2023-10-09 05:47:00,2023-10-09 07:22:00,24.0,647,Completed,
T5489,D269,R1561,Delhi,Connaught Place,Vasant Kunj,2023-10-10 00:38:00,2023-10-10 00:46:00,2023-10-10 01:21:00,13.6,365,Completed,
T5490,D330,R2659,Mumbai,Colaba,Andheri,2023-10-10 14:34:00,2023-10-10 14:48:00,2023-10-10 15:49:00,23.4,500,Completed,
T5491,D335,R1889,Bangalore,HSR Layout,Indiranagar,2023-10-15 08:04:00,2023-10-15 08:18:00,2023-10-15 09:16:00,22.4,598,Completed,
T5492,D134,R3451,Delhi,Saket,Vasant Kunj,2023-10-14 05:17:00,2023-10-14 05:20:00,2023-10-14 05:37:00,6.9,167,Completed,
T5493,D225,R3818,Mumbai,Andheri,Colaba,2023-10-12 17:32:00,,,0.0,0.0,Cancelled,Driver Not Found
T5494,D239,R1636,Delhi,Saket,Dwarka,2023-10-03 17:08:00,2023-10-03 17:18:00,2023-10-03 17:36:00,5.8,148,Completed,
T5495,D349,R1874,Mumbai,Juhu,Colaba,2023-10-05 13:23:00,2023-10-05 13:27:00,2023-10-05 13:57:00,9.7,268,Completed,
T5496,D343,R2248,Mumbai,Juhu,Andheri,2023-10-30 06:10:00,2023-10-30 06:21:00,2023-10-30 07:48:00,22.7,551,Completed,
T5497,D231,R3365,Mumbai,Colaba,Bandra,2023-10-10 05:49:00,2023-10-10 05:52:00,2023-10-10 06:22:00,9.9,240,Completed,
T5498,D108,R4238,Delhi,Saket,Rohini,2023-10-24 08:42:00,2023-10-24 08:47:00,2023-10-24 10:24:00,24.4,611,Completed,
T5499,D341,R3311,Delhi,Saket,Rohini,2023-10-20 22:45:00,2023-10-20 22:51:00,2023-10-20 23:53:00,21.7,495,Completed,
T5500,D252,R1039,Mumbai,Powai,Colaba,2023-10-15 07:45:00,2023-10-15 07:53:00,2023-10-15 08:14:00,7.6,203,Completed,
